cond,side,rr,n,ndays,nsyms,wr,be,lift_pts,expR,ci_lo,ci_hi,p_neg,n_tr,wr_tr,e_tr,n_te,wr_te,e_te,hold_h,top3_frac
h1_build_long_6h,1,0.25,4538,1629,2,0.8062596429358607,0.8294281773660226,-2.316853443016187,-0.03516894663817402,-0.0536165026443182,-0.017478792920322807,1.0,3088,0.8115284974093264,-0.027265332316761055,1450,0.7950310559006211,-0.05200091975853485,7.123843102688409,0.005949757602468048
h1_build_long_6h,1,0.5,3290,1489,2,0.6761933718455457,0.6942357903081803,-1.8042418462634546,-0.03356052525136614,-0.06182788790708663,-0.00510828954707221,0.985,2210,0.683710407239819,-0.020990612444002354,1080,0.6607970342910102,-0.059282291273842005,13.716565349544073,0.006686930091185411
h1_build_long_6h,1,0.75,2592,1376,2,0.5777692010806639,0.5971755451197039,-1.9406344039040069,-0.04078495911313563,-0.0872545829393484,0.002850271881272153,0.9675,1750,0.5845714285714285,-0.02770586758191342,842,0.5636147443519619,-0.06796834412458323,19.81886574074074,0.0073302469135802465
h1_build_long_6h,1,1.0,2151,1251,2,0.5065116279069768,0.5247134110283797,-1.820178312140286,-0.04352909903902845,-0.09602030650969844,0.0065971423614636475,0.94125,1458,0.5164609053497943,-0.02250287645551942,693,0.48554913294797686,-0.08776608681212535,26.185262668526267,0.007438400743840074
h1_build_long_6h,1,2.0,1185,847,2,0.34856175972927245,0.3565783526833573,-0.8016592954084856,-0.03132335873541436,-0.12852133444403402,0.07749485743421151,0.675,795,0.35516372795969775,-0.010088033881425054,390,0.33505154639175255,-0.07461075170700796,56.731223628691986,0.010126582278481013
h1_build_short_6h,-1,0.25,3883,1556,2,0.8191187838186035,0.828478027299331,-0.9359243480727475,-0.018704082912337737,-0.03624755115545136,-0.0009511319160278662,0.98,2714,0.8190862196020634,-0.017939049247361005,1169,0.8191945158526135,-0.02048021752888764,7.210983775431368,0.0072109193922225085
h1_build_short_6h,-1,0.5,2919,1448,2,0.6811792937949949,0.6930373395125624,-1.1858045717567545,-0.025258194838991537,-0.05543679913063886,0.005323081862780017,0.9475,2002,0.6773226773226774,-0.030294626007065083,917,0.6896174863387978,-0.014262627556021795,13.566461116820829,0.00856457690990065
h1_build_short_6h,-1,0.75,2332,1327,2,0.5871244635193134,0.5964435889760453,-0.9319125456731969,-0.0241696102556992,-0.0690150104842584,0.01877584477584679,0.86375,1580,0.5816455696202532,-0.0330122376946816,752,0.5986666666666667,-0.005590685583369129,19.896012006861064,0.008576329331046312
h1_build_short_6h,-1,1.0,1949,1226,2,0.522342064714946,0.5243526293772628,-0.20105646623167495,-0.011883629229367209,-0.06852426322839719,0.03894542370980258,0.6575,1300,0.5184615384615384,-0.018927771458051454,649,0.5301391035548686,0.00222636290821294,26.36198050282196,0.008722421754746024
h1_build_short_6h,-1,2.0,1135,835,2,0.34394341290893016,0.3562652060174814,-1.2321793108551249,-0.04266743555419757,-0.16475708175342316,0.06657346421335608,0.7725,748,0.33646112600536193,-0.06449293173050032,387,0.35844155844155845,-0.00048275560620154813,55.41277533039648,0.010572687224669603
h1_cover_rally_6h,1,0.25,3701,1581,2,0.8102702702702703,0.8288797954328906,-1.8609525162620266,-0.030122941177442877,-0.04815119172692329,-0.012305633736356634,0.99875,2488,0.8139067524115756,-0.02428385608487922,1213,0.8028052805280528,-0.042099564186757296,7.900770062145366,0.006214536611726561
h1_cover_rally_6h,1,0.5,2748,1416,2,0.6792864943574809,0.6940760106096636,-1.4789516252182722,-0.029234134878983548,-0.05966145776291334,0.002744459009060097,0.95875,1847,0.6821873308067136,-0.023628283640619568,901,0.6733333333333333,-0.04072581882710593,15.582605531295487,0.006914119359534207
h1_cover_rally_6h,1,0.75,2192,1258,2,0.5814696485623003,0.5976907497529816,-1.622110119068132,-0.0354042790903539,-0.08766094453102813,0.010085318612912179,0.93875,1489,0.5836131631967764,-0.030029277858724716,703,0.5769230769230769,-0.046788883405995234,23.036268248175183,0.007755474452554745
h1_cover_rally_6h,1,1.0,1846,1153,2,0.5100271002710027,0.5249408049831515,-1.4913704712148812,-0.03724590862602627,-0.08817281212675561,0.019760041626828664,0.89875,1267,0.516179952644041,-0.02329223412664766,579,0.49653979238754326,-0.06778011517302572,29.994989165763812,0.008125677139761646
h1_cover_rally_6h,1,2.0,1102,773,2,0.3563636363636364,0.35693319837703524,-0.0569562013398861,-0.008228875716610693,-0.10672724612728306,0.09084224823680895,0.5825,751,0.3586666666666667,0.0005773949248029524,351,0.3514285714285714,-0.02707078241661539,60.993194192377494,0.011796733212341199
h1_unwind_dn_6h,-1,0.25,4067,1554,2,0.8087042045733956,0.8289092027491527,-2.020499817575705,-0.03165523351276846,-0.04863348357774566,-0.014284076999221565,1.0,2656,0.8098644578313253,-0.029055831385279726,1411,0.8065201984408221,-0.03654822575274725,8.202667814113598,0.006638800098352594
h1_unwind_dn_6h,-1,0.5,3050,1419,2,0.6724590163934426,0.693596538709147,-2.1137522315704316,-0.03852980630984062,-0.07179141412478134,-0.006590331493331051,0.99125,2000,0.67,-0.04103433223419342,1050,0.6771428571428572,-0.03375928073964483,15.200163934426229,0.006885245901639345
h1_unwind_dn_6h,-1,0.75,2419,1293,2,0.576684580405126,0.5971546236381515,-2.047004323302548,-0.043010324154892796,-0.08817539669391308,-0.0022858481700391616,0.98125,1596,0.5770676691729323,-0.04108802564613993,823,0.5759416767922235,-0.046738135114758605,22.00051674245556,0.007441091360066143
h1_unwind_dn_6h,-1,1.0,2006,1161,2,0.5054835493519442,0.5246536654651417,-1.9170116113197522,-0.04575030486356503,-0.10933097272948934,0.008055779597681056,0.9625,1324,0.5015105740181269,-0.05236447535951724,682,0.5131964809384164,-0.032909891759986286,28.67248255234297,0.00847457627118644
h1_unwind_dn_6h,-1,2.0,1170,811,2,0.3373287671232877,0.35636823873497364,-1.9039471611685954,-0.06290172817193616,-0.17840463469971787,0.043583382432269946,0.88875,768,0.32985658409387225,-0.0848335179513639,402,0.3516209476309227,-0.02100218948885037,58.90876068376068,0.011965811965811967
h1_build_long_24h,1,0.25,3734,1278,2,0.804767005891805,0.8304462119840554,-2.5679206092250384,-0.03824449107922713,-0.058681402990262255,-0.019268694704834062,1.0,2559,0.807346619773349,-0.033471894278237664,1175,0.7991489361702128,-0.04863859764410545,7.259172469201928,0.009105516871987145
h1_build_long_24h,1,0.5,2555,1155,2,0.6794520547945205,0.6953267430033953,-1.587468820887472,-0.030164045754107686,-0.06570898589855861,0.0056896724499231055,0.94375,1727,0.6786334684423856,-0.030130104869901114,828,0.6811594202898551,-0.03023483791235015,13.735420743639922,0.010958904109589041
h1_build_long_24h,1,0.75,2000,1072,2,0.5835,0.5985835028435692,-1.5083502843569185,-0.03300069862677515,-0.07814165294750315,0.011776847160664745,0.9275,1348,0.5801186943620178,-0.037671973112310596,652,0.5904907975460123,-0.023342910273244793,19.979875,0.011
h1_build_long_24h,1,1.0,1645,990,2,0.5045592705167173,0.5261048115444377,-2.1545541027720327,-0.04999508523964115,-0.11238166988294031,0.003293585550571443,0.96,1115,0.5013452914798207,-0.054899976735031074,530,0.5113207547169811,-0.03967630407481141,26.26869300911854,0.011550151975683891
h1_build_long_24h,1,2.0,998,739,2,0.3456913827655311,0.35673710071225084,-1.1045717946719769,-0.04107563029344918,-0.15369392347284255,0.07511718934618851,0.74375,676,0.3505917159763314,-0.025076288856575608,322,0.33540372670807456,-0.07466430983173032,53.230961923847694,0.011022044088176353
h1_build_short_24h,-1,0.25,3051,1155,2,0.8215808461790751,0.8284136855239799,-0.6832839344904751,-0.01578845705607932,-0.03526675147436272,0.002749492601904478,0.955,2104,0.8179657794676806,-0.019533522236054698,947,0.8296296296296296,-0.007467847617147752,7.363897082923631,0.010160603080957063
h1_build_short_24h,-1,0.5,2175,1061,2,0.6962724344224575,0.6934262023724167,0.28462320500407534,-0.0032848098008513146,-0.03730448371617863,0.02855573437255392,0.58625,1501,0.7021985343104596,0.0062414657210899255,674,0.6830357142857143,-0.02449985365609434,13.78551724137931,0.013793103448275862
h1_build_short_24h,-1,0.75,1728,987,2,0.5996523754345308,0.5963910348008578,0.32613406336730044,-0.0024774412122693535,-0.05573787875212836,0.04620500724203484,0.5425,1184,0.6097972972972973,0.01627512272323709,544,0.577490774907749,-0.04329184507190099,19.86284722222222,0.01273148148148148
h1_build_short_24h,-1,1.0,1450,905,2,0.5276243093922652,0.524191129256376,0.34331801358892244,-0.0011521140546709209,-0.06541633624933081,0.05713132761032292,0.50625,981,0.5351681957186545,0.014271027085878194,469,0.5117773019271948,-0.03341245831667236,26.192931034482758,0.012413793103448275
h1_build_short_24h,-1,2.0,918,693,2,0.3558951965065502,0.355199255631881,0.0695940874669232,-0.005851964438648671,-0.11930482734184986,0.1056855387147205,0.5275,613,0.3556280587275693,-0.008140286502877401,305,0.3564356435643564,-0.0012528122243135628,50.91639433551198,0.013071895424836602
h1_cover_rally_24h,1,0.25,2895,1232,2,0.8013816925734024,0.8300531565113977,-2.8671463937995245,-0.04260529799619017,-0.06301819978647777,-0.02132494096680919,1.0,1953,0.8115719406041987,-0.029005979533110886,942,0.7802547770700637,-0.07080006334480358,8.11321243523316,0.01070811744386874
h1_cover_rally_24h,1,0.5,1996,1087,2,0.6633266533066132,0.6962030952173425,-3.287644191072925,-0.056056316539007375,-0.09435809706818632,-0.019926639967124377,0.9975,1347,0.6659242761692651,-0.051212260891675555,649,0.6579352850539292,-0.0661101577669827,16.43499498997996,0.012024048096192385
h1_cover_rally_24h,1,0.75,1624,993,2,0.5695812807881774,0.5993691072887603,-2.978782650058287,-0.05918515488420197,-0.10963608220099803,-0.007816921911722573,0.99,1098,0.5683060109289617,-0.06060519619737128,526,0.5722433460076045,-0.05622088613541886,22.957666256157637,0.01293103448275862
h1_cover_rally_24h,1,1.0,1368,897,2,0.4926900584795322,0.5267861806965164,-3.4096122216984215,-0.07584724626074282,-0.14085789674136792,-0.005860841153757352,0.98375,938,0.4946695095948827,-0.07093791120652183,430,0.4883720930232558,-0.08655644691390395,30.69170321637427,0.013888888888888888
h1_cover_rally_24h,1,2.0,876,632,2,0.3481735159817352,0.35830938643002536,-1.0135870448290174,-0.038708960197025986,-0.15388301139582405,0.09424772533462786,0.6975,598,0.35451505016722407,-0.018528211315424897,278,0.3345323741007194,-0.08211934807903122,63.07391552511415,0.01598173515981735
h1_unwind_dn_24h,-1,0.25,3436,1272,2,0.7968568102444703,0.8281339151762868,-3.1277104931816457,-0.045680465431467504,-0.06519633832505561,-0.02575027652661923,1.0,2310,0.796969696969697,-0.04432645121499009,1126,0.7966252220248667,-0.04845823882406328,8.03936263096624,0.00960419091967404
h1_unwind_dn_24h,-1,0.5,2432,1155,2,0.6611842105263158,0.6928380961857007,-3.1653885659384873,-0.05464069693843008,-0.09050081890976139,-0.018266615914156733,1.0,1629,0.6574585635359116,-0.05906297105726502,803,0.6687422166874222,-0.045669483315040164,14.854440789473685,0.011513157894736841
h1_unwind_dn_24h,-1,0.75,1912,1062,2,0.5685146443514645,0.5965144643958682,-2.799982004440371,-0.05671705485189294,-0.10967585171623001,-0.00938721868277962,0.98875,1279,0.5691946833463644,-0.05423084401192753,633,0.5671406003159558,-0.06174053615412952,21.490978033472803,0.011506276150627616
h1_unwind_dn_24h,-1,1.0,1592,976,2,0.49748743718592964,0.5242774264164087,-2.678998923047909,-0.06149853275421912,-0.11822240347452234,-0.0012415648454397684,0.9775,1069,0.49579045837231056,-0.06369135203155667,523,0.5009560229445507,-0.057016460464594146,28.133951005025125,0.01193467336683417
h1_unwind_dn_24h,-1,2.0,1008,715,2,0.3250497017892644,0.3555852899247361,-3.053558813547169,-0.0985814369263672,-0.19820347142826378,0.010991538124353823,0.965,668,0.31634182908545727,-0.12423095579591305,340,0.3421828908554572,-0.04818767632384775,55.74603174603175,0.015873015873015872
h1_build_long_72h,1,0.25,3501,1101,2,0.8074835761211082,0.8307058097569933,-2.322223363588505,-0.03470001044768088,-0.0549283470424319,-0.01679932135651884,1.0,2369,0.8130012663571127,-0.026134420369331373,1132,0.7959363957597173,-0.05262570205157663,7.1348186232505,0.009997143673236219
h1_build_long_72h,1,0.5,2328,993,2,0.6756872852233677,0.6957903085060417,-2.0103023282673993,-0.035981565432011184,-0.07068520126284332,-0.003293797713540387,0.98375,1540,0.6805194805194805,-0.02696920262105284,788,0.666243654822335,-0.05359455874276735,13.605992268041238,0.012027491408934709
h1_build_long_72h,1,0.75,1796,921,2,0.5824053452115813,0.5988591892690064,-1.6453844057425115,-0.03514041373827514,-0.08451580987378614,0.009990987271289853,0.91625,1194,0.5954773869346733,-0.010567745166355141,602,0.5564784053156147,-0.08387756701879419,19.544961024498885,0.012806236080178173
h1_build_long_72h,1,1.0,1463,851,2,0.507177033492823,0.5265818882578449,-1.9404854765021962,-0.04510958524597748,-0.1088684246425722,0.0190977127933139,0.89875,975,0.517948717948718,-0.021841366304936705,488,0.48565573770491804,-0.0915983423515405,25.741626794258373,0.012987012987012988
h1_build_long_72h,1,2.0,879,630,2,0.34851936218678814,0.3571692607638346,-0.8649898577046455,-0.03302441116271775,-0.15178141236627454,0.08429148703282431,0.6875,588,0.36394557823129253,0.01488547223782944,291,0.31724137931034485,-0.1298320106112461,51.14817974971559,0.013651877133105802
h1_build_short_72h,-1,0.25,2689,907,2,0.8154075176777075,0.8276746696797541,-1.2267152002046644,-0.022411617358599614,-0.047311264759064574,0.0010523941340614311,0.97125,1879,0.8062799361362427,-0.0334347063185895,810,0.8366336633663366,0.003159227278216438,7.259390107846783,0.01338787653402752
h1_build_short_72h,-1,0.5,1883,838,2,0.684742158426369,0.6923248818476884,-0.7582723421319382,-0.018985588067332502,-0.059171748019066134,0.018895253716510765,0.82125,1301,0.6725595695618755,-0.0370407708860645,582,0.7120689655172414,0.021374880742238513,13.126925119490176,0.015400955921402018
h1_build_short_72h,-1,0.75,1481,788,2,0.5983772819472617,0.5954677190339718,0.29095629132899203,-0.00301577729797733,-0.06028030300263467,0.04642021263777154,0.57875,1025,0.5912195121951219,-0.015028868686115361,456,0.6145374449339207,0.023987333826675044,18.793889264010804,0.01688048615800135
h1_build_short_72h,-1,1.0,1216,734,2,0.5271828665568369,0.5233359911750756,0.38468753817613166,-0.0006800256185500935,-0.06714394183722608,0.07046727693332173,0.52,831,0.5174488567990373,-0.019738333531362014,385,0.5483028720626631,0.0404562182140388,24.796463815789473,0.015625
h1_build_short_72h,-1,2.0,765,568,2,0.3564875491480996,0.35395625849949375,0.2531290648605855,-0.0020727733072970684,-0.1257862009831778,0.1234104500497073,0.4975,522,0.3371647509578544,-0.0590583750200189,243,0.3983402489626556,0.12034074148299434,47.25686274509804,0.01568627450980392
h1_cover_rally_72h,1,0.25,2452,960,2,0.8062805872756933,0.8300145874020698,-2.3734000126376498,-0.03589970598071445,-0.059433349911989536,-0.013056174829234475,1.0,1661,0.8163756773028297,-0.021823932796595447,791,0.7850821744627055,-0.06545705017644347,7.2780383360522025,0.013458401305057096
h1_cover_rally_72h,1,0.5,1670,869,2,0.6712574850299401,0.6956448495003067,-2.43873644703666,-0.043102641622343875,-0.08237255109267598,-0.00677464980481813,0.99,1121,0.6824264049955397,-0.02502070490924892,549,0.6484517304189436,-0.08002404609480186,14.461526946107785,0.01437125748502994
h1_cover_rally_72h,1,0.75,1328,801,2,0.5730421686746988,0.5988895160339105,-2.584734735921168,-0.05202622466160504,-0.10495374237011333,0.0026856137226446584,0.96375,894,0.587248322147651,-0.02602267101960568,434,0.543778801843318,-0.10559114852323505,21.25715361445783,0.01581325301204819
h1_cover_rally_72h,1,1.0,1099,730,2,0.5068243858052776,0.5266988789828931,-1.9874493177615582,-0.04672048086349889,-0.1191487348517846,0.021613527207276332,0.905,749,0.520694259012016,-0.01762502014134134,350,0.47714285714285715,-0.10898476680891607,28.356687898089174,0.015468607825295723
h1_cover_rally_72h,1,2.0,728,545,2,0.35714285714285715,0.35815355190998166,-0.10106947671245092,-0.009231536639446137,-0.1433187516057383,0.12154110906941915,0.5475,485,0.36907216494845363,0.026667566084889877,243,0.3333333333333333,-0.08088200915509629,55.90315934065934,0.019230769230769232
h1_unwind_dn_72h,-1,0.25,2765,980,2,0.8119349005424955,0.8272048358516624,-1.526993530916687,-0.025971465719767505,-0.04759353061454667,-0.005831519950685153,0.99375,1839,0.8129418162044589,-0.023058543258510315,926,0.8099352051835853,-0.03175641648245861,8.079746835443038,0.012658227848101266
h1_unwind_dn_72h,-1,0.5,1848,871,2,0.6672077922077922,0.692411320369328,-2.5203528161535704,-0.045473135201074655,-0.08189339324293031,-0.011450049645152493,0.99625,1241,0.6720386784850927,-0.03633923772686772,607,0.657331136738056,-0.06414721553960974,15.64069264069264,0.016774891774891776
h1_unwind_dn_72h,-1,0.75,1453,803,2,0.5684790089470062,0.5963585124177395,-2.7879503470733313,-0.05689327603341047,-0.10846805680858648,-0.0063388073253853585,0.9875,964,0.5757261410788381,-0.04240207962653778,489,0.5541922290388548,-0.08546078796843146,22.432381280110118,0.017894012388162423
h1_unwind_dn_72h,-1,1.0,1213,745,2,0.49958779884583676,0.5241741565458901,-2.45863577000533,-0.0576645296683097,-0.130620615739373,0.003900456774243359,0.96,812,0.5024630541871922,-0.049887299138467574,401,0.4937655860349127,-0.07341293662649373,29.06657048639736,0.01731244847485573
h1_unwind_dn_72h,-1,2.0,754,554,2,0.3235685752330226,0.35654217177110686,-3.2973596538084236,-0.10258806285310668,-0.21999495495056487,0.007594343932196098,0.96375,498,0.32056451612903225,-0.10996764572092657,256,0.32941176470588235,-0.08823246805555068,60.46783819628647,0.01989389920424403
h2_oi_top_pct30d,-1,0.25,2433,833,2,0.8100328947368421,0.828039123678189,-1.8006228941346847,-0.02863426127372216,-0.05497768623862337,-0.004973617557605221,0.99375,1672,0.8032296650717703,-0.035885510453478715,761,0.825,-0.012702475953678872,6.012844225236334,0.013563501849568433
h2_oi_top_pct30d,-1,0.5,1592,753,2,0.6781898177247014,0.6928206320980949,-1.463081437339342,-0.028561782850105355,-0.07619636063981051,0.014601768241693324,0.9,1104,0.6702898550724637,-0.03907542627670383,488,0.6960985626283368,-0.004776819032554704,11.924309045226131,0.015703517587939697
h2_oi_top_pct30d,-1,0.75,1253,694,2,0.5854632587859425,0.5961536349257558,-1.0690376139813274,-0.025583378091043673,-0.08813196718388223,0.03864680941966034,0.79375,871,0.5763490241102182,-0.03975801395229771,382,0.6062992125984252,0.006736275927679566,17.191340782122904,0.018355945730247406
h2_oi_top_pct30d,-1,1.0,1054,637,2,0.5175688509021842,0.5238668256183298,-0.6297974716145571,-0.019868734429061376,-0.10223297844796873,0.05716344437066789,0.67375,730,0.5082191780821917,-0.03662551290707784,324,0.5386996904024768,0.017885735598568292,22.926707779886147,0.018975332068311195
h2_oi_top_pct30d,-1,2.0,710,509,2,0.3385049365303244,0.35471494016088095,-1.621000363055658,-0.05587706209035832,-0.19253571880696183,0.09009753403282349,0.7825,484,0.32231404958677684,-0.10238838473970514,226,0.37333333333333335,0.043731257211782684,42.97640845070423,0.023943661971830985
h2_oi_bot_pct30d,1,0.25,1234,486,2,0.8346839546191248,0.8246175890940378,1.0066365525086995,0.005989015583468385,-0.023338961132307354,0.031147557006929182,0.34875,816,0.8333333333333334,0.0043040555501725475,418,0.8373205741626795,0.009278315552773177,8.18496758508914,0.02593192868719611
h2_oi_bot_pct30d,1,0.5,779,431,2,0.6970474967907574,0.6908377353807383,0.6209761410019055,0.00261576902136007,-0.05407115506266958,0.05517752288965678,0.5075,518,0.694980694980695,-0.0004810270965681818,261,0.7011494252873564,0.008761900780313478,16.90821566110398,0.03337612323491656
h2_oi_bot_pct30d,1,0.75,590,367,2,0.6,0.5951110914067896,0.48889085932103393,0.001621990687008308,-0.08215888548227787,0.08104538336846893,0.50125,401,0.5985037406483791,-0.0007721421122776424,189,0.6031746031746031,0.006701605779673203,24.710593220338982,0.03559322033898305
h2_oi_bot_pct30d,1,1.0,479,324,2,0.5365344467640919,0.5231057130357732,1.3428733728318654,0.019404764495319162,-0.08649307458160103,0.12186323924654499,0.3725,338,0.5414201183431953,0.030200327495445614,141,0.524822695035461,-0.006473960994345714,34.10855949895616,0.03966597077244259
h2_oi_bot_pct30d,1,2.0,301,216,2,0.38,0.3576803252657858,2.2319674734214203,0.06068270676739756,-0.13921021537044054,0.257667828876785,0.30625,204,0.37438423645320196,0.04265128330515074,97,0.3917525773195876,0.09860446332717439,78.44186046511628,0.059800664451827246
h2_oi_top_pct90d,-1,0.25,2499,806,2,0.8078462770216173,0.8272587768101927,-1.94124997885754,-0.029907338413721028,-0.054728948948903886,-0.00516579375167657,0.99375,1703,0.8021139166177335,-0.03419380833438713,796,0.820125786163522,-0.02073666218897934,6.099539815926371,0.013605442176870748
h2_oi_top_pct90d,-1,0.5,1604,731,2,0.6781035558328135,0.6923567848766504,-1.4253229043836968,-0.027349472764239848,-0.07586449987986804,0.016700459188523833,0.88125,1075,0.6697674418604651,-0.03701068716701725,529,0.6950757575757576,-0.007716570149900119,12.117362842892769,0.015586034912718205
h2_oi_top_pct90d,-1,0.75,1237,672,2,0.5906148867313916,0.5956871799895955,-0.5072293258203908,-0.015207375451665464,-0.0799821158247817,0.039329648938134606,0.69,845,0.5810650887573965,-0.028299053834613865,392,0.6112531969309463,0.013013206776884043,17.281729991915924,0.016168148746968473
h2_oi_top_pct90d,-1,1.0,1005,609,2,0.5179282868525896,0.5231548651738871,-0.522657832129747,-0.01761924628339288,-0.10322623022311425,0.0643099727909599,0.6875,677,0.5036927621861153,-0.04226635778365129,328,0.5474006116207951,0.03325299300220145,23.290298507462687,0.01890547263681592
h2_oi_top_pct90d,-1,2.0,651,454,2,0.3446153846153846,0.3536152562079589,-0.8999871592574316,-0.03490788888700621,-0.16912449435452565,0.10945157983571738,0.66875,444,0.32657657657657657,-0.08428031555756232,207,0.38349514563106796,0.07099238860925906,42.69086021505376,0.027649769585253458
h2_oi_bot_pct90d,1,0.25,1097,401,2,0.8204193254329991,0.8268699953228216,-0.6450669889822458,-0.014354394896693915,-0.04178759670690437,0.009541800852964707,0.8775,753,0.8260292164674635,-0.009109588482203973,344,0.8081395348837209,-0.025835032193527993,7.609161349134002,0.02643573381950775
h2_oi_bot_pct90d,1,0.5,676,348,2,0.6937869822485208,0.6928751606388269,0.09118216096938303,-0.00487016811636059,-0.054463727748744244,0.04457061572827467,0.54,477,0.7044025157232704,0.009431205342282017,199,0.6683417085427136,-0.03915034469813205,15.5,0.028106508875739646
h2_oi_bot_pct90d,1,0.75,499,303,2,0.5951903807615231,0.5965938720617886,-0.14034913002655136,-0.008537389497027613,-0.08977080479518576,0.07172418614273587,0.56625,345,0.6057971014492753,0.00823348653685637,154,0.5714285714285714,-0.04610850788462483,23.345190380761522,0.03206412825651302
h2_oi_bot_pct90d,1,1.0,392,260,2,0.5255102040816326,0.5242927047788404,0.12174993027922465,-0.00428023994624711,-0.1005297295656771,0.09205184430925634,0.50875,282,0.5460992907801419,0.03533672154988201,110,0.4727272727272727,-0.10584372305450533,31.663265306122447,0.030612244897959183
h2_oi_bot_pct90d,1,2.0,223,166,2,0.3901345291479821,0.35840067981769175,3.173384933029033,0.09144333311631475,-0.10810483618668089,0.2959552950723246,0.19,159,0.4025157232704403,0.12437195881513373,64,0.359375,0.0096362786458115,72.76793721973094,0.053811659192825115
h3_div_bear,-1,0.25,546,343,2,0.7893772893772893,0.8298403474208816,-4.046305804359229,-0.056429293486863534,-0.10739006250945882,-0.00820712513884955,0.98875,396,0.7853535353535354,-0.05990753394662254,150,0.8,-0.04724673867309978,5.7756410256410255,0.03296703296703297
h3_div_bear,-1,0.5,473,329,2,0.6617336152219874,0.6946184872564887,-3.28848720345013,-0.05497978013332533,-0.12917275473338719,0.01757346529907585,0.92875,340,0.6441176470588236,-0.08001756322245937,133,0.706766917293233,0.009026582650927102,12.150634249471459,0.03171247357293869
h3_div_bear,-1,0.75,442,312,2,0.5633484162895928,0.5979919978602474,-3.4643581570654614,-0.06638103480857395,-0.16184490746604444,0.032438842310216626,0.9125,318,0.5440251572327044,-0.09892179267271599,124,0.6129032258064516,0.01707026358495157,18.6210407239819,0.033936651583710405
h3_div_bear,-1,1.0,423,306,2,0.5130023640661938,0.5256611265290252,-1.2658762462831374,-0.031377258470731945,-0.14322010751100148,0.08941198807281106,0.65,304,0.5032894736842105,-0.04893749659358159,119,0.5378151260504201,0.013482509506967989,24.83628841607565,0.03309692671394799
h3_div_bear,-1,2.0,379,273,2,0.3113456464379947,0.3588888883755927,-4.754324193759796,-0.14764671443748564,-0.3299599290473778,0.02414859957680452,0.94875,271,0.30996309963099633,-0.1504901411481194,108,0.3148148148148148,-0.1405118196358027,57.24274406332454,0.036939313984168866
h3_div_bull,1,0.25,940,457,2,0.7627659574468085,0.826173508688899,-6.340755124209052,-0.08574163022662694,-0.12180408488885608,-0.046813521424790054,1.0,635,0.7464566929133858,-0.1064087777365927,305,0.7967213114754098,-0.04271330672227198,4.219414893617022,0.026595744680851064
h3_div_bull,1,0.5,766,433,2,0.6078431372549019,0.6916295112754273,-8.378637402052536,-0.13269688179046862,-0.19531211718815808,-0.07364302514600085,1.0,517,0.5918762088974855,-0.15657618273613821,249,0.6411290322580645,-0.0831161645659257,10.350195822454308,0.02349869451697128
h3_div_bull,1,0.75,712,417,2,0.5,0.5951438132872988,-9.514381328729883,-0.1736736351553507,-0.24861499390069558,-0.09965732406071315,1.0,481,0.4885654885654886,-0.19366073671375922,231,0.5240174672489083,-0.1320554713042922,15.954705056179776,0.025280898876404494
h3_div_bull,1,1.0,685,405,2,0.43045387994143486,0.5226460034058183,-9.219212346438349,-0.19143242980227126,-0.2796722662457023,-0.1013619893322761,1.0,462,0.4264069264069264,-0.1993826447397134,223,0.43891402714932126,-0.17496158091842248,21.404014598540147,0.026277372262773723
h3_div_bull,1,2.0,605,363,2,0.28689883913764513,0.3536753662631223,-6.677652712547716,-0.207815060576888,-0.3276668869603182,-0.08880237132662987,0.99875,411,0.30170316301703165,-0.16278605970259102,194,0.2552083333333333,-0.3032115521198574,43.97644628099174,0.02975206611570248
h4_tt_count_top_pct30d,-1,0.25,1650,525,2,0.8434466019417476,0.8297773484105994,1.3669253531148229,0.011126306823392367,-0.02055925261438001,0.036313480887951916,0.2525,1027,0.8325219084712756,-0.0027679118628131947,623,0.8615136876006442,0.034030580644793834,7.0224242424242425,0.020606060606060607
h4_tt_count_top_pct30d,-1,0.5,1130,475,2,0.7207446808510638,0.6939057752065366,2.683890564452718,0.03356288278961713,-0.018452208944310634,0.08039728069251989,0.1025,690,0.7,0.0015713174511665763,440,0.7534246575342466,0.08373147388855094,13.001327433628319,0.02654867256637168
h4_tt_count_top_pct30d,-1,0.75,850,429,2,0.6191037735849056,0.597046648722429,2.2057124862476685,0.03161739866504625,-0.047972398592601245,0.1018261876197743,0.24625,526,0.6064638783269962,0.008937172570688844,324,0.639751552795031,0.068437765719466,18.760882352941177,0.02588235294117647
h4_tt_count_top_pct30d,-1,1.0,713,411,2,0.5485232067510548,0.5241342715325952,2.438893521845964,0.04170180835583832,-0.05742678203474622,0.12991849251851573,0.2075,435,0.5287356321839081,0.001147593202359254,278,0.5797101449275363,0.1051589435780088,23.56100981767181,0.025245441795231416
h4_tt_count_top_pct30d,-1,2.0,424,307,2,0.3933649289099526,0.35515990130732805,3.8205027602624564,0.10505197679833024,-0.05303994335305833,0.24562928816646368,0.1175,256,0.359375,0.0009258539155158133,168,0.4457831325301205,0.26372035452452364,47.944575471698116,0.030660377358490566
h4_tt_count_bot_pct30d,1,0.25,1496,513,2,0.8282085561497327,0.8312728882880359,-0.30643321383032607,-0.010081036720001088,-0.03902951278475984,0.014714412913136283,0.7825,823,0.8566221142162819,0.026444783055193904,673,0.7934621099554234,-0.054747826727408924,6.90625,0.022727272727272728
h4_tt_count_bot_pct30d,1,0.5,995,471,2,0.7125628140703517,0.6955696663225908,1.699314774776095,0.01886377696847556,-0.028333527008004077,0.0667278078475607,0.2125,535,0.7495327102803738,0.07475630194637056,460,0.6695652173913044,-0.046141659690597955,13.021105527638191,0.02814070351758794
h4_tt_count_bot_pct30d,1,0.75,752,424,2,0.6263297872340425,0.5988603391530413,2.746944808100127,0.04126587118092806,-0.03371137539057567,0.10736141281175574,0.1325,408,0.6691176470588235,0.11598575992850899,344,0.5755813953488372,-0.04735539221736558,19.013962765957448,0.02925531914893617
h4_tt_count_bot_pct30d,1,1.0,618,383,2,0.5598705501618123,0.5262991973339975,3.357135282781476,0.06017531738117906,-0.039207585465197294,0.15650972584790826,0.1175,336,0.5982142857142857,0.13684577468092,282,0.5141843971631206,-0.031176716848299552,24.932038834951456,0.02912621359223301
h4_tt_count_bot_pct30d,1,2.0,360,271,2,0.42777777777777776,0.3590188377841541,6.875893999362365,0.2002888852268435,0.011498127004383253,0.3808744172029669,0.02,198,0.4797979797979798,0.3536301275027489,162,0.36419753086419754,0.012871811334070178,58.6,0.030555555555555555
h4_tt_count_top_pct90d,-1,0.25,1450,468,2,0.8371290545203589,0.8292071150458773,0.792193947448161,0.0038771275037308875,-0.0265729439160016,0.03425298921715089,0.40125,847,0.8311688311688312,-0.004848335013253924,603,0.845514950166113,0.016133291271369588,7.305689655172414,0.02482758620689655
h4_tt_count_top_pct90d,-1,0.5,963,420,2,0.7224532224532224,0.6936080419761087,2.8845180477113708,0.036638690958994476,-0.018617187842451755,0.09215575867886085,0.10875,556,0.7014388489208633,0.003032570262298114,407,0.7512315270935961,0.08254778950288437,13.613966770508826,0.03115264797507788
h4_tt_count_top_pct90d,-1,0.75,714,380,2,0.6213183730715287,0.5967205686731177,2.459780439841097,0.03607796129268578,-0.040778826401889005,0.1208134265732923,0.18125,412,0.6019417475728155,-0.0003611848801880798,302,0.6478405315614618,0.0857896441510435,19.899159663865547,0.02661064425770308
h4_tt_count_top_pct90d,-1,1.0,596,348,2,0.5630252100840336,0.5239918760574169,3.9033334026616684,0.07098387449131736,-0.020243571736043426,0.17140594787312619,0.06625,342,0.5467836257309941,0.03552500664645725,254,0.5849802371541502,0.11872770442416054,25.301174496644297,0.028523489932885907
h4_tt_count_top_pct90d,-1,2.0,340,257,2,0.3952802359882006,0.355306501452584,3.997373453561659,0.11175812845495812,-0.08736803269678078,0.28100540107545985,0.13375,192,0.3541666666666667,-0.015876760727961375,148,0.4489795918367347,0.2773385252327996,51.29044117647059,0.03235294117647059
h4_tt_count_bot_pct90d,1,0.25,1217,401,2,0.8225143796220213,0.8306435035720929,-0.8129123950071593,-0.014923506937282824,-0.046374852124164284,0.01678610970494105,0.81625,607,0.8434925864909391,0.01278911197160175,610,0.8016393442622951,-0.04249983427776304,6.823130649137223,0.027937551355792935
h4_tt_count_bot_pct90d,1,0.5,801,361,2,0.704119850187266,0.6952270474726472,0.8892802714618786,0.008373049966273477,-0.04568128200457554,0.06423228151971189,0.40125,379,0.7255936675461742,0.04168494623391641,422,0.6848341232227488,-0.021544506160353704,13.039637952559302,0.03495630461922597
h4_tt_count_bot_pct90d,1,0.75,616,338,2,0.612012987012987,0.5976526051429927,1.4360381869994332,0.019602989950505165,-0.05654233702872576,0.09807779865586379,0.33125,301,0.6411960132890365,0.07151635789887574,315,0.5841269841269842,-0.030003117200160075,18.111607142857142,0.03409090909090909
h4_tt_count_bot_pct90d,1,1.0,511,310,2,0.5557729941291585,0.5251987052777388,3.057428885141966,0.055722775401377066,-0.04480632142052815,0.16011780910987108,0.13625,250,0.588,0.1212273452136278,261,0.524904214559387,-0.007021065414955059,23.176125244618394,0.033268101761252444
h4_tt_count_bot_pct90d,1,2.0,285,216,2,0.42105263157894735,0.3579597586284549,6.309287295049243,0.18540622502254714,-0.006551487836989807,0.35832008163774715,0.03125,141,0.48226950354609927,0.36743270007490064,144,0.3611111111111111,0.007171968200450913,52.84298245614035,0.03508771929824561
h4_tt_sum_top_pct30d,-1,0.25,1588,553,2,0.8173803526448362,0.8305992180549918,-1.32188654101556,-0.022331906989061134,-0.05317519821528338,0.0047392477723475325,0.94,1068,0.8080524344569289,-0.03325935088289504,520,0.8365384615384616,0.00011138162365926625,7.133501259445844,0.021410579345088162
h4_tt_sum_top_pct30d,-1,0.5,1051,498,2,0.69267364414843,0.6953218116685279,-0.2648167520097888,-0.01035990880646376,-0.06689537750650847,0.04887600235080478,0.6125,704,0.6690340909090909,-0.04504869534802259,347,0.7406340057636888,0.060017341122232004,13.899143672692674,0.024738344433872503
h4_tt_sum_top_pct30d,-1,0.75,809,451,2,0.588380716934487,0.599184251967975,-1.0803535033487965,-0.025128731332432805,-0.10273195087806997,0.06002247739720443,0.73125,550,0.5763636363636364,-0.044807974132426126,259,0.6138996138996139,0.016661166505390828,20.42923362175525,0.02595797280593325
h4_tt_sum_top_pct30d,-1,1.0,656,404,2,0.5091463414634146,0.526244308997169,-1.7097967533754366,-0.040862635815652595,-0.15473843727197717,0.07598154897459006,0.76,441,0.4897959183673469,-0.07815371305814009,215,0.5488372093023256,0.03562743424917064,26.49923780487805,0.027439024390243903
h4_tt_sum_top_pct30d,-1,2.0,417,300,2,0.3237410071942446,0.35734331889686916,-3.3602311702624563,-0.10702319119887627,-0.28817294345120026,0.08514716682742735,0.86375,277,0.2888086642599278,-0.20999298476359893,140,0.39285714285714285,0.09670990035418216,50.628896882494004,0.0407673860911271
h4_tt_sum_bot_pct30d,1,0.25,1527,565,2,0.8094302554027505,0.8274699287052953,-1.8039673302544856,-0.029594470229341308,-0.05812283390644619,-9.519313282081918e-06,0.975,750,0.82,-0.016159626457714456,777,0.7992277992277992,-0.042562466147900054,6.643418467583497,0.020301244269810084
h4_tt_sum_bot_pct30d,1,0.5,994,502,2,0.6750503018108652,0.6929113043520885,-1.7861002541223248,-0.03433193308964259,-0.09011534255132195,0.01737444628951665,0.8725,480,0.6916666666666667,-0.008632788463526834,514,0.6595330739299611,-0.058331134296910225,13.525653923541247,0.025150905432595575
h4_tt_sum_bot_pct30d,1,0.75,769,458,2,0.5747724317295189,0.596684271511507,-2.1911839781988185,-0.046146761923252004,-0.12855551242398927,0.03334314939601461,0.88375,375,0.5973333333333334,-0.006259866444419562,394,0.5532994923857868,-0.08411017767087173,19.887191157347203,0.02340702210663199
h4_tt_sum_bot_pct30d,1,1.0,642,414,2,0.5093457943925234,0.5239673270977292,-1.462153270520583,-0.037507020499437244,-0.13836798331357272,0.05524117348759168,0.7625,314,0.5477707006369427,0.03934375802528845,328,0.4725609756097561,-0.11107758286761975,25.648753894080997,0.0264797507788162
h4_tt_sum_bot_pct30d,1,2.0,437,325,2,0.36613272311212813,0.3547601951838822,1.1372527928245946,0.02597948333850759,-0.1431239244536631,0.20634221600473954,0.38125,215,0.4,0.12612639667108225,222,0.3333333333333333,-0.07100964443853547,46.73169336384439,0.032036613272311214
h4_tt_sum_top_pct90d,-1,0.25,1537,518,2,0.8151041666666666,0.8303987393584873,-1.5294572691820663,-0.024084352858901342,-0.050965755540834094,0.004521682439409642,0.95125,997,0.8034102306920762,-0.036542128299070914,540,0.8367346938775511,-0.0010836082036252994,6.82010409889395,0.02147039687703318
h4_tt_sum_top_pct90d,-1,0.5,998,456,2,0.6970912738214644,0.6950741769766121,0.20170968448522952,-0.0022410909514064903,-0.06072752518480504,0.04632926492362508,0.5675,642,0.6728971962616822,-0.03648431021616859,356,0.7408450704225352,0.05951213030695662,13.219438877755511,0.027054108216432865
h4_tt_sum_top_pct90d,-1,0.75,719,406,2,0.5947075208913649,0.598980076447862,-0.4272555556497082,-0.013104328273704344,-0.10553364515780783,0.049203878533394134,0.67375,468,0.5705128205128205,-0.05277695853444238,251,0.64,0.06086695045946455,20.867176634214186,0.025034770514603615
h4_tt_sum_top_pct90d,-1,1.0,586,359,2,0.5247863247863248,0.5265173784619285,-0.17310536756036665,-0.009490034241833653,-0.10931258642076228,0.09865226845141924,0.57125,376,0.5,-0.05649225850818932,210,0.569377990430622,0.0746663292064984,26.839590443686006,0.027303754266211604
h4_tt_sum_top_pct90d,-1,2.0,343,256,2,0.347953216374269,0.3584256024496311,-1.0472386075362106,-0.036793887330375856,-0.22050074573663497,0.1613957864748179,0.655,223,0.3004484304932735,-0.17471619697902915,120,0.4369747899159664,0.21951173810003816,55.94387755102041,0.04081632653061224
h4_tt_sum_bot_pct90d,1,0.25,1512,467,2,0.8108465608465608,0.8270842952301264,-1.6237734383565572,-0.02694509229891539,-0.05483771346323633,0.00040606020656276225,0.9675,671,0.8256333830104322,-0.009890995877738284,841,0.7990487514863258,-0.04055186839714348,6.760085978835979,0.023148148148148147
h4_tt_sum_bot_pct90d,1,0.5,913,410,2,0.6714129244249726,0.6925325812505901,-2.111965682561756,-0.03877426129376736,-0.10040303523319638,0.019940924646047093,0.90125,400,0.6925,-0.008956505964811208,513,0.6549707602339181,-0.06202397305123804,13.94934282584885,0.03066812705366922
h4_tt_sum_bot_pct90d,1,0.75,694,372,2,0.5806916426512968,0.595862236917046,-1.5170594265749182,-0.03357238581484272,-0.11260863740733633,0.04620624984236596,0.8025,308,0.6006493506493507,-0.0004719842766157105,386,0.5647668393782384,-0.059984105176951324,20.021974063400577,0.025936599423631124
h4_tt_sum_bot_pct90d,1,1.0,551,324,2,0.5117967332123412,0.5236061965184573,-1.1809463306116097,-0.031206687916114573,-0.13614843445747707,0.07048484494698204,0.7,246,0.5528455284552846,0.04829920975907956,305,0.4786885245901639,-0.09533275620495968,26.63520871143376,0.030852994555353903
h4_tt_sum_bot_pct90d,1,2.0,323,227,2,0.37770897832817335,0.35476089743968964,2.294808088848371,0.061379479268094006,-0.13155519991968606,0.2651383694627227,0.25625,154,0.42207792207792205,0.18933668422173855,169,0.33727810650887574,-0.05522057731688386,51.913312693498455,0.043343653250773995
h4b_global_top_pct30d,-1,0.25,1829,606,2,0.8341543513957307,0.8294165306133221,0.4737820782408586,-6.163944487977081e-05,-0.027700061753641328,0.025553035810714695,0.5225,1270,0.8259842519685039,-0.009889745720323839,559,0.8527827648114902,0.02226697409682678,7.176189174412247,0.018589393110989613
h4b_global_top_pct30d,-1,0.5,1251,549,2,0.7101681345076061,0.6933646047744796,1.6803529733126488,0.01845625623686285,-0.03173760923212302,0.06432042999315285,0.25375,863,0.6964078794901506,-0.0019686726728129866,388,0.7409326424870466,0.06388593059008514,13.012589928057555,0.025579536370903277
h4b_global_top_pct30d,-1,0.75,949,498,2,0.6209081309398099,0.5967934980863914,2.4114632853418527,0.03524481689123023,-0.03475695990990853,0.10196499406072139,0.18125,653,0.6110260336906586,0.018148764374216794,296,0.6428571428571429,0.07296009491018218,18.928345626975766,0.023182297154899896
h4b_global_top_pct30d,-1,1.0,782,457,2,0.5602564102564103,0.5239874276189682,3.626898263744205,0.06596426920513315,-0.01924709825680108,0.14956590204851747,0.08375,530,0.5509433962264151,0.046412301082468875,252,0.58,0.1070854720028001,24.69277493606138,0.021739130434782608
h4b_global_top_pct30d,-1,2.0,484,344,2,0.3941908713692946,0.3550569901369704,3.9133881232324197,0.10994065000267597,-0.03945187764919025,0.2609684373128664,0.07,323,0.3684210526315789,0.030344808084765397,161,0.44654088050314467,0.2696267179497884,48.56559917355372,0.026859504132231406
h4b_global_bot_pct30d,1,0.25,1648,562,2,0.8367718446601942,0.8286623617625395,0.8109482897654674,0.0031866442291056726,-0.023946694093334317,0.02991323763353781,0.4175,1055,0.8578199052132701,0.03174800321406147,593,0.7993254637436762,-0.04762656610669259,6.897906553398058,0.02063106796116505
h4b_global_bot_pct30d,1,0.5,1089,510,2,0.7309458218549127,0.6934216770646228,3.752414479028998,0.0488894271869884,0.00409925537831652,0.09485159676435646,0.01125,675,0.7614814814814815,0.09691708110528843,414,0.6811594202898551,-0.029416530288500796,13.491735537190083,0.024793388429752067
h4b_global_bot_pct30d,1,0.75,818,459,2,0.6430317848410758,0.5969657043308448,4.606608051023098,0.07320262026632306,0.007839176085229332,0.13369442169698348,0.015,508,0.6811023622047244,0.14177268526114803,310,0.5806451612903226,-0.03916380882197072,19.530867970660147,0.02567237163814181
h4b_global_bot_pct30d,1,1.0,674,413,2,0.5830860534124629,0.5244197590556489,5.8666294356814035,0.10937635993613813,0.016360176997773763,0.19852793835706767,0.01125,418,0.6148325358851675,0.17475908750918193,256,0.53125,0.0026186250707775326,25.395029673590503,0.028189910979228485
h4b_global_bot_pct30d,1,2.0,391,301,2,0.43478260869565216,0.357570120967855,7.721248772779715,0.22433769464499223,0.03322746489859125,0.42033434882697535,0.00875,245,0.47346938775510206,0.34134844212488014,146,0.3698630136986301,0.027984043052029693,59.758951406649615,0.03324808184143223
h4b_global_top_pct90d,-1,0.25,1517,522,2,0.8265171503957783,0.8292626646619812,-0.2745514266202842,-0.00914587084734289,-0.03750140095379631,0.01821973078306855,0.7475,1007,0.8192651439920556,-0.01806314480363137,510,0.8408644400785854,0.00846137400360319,7.5201054713249835,0.023071852340145024
h4b_global_top_pct90d,-1,0.5,1021,472,2,0.7088235294117647,0.6934576144625026,1.5365914949262094,0.016741105413383132,-0.0397772681029991,0.0694016140772853,0.25875,667,0.6896551724137931,-0.01233396428892771,354,0.7450424929178471,0.07152379324231344,13.770812928501469,0.029382957884427033
h4b_global_top_pct90d,-1,0.75,766,424,2,0.6183006535947713,0.5967378499417207,2.156280365305052,0.031342485835709186,-0.0410734835370988,0.1089973610711938,0.18,504,0.6091269841269841,0.014978564341706463,262,0.6360153256704981,0.06282117451119534,19.755221932114882,0.02741514360313316
h4b_global_top_pct90d,-1,1.0,631,382,2,0.5603174603174603,0.5240236141840104,3.629384613344988,0.06589182353585948,-0.03198777860615,0.16487711424232432,0.09875,403,0.5409429280397022,0.025872915595251577,228,0.5947136563876652,0.13662699853614452,25.643819334389857,0.030110935023771792
h4b_global_top_pct90d,-1,2.0,382,297,2,0.3937007874015748,0.3542716929892062,3.9429094412368637,0.10939894661841726,-0.04041976655209476,0.2880439372193229,0.09875,244,0.3729508196721312,0.04543707377511709,138,0.4306569343065693,0.22249095367468716,48.03730366492147,0.03664921465968586
h4b_global_bot_pct90d,1,0.25,1549,504,2,0.8360232408005165,0.8275667198434332,0.8456520957083269,0.004786434308195264,-0.022038249843541333,0.030881755295389692,0.3675,990,0.8525252525252526,0.027846791426166747,559,0.8067978533094812,-0.036053911929357085,6.583763718528083,0.02194964493221433
h4b_global_bot_pct90d,1,0.5,1002,455,2,0.7265469061876247,0.6925670760040257,3.397983018359907,0.04479718683325008,-0.00013496683975914274,0.08929135169211465,0.02625,620,0.7483870967741936,0.08011898885732986,382,0.6910994764397905,-0.012531392368135934,12.90244510978044,0.027944111776447105
h4b_global_bot_pct90d,1,0.75,763,416,2,0.63564875491481,0.5960258731106808,3.9622881804129206,0.06289758033983847,-0.004296765929530336,0.12400166059046497,0.03625,472,0.6610169491525424,0.10940810981679562,291,0.5945017182130584,-0.012542178811789585,18.402359108781127,0.027522935779816515
h4b_global_bot_pct90d,1,1.0,627,378,2,0.5885167464114832,0.5235151313964905,6.500161501499269,0.12347720580889568,0.02823952965835143,0.20915571402844577,0.005,392,0.6173469387755102,0.18362316377874635,235,0.5404255319148936,0.023148629110251173,23.55342902711324,0.030303030303030304
h4b_global_bot_pct90d,1,2.0,345,255,2,0.4666666666666667,0.3567145459572119,10.995212070945476,0.3242463609076847,0.14448096085959833,0.4859666130356473,0.0,228,0.5,0.4271532541796042,117,0.4017094017094017,0.12370985094189285,55.709420289855075,0.03768115942028986
h5_taker_top_pct30d,1,0.25,1617,1024,2,0.8095238095238095,0.8314998245588049,-2.1976015034995355,-0.0337853074722208,-0.06101540757148183,-0.00860101148137584,0.99625,1033,0.8170377541142304,-0.02348203541558411,584,0.7962328767123288,-0.05201010205185385,7.91852195423624,0.010513296227581941
h5_taker_top_pct30d,1,0.5,1365,951,2,0.6813186813186813,0.6962633776843395,-1.4944696365658205,-0.029108462475221576,-0.06708245826549769,0.008378573109428996,0.935,854,0.6768149882903981,-0.03569332898515035,511,0.6888454011741683,-0.01810361707506667,15.28901098901099,0.008791208791208791
h5_taker_top_pct30d,1,0.75,1210,893,2,0.5847808105872622,0.5994699430762419,-1.468913248897974,-0.032649783329821463,-0.08363292080135991,0.025032404725287543,0.88,759,0.5744400527009222,-0.050875320106808564,451,0.6022222222222222,-0.001977538510013907,22.050413223140495,0.009917355371900827
h5_taker_top_pct30d,1,1.0,1078,828,2,0.510677808727948,0.5270070680000043,-1.6329259272056307,-0.039481980556246785,-0.10751942438562592,0.03867430980151421,0.85875,673,0.5022288261515602,-0.056991265357946366,405,0.5247524752475248,-0.010386304824039816,29.317949907235622,0.011131725417439703
h5_taker_top_pct30d,1,2.0,772,635,2,0.3424124513618677,0.3575316348551705,-1.5119183493302768,-0.05324134837436603,-0.1619800636168651,0.06623341942656703,0.81125,485,0.334020618556701,-0.07840200389901951,287,0.35664335664335667,-0.010722470571380139,56.748704663212436,0.012953367875647668
h5_taker_bot_pct30d,-1,0.25,1506,1010,2,0.8160690571049137,0.831549446242596,-1.5480389137682238,-0.026036598134287933,-0.05301057794988562,-0.0026799358327993126,0.98125,963,0.814122533748702,-0.028160363319133748,543,0.8195211786372008,-0.022270141646246456,8.379482071713147,0.008632138114209827
h5_taker_bot_pct30d,-1,0.5,1303,950,2,0.6792018419033001,0.6959654275695514,-1.6763585666251246,-0.03219141343773511,-0.07672736478824119,0.010752678761464528,0.9275,833,0.6842737094837935,-0.024134563646365466,470,0.6702127659574468,-0.046470894025417875,15.860130468150421,0.00920951650038373
h5_taker_bot_pct30d,-1,0.75,1159,883,2,0.5815358067299397,0.5989064488558121,-1.737064212587247,-0.03793829871722631,-0.09747417761127654,0.016688412636201442,0.92625,746,0.6005361930294906,-0.0037682302595563734,413,0.5472154963680388,-0.09965953617345334,22.359792924935288,0.009490940465918895
h5_taker_bot_pct30d,-1,1.0,1056,831,2,0.5018939393939394,0.5266852380461088,-2.4791298652169336,-0.05718256274660342,-0.13356224736905686,0.02263342897722759,0.92,677,0.5125553914327917,-0.03520576377520967,379,0.48284960422163586,-0.0964392722548714,29.043323863636363,0.010416666666666666
h5_taker_bot_pct30d,-1,2.0,772,640,2,0.3203631647211414,0.3571264198024385,-3.6763255081297075,-0.11711797961024195,-0.2331725076946882,-0.0066205992007552375,0.98375,496,0.3165322580645161,-0.12953978402265662,276,0.32727272727272727,-0.09479473689807648,54.57577720207254,0.011658031088082901
h5_taker_top_pct90d,1,0.25,1584,1007,2,0.8131313131313131,0.8326266983158085,-1.949538518449534,-0.030864998387318196,-0.06061025702924794,-0.0064090865203631445,0.995,1001,0.8211788211788211,-0.02034258073442657,583,0.7993138936535163,-0.048931790961151016,8.014204545454545,0.010101010101010102
h5_taker_top_pct90d,1,0.5,1340,935,2,0.6835820895522388,0.6973065786989657,-1.372448914672697,-0.027458627618772158,-0.06920066972742936,0.0157837729655766,0.9025,834,0.6822541966426858,-0.029750731538701395,506,0.6857707509881423,-0.02368073301556863,15.356529850746268,0.008955223880597015
h5_taker_top_pct90d,1,0.75,1184,879,2,0.588334742180896,0.6004989444362172,-1.2164202255321221,-0.028392285621026147,-0.08283419530245546,0.02585076961662702,0.87,736,0.5842391304347826,-0.036235275730897215,448,0.5950782997762863,-0.015507373297666539,22.19045608108108,0.010135135135135136
h5_taker_top_pct90d,1,1.0,1044,810,2,0.5129434324065196,0.5279496795339731,-1.5006247127453465,-0.037072081501166025,-0.10669772592024214,0.03114475277214628,0.85375,647,0.508500772797527,-0.04684980913338211,397,0.5202020202020202,-0.02113709465470802,29.535680076628353,0.01053639846743295
h5_taker_top_pct90d,1,2.0,743,614,2,0.3504043126684636,0.3584600164819174,-0.8055703813453774,-0.03200946395595356,-0.14511731879044784,0.09107854634512828,0.68,458,0.3471615720524017,-0.04257783450695567,285,0.35563380281690143,-0.015025907070483565,57.35262449528937,0.013458950201884253
h5_taker_bot_pct90d,-1,0.25,1491,1003,2,0.8202548625083836,0.8326993326884609,-1.2444470180077216,-0.022149330653296828,-0.04782532620943044,0.001572240977270591,0.96375,953,0.8237145855194123,-0.017460064657962477,538,0.8141263940520446,-0.03045578138480918,8.231052984574111,0.011401743796109993
h5_taker_bot_pct90d,-1,0.5,1287,941,2,0.6845376845376845,0.6969194970573357,-1.2381812519651203,-0.025408754111589202,-0.0700563014225063,0.017046841319246928,0.87625,820,0.6951219512195121,-0.009077665995312704,467,0.6659528907922913,-0.054084326392845584,15.468337218337219,0.010878010878010878
h5_taker_bot_pct90d,-1,0.75,1148,873,2,0.587979094076655,0.5998000641307862,-1.1820970054131186,-0.027967461140133862,-0.08375067242410414,0.02679376559547918,0.8575,734,0.611716621253406,0.014188390733176556,414,0.5458937198067633,-0.10270754634547166,21.84494773519164,0.009581881533101045
h5_taker_bot_pct90d,-1,1.0,1042,818,2,0.5047984644913628,0.5274590484804935,-2.2660583989130734,-0.052577566988848794,-0.12477180789659109,0.021565834309034304,0.91875,660,0.5242424242424243,-0.01332138591052399,382,0.4712041884816754,-0.12040238246448852,28.56573896353167,0.009596928982725527
h5_taker_bot_pct90d,-1,2.0,741,610,2,0.32070365358592695,0.35841895213098834,-3.7715298545061393,-0.1172252110467209,-0.22918725956121122,0.00781994701176123,0.96,467,0.31759656652360513,-0.1271732991649254,274,0.326007326007326,-0.10026989297664243,56.52935222672065,0.012145748987854251
h5_taker_avg6h_top,1,0.25,1490,905,2,0.8,0.8331579608646512,-3.315796086465117,-0.04811784722265725,-0.0791572556297912,-0.02440900441414374,1.0,983,0.8016276703967447,-0.04550015610820525,507,0.796844181459566,-0.05319317338736403,8.211409395973154,0.010067114093959731
h5_taker_avg6h_top,1,0.5,1226,842,2,0.6688417618270799,0.697016097835685,-2.8174336008605083,-0.0489611483550948,-0.09088116487703564,-0.007837414013180666,0.99375,794,0.6612090680100756,-0.05986295931772769,432,0.6828703703703703,-0.02892402357655191,14.852365415986949,0.012234910277324634
h5_taker_avg6h_top,1,0.75,1048,780,2,0.5830152671755725,0.6000532614866401,-1.7037994311067561,-0.03707624921246514,-0.09586055986251406,0.013029122389576054,0.93625,671,0.5722801788375559,-0.05563130806702522,377,0.6021220159151194,-0.004051197511112837,21.786736641221374,0.012404580152671756
h5_taker_avg6h_top,1,1.0,933,719,2,0.49732047159699894,0.5279030752136094,-3.0582603616610413,-0.06833065702579735,-0.12995009914222985,0.00453718579618932,0.965,586,0.4812286689419795,-0.10099303121130558,347,0.5244956772334294,-0.013171719640472195,29.2548231511254,0.011789924973204717
h5_taker_avg6h_top,1,2.0,685,564,2,0.33187134502923976,0.35770421514060935,-2.583287011136959,-0.08605682607423605,-0.2046076450267961,0.026805795163920922,0.94,445,0.32134831460674157,-0.11599688308380136,240,0.3514644351464435,-0.03054297036900038,53.12408759124087,0.014598540145985401
h5_taker_avg6h_bot,-1,0.25,1684,984,2,0.8141330166270784,0.8293955721680257,-1.5262555540947353,-0.02531000905341224,-0.054662085817100005,0.0009500219982328604,0.96625,1086,0.8204419889502762,-0.016616688752384107,598,0.802675585284281,-0.04109754391447671,7.521971496437055,0.011876484560570071
h5_taker_avg6h_bot,-1,0.5,1444,920,2,0.6842105263157895,0.6946365047348476,-1.0425978419058124,-0.022488785189801297,-0.06488172927172164,0.019815135819738202,0.86125,934,0.6927194860813705,-0.009048012744746784,510,0.6686274509803921,-0.047103846883293284,15.182998614958448,0.0110803324099723
h5_taker_avg6h_bot,-1,0.75,1251,863,2,0.5739408473221422,0.5984173616995998,-2.447651437745757,-0.05038569752965597,-0.11034963913948911,0.004517362272985478,0.9675,809,0.5822002472187886,-0.03504560264502012,442,0.5588235294117647,-0.07846293002212294,22.810751398880896,0.011990407673860911
h5_taker_avg6h_bot,-1,1.0,1141,813,2,0.4925503943908852,0.526187744007956,-3.3637349617070766,-0.07510228432866765,-0.14660168704268806,-0.009568939541441192,0.9925,744,0.5040322580645161,-0.051150136138406646,397,0.47103274559193953,-0.1199899373602903,29.318141980718668,0.012269938650306749
h5_taker_avg6h_bot,-1,2.0,800,628,2,0.3075,0.357506352095255,-5.0006352095255,-0.15779200171925725,-0.271742757911771,-0.05174654339881638,0.9975,506,0.30237154150197626,-0.17332679661658684,294,0.3163265306122449,-0.1310552458755539,57.9384375,0.01375
h5_taker_avg24h_top,1,0.25,1344,575,2,0.7952345495160089,0.834344279568214,-3.9109730052205083,-0.056356198173958046,-0.08740445888988302,-0.02864047257682548,1.0,908,0.7984581497797357,-0.0510062684991218,436,0.7885057471264367,-0.06749779483623171,6.958333333333333,0.019345238095238096
h5_taker_avg24h_top,1,0.5,970,540,2,0.672858617131063,0.6978398553147027,-2.498123818363973,-0.04492335118722108,-0.09463883254450181,-0.002955471196177948,0.9825,639,0.6713615023474179,-0.045963069806757566,331,0.6757575757575758,-0.04291616025705851,13.12757731958763,0.020618556701030927
h5_taker_avg24h_top,1,0.75,780,495,2,0.5655526992287918,0.6012009317293098,-3.5648232500517962,-0.06974355332776594,-0.13684854765815066,-0.007718367776231154,0.985,510,0.5764705882352941,-0.04953093624099045,270,0.5447761194029851,-0.10792294115834188,19.255128205128205,0.020512820512820513
h5_taker_avg24h_top,1,1.0,694,474,2,0.4985549132947977,0.5279303840170887,-2.937547072229102,-0.06605409635828391,-0.1497185743986479,0.011882749449349245,0.95,451,0.5144124168514412,-0.032983434561439005,243,0.46887966804979253,-0.12743215590716064,24.303314121037463,0.021613832853025938
h5_taker_avg24h_top,1,2.0,508,389,2,0.33201581027667987,0.3583929780902237,-2.6377167813543823,-0.08635271092599435,-0.2153366025416704,0.026434024617157107,0.93125,325,0.3507692307692308,-0.029797916490126423,183,0.2983425414364641,-0.1867915535033554,47.759350393700785,0.023622047244094488
h5_taker_avg24h_bot,-1,0.25,1439,637,2,0.8193189715079917,0.8273695480325232,-0.805057652453145,-0.015708036285303255,-0.045355609232353565,0.01411333707067111,0.86,930,0.8139784946236559,-0.02153452019454776,509,0.8290766208251473,-0.005062397708491088,7.36275191104934,0.019457956914523976
h5_taker_avg24h_bot,-1,0.5,1059,590,2,0.6685552407932012,0.6925074769657235,-2.395223617252229,-0.04233420219109459,-0.0921438220670911,0.0015917348586594305,0.96875,684,0.6652046783625731,-0.046620799062316365,375,0.6746666666666666,-0.034515449497986114,15.430830972615675,0.019830028328611898
h5_taker_avg24h_bot,-1,0.75,891,562,2,0.5679012345679012,0.596227901084691,-2.8326666516789833,-0.0566086080250098,-0.1233621285953478,0.005688226520887506,0.9575,587,0.5587734241908007,-0.0718968439261248,304,0.5855263157894737,-0.027088231465948936,22.467452300785634,0.020202020202020204
h5_taker_avg24h_bot,-1,1.0,799,535,2,0.49436795994993743,0.524005974505284,-2.9638014555346537,-0.0666863610451537,-0.14794439739770182,0.012094095923693364,0.9525,526,0.48098859315589354,-0.09324506845171338,273,0.5201465201465202,-0.015514639082331735,28.550688360450565,0.01877346683354193
h5_taker_avg24h_bot,-1,2.0,580,434,2,0.33678756476683935,0.35595222428368184,-1.9164659516842486,-0.06331284617903568,-0.21870208323875634,0.07133874343867003,0.8,382,0.32020997375328086,-0.11160940258088062,198,0.3686868686868687,0.029865358596240937,58.87456896551724,0.020689655172413793
S_bb_break_dn+h1_build_short_6h,-1,0.25,686,322,2,0.8347953216374269,0.8275043491684919,0.7290972468934953,0.0011805867258242024,-0.038894889335137434,0.03355264799855959,0.49375,462,0.829004329004329,-0.004947479596101081,224,0.8468468468468469,0.013819723514795082,5.466472303206997,0.030612244897959183
S_bb_break_dn+h1_build_short_6h,-1,0.5,611,316,2,0.6863711001642037,0.6915687504946778,-0.5197650330474146,-0.016179198584326083,-0.07578349976005427,0.03679139179454992,0.73625,416,0.6802884615384616,-0.02395530916967542,195,0.6994818652849741,0.0004098373310858355,10.711538461538462,0.03273322422258593
S_bb_break_dn+h1_build_short_6h,-1,0.75,550,310,2,0.5857664233576643,0.5942484849841636,-0.8482061626499338,-0.024002793665451633,-0.10082610739935656,0.04865023705745867,0.74625,374,0.5828877005347594,-0.027526659284971552,176,0.5919540229885057,-0.01651457922397183,15.161818181818182,0.03090909090909091
S_bb_break_dn+h1_build_short_6h,-1,1.0,505,308,2,0.5248508946322068,0.5220164167515834,0.28344778806234094,-0.0037046237442916754,-0.10466300330449008,0.08634775308956727,0.54,340,0.5147058823529411,-0.022761231861704163,165,0.5460122699386503,0.03556353843704312,20.632673267326734,0.0297029702970297
S_bb_break_dn+h1_build_short_6h,-1,2.0,397,282,2,0.3518987341772152,0.3525869072342824,-0.06881730570671984,-0.01270100104755524,-0.18892056796570103,0.15570384730478246,0.57125,266,0.3458646616541353,-0.030414312309050513,131,0.3643410852713178,0.023266485941435166,38.74433249370277,0.030226700251889168
S_bb_break_dn+h1_unwind_dn_6h,-1,0.25,554,298,2,0.8664259927797834,0.8249251951294886,4.15007976502948,0.04574744529878432,0.0025481001186906244,0.08454299717554503,0.01875,378,0.8677248677248677,0.04831367478867764,176,0.8636363636363636,0.04023588423526345,6.081678700361011,0.03429602888086643
S_bb_break_dn+h1_unwind_dn_6h,-1,0.5,510,291,2,0.7450980392156863,0.6898729569788354,5.522508223685085,0.0761894464330454,0.013112048928860842,0.13855140121557064,0.00875,347,0.7406340057636888,0.0709122981436084,163,0.754601226993865,0.087423621012399,12.007352941176471,0.03529411764705882
S_bb_break_dn+h1_unwind_dn_6h,-1,0.75,465,282,2,0.6408602150537634,0.5932942146085036,4.756600044525983,0.07620809074082852,-0.015837866991606348,0.15742958190681808,0.055,319,0.6489028213166145,0.09161619661981127,146,0.6232876712328768,0.042542434744968945,17.656989247311827,0.034408602150537634
S_bb_break_dn+h1_unwind_dn_6h,-1,1.0,437,280,2,0.5652173913043478,0.5208760028505538,4.434138845379398,0.08101105811638185,-0.029370746343803933,0.17975998034195753,0.0725,298,0.5671140939597316,0.08591691697288165,139,0.5611510791366906,0.07049346143122398,23.084096109839816,0.036613272311212815
S_bb_break_dn+h1_unwind_dn_6h,-1,2.0,348,257,2,0.3879310344827586,0.35292114624589344,3.5009888236865185,0.09619142739523967,-0.09680253600755419,0.26248609496117165,0.145,239,0.3891213389121339,0.10084424460522277,109,0.3853211009174312,0.08598937865041431,48.145833333333336,0.040229885057471264
S_bb_break_dn+h1_build_short_24h,-1,0.25,730,322,2,0.8571428571428571,0.8283043470327917,2.883851011006544,0.028644051552769258,-0.003468250954681333,0.06068797694516026,0.0325,489,0.8588957055214724,0.031022199053129036,241,0.8535564853556485,0.023818681728387782,5.345890410958904,0.036986301369863014
S_bb_break_dn+h1_build_short_24h,-1,0.5,620,306,2,0.7265372168284789,0.6923496234108927,3.418759341758626,0.0433920054088514,-0.015504974953160852,0.10158538652451224,0.07125,419,0.7326968973747017,0.053205453778160966,201,0.7135678391959799,0.02293511552456927,10.426209677419354,0.043548387096774194
S_bb_break_dn+h1_build_short_24h,-1,0.75,535,299,2,0.6303939962476548,0.5948764260081838,3.5517570239470997,0.05339578043215772,-0.03296717499897372,0.12875064874383543,0.1075,360,0.6333333333333333,0.059772785272112314,175,0.6242774566473989,0.04027737047567976,15.559345794392524,0.03364485981308411
S_bb_break_dn+h1_build_short_24h,-1,1.0,484,293,2,0.558091286307054,0.5224442326349696,3.5647053672084317,0.062092435292717164,-0.037784676898052615,0.1532321996844059,0.105,325,0.556923076923077,0.060543960739225876,159,0.5605095541401274,0.06525755623538798,20.817665289256198,0.03305785123966942
S_bb_break_dn+h1_build_short_24h,-1,2.0,369,271,2,0.3896457765667575,0.3523872451205939,3.7258531446163587,0.10041967972502526,-0.0807798549054979,0.274105963434533,0.135,251,0.3745019920318725,0.055666469667547507,118,0.4224137931034483,0.1956150672201686,37.59620596205962,0.032520325203252036
S_bb_break_dn+h1_unwind_dn_24h,-1,0.25,551,268,2,0.8421052631578947,0.823963514127969,1.8141749029925713,0.01633867024585041,-0.02947781066500306,0.05585191469736374,0.24375,380,0.8368421052631579,0.012138590954330734,171,0.8538011695906432,0.025672179782560783,6.455989110707804,0.045372050816696916
S_bb_break_dn+h1_unwind_dn_24h,-1,0.5,487,263,2,0.702258726899384,0.6887199190426646,1.3538807856719348,0.013421183565084292,-0.05686368138849517,0.08317335009844537,0.37125,336,0.6875,-0.006039956827753366,151,0.7350993377483444,0.05672544298225947,12.16889117043121,0.045174537987679675
S_bb_break_dn+h1_unwind_dn_24h,-1,0.75,417,252,2,0.5971223021582733,0.5922569055249997,0.48653966332736776,0.0010812891337030335,-0.0930099381282729,0.09444059022487569,0.4925,289,0.6055363321799307,0.018496232873483173,128,0.578125,-0.03823838852876932,17.63189448441247,0.047961630695443645
S_bb_break_dn+h1_unwind_dn_24h,-1,1.0,374,249,2,0.5267379679144385,0.5202941620338406,0.6443805880597897,0.005096717182396193,-0.10542507498324451,0.11238989823986656,0.48,255,0.5333333333333333,0.02125869425188542,119,0.5126050420168067,-0.029536090823652186,23.566844919786096,0.0481283422459893
S_bb_break_dn+h1_unwind_dn_24h,-1,2.0,296,224,2,0.3581081081081081,0.3525919382997232,0.551616980838493,0.007413827201463087,-0.1759382781238507,0.19355331948345905,0.505,200,0.345,-0.030128816203407727,96,0.3854166666666667,0.0856276676282773,48.94425675675676,0.04391891891891892
S_bb_break_dn+h1_build_short_72h,-1,0.25,757,315,2,0.8543046357615894,0.8275339164191585,2.6770719342430915,0.02677890688972648,-0.009635051063919646,0.05992270169766899,0.07375,515,0.858252427184466,0.03204564557682581,242,0.8458333333333333,0.015570764642386999,5.404887714663144,0.034346103038309116
S_bb_break_dn+h1_build_short_72h,-1,0.5,647,303,2,0.7162790697674418,0.6918910966942167,2.4387973073225155,0.029764670630238268,-0.034895565422004934,0.07951869778126493,0.17125,439,0.7175398633257403,0.0319137985229689,208,0.7135922330097088,0.025228770895100047,10.852782071097373,0.03863987635239567
S_bb_break_dn+h1_build_short_72h,-1,0.75,559,293,2,0.6355475763016158,0.5944085903503822,4.113898595123366,0.06446646722502682,-0.020775389731502055,0.14977758800986896,0.0775,379,0.6358839050131926,0.06609765083752871,180,0.6348314606741573,0.06103191950759229,15.03443649373882,0.03398926654740608
S_bb_break_dn+h1_build_short_72h,-1,1.0,499,287,2,0.5633802816901409,0.5219635871639797,4.141669452616115,0.0749249216794553,-0.023641057129761167,0.1723519565895447,0.07375,337,0.5578635014836796,0.06436833883865611,162,0.575,0.09688522055198202,19.881763527054108,0.036072144288577156
S_bb_break_dn+h1_build_short_72h,-1,2.0,363,257,2,0.407202216066482,0.3523921656453694,5.481005042111259,0.15426748268996449,-0.014623649583541454,0.33201456531757795,0.04625,245,0.3877551020408163,0.0963925594171453,118,0.4482758620689655,0.2744315182987841,37.00895316804408,0.03305785123966942
S_bb_break_dn+h1_unwind_dn_72h,-1,0.25,532,252,2,0.8458646616541353,0.8249722396707341,2.0892421983401244,0.018259666129073707,-0.016814467341503894,0.062031713624280234,0.1875,362,0.8370165745856354,0.00928655547785467,170,0.8647058823529412,0.03736711351578718,6.484492481203008,0.05263157894736842
S_bb_break_dn+h1_unwind_dn_72h,-1,0.5,463,246,2,0.7084233261339092,0.6894821876113829,1.8941138522526324,0.019926170980944034,-0.047072267369409844,0.0881108207764321,0.29,318,0.6981132075471698,0.007150849133965683,145,0.7310344827586207,0.04794377337638616,12.27159827213823,0.05399568034557235
S_bb_break_dn+h1_unwind_dn_72h,-1,0.75,389,236,2,0.5886889460154242,0.5934248589306123,-0.4735912915188045,-0.017417296209114305,-0.1167340294208581,0.07493278040540666,0.6425,267,0.602996254681648,0.010483649526927888,122,0.5573770491803278,-0.07847920204127226,19.02699228791774,0.05141388174807198
S_bb_break_dn+h1_unwind_dn_72h,-1,1.0,352,233,2,0.5170454545454546,0.5211855582830496,-0.4140103737594991,-0.018151101567720276,-0.13172178595869755,0.09289186058053395,0.65,235,0.5276595744680851,0.006191383645374555,117,0.49572649572649574,-0.06704412742308166,24.655539772727273,0.05113636363636364
S_bb_break_dn+h1_unwind_dn_72h,-1,2.0,293,217,2,0.3378839590443686,0.3527097529103347,-1.4825793865966108,-0.05559854459731388,-0.23013816449660754,0.1250097215947405,0.74375,195,0.3487179487179487,-0.021384271737238374,98,0.3163265306122449,-0.1236779650841988,47.282423208191126,0.04436860068259386
S_bb_break_dn+h2_oi_top_pct30d,-1,0.25,292,146,2,0.8831615120274914,0.8278605689864152,5.530094304107614,0.061334080136941256,0.0033074037084188644,0.10949351487087,0.02,208,0.8846153846153846,0.06384904484283961,84,0.8795180722891566,0.055106548484240556,5.288527397260274,0.07191780821917808
S_bb_break_dn+h2_oi_top_pct30d,-1,0.5,253,142,2,0.75,0.6919087152296672,5.809128477033276,0.07866282319054271,-0.01047586872259412,0.15178913464102373,0.04625,181,0.7458563535911602,0.07305211881689015,72,0.7605633802816901,0.09276751057430814,10.079051383399209,0.07905138339920949
S_bb_break_dn+h2_oi_top_pct30d,-1,0.75,222,140,2,0.6742081447963801,0.5948843040067561,7.932384078962407,0.12910721163287162,0.004414330185687086,0.2375406087969603,0.01875,162,0.6728395061728395,0.1286589238784727,60,0.6779661016949152,0.1303175885697487,15.932432432432432,0.07207207207207207
S_bb_break_dn+h2_oi_top_pct30d,-1,1.0,203,135,2,0.6237623762376238,0.5227736983685191,10.098867786910471,0.19140697199996337,0.04792161980783435,0.31500582113449704,0.00875,146,0.6164383561643836,0.17838822172041402,57,0.6428571428571429,0.22475324464582672,22.25862068965517,0.07389162561576355
S_bb_break_dn+h2_oi_top_pct30d,-1,2.0,151,122,2,0.47333333333333333,0.3536397852544808,11.969354807885251,0.3468356910161104,0.10428437886696772,0.5664148176925139,0.00125,108,0.46296296296296297,0.3191101498511157,43,0.5,0.41647193394214355,40.620860927152314,0.0728476821192053
S_bb_break_dn+h2_oi_top_pct90d,-1,0.25,316,165,2,0.8698412698412699,0.8268510735486558,4.2990196292614025,0.04687826822013105,-0.01792318455319475,0.09907406990844803,0.07625,221,0.8868778280542986,0.07124269514993307,95,0.8297872340425532,-0.00980108284814522,5.4825949367088604,0.06962025316455696
S_bb_break_dn+h2_oi_top_pct90d,-1,0.5,275,157,2,0.7445255474452555,0.6909368546420529,5.358869280320255,0.07293861140249204,-0.013450420785340216,0.14891890132625502,0.05,192,0.765625,0.1082733689621971,83,0.6951219512195121,-0.008799622952488298,9.933636363636364,0.07636363636363637
S_bb_break_dn+h2_oi_top_pct90d,-1,0.75,235,152,2,0.6752136752136753,0.5939965205009434,8.121715471273184,0.1338050326156755,0.005139680810042046,0.23725461973764678,0.02125,166,0.7048192771084337,0.1905935622297749,69,0.6029411764705882,-0.002816647325491164,15.069148936170214,0.05531914893617021
S_bb_break_dn+h2_oi_top_pct90d,-1,1.0,206,148,2,0.6097560975609756,0.5216975009180025,8.80585966429731,0.16688524382162573,0.02604339838418906,0.2893466072595063,0.01,144,0.6388888888888888,0.22986243669322923,62,0.5409836065573771,0.020615634571449996,20.41140776699029,0.06310679611650485
S_bb_break_dn+h2_oi_top_pct90d,-1,2.0,154,130,2,0.46405228758169936,0.35233409716070424,11.171819042099512,0.32424792651425344,0.09590034399735409,0.5292288940860403,0.00375,106,0.46226415094339623,0.32351601404487923,48,0.46808510638297873,0.3258642332174549,36.54383116883117,0.07142857142857142
S_bb_break_dn+h4_tt_count_top_pct30d,-1,0.25,594,231,2,0.8631756756756757,0.8287808660126895,3.4394809662986137,0.03651635473723728,-0.0019092227375697097,0.07400073602704305,0.03375,359,0.8635097493036211,0.03557741653833982,235,0.8626609442060086,0.03795073266661681,4.875,0.050505050505050504
S_bb_break_dn+h4_tt_count_top_pct30d,-1,0.5,507,221,2,0.7306930693069307,0.6925424332107865,3.815063609614422,0.05010199885567035,-0.026528844583521293,0.11904907888702941,0.10375,308,0.7207792207792207,0.03385011365959117,199,0.7461928934010152,0.07525567041543109,10.069033530571993,0.05719921104536489
S_bb_break_dn+h4_tt_count_top_pct30d,-1,0.75,419,216,2,0.6235011990407674,0.5956217491165494,2.787944992421798,0.04134167694597851,-0.07789412411697179,0.13507179817066625,0.26125,253,0.6205533596837944,0.03491468320906106,166,0.6280487804878049,0.05113703487031655,15.374105011933175,0.0477326968973747
S_bb_break_dn+h4_tt_count_top_pct30d,-1,1.0,368,213,2,0.5409836065573771,0.5233812074223309,1.7602399135046243,0.027493275059556222,-0.1050097294305734,0.1427913669517073,0.365,222,0.5225225225225225,-0.010990267172220847,146,0.5694444444444444,0.08600934612431314,20.64538043478261,0.04619565217391304
S_bb_break_dn+h4_tt_count_top_pct30d,-1,2.0,268,190,2,0.38345864661654133,0.35435245291571005,2.910619370083128,0.07732755487846901,-0.14741513415933527,0.2772067270212365,0.24625,164,0.34146341463414637,-0.049506421030254724,104,0.45098039215686275,0.277334978426841,41.207089552238806,0.048507462686567165
S_bb_break_dn+h4_tt_count_top_pct90d,-1,0.25,476,186,2,0.8610526315789474,0.8282062415295492,3.2846390049398155,0.034420913155382024,-0.007210856180242258,0.07262945842349831,0.055,275,0.8581818181818182,0.02874924678549562,201,0.865,0.042180655701246496,4.79936974789916,0.058823529411764705
S_bb_break_dn+h4_tt_count_top_pct90d,-1,0.5,400,177,2,0.7268170426065163,0.6922611308713024,3.4555911735213884,0.04470309298619195,-0.029786224568600913,0.1232717641108071,0.0975,236,0.6991525423728814,0.0011612733224260386,164,0.7668711656441718,0.10736083347795265,10.0775,0.0625
S_bb_break_dn+h4_tt_count_top_pct90d,-1,0.75,335,175,2,0.6167664670658682,0.5949633225030532,2.180314456281507,0.03105524834632737,-0.0760218897677693,0.14161736877579703,0.245,197,0.5989847715736041,-0.0020158063193157025,138,0.6423357664233577,0.07826537710815118,15.007462686567164,0.050746268656716415
S_bb_break_dn+h4_tt_count_top_pct90d,-1,1.0,295,173,2,0.5374149659863946,0.5227259790676809,1.4688986918713676,0.02189572376650789,-0.11354153543014821,0.15776033994168978,0.36125,174,0.5057471264367817,-0.04370531690299612,121,0.5833333333333334,0.11623110456397646,20.550847457627118,0.05423728813559322
S_bb_break_dn+h4_tt_count_top_pct90d,-1,2.0,221,160,2,0.38181818181818183,0.3530694330065946,2.874874881158723,0.07784106117747269,-0.12881254350160415,0.33294305148682335,0.20875,131,0.32061068702290074,-0.10934798332725879,90,0.47191011235955055,0.3503051148454706,38.54977375565611,0.049773755656108594
S_bb_break_dn+h4_tt_sum_top_pct30d,-1,0.25,177,94,2,0.8361581920903954,0.8301915895523189,0.5966602538076571,0.001798365234432359,-0.07211463112766978,0.055192393187489835,0.49125,99,0.8282828282828283,-0.008014935665267607,78,0.8461538461538461,0.01425370868405154,6.6624293785310735,0.11299435028248588
S_bb_break_dn+h4_tt_sum_top_pct30d,-1,0.5,161,90,2,0.7329192546583851,0.6932568707687379,3.966238388964727,0.05332710568366838,-0.04750713401449327,0.16064644268197176,0.10625,91,0.7142857142857143,0.025417108459692347,70,0.7571428571428571,0.08961010207483726,10.26552795031056,0.10559006211180125
S_bb_break_dn+h4_tt_sum_top_pct30d,-1,0.75,134,89,2,0.6119402985074627,0.5967226201811761,1.521767832628662,0.019658464832900683,-0.13035833575129804,0.18921009295227223,0.3,78,0.6282051282051282,0.04950316445199592,56,0.5892857142857143,-0.021910938207981987,18.005597014925375,0.08955223880597014
S_bb_break_dn+h4_tt_sum_top_pct30d,-1,1.0,122,89,2,0.5573770491803278,0.523915579368274,3.346146981205378,0.05905318028049519,-0.1464756895806838,0.2681901932987651,0.23625,72,0.5555555555555556,0.05582073772687687,50,0.56,0.06370789755770562,23.375,0.07377049180327869
S_bb_break_dn+h4_tt_sum_top_pct30d,-1,2.0,91,81,2,0.38461538461538464,0.3552526816897297,2.9362702925654958,0.07848022115789052,-0.22962824383856603,0.4366668354306117,0.29375,53,0.33962264150943394,-0.060121145547914215,38,0.4473684210526316,0.2717926536686182,46.84340659340659,0.07692307692307693
S_bb_break_dn+h4_tt_sum_top_pct90d,-1,0.25,189,94,2,0.8617021276595744,0.8287441337491328,3.295799391044163,0.03507366072290106,-0.030528970976042423,0.0910852709820748,0.15875,101,0.8415841584158416,0.011659068054743803,88,0.8850574712643678,0.06194722730794517,4.841269841269841,0.1111111111111111
S_bb_break_dn+h4_tt_sum_top_pct90d,-1,0.5,166,91,2,0.7212121212121212,0.6925032904106913,2.870883080142994,0.036401156136057156,-0.08355449720314345,0.13758728199163212,0.19875,90,0.6777777777777778,-0.027101619022043867,76,0.7733333333333333,0.11160181092854521,9.802710843373495,0.10240963855421686
S_bb_break_dn+h4_tt_sum_top_pct90d,-1,0.75,135,88,2,0.6119402985074627,0.5966765533408828,1.5263745166579912,0.01945103895938366,-0.1491632918279329,0.1915943958763463,0.3775,75,0.6,0.0024598026252128963,60,0.6271186440677966,0.04069008437709706,17.30925925925926,0.08888888888888889
S_bb_break_dn+h4_tt_sum_top_pct90d,-1,1.0,123,88,2,0.5409836065573771,0.5240818726927597,1.6901733864617352,0.025401088057910092,-0.17085588972944027,0.22297142431304018,0.3725,69,0.4927536231884058,-0.06791985270023668,54,0.6037735849056604,0.14464451235998646,22.66869918699187,0.08130081300813008
S_bb_break_dn+h4_tt_sum_top_pct90d,-1,2.0,91,78,2,0.37777777777777777,0.35599405902990516,2.1783718747872607,0.05710393837419555,-0.27219308749706517,0.41201605339271025,0.37375,54,0.3148148148148148,-0.12812954868941567,37,0.4722222222222222,0.3274447032778443,47.7032967032967,0.07692307692307693
S_bb_break_dn+h4b_global_top_pct30d,-1,0.25,628,265,2,0.8690095846645367,0.828827938404673,4.018164625986376,0.043583916123922775,0.008323714578208182,0.07470931634284213,0.00375,416,0.8677884615384616,0.04225936952344927,212,0.8714285714285714,0.046183026434285845,5.2631369426751595,0.04936305732484077
S_bb_break_dn+h4b_global_top_pct30d,-1,0.5,540,256,2,0.7397769516728625,0.692226787713628,4.75501639592345,0.06384666470568458,-0.004322340381204969,0.1223821610858215,0.035,359,0.7353760445682451,0.05788286010995501,181,0.7486033519553073,0.07567542630715923,10.179166666666667,0.05555555555555555
S_bb_break_dn+h4b_global_top_pct30d,-1,0.75,447,247,2,0.6426966292134831,0.5954770224904629,4.721960672302028,0.07496482506748081,-0.014756914704271032,0.1567537595929446,0.0625,295,0.6440677966101694,0.0782983248202068,152,0.64,0.06849520383686132,15.375838926174497,0.042505592841163314
S_bb_break_dn+h4b_global_top_pct30d,-1,1.0,393,240,2,0.5754475703324808,0.5232246871754087,5.222288315707213,0.0963245839514679,-0.012488348753425256,0.2038449775876481,0.05125,258,0.5658914728682171,0.0780476183778311,135,0.5939849624060151,0.13125389593664039,20.87786259541985,0.043256997455470736
S_bb_break_dn+h4b_global_top_pct30d,-1,2.0,284,212,2,0.4219858156028369,0.35442873188761864,6.755708371521823,0.19122992464990402,-0.02128661949978885,0.38090477724942,0.035,188,0.39893617021276595,0.1238645869684887,96,0.46808510638297873,0.3231537109426756,42.377640845070424,0.045774647887323945
S_bb_break_dn+h4b_global_top_pct90d,-1,0.25,490,210,2,0.8548057259713702,0.8281692499231637,2.6636476048206514,0.0268004769829782,-0.014292001450564239,0.06578662149596962,0.1025,314,0.856687898089172,0.02888506072901782,176,0.8514285714285714,0.023081390072430232,5.182142857142857,0.05510204081632653
S_bb_break_dn+h4b_global_top_pct90d,-1,0.5,418,201,2,0.7314148681055156,0.6919848218777561,3.9430046227759474,0.051938237200513306,-0.02825126023273602,0.11960109304073638,0.09625,271,0.7269372693726938,0.04504533714859713,147,0.7397260273972602,0.06464555634384174,10.305023923444976,0.0645933014354067
S_bb_break_dn+h4b_global_top_pct90d,-1,0.75,346,196,2,0.6231884057971014,0.5951379605054029,2.8050445291698534,0.04217401713127704,-0.07152545851681325,0.15235688654543533,0.21875,221,0.6334841628959276,0.06012606814669782,125,0.6048387096774194,0.010434790936013095,15.318641618497109,0.049132947976878616
S_bb_break_dn+h4b_global_top_pct90d,-1,1.0,303,191,2,0.5662251655629139,0.5230448241640439,4.318034139887006,0.07904792244733014,-0.0452065020872012,0.2182703663603856,0.09875,193,0.5647668393782384,0.07573684310026098,110,0.5688073394495413,0.08485736166536967,21.301980198019802,0.052805280528052806
S_bb_break_dn+h4b_global_top_pct90d,-1,2.0,227,176,2,0.415929203539823,0.353102388770659,6.282681476916396,0.17920135719965818,-0.030109926278484973,0.4084019161339602,0.045,146,0.3904109589041096,0.10267250529236543,81,0.4625,0.31714225076095115,38.95594713656388,0.048458149779735685
S_bb_break_dn+h5_taker_bot_pct30d,-1,0.25,79,64,2,0.8860759493670886,0.830624850742217,5.545109862487152,0.061663031087104386,-0.047850541273010735,0.14710282559371984,0.12875,47,0.8936170212765957,0.07225520149296796,32,0.875,0.046105780803492286,6.332278481012659,0.11392405063291139
S_bb_break_dn+h5_taker_bot_pct30d,-1,0.5,78,64,2,0.717948717948718,0.6953633075657364,2.2585410382981563,0.026462925761867363,-0.15473711901573436,0.21093211457512467,0.38625,46,0.6521739130434783,-0.07031272283676564,32,0.8125,0.16557792062240226,14.038461538461538,0.11538461538461539
S_bb_break_dn+h5_taker_bot_pct30d,-1,0.75,75,64,2,0.6666666666666666,0.5963421721104932,7.03244945561734,0.1153934737587383,-0.09078346103921613,0.33314133977959953,0.15875,46,0.6086956521739131,0.015962737462416787,29,0.7586206896551724,0.2731111934011794,16.563333333333333,0.10666666666666667
S_bb_break_dn+h5_taker_bot_pct30d,-1,1.0,75,64,2,0.5733333333333334,0.5240940743437007,4.923925898963266,0.0905494456899311,-0.1678666235206848,0.341100635295216,0.26875,46,0.4782608695652174,-0.0981698867784613,29,0.7241379310344828,0.38989735236393275,22.926666666666666,0.10666666666666667
S_bb_break_dn+h5_taker_bot_pct30d,-1,2.0,70,62,2,0.34285714285714286,0.3544057492931983,-1.154860643605543,-0.04411372135820875,-0.2942674827950843,0.2628522027344595,0.4975,44,0.2727272727272727,-0.25258666239670446,26,0.46153846153846156,0.30868664039924565,42.917857142857144,0.08571428571428572
S_bb_break_dn+h5_taker_bot_pct90d,-1,0.25,71,58,2,0.9014084507042254,0.8311177017174363,7.02907489867891,0.07920030604032326,-0.037133706501571814,0.16867448693066708,0.08,44,0.9090909090909091,0.09012035289958929,27,0.8888888888888888,0.06140467412151933,5.926056338028169,0.11267605633802817
S_bb_break_dn+h5_taker_bot_pct90d,-1,0.5,70,58,2,0.7428571428571429,0.6962104744723202,4.664666838482267,0.061096023604588434,-0.09948786257505632,0.25881869905172944,0.1975,43,0.6976744186046512,-0.004751465654998918,27,0.8148148148148148,0.1659642472402275,13.857142857142858,0.11428571428571428
S_bb_break_dn+h5_taker_bot_pct90d,-1,0.75,68,58,2,0.6911764705882353,0.5971522790290397,9.402419155919562,0.1554549328796134,-0.07134294246636202,0.4145563979345625,0.08875,43,0.6511627906976745,0.0875432128045916,25,0.76,0.2722630914086509,16.68014705882353,0.10294117647058823
S_bb_break_dn+h5_taker_bot_pct90d,-1,1.0,68,58,2,0.5882352941176471,0.5249392489188784,6.329604519876863,0.117390606089253,-0.11463452764154933,0.3676002695470888,0.14875,43,0.5116279069767442,-0.03397243444341674,25,0.72,0.377735035805445,23.13235294117647,0.10294117647058823
S_bb_break_dn+h5_taker_bot_pct90d,-1,2.0,64,56,2,0.375,0.3551898051199036,1.9810194880096388,0.048418663218282615,-0.2207335782793009,0.3870147780093867,0.32,41,0.2926829268292683,-0.19686615012690784,23,0.5217391304347826,0.48566550439883943,43.7890625,0.09375
S_bb_break_dn+h5_taker_avg6h_bot,-1,0.25,219,143,2,0.8812785388127854,0.8253958187366729,5.58827200761125,0.06291456154520039,0.007276450792515922,0.1154687372395549,0.0175,145,0.8896551724137931,0.07358930490117768,74,0.8648648648648649,0.04199783469902872,5.351598173515982,0.0639269406392694
S_bb_break_dn+h5_taker_avg6h_bot,-1,0.5,210,142,2,0.7,0.690329551811967,0.9670448188032976,0.0068779042142501235,-0.1018928894686885,0.10097090038502127,0.46875,139,0.6762589928057554,-0.028596751096325403,71,0.7464788732394366,0.0763282857377712,11.660714285714286,0.06190476190476191
S_bb_break_dn+h5_taker_avg6h_bot,-1,0.75,197,141,2,0.6091370558375635,0.5946114202649376,1.4525635572625872,0.016316107519290798,-0.12740284372642294,0.1532006354563388,0.38625,130,0.5923076923076923,-0.013589319096285303,67,0.6417910447761194,0.07434156214652801,18.997461928934012,0.06598984771573604
S_bb_break_dn+h5_taker_avg6h_bot,-1,1.0,191,139,2,0.5392670157068062,0.5216746005724225,1.7592415134383699,0.02536935168655312,-0.1479064994981115,0.1654772515191548,0.42875,128,0.515625,-0.02199670084367577,63,0.5873015873015873,0.1216051409543198,23.623036649214658,0.06282722513089005
S_bb_break_dn+h5_taker_avg6h_bot,-1,2.0,175,132,2,0.32,0.35259010359512133,-3.259010359512132,-0.11103005907963649,-0.3160344946958454,0.08264190726069394,0.87375,118,0.288135593220339,-0.2074530756386005,57,0.38596491228070173,0.08858250151611365,43.542857142857144,0.05142857142857143
S_bb_break_dn+h5_taker_avg24h_bot,-1,0.25,201,114,2,0.8407960199004975,0.8246104531316462,1.61855667688513,0.013203732107139194,-0.061871466714083764,0.07343807074190976,0.37125,126,0.8492063492063492,0.025053606965512707,75,0.8266666666666667,-0.006704057654928306,5.972636815920398,0.1044776119402985
S_bb_break_dn+h5_taker_avg24h_bot,-1,0.5,181,110,2,0.7348066298342542,0.6895555654458857,4.525106438836845,0.06056815827903311,-0.04251216118972924,0.1494781900948846,0.115,116,0.7672413793103449,0.11141227156027257,65,0.676923076923077,-0.030169028499794238,12.132596685082873,0.08287292817679558
S_bb_break_dn+h5_taker_avg24h_bot,-1,0.75,164,110,2,0.5975609756097561,0.5934340635547165,0.41269120550395666,-0.000825448220463314,-0.13535874350372923,0.13286043208526055,0.49625,104,0.5961538461538461,-0.0008173611070335352,60,0.6,-0.0008394658837416043,18.888719512195124,0.09146341463414634
S_bb_break_dn+h5_taker_avg24h_bot,-1,1.0,155,108,2,0.5290322580645161,0.5210335652497171,0.7998692814799035,0.007507517497115665,-0.14167335272842033,0.1525320725336608,0.45625,101,0.5148514851485149,-0.01883254122443506,54,0.5555555555555556,0.05677318288371976,23.454838709677418,0.09032258064516129
S_bb_break_dn+h5_taker_avg24h_bot,-1,2.0,128,104,2,0.375,0.35209609734323183,2.290390265676817,0.05776006458058259,-0.2094931728019572,0.31015314035518216,0.30875,84,0.35714285714285715,0.007820790709583676,44,0.4090909090909091,0.15309867833430776,45.03515625,0.0703125
S_volspike18_dn+h1_build_short_6h,-1,0.25,432,260,2,0.8538283062645011,0.8281001349464484,2.5728171318052717,0.023150614786199144,-0.0330031545337411,0.06925959013376896,0.21625,278,0.8705035971223022,0.0441799213092247,154,0.8235294117647058,-0.014811380106015822,5.449652777777778,0.041666666666666664
S_volspike18_dn+h1_build_short_6h,-1,0.5,428,260,2,0.711943793911007,0.6927131217925306,1.92306721184764,0.01922042692840624,-0.05631590046504784,0.08710315372663159,0.3025,275,0.7418181818181818,0.06451735908803566,153,0.6578947368421053,-0.06219562760687539,11.032710280373832,0.0397196261682243
S_volspike18_dn+h1_build_short_6h,-1,0.75,401,256,2,0.615,0.5960794124515301,1.8920587548469925,0.022598986186585564,-0.07172390050870264,0.10792335823850793,0.35,257,0.6381322957198443,0.06402985394109113,144,0.5734265734265734,-0.05134360418083064,16.670199501246884,0.03740648379052369
S_volspike18_dn+h1_build_short_6h,-1,1.0,376,249,2,0.56,0.5234843214887834,3.651567851121662,0.062174323030485826,-0.053661370327983224,0.1685688256054485,0.15625,243,0.5843621399176955,0.1116583124061104,133,0.5151515151515151,-0.028236274099414743,21.824468085106382,0.03723404255319149
S_volspike18_dn+h1_build_short_6h,-1,2.0,317,230,2,0.3924050632911392,0.3529541300909482,3.9450933200190996,0.1048624006474221,-0.07165300462526603,0.2885796754822291,0.13875,199,0.40703517587939697,0.14649180408100834,118,0.36752136752136755,0.03465688129756057,39.26577287066246,0.031545741324921134
S_volspike18_dn+h1_unwind_dn_6h,-1,0.25,407,261,2,0.8722358722358723,0.8261867822728222,4.604908996305013,0.050744469718710515,0.002493962402740244,0.09473705373034347,0.02125,258,0.8643410852713178,0.03999323961631449,149,0.8859060402684564,0.06936069365440296,6.371621621621622,0.03931203931203931
S_volspike18_dn+h1_unwind_dn_6h,-1,0.5,403,261,2,0.7568238213399504,0.6912979033743087,6.552591796564167,0.09054786939506658,0.020712448967355628,0.15859906828602663,0.0075,254,0.7559055118110236,0.08826505443934365,149,0.7583892617449665,0.09443937945381574,13.191066997518611,0.03970223325062035
S_volspike18_dn+h1_unwind_dn_6h,-1,0.75,386,256,2,0.6606217616580311,0.5947823153289727,6.583944632905836,0.10640465660563646,0.010006667058229347,0.21083454605878038,0.01625,242,0.6735537190082644,0.12753126364719408,144,0.6388888888888888,0.07090021977190766,18.91062176165803,0.03367875647668394
S_volspike18_dn+h1_unwind_dn_6h,-1,1.0,368,249,2,0.592391304347826,0.5225883010490312,6.980300329879485,0.13044777411843836,0.01194190277976253,0.25464113443861813,0.0175,232,0.5991379310344828,0.1412697577859724,136,0.5808823529411765,0.11198674315617449,25.396059782608695,0.035326086956521736
S_volspike18_dn+h1_unwind_dn_6h,-1,2.0,304,226,2,0.41118421052631576,0.35435286489852796,5.68313456277878,0.15898563384396416,-0.04790706207863611,0.3647619980705515,0.06625,190,0.42105263157894735,0.18193746913847217,114,0.39473684210526316,0.12073257501978416,53.05345394736842,0.039473684210526314
S_volspike18_dn+h1_build_short_24h,-1,0.25,445,253,2,0.8716216216216216,0.8284586597316339,4.31629618899877,0.04500185090220772,-0.004695383698962363,0.08623081319181397,0.0375,278,0.8848920863309353,0.06098981291765485,167,0.8493975903614458,0.018387159642960428,4.929213483146067,0.04943820224719101
S_volspike18_dn+h1_build_short_24h,-1,0.5,434,252,2,0.7274826789838337,0.6932329716292863,3.4249707354547354,0.041938529018577836,-0.026977209368014874,0.11113710362507044,0.11375,271,0.7490774907749077,0.07397284470915723,163,0.691358024691358,-0.011320977436311875,10.756336405529954,0.04838709677419355
S_volspike18_dn+h1_build_short_24h,-1,0.75,403,249,2,0.6343283582089553,0.5960478099044588,3.8280548304496453,0.05678484663893156,-0.0311074439938793,0.1468560886888984,0.10375,249,0.6546184738955824,0.09257808105390945,154,0.6013071895424836,-0.0010886297852859147,15.996277915632755,0.04466501240694789
S_volspike18_dn+h1_build_short_24h,-1,1.0,380,242,2,0.5620052770448549,0.523343473615736,3.8661803429118957,0.06688390180261017,-0.050568019120518136,0.1783804276480191,0.10875,238,0.5756302521008403,0.09409565662910258,142,0.5390070921985816,0.021275467656798962,20.504605263157895,0.042105263157894736
S_volspike18_dn+h1_build_short_24h,-1,2.0,306,224,2,0.3901639344262295,0.35301005180567485,3.7153882620554635,0.09837515460873596,-0.07628577482224676,0.29565479841168535,0.1375,189,0.4021164021164021,0.13239732508003593,117,0.3706896551724138,0.04341626384740517,37.49264705882353,0.042483660130718956
S_volspike18_dn+h1_unwind_dn_24h,-1,0.25,348,222,2,0.853448275862069,0.8250271545660526,2.842112129601637,0.028556387190712323,-0.021302472353506338,0.07209881355084918,0.12875,224,0.8526785714285714,0.027737760664334928,124,0.8548387096774194,0.030035196399652124,6.88433908045977,0.04885057471264368
S_volspike18_dn+h1_unwind_dn_24h,-1,0.5,345,222,2,0.7275362318840579,0.6900092191772736,3.752701270678427,0.048611220150515604,-0.034487283093787485,0.1242939266358861,0.13,222,0.7342342342342343,0.05933367045135435,123,0.7154471544715447,0.02925850497339202,13.414492753623188,0.0463768115942029
S_volspike18_dn+h1_unwind_dn_24h,-1,0.75,329,218,2,0.6291793313069909,0.593630162855437,3.554916845155387,0.05355227086149031,-0.061030208886063225,0.15298878012251357,0.17875,210,0.6428571428571429,0.07877962312991062,119,0.6050420168067226,0.009033413917219167,19.401215805471125,0.04559270516717325
S_volspike18_dn+h1_unwind_dn_24h,-1,1.0,306,211,2,0.565359477124183,0.5215336092779693,4.382586784621367,0.07874599579717412,-0.05046427252763649,0.20224318667718374,0.13,195,0.5743589743589743,0.09692517746147743,111,0.5495495495495496,0.04680959557610071,26.43954248366013,0.042483660130718956
S_volspike18_dn+h1_unwind_dn_24h,-1,2.0,258,192,2,0.40310077519379844,0.3532785764250725,4.982219876872596,0.1377877207020491,-0.08757559016407628,0.3508935315636054,0.12125,161,0.391304347826087,0.09839383191974319,97,0.422680412371134,0.2031734536293816,52.01647286821706,0.04263565891472868
S_volspike18_dn+h1_build_short_72h,-1,0.25,447,245,2,0.8721973094170403,0.8281164519791376,4.408085743790268,0.04767311501082799,-0.000979514017755309,0.09588105593541309,0.0325,279,0.8853046594982079,0.06317584850225923,168,0.8502994011976048,0.02192750403398683,5.204697986577181,0.04697986577181208
S_volspike18_dn+h1_build_short_72h,-1,0.5,437,244,2,0.7385321100917431,0.6926551531659193,4.587695692582383,0.06084559359559701,-0.011559126405761764,0.13017083618557232,0.0575,272,0.75,0.07700318131806845,165,0.7195121951219512,0.03421005504703804,10.781464530892448,0.04805491990846682
S_volspike18_dn+h1_build_short_72h,-1,0.75,405,237,2,0.6435643564356436,0.5954997378306152,4.806461860502842,0.07555084272370124,-0.019217420258135914,0.1707348767653295,0.0575,252,0.6507936507936508,0.08744468153913765,153,0.631578947368421,0.05596099055710012,15.7820987654321,0.04197530864197531
S_volspike18_dn+h1_build_short_72h,-1,1.0,374,229,2,0.5764075067024129,0.522913052248917,5.349445445349588,0.0981158002653035,-0.011618679912776545,0.21316629568749115,0.03875,235,0.5914893617021276,0.12746938456456144,139,0.5507246376811594,0.048489236881665954,20.106283422459892,0.045454545454545456
S_volspike18_dn+h1_build_short_72h,-1,2.0,288,208,2,0.4076655052264808,0.3528357282738173,5.48297769526635,0.1536445552639283,-0.035311432364656205,0.3546878106572533,0.06125,179,0.41899441340782123,0.18428666469012497,109,0.3888888888888889,0.10332402694017412,37.560763888888886,0.041666666666666664
S_volspike18_dn+h1_unwind_dn_72h,-1,0.25,287,192,2,0.8641114982578397,0.8240112112136652,4.010028704417456,0.041702517059165514,-0.013085778622756028,0.09015682795002475,0.04875,184,0.8478260869565217,0.022150866033985327,103,0.8932038834951457,0.07662973830803112,6.360627177700349,0.05226480836236934
S_volspike18_dn+h1_unwind_dn_72h,-1,0.5,284,190,2,0.7147887323943662,0.6893939859446606,2.539474644970563,0.028778224078257027,-0.06560196561475627,0.10430647555053318,0.25875,182,0.7252747252747253,0.047064303077637155,102,0.696078431372549,-0.0038498776657349514,13.92781690140845,0.0528169014084507
S_volspike18_dn+h1_unwind_dn_72h,-1,0.75,269,187,2,0.5985130111524164,0.5933280360109572,0.5184975141459214,-0.001307948928914023,-0.1284309508614369,0.09746132588571577,0.54,171,0.631578947368421,0.05886681890446871,98,0.5408163265306123,-0.10630677851573492,20.366171003717472,0.048327137546468404
S_volspike18_dn+h1_unwind_dn_72h,-1,1.0,256,185,2,0.53515625,0.5208709980114923,1.428525198850772,0.017852605668917963,-0.12854254802713022,0.15541785610989706,0.415,162,0.5617283950617284,0.07248922465771294,94,0.48936170212765956,-0.07630837599262234,26.2119140625,0.046875
S_volspike18_dn+h1_unwind_dn_72h,-1,2.0,213,162,2,0.352112676056338,0.3534810214864053,-0.1368345430067308,-0.01753795361714755,-0.24390103571377414,0.1908093912564849,0.615,133,0.38345864661654133,0.07375518732233953,80,0.3,-0.1693128004290449,55.84154929577465,0.056338028169014086
S_volspike18_dn+h2_oi_top_pct30d,-1,0.25,220,144,2,0.8949771689497716,0.8279917605851408,6.698540836463085,0.0756362593536999,0.014746563327642608,0.13395646801030697,0.00875,148,0.8783783783783784,0.056463492331544615,72,0.9295774647887324,0.11504694712146361,5.023863636363636,0.06818181818181818
S_volspike18_dn+h2_oi_top_pct30d,-1,0.5,216,143,2,0.7767441860465116,0.6924870811972985,8.42571048492131,0.11754153963429222,0.012983335869816537,0.22746243417342038,0.015,145,0.7586206896551724,0.09248506666469043,71,0.8142857142857143,0.16871320978347892,10.04513888888889,0.06944444444444445
S_volspike18_dn+h2_oi_top_pct30d,-1,0.75,202,140,2,0.681592039800995,0.5957686611431549,8.582337865784018,0.1401362421687132,0.015709502528964595,0.26477827885793576,0.0125,136,0.6691176470588235,0.1221579453715139,66,0.7076923076923077,0.17718242950839658,16.15841584158416,0.06435643564356436
S_volspike18_dn+h2_oi_top_pct30d,-1,1.0,188,136,2,0.6577540106951871,0.5234132101833946,13.434080051179254,0.25781767266239264,0.1139167830801236,0.41176857262075883,0.00125,127,0.6456692913385826,0.2380176294493366,61,0.6833333333333333,0.2990407134502307,20.97872340425532,0.06914893617021277
S_volspike18_dn+h2_oi_top_pct30d,-1,2.0,147,124,2,0.4657534246575342,0.3539581204854923,11.179530417204193,0.3221944197763159,0.02045380275326202,0.6364207862802382,0.00875,100,0.47,0.3407403746237715,47,0.45652173913043476,0.2827349413774742,41.30952380952381,0.061224489795918366
S_volspike18_dn+h2_oi_top_pct90d,-1,0.25,199,126,2,0.8737373737373737,0.8271850429153972,4.655233082197652,0.05148480984797225,-0.022452176981614565,0.11905896415434783,0.07125,137,0.8613138686131386,0.03945181262498168,62,0.9016393442622951,0.07807385209877399,5.025125628140704,0.07537688442211055
S_volspike18_dn+h2_oi_top_pct90d,-1,0.5,196,126,2,0.7384615384615385,0.6917349711603316,4.6726567301206945,0.06275993356017569,-0.04495169953827194,0.1616408629850039,0.13375,134,0.7388059701492538,0.06748511599072034,62,0.7377049180327869,0.05254744250061146,9.716836734693878,0.07653061224489796
S_volspike18_dn+h2_oi_top_pct90d,-1,0.75,189,125,2,0.6914893617021277,0.5943925679475669,9.709679375456082,0.1617482080933921,0.027834272404844037,0.29013316187692784,0.01,130,0.7,0.1823291764537361,59,0.6724137931034483,0.1164003117061935,14.25925925925926,0.06878306878306878
S_volspike18_dn+h2_oi_top_pct90d,-1,1.0,168,118,2,0.6467065868263473,0.5221493717505941,12.455721507575323,0.2401742200635222,0.08032702806311265,0.3997280778949689,0.0,116,0.646551724137931,0.2460208433842233,52,0.6470588235294118,0.22713175265580438,18.561011904761905,0.07142857142857142
S_volspike18_dn+h2_oi_top_pct90d,-1,2.0,126,107,2,0.464,0.35283714013054146,11.116285986945856,0.3215623559350316,0.07795256739760952,0.5999074089121551,0.005,86,0.46511627906976744,0.3308761496752295,40,0.46153846153846156,0.30153769939360586,39.410714285714285,0.05555555555555555
S_volspike18_dn+h4_tt_count_top_pct30d,-1,0.25,344,182,2,0.8833819241982507,0.8296879282893626,5.369399590888813,0.05900176404184787,0.0020416684359964923,0.11098638202459575,0.02125,190,0.8789473684210526,0.04971502703864879,154,0.8888888888888888,0.07045942657826233,5.446220930232558,0.061046511627906974
S_volspike18_dn+h4_tt_count_top_pct30d,-1,0.5,334,181,2,0.7747747747747747,0.6938881706734626,8.08866041013121,0.11259462999102461,0.019927338781369937,0.1901976292855255,0.0075,184,0.782608695652174,0.12007524614038075,150,0.7651006711409396,0.10341840751448107,10.896706586826348,0.06287425149700598
S_volspike18_dn+h4_tt_count_top_pct30d,-1,0.75,308,175,2,0.6449511400651465,0.5971022688987059,4.784887116644065,0.07449288784419256,-0.047727727190482946,0.17977325798012703,0.12625,167,0.6586826347305389,0.09404421439076724,141,0.6285714285714286,0.05133635214718565,16.607142857142858,0.05519480519480519
S_volspike18_dn+h4_tt_count_top_pct30d,-1,1.0,280,169,2,0.5698924731182796,0.5247835948781346,4.510887824014498,0.08073489552252014,-0.04675358545489787,0.1947380456890604,0.10875,155,0.5806451612903226,0.09661613097790203,125,0.5564516129032258,0.06104216355784658,21.988392857142856,0.05357142857142857
S_volspike18_dn+h4_tt_count_top_pct30d,-1,2.0,208,151,2,0.42028985507246375,0.3556258521525582,6.466400291990554,0.18157151439157782,-0.033387985995509774,0.37437817830907716,0.05375,111,0.40540540540540543,0.12668911280516554,97,0.4375,0.24437508734097735,44.66466346153846,0.057692307692307696
S_volspike18_dn+h4_tt_count_top_pct90d,-1,0.25,326,175,2,0.8923076923076924,0.8297195428659236,6.258814944176871,0.07077280899254945,0.013193236563160798,0.11714428068489809,0.005,177,0.8700564971751412,0.03826089402235587,149,0.918918918918919,0.1093943455678801,5.261503067484663,0.06134969325153374
S_volspike18_dn+h4_tt_count_top_pct90d,-1,0.5,316,174,2,0.7746031746031746,0.6940684996096258,8.053467499354882,0.11249887470020056,0.03161567349715197,0.18908143550497505,0.00375,171,0.7602339181286549,0.08595207976275394,145,0.7916666666666666,0.14380578459194798,11.018196202531646,0.060126582278481014
S_volspike18_dn+h4_tt_count_top_pct90d,-1,0.75,293,168,2,0.6506849315068494,0.5965058072258634,5.417912428098592,0.08612127053129895,-0.011655117897188892,0.1834596668267931,0.0525,156,0.6474358974358975,0.07561576862752488,137,0.6544117647058824,0.09808373985238475,15.790102389078498,0.04778156996587031
S_volspike18_dn+h4_tt_count_top_pct90d,-1,1.0,267,160,2,0.5902255639097744,0.5240221835621992,6.6203380347575225,0.12346291496080283,-0.003157865228055356,0.23400923561679343,0.03,146,0.589041095890411,0.11517644486906622,121,0.5916666666666667,0.13346146565000572,21.425093632958802,0.052434456928838954
S_volspike18_dn+h4_tt_count_top_pct90d,-1,2.0,193,141,2,0.4270833333333333,0.3543983481802277,7.2684985153105615,0.20675356548231394,-0.04139225359589169,0.40757068471786106,0.04875,105,0.41904761904761906,0.17584950245144776,88,0.4367816091954023,0.2436277315986883,41.92616580310881,0.05181347150259067
S_volspike18_dn+h4_tt_sum_top_pct30d,-1,0.25,115,80,2,0.8782608695652174,0.832516023722046,4.5744845843171404,0.05047364763501748,-0.06398241863997062,0.1342869326663361,0.17625,55,0.8727272727272727,0.042436998091508686,60,0.8833333333333333,0.05784057638323391,7.147826086956521,0.09565217391304348
S_volspike18_dn+h4_tt_sum_top_pct30d,-1,0.5,114,80,2,0.7894736842105263,0.6967956765139643,9.267800769656198,0.13230459876652334,0.024557863475385102,0.24451511624809408,0.0125,55,0.8,0.14699847600436738,59,0.7796610169491526,0.11860691659565178,12.449561403508772,0.09649122807017543
S_volspike18_dn+h4_tt_sum_top_pct30d,-1,0.75,102,77,2,0.7058823529411765,0.599610702535893,10.627165040528352,0.17796008291473386,0.023331251574082057,0.32784656192294925,0.01375,48,0.7291666666666666,0.21764093336627632,54,0.6851851851851852,0.14268821584669616,18.78186274509804,0.09803921568627451
S_volspike18_dn+h4_tt_sum_top_pct30d,-1,1.0,94,75,2,0.6595744680851063,0.5264278555280979,13.314661255700845,0.25746721694303376,0.06693224660367265,0.4478088681295899,0.00375,46,0.6304347826086957,0.1962363027717302,48,0.6875,0.31614684302386636,22.872340425531913,0.09574468085106383
S_volspike18_dn+h4_tt_sum_top_pct30d,-1,2.0,74,66,2,0.4864864864864865,0.3571238409396655,12.936264554682102,0.3767791364785369,0.09224789305059641,0.6826807856033249,0.0025,35,0.4,0.10852671569342012,39,0.5641025641025641,0.61751848846518,47.277027027027025,0.0945945945945946
S_volspike18_dn+h4_tt_sum_top_pct90d,-1,0.25,111,76,2,0.9272727272727272,0.8311352796080811,9.613744766464617,0.11077092851190473,0.019941510778042685,0.1760205342548626,0.01,55,0.9090909090909091,0.08876908443189539,56,0.9454545454545454,0.13237988251905672,4.95945945945946,0.10810810810810811
S_volspike18_dn+h4_tt_sum_top_pct90d,-1,0.5,111,76,2,0.8090909090909091,0.694583613827919,11.450729526299009,0.16187037447859082,0.020646111879337858,0.2968370078223789,0.01625,55,0.8,0.14989373723672583,56,0.8181818181818182,0.17363314319827963,9.86036036036036,0.10810810810810811
S_volspike18_dn+h4_tt_sum_top_pct90d,-1,0.75,101,74,2,0.71,0.5981382541509932,11.186174584900677,0.18390328958658025,-0.01679779003618023,0.36143703563119883,0.0325,50,0.72,0.20463169452909363,51,0.7,0.16358132395666508,15.868811881188119,0.09900990099009901
S_volspike18_dn+h4_tt_sum_top_pct90d,-1,1.0,93,72,2,0.6630434782608695,0.5253269958439546,13.771648241691492,0.26135333256032084,0.07499375978685711,0.4609533318651362,0.005,48,0.625,0.18758058257556987,45,0.7045454545454546,0.34004426587738856,20.27956989247312,0.0967741935483871
S_volspike18_dn+h4_tt_sum_top_pct90d,-1,2.0,70,62,2,0.4927536231884058,0.35625931536762895,13.649430782077687,0.3901360321014927,0.0037142114408847274,0.7261862606578732,0.0225,35,0.45714285714285713,0.283164032599967,35,0.5294117647058824,0.4971080316030184,41.05,0.11428571428571428
S_volspike18_dn+h4b_global_top_pct30d,-1,0.25,358,200,2,0.896358543417367,0.8299798051273644,6.637873829000263,0.07472641170115625,0.02092727802449499,0.11813984667411735,0.0025,226,0.8938053097345132,0.0704452463792126,132,0.9007633587786259,0.08205628566145375,5.6333798882681565,0.05865921787709497
S_volspike18_dn+h4b_global_top_pct30d,-1,0.5,348,199,2,0.7867435158501441,0.6941111158464173,9.263240000372686,0.12997005829285166,0.048583577222938774,0.2098914555838598,0.00125,220,0.7954545454545454,0.14194270256900046,128,0.7716535433070866,0.10939207594322088,10.84698275862069,0.0603448275862069
S_volspike18_dn+h4b_global_top_pct30d,-1,0.75,320,193,2,0.670846394984326,0.5972548127515706,7.359158223275541,0.11943915290844354,0.009446537784757078,0.214567151511435,0.0175,199,0.6884422110552764,0.14915630568452315,121,0.6416666666666667,0.07056548842546961,16.36015625,0.053125
S_volspike18_dn+h4b_global_top_pct30d,-1,1.0,289,184,2,0.6145833333333334,0.5248757084167924,8.970762491654094,0.1697122997148403,0.045609802992664775,0.2838064384096986,0.0,182,0.6318681318681318,0.20256823961190598,107,0.5849056603773585,0.1138264954039435,21.57439446366782,0.05190311418685121
S_volspike18_dn+h4b_global_top_pct30d,-1,2.0,223,166,2,0.42792792792792794,0.3545458253391738,7.338210258875416,0.20706913992623704,0.007145748735064007,0.4094489042565774,0.02125,138,0.42028985507246375,0.1804930374620442,85,0.44047619047619047,0.25021622392692666,39.56390134529148,0.053811659192825115
S_volspike18_dn+h4b_global_top_pct90d,-1,0.25,313,178,2,0.8878205128205128,0.8298094435715205,5.801106924899225,0.06518882016494211,0.012239003581590384,0.11931324010056565,0.01125,194,0.8762886597938144,0.04934414068019843,119,0.9067796610169492,0.09101964218208727,5.284345047923322,0.06389776357827476
S_volspike18_dn+h4b_global_top_pct90d,-1,0.5,303,177,2,0.7649006622516556,0.6940657188426607,7.083494340899499,0.0982155173508192,0.0010297288170123225,0.17991348566221707,0.02125,188,0.7712765957446809,0.10651158772263568,115,0.7543859649122807,0.08465324578645837,10.624587458745875,0.0627062706270627
S_volspike18_dn+h4b_global_top_pct90d,-1,0.75,275,171,2,0.6459854014598541,0.596818671393304,4.916673006655003,0.07772518367344239,-0.06028419930244316,0.1966647072213116,0.12,167,0.6706586826347305,0.11976805087440331,108,0.6074766355140186,0.012714453834919492,15.521818181818182,0.05090909090909091
S_volspike18_dn+h4b_global_top_pct90d,-1,1.0,255,166,2,0.6062992125984252,0.52381936418039,8.247984841803524,0.15592162214795313,0.023397262968055797,0.28728444781896295,0.01125,159,0.6163522012578616,0.17405329146189114,96,0.5894736842105263,0.12589104484674338,19.619607843137256,0.054901960784313725
S_volspike18_dn+h4b_global_top_pct90d,-1,2.0,192,150,2,0.43455497382198954,0.35355456222224824,8.10004115997413,0.23132839530021254,0.028431529720048872,0.4224536551288918,0.0125,120,0.425,0.2014256241670778,72,0.4507042253521127,0.2811663471887706,35.90234375,0.052083333333333336
S_volspike18_dn+h5_taker_avg6h_bot,-1,0.25,129,99,2,0.9147286821705426,0.8261403192485949,8.858836292194772,0.1028685528519712,0.009052913315724293,0.1640915216384034,0.01375,76,0.9210526315789473,0.10861542589387187,53,0.9056603773584906,0.09462775377301932,3.7267441860465116,0.07751937984496124
S_volspike18_dn+h5_taker_avg6h_bot,-1,0.5,128,99,2,0.765625,0.6913013327147114,7.43236672852886,0.10223602606136376,-0.027881999316774826,0.22958887503336525,0.05125,75,0.8,0.15359127141700257,53,0.7169811320754716,0.02956350904866729,10.33984375,0.078125
S_volspike18_dn+h5_taker_avg6h_bot,-1,0.75,123,98,2,0.6666666666666666,0.5954700114477252,7.119665521894147,0.1129195463113928,-0.044778388563823976,0.25766876098464575,0.08125,71,0.6619718309859155,0.10211380787958564,52,0.6730769230769231,0.12767353532405254,17.485772357723576,0.08130081300813008
S_volspike18_dn+h5_taker_avg6h_bot,-1,1.0,121,97,2,0.628099173553719,0.522566134713491,10.553303884022803,0.19883927337318563,0.026784785142326007,0.361130606725193,0.01625,70,0.6285714285714286,0.1964588207149546,51,0.6274509803921569,0.20210656133546365,21.706611570247933,0.08264462809917356
S_volspike18_dn+h5_taker_avg6h_bot,-1,2.0,112,95,2,0.38392857142857145,0.35459263333705676,2.933593809151469,0.0712697331185849,-0.15860890696614677,0.32193606644907075,0.2425,64,0.359375,-0.01012473784573642,48,0.4166666666666667,0.1797956944043466,46.620535714285715,0.0625
S_volspike18_dn+h5_taker_avg24h_bot,-1,0.25,102,70,2,0.9215686274509803,0.8240286913947827,9.75399360561976,0.1157121433203872,0.038481273156239296,0.17952790308793798,0.0,53,0.9622641509433962,0.16909641566577188,49,0.8775510204081632,0.0579699711917058,3.8186274509803924,0.10784313725490197
S_volspike18_dn+h5_taker_avg24h_bot,-1,0.5,100,70,2,0.78,0.6888259518328742,9.117404816712583,0.12936026382371082,-0.026885481887152472,0.2727179207547295,0.0425,52,0.9230769230769231,0.34790181918649554,48,0.625,-0.10739308781930586,9.7625,0.11
S_volspike18_dn+h5_taker_avg24h_bot,-1,0.75,96,70,2,0.6979166666666666,0.5924141094136183,10.550255725304837,0.17562406142520373,-0.011561859613581598,0.363233393402485,0.02875,49,0.8367346938775511,0.42258569667111556,47,0.5531914893617021,-0.08184657957585331,15.104166666666666,0.11458333333333333
S_volspike18_dn+h5_taker_avg24h_bot,-1,1.0,90,68,2,0.6111111111111112,0.5209885617490706,9.012254936204055,0.1698802949207889,-0.03588448922812248,0.3747600172638761,0.0525,48,0.7083333333333334,0.36687392312160144,42,0.5,-0.055255280165853946,21.71388888888889,0.12222222222222222
S_volspike18_dn+h5_taker_avg24h_bot,-1,2.0,75,66,2,0.4533333333333333,0.3534902686752915,9.984306465804183,0.28464385064925235,-0.017789779074379827,0.5776880901743959,0.04,39,0.5384615384615384,0.537247520271544,36,0.3611111111111111,0.010989875225102926,48.653333333333336,0.09333333333333334
