rr,name,side,n,wr,be,expR,n_tr,wr_tr,e_tr,n_te,wr_te,e_te,se,hold,nights,costR,tf
0.25,all,1,11128,0.7999101123595506,0.8342258407105193,-0.05181104770033449,7907,0.8133299607942329,-0.028643883476333745,3221,0.766935985083903,-0.10868244401178243,0.0037930027179505664,9.90383117661155,0.3126347951114306,0.05167515324329579,4H
0.25,trend,1,5413,0.8143358581193423,0.8380111694940735,-0.03701845854979096,3991,0.8248559258331245,-0.01485214692319915,1422,0.7848101265822784,-0.09923065946521145,0.005285021801343447,10.007882258759777,0.31960096065028637,0.05493828119896887,4H
0.25,trend+50,1,4770,0.8113207547169812,0.8383833775500122,-0.041153798569436406,3567,0.823941687692739,-0.01572893148466218,1203,0.7738985868661679,-0.11654074860384175,0.005664990275201144,10.363871418588399,0.33542976939203356,0.055304741965662825,4H
0.25,trend+d1,1,4331,0.8134380050796582,0.8385970528242451,-0.038972463150280336,3346,0.8242677824267782,-0.01582478797221552,985,0.7766497461928934,-0.11760405822216347,0.0059194277808938,10.439890710382516,0.3389517432463634,0.05576996949985318,4H
0.25,trend+macd,1,1727,0.8013896931094383,0.8385200575073055,-0.05361760792309028,1232,0.8108766233766234,-0.03250957935003468,495,0.7777777777777778,-0.10615314570491756,0.009600118608349717,9.639982628836131,0.32136653155761435,0.0553547243098882,4H
0.25,volspike1.8+bar,1,376,0.8164893617021277,0.8390774451928502,-0.03644092192512152,273,0.8315018315018315,-0.008973518759463523,103,0.7766990291262136,-0.10924287400497236,0.019962363785315775,7.277482269503546,0.2872340425531915,0.0570526240527811,4H
0.25,volspike2.5+bar,1,162,0.845679012345679,0.8364651934476246,0.005490778670095281,122,0.8442622950819673,0.00818409070588042,40,0.85,-0.002723823039049433,0.02838296529020379,3.8703703703703702,0.13580246913580246,0.0516079867620035,4H
0.25,trend+run3,1,704,0.8110795454545454,0.8367233878595016,-0.037218666028542714,524,0.8072519083969466,-0.037976631620124636,180,0.8222222222222222,-0.035012143973048644,0.014753154342983346,7.3680160984848495,0.2315340909090909,0.05106809784672453,4H
0.25,trend+pullback_ema20,1,1649,0.8211036992116434,0.8387905862234486,-0.030477443822144207,1208,0.8236754966887417,-0.016475389167861794,441,0.8140589569160998,-0.06883227833999718,0.009438203926658274,10.132049727107338,0.3317161916312917,0.05685706783669847,4H
0.25,trend+rsi<40,1,334,0.7874251497005988,0.8337609730917845,-0.06316880552790334,260,0.8,-0.041756348483230246,74,0.7432432432432432,-0.13840176271188992,0.022386559224029563,6.274451097804392,0.15568862275449102,0.04745024265365185,4H
0.25,trend+bb_lo,1,171,0.7719298245614035,0.8352923933423895,-0.08426034145264538,141,0.7801418439716312,-0.0691379112594308,30,0.7333333333333333,-0.15533576336075375,0.03208670367478522,6.525341130604289,0.1695906432748538,0.04917262215439974,4H
0.25,trend+hammer,1,448,0.8214285714285714,0.8384377176505332,-0.02947472200386256,345,0.8405797101449275,0.0051994917125033095,103,0.7572815533980582,-0.14561650581110747,0.018094720611111108,10.840215773809524,0.3861607142857143,0.056260436289576846,4H
0.25,trend+bull_engulf,1,526,0.8041825095057035,0.8400082059730757,-0.05371238328169585,380,0.8236842105263158,-0.01750078566555216,146,0.7534246575342466,-0.14796174694015202,0.017302552665077506,11.570659062103928,0.39543726235741444,0.05894052016382513,4H
0.25,trend+marubozu,1,122,0.8114754098360656,0.8376754436867937,-0.04218570878011131,82,0.8414634146341463,0.00971626635265855,40,0.75,-0.14858475780228955,0.03541129173752523,8.693306010928962,0.30327868852459017,0.05652997107519329,4H
0.25,trend+lowvol,1,2354,0.7986406117247239,0.848678528912161,-0.07113465256402245,1504,0.8178191489361702,-0.031375780989814236,850,0.7647058823529411,-0.1414844676788567,0.008265295931460323,12.330218068535824,0.40739167374681395,0.06943541721992728,4H
0.25,trend+hivol,1,1403,0.8396293656450463,0.8293620634393349,0.010377706874720626,1275,0.8454901960784313,0.018377131549721485,128,0.78125,-0.06930406234892073,0.00979664560653737,8.346222380612971,0.25089094796863864,0.039159000181587286,4H
0.25,trend+near_ema200,1,667,0.8110944527736131,0.8371748613352686,-0.039996792785987285,430,0.8162790697674419,-0.02821147517932608,237,0.8016877637130801,-0.06137943654490847,0.01515636844458511,8.537231384307846,0.24737631184407796,0.053864858753003786,4H
0.25,trend+far_ema200,1,2629,0.8189425637124382,0.8365608557589382,-0.025907159121482736,2042,0.8241919686581782,-0.015454780920932465,587,0.8006814310051107,-0.06226790236768998,0.007509994381839917,7.865665018384685,0.23126664130848232,0.049585363762030474,4H
0.25,rsi>70,1,804,0.8569651741293532,0.8340284325671397,0.02391356792630093,640,0.8625,0.03467800183068509,164,0.8353658536585366,-0.018093979017637308,0.012347369876180297,6.353026533996684,0.1865671641791045,0.047292899735390616,4H
0.25,rsi<30,1,570,0.775438596491228,0.8260026604858778,-0.07190591486480856,386,0.7875647668393783,-0.05062013108585369,184,0.75,-0.11655978735761607,0.017478487005606697,7.9149122807017545,0.24035087719298245,0.04120416047884364,4H
0.25,bb_break_up,1,775,0.8206451612903226,0.8369283965162362,-0.02767005740371983,553,0.8372513562386981,-0.00023735004559713582,222,0.7792792792792793,-0.09600468429129574,0.013781084771250446,7.444731182795699,0.23225806451612904,0.05347650901662306,4H
0.25,div_bull,1,131,0.7633587786259542,0.8319775179033553,-0.09484785269293879,85,0.8,-0.04529485462403525,46,0.6956521739130435,-0.18641317521156484,0.037134185575094264,10.951017811704833,0.3282442748091603,0.04904632597538152,4H
0.25,d1_trend,1,6228,0.8090879897238279,0.8380428981812098,-0.04406930370192906,4625,0.8179459459459459,-0.024907399554459662,1603,0.7835308796007486,-0.09935552122036073,0.004980124507534564,10.047567437379577,0.3236994219653179,0.05542929085671391,4H
0.25,all,-1,11128,0.8076404494382022,0.8343714243524264,-0.04228780683239911,7907,0.8085240925761983,-0.03483320874556823,3221,0.805469235550031,-0.06058756065809667,0.003736938046823126,10.031849089384137,0.3216211358734723,0.0517638892356876,4H
0.25,trend,-1,5715,0.8212535014005602,0.831632460800703,-0.02262850243624237,3916,0.826608784473953,-0.011679377675606784,1799,0.8095768374164811,-0.04646217256556364,0.005069478544852097,10.282618839311752,0.3312335958005249,0.04904142369324924,4H
0.25,trend+50,-1,5046,0.8177672020622645,0.8304730764033911,-0.024859935431540754,3470,0.8250720461095101,-0.013777893219304557,1576,0.8016528925619835,-0.04926011720594406,0.005436052367003784,8.912967366891268,0.2804201347602061,0.046897161944381476,4H
0.25,trend+d1,-1,3818,0.8201834862385321,0.8293500154747839,-0.02076041533358431,2637,0.8229048160788776,-0.013000003747013239,1181,0.8140916808149405,-0.03808827761452245,0.0062176035371980035,10.336650951632619,0.3323729701414353,0.04576037473216846,4H
0.25,trend+macd,-1,1772,0.8221343873517787,0.831194087580083,-0.02147632890004503,1223,0.8233851185609158,-0.015233005905793818,549,0.8193430656934306,-0.03538449651747533,0.009086740437058021,10.296886756960122,0.3391647855530474,0.049125614582644896,4H
0.25,volspike1.8+bar,-1,447,0.8635346756152126,0.8321294721061318,0.029912478449808367,300,0.8666666666666667,0.03782794019648345,147,0.8571428571428571,0.013758474885165345,0.016236682005948345,7.977815063385533,0.319910514541387,0.04950586606920728,4H
0.25,volspike2.5+bar,-1,180,0.8833333333333333,0.8330544238727511,0.052885160669055804,113,0.8849557522123894,0.05998577664749055,67,0.8805970149253731,0.04090949491438224,0.02392761718595337,8.174537037037036,0.32222222222222224,0.051281505997610874,4H
0.25,trend+run3,-1,658,0.817629179331307,0.8293268219557266,-0.023900039353228722,430,0.8255813953488372,-0.010538263215187915,228,0.8026315789473685,-0.049099880315323224,0.015053688338062348,9.229103343465045,0.30547112462006076,0.04593651351736246,4H
0.25,trend+pullback_ema20,-1,1883,0.8176501860712387,0.8313675210256182,-0.026147269294104863,1272,0.8231132075471698,-0.015090407186819798,611,0.80623973727422,-0.049165810375064914,0.00890311605184945,8.762966896795893,0.2697822623473181,0.04807042173193568,4H
0.25,trend+rsi<40,-1,406,0.8374384236453202,0.8331610538697463,-0.00045497835980635,300,0.8433333333333334,0.008048092724358968,106,0.8207547169811321,-0.024520273881028988,0.018311434840843216,6.18123973727422,0.1748768472906404,0.0472530079164566,4H
0.25,trend+bb_lo,-1,181,0.7679558011049724,0.8345049039419055,-0.09036428716049158,119,0.7478991596638656,-0.1142666221971403,62,0.8064516129032258,-0.044487224751439985,0.0313771997889829,6.30156537753223,0.19337016574585636,0.05030903854170705,4H
0.25,trend+hammer,-1,369,0.8184281842818428,0.8317925480628523,-0.024811486472038357,267,0.8164794007490637,-0.024642156534738623,102,0.8235294117647058,-0.02525473248438176,0.020067872060531372,8.970415537488707,0.2764227642276423,0.04784671682434187,4H
0.25,trend+bull_engulf,-1,576,0.8263888888888888,0.8330633078498206,-0.01810350735989039,402,0.818407960199005,-0.024519067071512118,174,0.8448275862068966,-0.0032813521640746683,0.015782280258442877,10.707320601851851,0.3559027777777778,0.0510896184710015,4H
0.25,trend+marubozu,-1,94,0.8404255319148937,0.8296562069174154,0.0074688872035211145,57,0.7719298245614035,-0.07487082415149293,37,0.9459459459459459,0.13431655064232653,0.03777177506693377,5.909574468085107,0.18085106382978725,0.043063027690095894,4H
0.25,trend+lowvol,-1,1824,0.8283991228070176,0.8513372041088534,-0.03670799171398367,1342,0.8405365126676602,-0.013818331064358133,482,0.7946058091286307,-0.10043812572186228,0.008828098088829698,12.609329312865498,0.4144736842105263,0.07220689522275561,4H
0.25,trend+hivol,-1,1950,0.8215384615384616,0.824012977235325,-0.006414319409463022,1138,0.8312829525483304,0.009476906695293011,812,0.8078817733990148,-0.028685520526719632,0.00867099549933435,9.5241452991453,0.29743589743589743,0.033337396332539945,4H
0.25,trend+near_ema200,-1,760,0.8526315789473684,0.8391734144752764,0.005636005072439089,516,0.8682170542635659,0.03272848222728053,244,0.819672131147541,-0.05165792202550429,0.012858080069146665,13.18969298245614,0.4276315789473684,0.06015346861177144,4H
0.25,trend+far_ema200,-1,2071,0.7954545454545454,0.8260302032654717,-0.045824055769076756,1432,0.8023743016759777,-0.03527592147015089,639,0.779874213836478,-0.06946244124022205,0.008870075841849302,8.728512795750845,0.27329792370835343,0.03976410646139655,4H
0.25,rsi>70,-1,570,0.8298245614035088,0.8266957666553207,-0.005088929008218387,386,0.8341968911917098,0.005852710600259602,184,0.8206521739130435,-0.02804258601296027,0.015739979195631665,9.593421052631578,0.29473684210526313,0.04236963076260435,4H
0.25,rsi<30,-1,804,0.7686567164179104,0.8332614506159643,-0.08523125577309904,640,0.7671875,-0.08360891971327418,164,0.774390243902439,-0.09156232332363509,0.014871906163627258,5.523735489220565,0.1417910447761194,0.04605215129548709,4H
0.25,bb_break_up,-1,728,0.8585164835164835,0.8317562583169756,0.0244397283207381,520,0.8557692307692307,0.02606091510701542,208,0.8653846153846154,0.020386761355044778,0.012916996802012744,8.270375457875458,0.26785714285714285,0.0487058760748663,4H
0.25,div_bull,-1,149,0.8389261744966443,0.8385132481861957,-0.009680603008116684,118,0.8305084745762712,-0.008904447494750865,31,0.8709677419354839,-0.012635001413831684,0.030114886087017304,14.001677852348994,0.436241610738255,0.05833832112892204,4H
0.25,d1_trend,-1,4900,0.8133551153767613,0.830484669455449,-0.030457996757051273,3282,0.8159658744667886,-0.02222557905655586,1618,0.8080495356037152,-0.0471568811161526,0.005567793184459031,9.793843537414965,0.3104081632653061,0.04697837328435623,4H
0.33,all,1,11128,0.7531241571518476,0.7854712090439594,-0.05224295770405646,7907,0.7656506892626787,-0.028976485479005127,3221,0.7223258706467661,-0.10935813804664597,0.004088477559164364,12.359521028037383,0.40618260244428467,0.05386353287085113,4H
0.33,trend,1,5413,0.7733234805098836,0.7892485188661762,-0.02894977929143206,3991,0.7830117764971185,-0.006510431136482872,1422,0.7461322081575246,-0.09192828736907074,0.005690689012557558,12.537132828376132,0.41714391280251245,0.057470008369577275,4H
0.33,trend+50,1,4770,0.7685534591194969,0.7896613470375388,-0.03577231969179768,3567,0.7804878048780488,-0.009648300874092249,1203,0.7331670822942643,-0.11323231563756264,0.0061066523782987775,12.958560447239691,0.43647798742138366,0.05794842032072851,4H
0.33,trend+d1,1,4331,0.7718771646271069,0.7899446571534248,-0.031978217850288836,3346,0.780035863717872,-0.01083392283900725,985,0.7441624365482233,-0.10380442202059156,0.00637623602958257,13.115196644346955,0.44447009928423,0.05857484680434103,4H
0.33,trend+macd,1,1727,0.7701215981470758,0.7891796436172818,-0.0325091827372791,1232,0.7808441558441559,-0.009026787903077453,495,0.7434343434343434,-0.09095425432462545,0.01012470941384521,11.515489287782282,0.38563983786913725,0.05677090827289001,4H
0.33,volspike1.8+bar,1,376,0.776595744680851,0.7894489820221665,-0.02535401645707564,273,0.7948717948717948,0.007842957771068053,103,0.7281553398058253,-0.11334211319768953,0.021480743109424768,8.621675531914894,0.3351063829787234,0.05822635688260756,4H
0.33,volspike2.5+bar,1,162,0.8024691358024691,0.7866979229575449,0.015029429570941808,122,0.8032786885245902,0.020358364852906156,40,0.8,-0.0012238230390494431,0.031280532924530535,4.897119341563786,0.16666666666666666,0.05225452104634216,4H
0.33,trend+run3,1,704,0.7784090909090909,0.7876007921427693,-0.017437638162210722,524,0.7748091603053435,-0.0181810548560415,180,0.7888888888888889,-0.015273469564614442,0.01565285599208826,9.359848484848486,0.3025568181818182,0.05272172907130164,4H
0.33,trend+pullback_ema20,1,1649,0.7738023044269254,0.7898616034177655,-0.029916853420081282,1208,0.7698675496688742,-0.024292783682644557,441,0.7845804988662132,-0.04532246848317323,0.010302645809081148,12.380382049727107,0.4208611279563372,0.05907391830789208,4H
0.33,trend+rsi<40,1,334,0.7455089820359282,0.7847757756173144,-0.05764599315997679,260,0.7615384615384615,-0.030597887176587152,74,0.6891891891891891,-0.15267987904756203,0.023833588469644392,7.929890219560877,0.2275449101796407,0.049172939267761236,4H
0.33,trend+bb_lo,1,171,0.7251461988304093,0.7863295389355808,-0.08653272823535277,141,0.7304964539007093,-0.07464454406138224,30,0.7,-0.1424071938530142,0.03414016423152735,8.589181286549708,0.24561403508771928,0.05097717267979722,4H
0.33,trend+hammer,1,448,0.7745535714285714,0.7899234205697135,-0.02963967996182663,345,0.8,0.01648644705331105,103,0.6893203883495146,-0.1841398141387442,0.019742784419692353,14.095238095238097,0.5022321428571429,0.059795929961826644,4H
0.33,trend+bull_engulf,1,526,0.7661596958174905,0.7907838454081093,-0.041730252910382175,380,0.781578947368421,-0.009157884706821903,146,0.726027397260274,-0.12650764960458014,0.018455527489329406,13.727978453738908,0.4714828897338403,0.060722648347644556,4H
0.33,trend+marubozu,1,122,0.7868852459016393,0.7882549085929903,-0.011112952258540542,82,0.8048780487804879,0.026678172396946784,40,0.75,-0.08858475780228954,0.03707511821764157,10.09016393442623,0.36065573770491804,0.05767032930772087,4H
0.33,trend+lowvol,1,2354,0.7595581988105352,0.7996816696965047,-0.06244708246791478,1504,0.7779255319148937,-0.021208723459587176,850,0.7270588235294118,-0.13541472005441443,0.008808100982535037,14.840201076182382,0.5063721325403568,0.07265948688592669,4H
0.33,trend+hivol,1,1403,0.7997148966500356,0.7808950288276395,0.022463251102784396,1275,0.803921568627451,0.028768511154220116,128,0.7578125,-0.04034305019081357,0.010684718430084686,11.106260394392967,0.3563791874554526,0.04115756144176302,4H
0.33,trend+near_ema200,1,667,0.7691154422788605,0.7879953854463053,-0.032677460029218064,430,0.772093023255814,-0.023189197199241285,237,0.7637130801687764,-0.04989245166166535,0.016316623486174617,10.64505247376312,0.31634182908545727,0.05560099826010262,4H
0.33,trend+far_ema200,1,2629,0.7782426778242678,0.7876827417431289,-0.016424249146297826,2042,0.7850146914789422,-0.003492881773423078,587,0.7546848381601363,-0.061408665118035916,0.008102167417713363,10.062824901737034,0.3164701407379232,0.051487010652574,4H
0.33,rsi>70,1,804,0.8208955223880597,0.7853830983893677,0.04250278914449991,640,0.83125,0.060347545350928886,164,0.7804878048780488,-0.027135283856198525,0.013522878334396247,8.841003316749585,0.2810945273631841,0.04928825563161951,4H
0.33,rsi<30,1,570,0.7140350877192982,0.7770537591254159,-0.09277440636383813,386,0.7253886010362695,-0.07176641230344155,184,0.6902173913043478,-0.13684552433836575,0.018926866693958187,9.899561403508772,0.3017543859649123,0.04244107303050481,4H
0.33,bb_break_up,1,775,0.7948387096774193,0.7875343988323608,0.0024125809566372253,553,0.8155515370705244,0.036752625754363916,222,0.7432432432432432,-0.08312816126472702,0.014505622281555764,8.979462365591399,0.28774193548387095,0.054722902914330525,4H
0.33,div_bull,1,131,0.7099236641221374,0.7825805449067282,-0.10586505279656083,85,0.7411764705882353,-0.06055401175465867,46,0.6521739130434783,-0.18959197646094528,0.03964846052107338,12.340330788804073,0.37404580152671757,0.050063526079003606,4H
0.33,d1_trend,1,6228,0.7612395632626846,0.7893130369099524,-0.045573482702799865,4625,0.7682162162162162,-0.02777570749374229,1603,0.7411104179663132,-0.09692389464409204,0.005402161408023945,12.608220937700706,0.4234104046242775,0.05802210184217048,4H
0.33,all,-1,11128,0.7567883474195288,0.7855327810729614,-0.04727789632970459,7907,0.755406601745289,-0.04272059264396059,3221,0.7601866251944013,-0.05846529162407833,0.004068065737054293,12.503309968847352,0.41022645578720346,0.053690659534629134,4H
0.33,trend,-1,5715,0.7738658258889473,0.7828469750560605,-0.021883540808650577,3916,0.7747701736465782,-0.016416945300437295,1799,0.7718906860011154,-0.033783033865995314,0.0055365077527280366,12.801049868766404,0.4199475065616798,0.050875881831292775,4H
0.33,trend+50,-1,5046,0.770436507936508,0.7817474991402642,-0.02433740903362308,3470,0.7731988472622479,-0.018675381740993396,1576,0.7643312101910829,-0.03680392851676077,0.005923857052293996,11.434353943717797,0.3695996829171621,0.04874114049307615,4H
0.33,trend+d1,-1,3818,0.7717733473242392,0.7807111537689209,-0.021572792512446357,2637,0.769814182783466,-0.019663317477898925,1181,0.7761702127659574,-0.025836370553175874,0.006797537663022891,12.969115592806006,0.42875851231011003,0.047662690088245245,4H
0.33,trend+macd,-1,1772,0.7687959299039006,0.7823189285903154,-0.028222185987534364,1223,0.7661488143908421,-0.027236967324289024,549,0.7747252747252747,-0.03041694450328857,0.010023960781528979,12.610703536493604,0.42099322799097066,0.05071223721015226,4H
0.33,volspike1.8+bar,-1,447,0.8120805369127517,0.7833831056814304,0.028395184077685733,300,0.82,0.04277035135894655,147,0.7959183673469388,-0.0009418920065200121,0.018477009021265343,10.157158836689039,0.4116331096196868,0.05167193001627401,4H
0.33,volspike2.5+bar,-1,180,0.8388888888888889,0.7840031133865505,0.0629491067028113,113,0.8407079646017699,0.07029169058061639,67,0.835820895522388,0.05056534583427438,0.027401776198274115,10.219907407407408,0.39444444444444443,0.052773115519410926,4H
0.33,trend+run3,-1,658,0.7659574468085106,0.7804969471515494,-0.028710778661263422,430,0.7744186046511627,-0.014051440822664085,228,0.75,-0.056357775462130576,0.01650580797140519,11.430851063829786,0.3860182370820669,0.04743418291658258,4H
0.33,trend+pullback_ema20,-1,1883,0.7823310271420969,0.7826388036159864,-0.009586606229146352,1272,0.7869496855345912,0.0008019959122071942,611,0.7726523887973641,-0.031213941619983865,0.009519851003326649,11.20711630377058,0.3595326606479023,0.04991540738546467,4H
0.33,trend+rsi<40,-1,406,0.812807881773399,0.7842899607422239,0.03204199096928931,300,0.8233333333333334,0.047069197924869265,106,0.7830188679245284,-0.010487840037069068,0.019358634298995994,8.142857142857142,0.2536945812807882,0.04899249178933139,4H
0.33,trend+bb_lo,-1,181,0.7403314917127072,0.7852079401186027,-0.06684669519357583,119,0.7226890756302521,-0.08929913149099143,62,0.7741935483870968,-0.023752502945310353,0.032589932866768374,7.815377532228362,0.24861878453038674,0.05148757917147638,4H
0.33,trend+hammer,-1,369,0.7994579945799458,0.7829298515077373,0.013594159068893526,267,0.797752808988764,0.014106595726867404,102,0.803921568627451,0.012252780758314827,0.020844300169234303,11.581526648599821,0.35772357723577236,0.0496849737224344,4H
0.33,trend+bull_engulf,-1,576,0.7669565217391304,0.7840302594988913,-0.03275127536007875,402,0.7512437810945274,-0.05014836833182725,174,0.8034682080924855,0.007442008402236747,0.017630715070997185,12.852285879629628,0.4305555555555556,0.05279247693360493,4H
0.33,trend+marubozu,-1,94,0.8085106382978723,0.7803508362526166,0.03119225371964069,57,0.7368421052631579,-0.06043513460352736,37,0.918918918918919,0.17234796005533204,0.04058366536211119,7.718971631205673,0.22340425531914893,0.04412689521652952,4H
0.33,trend+lowvol,-1,1824,0.7816785518376302,0.8014548739301656,-0.03449333361463872,1342,0.7913561847988078,-0.014088629165170409,482,0.7546777546777547,-0.09130477214407125,0.00967540081493253,14.62778691520468,0.4753289473684211,0.07412825928928833,4H
0.33,trend+hivol,-1,1950,0.7716777834787071,0.7756401731656407,-0.00896582141531728,1138,0.7697715289982425,-0.007669502142886432,812,0.7743526510480888,-0.010782584139487607,0.009507934143644741,12.474529914529915,0.4082051282051282,0.03502405086336544,4H
0.33,trend+near_ema200,-1,760,0.8105263157894737,0.790153845265382,0.01587048851467695,516,0.8313953488372093,0.05129316915532521,244,0.7663934426229508,-0.05903977054505461,0.0142151423712355,15.74923245614035,0.5157894736842106,0.06212951148532306,4H
0.33,trend+far_ema200,-1,2071,0.7467312348668281,0.7774666087929415,-0.04885725551164622,1432,0.7458100558659218,-0.048118898832683756,639,0.7488151658767772,-0.050511913984688836,0.009570022245669559,11.289192016739094,0.3684210526315789,0.04142665625737298,4H
0.33,rsi>70,-1,570,0.7859649122807018,0.777747201509348,0.0018256440575186645,386,0.7849740932642487,0.005553497216024169,184,0.7880434782608695,-0.0059947435467374525,0.017179346481059725,11.403362573099416,0.35964912280701755,0.043507689275814686,4H
0.33,rsi<30,-1,804,0.7077114427860697,0.7844620152190966,-0.10648799077017579,640,0.7046875,-0.10703832603686395,164,0.7195121951219512,-0.10434034094895374,0.016040060100558043,7.929208126036485,0.22388059701492538,0.047744209675648436,4H
0.33,bb_break_up,-1,728,0.8118131868131868,0.7826774561887918,0.02971366862026585,520,0.8057692307692308,0.02671531734513169,208,0.8269230769230769,0.037209546808101256,0.014486282661283012,10.050709706959708,0.33379120879120877,0.04999786984127262,4H
0.33,div_bull,-1,149,0.7651006711409396,0.7897058626601956,-0.04322521853496927,118,0.7627118644067796,-0.03575315693120033,31,0.7741935483870968,-0.0716672594783478,0.03473018088299077,17.20581655480984,0.5369127516778524,0.06080911115241894,4H
0.33,d1_trend,-1,4900,0.7605230894973437,0.7818578324535552,-0.03777282155395978,3282,0.7586837294332724,-0.035051218757058016,1618,0.7642679900744417,-0.04329340275261961,0.006100368118465019,12.41372448979592,0.40816326530612246,0.0489996029711843,4H
0.5,all,1,11128,0.666606725409099,0.6990340351324801,-0.0582866659653146,7907,0.6744656633362843,-0.03970131975064635,3221,0.6472783825816485,-0.10391048854196218,0.0044701471277044874,17.26437814521927,0.5975017972681524,0.05816419179757843,4H
0.5,trend,1,5413,0.692591908368742,0.7025142379459481,-0.02297825604319132,3991,0.6993234778251065,-0.002695810433203136,1422,0.6736990154711674,-0.0799031789893677,0.006271585401871086,17.29904858673564,0.5987437650101607,0.06186611859630419,4H
0.5,trend+50,1,4770,0.6859538784067086,0.7028606919334903,-0.03337710221986617,3567,0.6958228202971685,-0.007663574607734446,1203,0.656691604322527,-0.10961995591269566,0.006720243130795398,17.690059399021663,0.6163522012578616,0.06230791982992906,4H
0.5,trend+d1,1,4331,0.6894481643962134,0.7031084208633528,-0.02885303518296782,3346,0.6939629408248655,-0.01111965899216375,985,0.6741116751269035,-0.08909250394888701,0.007031107990033612,17.961344570153162,0.6234126067882706,0.06302528177728783,4H
0.5,trend+macd,1,1727,0.6977417486971627,0.7017895654829004,-0.013137640602551997,1232,0.7094155844155844,0.013643239543080641,495,0.6686868686868687,-0.07979227563168213,0.011050712203208453,15.374155568423083,0.5211349160393747,0.05975026364829607,4H
0.5,volspike1.8+bar,1,376,0.7047872340425532,0.7018038359978185,-0.0036741518174197682,273,0.7326007326007326,0.04674422867022965,103,0.6310679611650486,-0.13730733505167503,0.023523538956439098,11.680629432624112,0.4521276595744681,0.060855002881249544,4H
0.5,volspike2.5+bar,1,162,0.7283950617283951,0.699670612479435,0.03721206650849456,122,0.7377049180327869,0.055366124068386015,40,0.7,-0.018157809049174346,0.03494578656476542,8.435185185185185,0.30246913580246915,0.05538052608409803,4H
0.5,trend+run3,1,704,0.7130681818181818,0.7003079466698763,0.013827315140472075,524,0.7041984732824428,0.004738268355844058,180,0.7388888888888889,0.040286540224611464,0.017047808355903773,12.854876893939394,0.43323863636363635,0.05577495758680065,4H
0.5,trend+pullback_ema20,1,1649,0.6864766525166768,0.7031119261399947,-0.033613470408660785,1208,0.6804635761589404,-0.031321988545498926,441,0.7029478458049887,-0.03989036403836489,0.011424507878704134,17.24919142914898,0.6033959975742874,0.06332844918367593,4H
0.5,trend+rsi<40,1,334,0.6467065868263473,0.6982465113682593,-0.08291665670039335,260,0.6653846153846154,-0.048417889425425575,74,0.581081081081081,-0.2041285417205504,0.026154605814934798,12.25748502994012,0.39520958083832336,0.052976536939914304,4H
0.5,trend+bb_lo,1,171,0.6140350877192983,0.7001811672723899,-0.13442775257503242,141,0.624113475177305,-0.11436875452554439,30,0.5666666666666667,-0.22870504340762599,0.037228235430492,13.507309941520468,0.4444444444444444,0.055480384153979774,4H
0.5,trend+hammer,1,448,0.671875,0.7030151788482767,-0.05589889127093776,345,0.6927536231884058,-0.011903829733844863,103,0.6019417475728155,-0.2032609905942101,0.02218323572578232,19.016183035714285,0.6808035714285714,0.06371139127093775,4H
0.5,trend+bull_engulf,1,526,0.6615969581749049,0.703731190702744,-0.07192465116757446,380,0.6815789473684211,-0.02953302167038266,146,0.6095890410958904,-0.18225902931095042,0.02063103457558466,18.580164765525982,0.6406844106463878,0.0643200884299319,4H
0.5,trend+marubozu,1,122,0.680327868852459,0.7034464743188172,-0.04739187551660405,82,0.7073170731707317,0.012885550934751473,40,0.625,-0.1709605997418829,0.04222130024509329,18.032103825136616,0.6639344262295082,0.06788367879529258,4H
0.5,trend+lowvol,1,2354,0.6813933729821581,0.7117990568984683,-0.05514334610856027,1504,0.6988031914893617,-0.011278009478950267,850,0.6505882352941177,-0.13275918880377607,0.009603358151277833,18.883743981874822,0.6559048428207307,0.07723340558179731,4H
0.5,trend+hivol,1,1403,0.7191732002851033,0.694970196459617,0.03348452242911082,1275,0.7231372549019608,0.04030682753400427,128,0.6796875,-0.034472032326664,0.011997953860859658,16.827393680209077,0.5723449750534568,0.045275277998544215,4H
0.5,trend+near_ema200,1,667,0.7016491754122939,0.7021147226631094,-0.008413198826639247,430,0.6883720930232559,-0.022123274048594828,237,0.7257383966244726,0.01646162119631816,0.017715797761832342,16.193153423288354,0.5427286356821589,0.06088696194508002,4H
0.5,trend+far_ema200,1,2629,0.6911373145682769,0.7008824207828521,-0.01845237907310243,2042,0.6993143976493633,-0.0022717158352437545,587,0.6626916524701874,-0.07474013773018487,0.009010929650616714,14.568974261442882,0.4811715481171548,0.05515835092551779,4H
0.5,rsi>70,1,804,0.7524875621890548,0.6981839435121807,0.07687421109017006,640,0.7703125,0.10774885211324894,164,0.6829268292682927,-0.043612192902332966,0.015220192749702441,12.48165422885572,0.4079601990049751,0.051857132193412044,4H
0.5,rsi<30,1,570,0.6,0.690944014483447,-0.14599330840181782,386,0.5958549222797928,-0.14693442044369073,184,0.6086956521739131,-0.14401901900962782,0.02051956704170308,15.01549707602339,0.48596491228070177,0.04599330840181779,4H
0.5,bb_break_up,1,775,0.7083870967741935,0.6997849905264658,0.005695088617796735,553,0.7359855334538878,0.05379864151683994,222,0.6396396396396397,-0.11413042828837842,0.016326302463401846,12.082365591397851,0.3870967741935484,0.05688555654349359,4H
0.5,div_bull,1,131,0.6564885496183206,0.6954173762115294,-0.06778691814415234,85,0.6823529411764706,-0.025518357129262474,46,0.6086956521739131,-0.14589186784557934,0.04149048762851023,16.089058524173026,0.4961832061068702,0.05251974257163327,4H
0.5,d1_trend,1,6228,0.6708413615928067,0.7026259838702509,-0.05634694603485199,4625,0.6726486486486486,-0.044662015696555354,1603,0.6656269494697442,-0.09006048490860244,0.005954403242839899,17.495263326910724,0.6088631984585742,0.06260898842406203,4H
0.5,all,-1,11128,0.6706845371952865,0.6990243295563529,-0.05190177073658547,7907,0.6730744909573796,-0.04168948502528709,3221,0.664797507788162,-0.07697117251219436,0.004457295281173358,17.277618020608674,0.5967828900071891,0.057759352478362225,4H
0.5,trend,-1,5715,0.6924964936886395,0.6964790057149481,-0.016466899835663826,3916,0.6971399387129724,-0.005206338424510938,1799,0.6823266219239373,-0.04097849432486597,0.006110040192146512,17.729512977544474,0.610323709536308,0.05481916048701846,4H
0.5,trend+50,-1,5046,0.6846077457795432,0.6954983030600648,-0.026199209803503015,3470,0.6904899135446686,-0.015322160722241912,1576,0.6715654952076677,-0.050148042488766975,0.006548573079230388,16.34568635222619,0.562029330162505,0.052692109054888615,4H
0.5,trend+d1,-1,3818,0.6861045442605727,0.6944326306515816,-0.022807396424191852,2637,0.6882821387940842,-0.014903618044144988,1181,0.6811965811965812,-0.04045537575372918,0.007521357360870777,17.938056574122577,0.6207438449449973,0.05140435022788272,4H
0.5,trend+macd,-1,1772,0.6970039570378745,0.6956105818868821,-0.008427018075838835,1223,0.6999182338511856,0.00045098200758320094,549,0.6904761904761905,-0.02820442081176805,0.010926276430056777,16.962377727614747,0.5818284424379232,0.053885466589653104,4H
0.5,volspike1.8+bar,-1,447,0.7293064876957495,0.6966340563139891,0.038940199933113685,300,0.74,0.05920413160264592,147,0.7074829931972789,-0.0024147626577683723,0.021015522903551725,14.176174496644295,0.5727069351230425,0.05501953161051047,4H
0.5,volspike2.5+bar,-1,180,0.7388888888888889,0.697456891347436,0.051450946328445116,113,0.7699115044247787,0.10423333261417136,67,0.6865671641791045,-0.037570093228078326,0.032739043864188966,14.493055555555555,0.5722222222222222,0.05688238700488822,4H
0.5,trend+run3,-1,658,0.7021276595744681,0.6940163519321486,0.0023651173732826864,430,0.7093023255813954,0.016655341240666876,228,0.6885964912280702,-0.024585743429240164,0.01782831024673175,15.830547112462007,0.5562310030395137,0.050826371988419446,4H
0.5,trend+pullback_ema20,-1,1883,0.6956289978678039,0.6964883737637718,-0.010778716139858851,1272,0.7028301886792453,0.004042278196541069,611,0.6804635761589404,-0.04163355213969636,0.0106236574516962,16.262303062488936,0.5613382899628253,0.05414018950652722,4H
0.5,trend+rsi<40,-1,406,0.7364532019704434,0.6981954478257711,0.051474417496930505,300,0.7366666666666667,0.05290317127434083,106,0.7358490566037735,0.047430774730674856,0.02186444373176052,13.38115763546798,0.45320197044334976,0.053205385458734517,4H
0.5,trend+bb_lo,-1,181,0.6574585635359116,0.6989273492139767,-0.06935710658600747,119,0.6302521008403361,-0.10863153753215629,62,0.7096774193548387,0.006024462488052394,0.0352737362401286,12.629373848987106,0.43646408839779005,0.05554495188987488,4H
0.5,trend+hammer,-1,369,0.7262872628726287,0.6967220077179926,0.035178750115996825,267,0.7228464419475655,0.03271218720301539,102,0.7352941176470589,0.041635341270565916,0.023210715837868306,16.709123757904248,0.5555555555555556,0.05425214419294626,4H
0.5,trend+bull_engulf,-1,576,0.6956521739130435,0.6971703948783575,-0.012800106086734929,402,0.6865671641791045,-0.022792413874026595,174,0.7167630057803468,0.010285570525283743,0.019188775108430277,17.19994212962963,0.5868055555555556,0.056226724326927754,4H
0.5,trend+marubozu,-1,94,0.7021276595744681,0.6952292146823656,0.0031209106725837757,57,0.5789473684210527,-0.1785499519810404,37,0.8918918918918919,0.28299223962546427,0.0471692752093568,13.00531914893617,0.48936170212765956,0.050070578689118336,4H
0.5,trend+lowvol,-1,1824,0.6977509599561162,0.7135889288396716,-0.032012677547152306,1342,0.7123695976154992,-0.0030962913703175146,482,0.656964656964657,-0.11252261582373382,0.010755716637816262,18.41703216374269,0.6288377192982456,0.07863773480074926,4H
0.5,trend+hivol,-1,1950,0.694202154951257,0.6899848919118905,0.0022992350291731337,1138,0.70298769771529,0.019301086681392923,812,0.6818742293464858,-0.021528483173075767,0.010436485390319578,18.642991452991453,0.6441025641025641,0.03872309698297757,4H
0.5,trend+near_ema200,-1,760,0.7447368421052631,0.7031675888962877,0.05095538690977536,516,0.7558139534883721,0.07489440307806652,244,0.7213114754098361,0.00033025435715959675,0.015815709966107462,20.638596491228068,0.6907894736842105,0.06614987624811937,4H
0.5,trend+far_ema200,-1,2071,0.6660194174757281,0.6914199524042726,-0.04674408593722137,1432,0.6717877094972067,-0.03577380143217477,639,0.6528662420382165,-0.07132851068092519,0.010391313423739947,16.333413809753743,0.5659101883148238,0.04490109686068432,4H
0.5,rsi>70,-1,570,0.7157894736842105,0.6907390637344183,0.02822809246330937,386,0.7305699481865285,0.05578089908179505,184,0.6847826086956522,-0.029572904029818183,0.018891885524719543,14.762573099415203,0.4666666666666667,0.045456118063006416,4H
0.5,rsi<30,-1,804,0.6032338308457711,0.6983437314186757,-0.14697077409548787,640,0.6046875,-0.14062787018946227,164,0.5975609756097561,-0.17172356982631928,0.01725369583916966,12.510986733001658,0.4191542288557214,0.05182152036414456,4H
0.5,bb_break_up,-1,728,0.7362637362637363,0.6955209702855741,0.05191218141119933,520,0.7326923076923076,0.05207285719853884,208,0.7451923076923077,0.05151049194285055,0.016331870974101447,13.816163003663005,0.45467032967032966,0.052483422984405066,4H
0.5,div_bull,-1,149,0.6912751677852349,0.7023249411727931,-0.027504195323269528,118,0.6864406779661016,-0.0239378673764758,31,0.7096774193548387,-0.04107925008848431,0.0378458379604822,21.114653243847872,0.6845637583892618,0.06441694700112185,4H
0.5,d1_trend,-1,4900,0.6684393536510533,0.6955835222383464,-0.0506307517416417,3282,0.6721511273613651,-0.03961507459071684,1618,0.6608587429993777,-0.07297528351502576,0.00673290482573719,17.361751700680273,0.6022448979591837,0.05291303125643592,4H
0.75,all,1,11128,0.563978059527021,0.6023197564282181,-0.07707961533216515,7907,0.5660806879979765,-0.0665475460884492,3221,0.5588052271313005,-0.10293403057900215,0.004702332728601158,23.99048945602684,0.8695183321351546,0.06403597277739911,4H
0.75,trend,1,5413,0.6076113061149085,0.6052526994144588,-0.004081909301575293,3991,0.6133801052367828,0.016766084978824064,1422,0.5914205344585092,-0.06259410703228825,0.006636699476132264,23.38381365847651,0.8405690005542213,0.06740169500266527,4H
0.75,trend+50,1,4770,0.6023060796645703,0.6054370126605427,-0.013611662768908654,3567,0.6125595738716008,0.01570920640858857,1203,0.57190357439734,-0.10055059905829568,0.007086371395300373,23.541264849755418,0.8488469601677149,0.06764730218190657,4H
0.75,trend+d1,1,4331,0.6028630801200646,0.6057088368605228,-0.013460793119683923,3346,0.6090854751942618,0.008693768747215464,985,0.581725888324873,-0.08871882764419696,0.007435075513971331,23.978757792657586,0.8596167166936043,0.06847118332979707,4H
0.75,trend+macd,1,1727,0.6068326577880718,0.6047858249154711,-0.0035293595489414424,1232,0.6152597402597403,0.0214047906016392,495,0.5858585858585859,-0.06558768881260879,0.011753765507588412,21.72143408608377,0.7718587145338738,0.0654865106780671,4H
0.75,volspike1.8+bar,1,376,0.625,0.6045337174034376,0.027444928555458926,273,0.6666666666666666,0.11011677857361894,103,0.5145631067961165,-0.19167560595869332,0.024966733185530037,16.760416666666664,0.675531914893617,0.06630507144454105,4H
0.75,volspike2.5+bar,1,162,0.6419753086419753,0.6028738206980473,0.06247561966471169,122,0.6639344262295082,0.10546752614271404,40,0.575,-0.0686496950931954,0.03766674956857608,13.929012345679013,0.5370370370370371,0.0609811704587451,4H
0.75,trend+run3,1,704,0.6392045454545454,0.6027583011075378,0.05830112959938332,524,0.6259541984732825,0.040017300506491583,180,0.6777777777777778,0.11152738762535706,0.018099397847718322,17.98319128787879,0.6264204545454546,0.06030682494607122,4H
0.75,trend+pullback_ema20,1,1649,0.6100667070952093,0.6056074313963273,-0.001254530305642834,1208,0.6067880794701986,0.004816305037248213,441,0.6190476190476191,-0.017883938682541747,0.012010843089549599,22.95603395997574,0.8295936931473621,0.06887126772225899,4H
0.75,trend+rsi<40,1,334,0.592814371257485,0.6009705304304588,-0.020403938791199484,260,0.6115384615384616,0.01994254737496048,74,0.527027027027027,-0.1621618631587886,0.026883285799052282,17.47380239520958,0.5958083832335329,0.05782908849179829,4H
0.75,trend+bb_lo,1,171,0.543859649122807,0.6027749710124548,-0.1088535963399911,141,0.5531914893617021,-0.08707625306333817,30,0.5,-0.21120710974026,0.0380885649352077,18.39668615984405,0.6491228070175439,0.060607982304903385,4H
0.75,trend+hammer,1,448,0.5803571428571429,0.6054998702065827,-0.05349106660315521,345,0.5971014492753624,-0.010839071430482485,103,0.5242718446601942,-0.1963545455795832,0.02331570638577122,24.856770833333332,0.9129464285714286,0.0691160666031552,4H
0.75,trend+bull_engulf,1,526,0.564638783269962,0.6069596356426235,-0.0824530439210531,380,0.5815789473684211,-0.039512321084041464,146,0.5205479452054794,-0.19421656911327517,0.021618091445631156,25.022496831432193,0.9296577946768061,0.07057091464348655,4H
0.75,trend+marubozu,1,122,0.5409836065573771,0.607254012814299,-0.12879096548506405,82,0.5975609756097561,-0.010012512098493838,40,0.425,-0.3722867949275331,0.04511554782649588,25.90300546448087,1.0,0.0755122769604739,4H
0.75,trend+lowvol,1,2354,0.6036533559898046,0.6131313443184264,-0.02613309793370461,1504,0.6123670212765957,0.007240196997568559,850,0.5882352941176471,-0.08518419861209853,0.01008157007300004,23.51582412914189,0.8474936278674596,0.08252647091586263,4H
0.75,trend+hivol,1,1403,0.6272273699215966,0.5988375178378483,0.04669589356140192,1275,0.6384313725490196,0.06733670809593183,128,0.515625,-0.15890596996614229,0.012909388593502104,24.716856735566644,0.880256593014968,0.0509520038013921,4H
0.75,trend+near_ema200,1,667,0.6221889055472264,0.6061098641505487,0.019939684262738167,430,0.6139534883720931,0.013911681853493842,237,0.6371308016877637,0.03087656627107177,0.01877308159960383,23.865067466266865,0.8740629685157422,0.068890900444908,4H
0.75,trend+far_ema200,1,2629,0.602130087485736,0.6037834235572086,-0.00672722989214261,2042,0.6092066601371204,0.009960867700766934,587,0.5775127768313458,-0.06478020311994721,0.00954597781088862,20.804995562317735,0.7166222898440472,0.060454882992180645,4H
0.75,rsi>70,1,804,0.6766169154228856,0.6012130371992083,0.12759774519372605,640,0.69375,0.16178840300345074,164,0.6097560975609756,-0.005829212112516686,0.01649688894183794,18.490257048092868,0.6343283582089553,0.05648185679632371,4H
0.75,rsi<30,1,570,0.5052631578947369,0.5942340002295993,-0.16592082236061018,386,0.4844559585492228,-0.19719337547088345,184,0.5489130434782609,-0.10031644464014568,0.020941535122309052,20.174122807017543,0.7052631578947368,0.05013134867639965,4H
0.75,bb_break_up,1,775,0.6129032258064516,0.602646045853181,0.010220279504093719,553,0.6401446654611211,0.06479087721918915,222,0.545045045045045,-0.12571458777720254,0.017496648954825143,17.689569892473116,0.6051612903225806,0.062360365657196604,4H
0.75,div_bull,1,131,0.5725190839694656,0.5991033140698745,-0.0561687475649742,85,0.6,-0.00321880940885449,46,0.5217391304347826,-0.15401102459258673,0.04322327815547508,23.177480916030536,0.7786259541984732,0.0580771445115391,4H
0.75,d1_trend,1,6228,0.571290944123314,0.6053449043652244,-0.06845100085826188,4625,0.5738378378378378,-0.054842420917979674,1603,0.5639426076107299,-0.10771468284441606,0.006270984057886934,23.62691340184115,0.850674373795761,0.06821015307406149,4H
0.75,all,-1,11128,0.5752451200863542,0.6024081464965189,-0.057716972541464864,7907,0.574301252055141,-0.051958540854115526,3221,0.577570093457944,-0.07185293011733301,0.004688153870590055,24.210280373831775,0.8771567217828901,0.06422606398848965,4H
0.75,trend,-1,5715,0.6127279102384292,0.5999723595085864,0.011115260000168868,3916,0.6167007150153218,0.021995187306546593,1799,0.6040268456375839,-0.012567783541673922,0.00644988799077098,24.597973170020417,0.8923884514435696,0.06070156758031962,4H
0.75,trend+50,-1,5046,0.6029791459781529,0.5990981178361162,-0.0038654714601673657,3470,0.6092219020172911,0.008616955973216678,1576,0.5891373801916933,-0.03134898871514362,0.006895377832328557,23.156972519487386,0.8446294094332144,0.05859856096125569,4H
0.75,trend+d1,-1,3818,0.6028368794326241,0.5980965453697902,-0.0027876165614363155,2637,0.6033371255214258,0.0022147799411324468,1181,0.6017094017094017,-0.013957235170474236,0.007930360413833113,25.10819364414179,0.9125196437925616,0.05711793862075841,4H
0.75,trend+macd,-1,1772,0.6133408705483324,0.5990650033101653,0.014006936010732059,1223,0.6230580539656582,0.0353058260534743,549,0.5915750915750916,-0.03344031812820011,0.011578469889746194,23.465528592927008,0.8532731376975169,0.05924496622768718,4H
0.75,volspike1.8+bar,-1,447,0.6286353467561522,0.5999242725080464,0.03890736416156872,300,0.6466666666666666,0.07425674036753428,147,0.5918367346938775,-0.033234219932238546,0.02285314205825873,20.217188665175243,0.8322147651006712,0.061204492661697495,4H
0.75,volspike2.5+bar,-1,180,0.6277777777777778,0.6001070543697765,0.036260098404188965,113,0.6371681415929203,0.057842068341794096,67,0.6119402985074627,-0.0001393434308764124,0.03603029893993332,19.09027777777778,0.7777777777777778,0.06235101270692213,4H
0.75,trend+run3,-1,658,0.6382978723404256,0.5969880075037431,0.061818237240836585,430,0.6581395348837209,0.10028386055390343,228,0.6008771929824561,-0.010726578656614,0.018731574472748754,21.156281661600808,0.7689969604863222,0.055203039354908084,4H
0.75,trend+pullback_ema20,-1,1883,0.6178038379530917,0.6005370441028662,0.01995687297848877,1272,0.6242138364779874,0.03430684717053072,611,0.6043046357615894,-0.009917377712636214,0.011218945666960415,23.958576739245885,0.8890069038767924,0.06097762216194485,4H
0.75,trend+rsi<40,-1,406,0.625615763546798,0.6026776919639897,0.032426415018403126,300,0.6066666666666667,-0.00036188078787048996,106,0.6792452830188679,0.1252234786210643,0.024018705761848894,21.579638752052542,0.8054187192118226,0.06240117118849343,4H
0.75,trend+bb_lo,-1,181,0.6077348066298343,0.6017446871424961,0.0020393451001337296,119,0.5798319327731093,-0.04596213638520903,62,0.6612903225806451,0.09417122085425934,0.03629172861643874,17.61233885819521,0.6519337016574586,0.06149656650207621,4H
0.75,trend+hammer,-1,369,0.6395663956639567,0.5997095586396444,0.059716543649184016,267,0.6367041198501873,0.05700297820669597,102,0.6470588235294118,0.06681970024863806,0.02499437449994067,22.69241192411924,0.7859078590785907,0.05952464876274011,4H
0.75,trend+bull_engulf,-1,576,0.6052173913043478,0.6008647515645217,-0.00400408813700885,402,0.6044776119402985,-0.0019826561449282788,174,0.6069364161849711,-0.008674293084229477,0.020384533803292602,24.379774305555557,0.8871527777777778,0.06305570637720168,4H
0.75,trend+marubozu,-1,94,0.574468085106383,0.5986411105364652,-0.050944671960619234,57,0.5087719298245614,-0.1627875020182676,37,0.6756756756756757,0.12135374191197426,0.05099588054916773,20.512411347517727,0.7446808510638298,0.05626382089678942,4H
0.75,trend+lowvol,-1,1824,0.6187602852441031,0.615487812116453,-0.0034646642620311126,1342,0.6356184798807749,0.03167510122171009,482,0.5717255717255717,-0.10130193662547653,0.011375407129211465,23.677860014619885,0.8607456140350878,0.08627393204194388,4H
0.75,trend+hivol,-1,1950,0.6136480246280144,0.5944057111897214,0.029647896421647384,1138,0.624780316344464,0.05276172293726334,812,0.5980271270036991,-0.002745619064523779,0.011029233194700517,27.747435897435896,1.0097435897435898,0.043938538154605904,4H
0.75,trend+near_ema200,-1,760,0.6815789473684211,0.6068965266492039,0.11802174151570752,516,0.6821705426356589,0.12427835123547028,244,0.680327868852459,0.10479055046899614,0.01689865635707296,28.391666666666662,1.0236842105263158,0.07474141637902931,4H
0.75,trend+far_ema200,-1,2071,0.5844660194174758,0.5953520469715601,-0.02804930397344238,1432,0.5872905027932961,-0.021004886727959374,639,0.5780254777070064,-0.04383585404469693,0.010857986447364394,23.885079671656204,0.8676967648478996,0.04986638249709845,4H
0.75,rsi>70,-1,570,0.6333333333333333,0.5942499704178352,0.05797697313105134,386,0.6632124352331606,0.11568578579965796,184,0.5706521739130435,-0.06308607953243861,0.020184335693983278,20.807309941520465,0.7070175438596491,0.050356360202281986,4H
0.75,rsi<30,-1,804,0.4664179104477612,0.6025065583470236,-0.24253372345694646,640,0.45625,-0.25517037289110933,164,0.5060975609756098,-0.19321996956753043,0.01759382252726867,20.709577114427862,0.7400497512437811,0.058765066740528546,4H
0.75,bb_break_up,-1,728,0.635989010989011,0.5982552536143899,0.05600694837377973,520,0.6365384615384615,0.06271172257912186,208,0.6346153846153846,0.03924501286042435,0.01783266961558052,18.668383699633697,0.6456043956043956,0.05697382085698951,4H
0.75,div_bull,-1,149,0.5838926174496645,0.6045522105391479,-0.047747711272936894,118,0.576271186440678,-0.04861859262345705,31,0.6129032258064516,-0.04443274355160223,0.04038090690577891,26.56040268456376,0.8926174496644296,0.06955979180984966,4H
0.75,d1_trend,-1,4900,0.5825322151769278,0.5990739514885676,-0.03941489124597425,3282,0.5859232175502742,-0.02831147443652017,1618,0.5756067205973865,-0.061937396789007775,0.007052797896070204,24.144795918367347,0.8793877551020408,0.058431864638319495,4H
1.0,all,1,11128,0.49033012503373213,0.5297622098537357,-0.08870073932731162,7907,0.49323384342987225,-0.07589335969471542,3221,0.48317757009345796,-0.12014064952754085,0.004741273055987268,30.44212796549245,1.1393781452192666,0.06954337325771318,4H
1.0,trend,1,5413,0.5379641603547016,0.5324949713760903,0.0027332156850345263,3991,0.5462290152843898,0.030783495924945288,1422,0.5147679324894515,-0.07599299278014399,0.006776344714282482,29.465915388878624,1.0992056161093664,0.07319510502436877,4H
1.0,trend+50,1,4770,0.5322851153039833,0.5325694413986795,-0.008672507162625069,3567,0.5463975329408467,0.03140470246351977,1203,0.49044056525353286,-0.12750493171495983,0.007224429660989481,29.47361984626136,1.0991614255765199,0.07324273777059152,4H
1.0,trend+d1,1,4331,0.532440544908797,0.5329065311433632,-0.009475820851619911,3346,0.5439330543933054,0.02554324874002686,985,0.4934010152284264,-0.12843400039847278,0.007581582927553771,30.091356884476255,1.1177557146155623,0.07435691066921399,4H
1.0,trend+macd,1,1727,0.5361899247249565,0.5322695904293888,0.0008073938648082767,1232,0.547077922077922,0.03357778014177398,495,0.509090909090909,-0.08075445642452857,0.012000055234103774,28.034211542173324,1.043427909669948,0.07157245558510486,4H
1.0,volspike1.8+bar,1,376,0.5558510638297872,0.5321101777124608,0.03980643141019754,273,0.5787545787545788,0.09462300593498146,103,0.49514563106796117,-0.10548410106811328,0.025624158453699936,23.329787234042552,0.9441489361702128,0.07189569624937693,4H
1.0,volspike2.5+bar,1,162,0.5987654320987654,0.5300582031448053,0.1322082112684914,122,0.6147540983606558,0.16831254357493436,40,0.55,0.022089997733840384,0.03850969009226281,19.01491769547325,0.7530864197530864,0.06532265292903948,4H
1.0,trend+run3,1,704,0.5582386363636364,0.5312811265975653,0.04820530075332537,524,0.5458015267175572,0.029599127948058433,180,0.5944444444444444,0.1023699371419913,0.01871619153613238,25.685132575757574,0.96875,0.06827197197394737,4H
1.0,trend+pullback_ema20,1,1649,0.5403274711946634,0.532368709330886,0.006809666398426537,1208,0.5463576158940397,0.03130064633998418,441,0.5238095238095238,-0.06027673670679258,0.012272766497153725,28.43015969274308,1.0460885385081868,0.07384527599090032,4H
1.0,trend+rsi<40,1,334,0.5359281437125748,0.5280781516107041,0.00900604785819441,260,0.55,0.045509946310405176,74,0.4864864864864865,-0.11925089264957314,0.02728806019141129,22.661676646706585,0.8023952095808383,0.06285023956695529,4H
1.0,trend+bb_lo,1,171,0.49122807017543857,0.5297858159369782,-0.08301233135091092,141,0.5035460992907801,-0.05320185762960417,30,0.43333333333333335,-0.2231215578410527,0.038230070926991044,23.864035087719294,0.8596491228070176,0.06546847170178814,4H
1.0,trend+hammer,1,448,0.5022321428571429,0.5325841485392641,-0.0698662794468164,345,0.5159420289855072,-0.02915990365039099,103,0.4563106796116505,-0.20621287798824137,0.02362254416271334,30.88299851190476,1.1651785714285714,0.07433056516110212,4H
1.0,trend+bull_engulf,1,526,0.5038022813688213,0.5337963326348591,-0.06805051592351444,380,0.5184210526315789,-0.024955659147515397,146,0.4657534246575342,-0.18021521164186804,0.02180040563059643,30.63941698352345,1.167300380228137,0.07565507866115702,4H
1.0,trend+marubozu,1,122,0.5,0.533274346942789,-0.0790462625327055,82,0.5487804878048781,0.03837654966898301,40,0.4,-0.319763027546167,0.045267873021259265,30.269125683060114,1.1721311475409837,0.0790462625327055,4H
1.0,trend+lowvol,1,2354,0.532285471537808,0.5391949655810723,-0.02349583254126288,1504,0.5372340425531915,0.00581192898736697,850,0.5235294117647059,-0.07535333058721497,0.010283939362192861,28.033630699518554,1.0437553101104502,0.08806677561687885,4H
1.0,trend+hivol,1,1403,0.5516749821810406,0.527292871664152,0.04587238110886377,1275,0.5701960784313725,0.0842452367771701,128,0.3671875,-0.3363572358996564,0.013277285578857748,33.62734616298408,1.2501781895937276,0.05747758325321748,4H
1.0,trend+near_ema200,1,667,0.5727136431784108,0.53342566114678,0.07058190582956711,430,0.5651162790697675,0.06470649854063783,237,0.5864978902953587,0.08124192749302526,0.019154259221395745,30.42866066966517,1.1454272863568216,0.07484538052725448,4H
1.0,trend+far_ema200,1,2629,0.5321414986686953,0.5312843770627445,-0.001895020450979551,2042,0.5411361410381978,0.02057854901109914,587,0.5008517887563884,-0.0800739452236622,0.009731404696994914,27.129960694814248,0.9809813617344998,0.06617801778837021,4H
1.0,rsi>70,1,804,0.6156716417910447,0.5299628955995561,0.16728405748973232,640,0.6265625,0.1939838516569216,164,0.573170731707317,0.0630897387885057,0.0171552782329653,26.801616915422887,0.9987562189054726,0.06405922609235723,4H
1.0,rsi<30,1,570,0.43859649122807015,0.521855202600985,-0.1774972063979632,386,0.4274611398963731,-0.19512435340226575,184,0.46195652173913043,-0.1405185175737198,0.020784171149441838,26.224853801169594,0.9438596491228071,0.05469018885410352,4H
1.0,bb_break_up,1,775,0.535483870967742,0.5304805812514966,0.0025912977106779616,553,0.5623869801084991,0.06355072389769177,222,0.46846846846846846,-0.14925808373715374,0.017915244721209693,24.047956989247314,0.8838709677419355,0.06837644422480592,4H
1.0,div_bull,1,131,0.48091603053435117,0.5272978811370106,-0.1019983735316758,85,0.49411764705882355,-0.07145424341589254,46,0.45652173913043476,-0.1584386139630144,0.04365337111834183,31.233460559796438,1.1068702290076335,0.06383043460037809,4H
1.0,d1_trend,1,6228,0.4987154784842646,0.5325530764902308,-0.0765814240380661,4625,0.5057297297297297,-0.052985918457323845,1603,0.4784778540237056,-0.14465953589766245,0.006335695102740259,29.794342753157785,1.1075786769428388,0.07401238100659532,4H
1.0,all,-1,11128,0.5096698749662679,0.5297622098537357,-0.050386007188114694,7907,0.5067661565701277,-0.04882873341420448,3221,0.516822429906542,-0.05420884597430164,0.004741273055987268,30.44212796549245,1.1393781452192666,0.06954337325771318,4H
1.0,trend,-1,5715,0.5548737727910238,0.5276199688518453,0.043133790989950606,3916,0.5607763023493361,0.058491898022836726,1799,0.5419463087248322,0.009702803140711024,0.006580349069344103,31.366754155730533,1.1774278215223097,0.0660846113936875,4H
1.0,trend+50,-1,5046,0.5433962264150943,0.5267762078734572,0.022388978742846066,3470,0.5521613832853026,0.04104057603306443,1576,0.5239616613418531,-0.018677672651226097,0.007019857881315611,29.853745541022594,1.1248513674197385,0.06385421777370007,4H
1.0,trend+d1,-1,3818,0.5432098765432098,0.5260112141836091,0.023158445340041283,2637,0.5445582100872203,0.029420498978642854,1181,0.5401709401709401,0.009176196868413523,0.00807329353143677,32.484939759036145,1.2236773179675222,0.0625364655092232,4H
1.0,trend+macd,-1,1772,0.5539853024307518,0.5267792592852154,0.04347639165178762,1223,0.5592804578904333,0.05752452178634798,549,0.5421245421245421,0.012181558947657704,0.011818430077540602,30.247507524454473,1.1382618510158014,0.06434097334058195,4H
1.0,volspike1.8+bar,-1,447,0.5704697986577181,0.5269045336811055,0.07545426558869053,300,0.58,0.0973624500618244,147,0.5510204081632653,0.030743685031274504,0.02341312694561919,24.906413124533934,1.0402684563758389,0.0654853317267457,4H
1.0,volspike2.5+bar,-1,180,0.5611111111111111,0.526553864727619,0.05697018331916565,113,0.5663716814159292,0.07289632522910815,67,0.5522388059701493,0.030109675321800033,0.036988393982945324,22.566666666666666,0.9277777777777778,0.06525203890305653,4H
1.0,trend+run3,-1,658,0.560790273556231,0.5249311856202952,0.0606193164364547,430,0.5744186046511628,0.08979997433400468,228,0.5350877192982456,0.005585619524408676,0.019347429109113076,27.989741641337385,1.0638297872340425,0.06096123067600731,4H
1.0,trend+pullback_ema20,-1,1883,0.5676972281449894,0.5281308892761307,0.06851941477577607,1272,0.5809748427672956,0.0980415444996495,611,0.5397350993377483,0.007059269098579674,0.011437628331308087,30.80527526995928,1.1699415825809878,0.06645119295095601,4H
1.0,trend+rsi<40,-1,406,0.5689655172413793,0.5294625913575213,0.07011750275063627,300,0.55,0.03217962804235166,106,0.6226415094339622,0.17748884626464942,0.024577401482351668,26.42405582922824,1.0073891625615763,0.06781353173212235,4H
1.0,trend+bb_lo,-1,181,0.5580110497237569,0.5283795184167418,0.049152740142368034,119,0.5462184873949579,0.025276397231506157,62,0.5806451612903226,0.09497991443902223,0.036913720375880046,21.87891344383057,0.8232044198895028,0.06686935930514577,4H
1.0,trend+hammer,-1,369,0.5880758807588076,0.5270020890784405,0.11160054162546497,267,0.5767790262172284,0.09158477576804806,102,0.6176470588235294,0.1639947522522327,0.02562194600631595,28.221996386630536,1.021680216802168,0.06455121989215021,4H
1.0,trend+bull_engulf,-1,576,0.56,0.5280364496423426,0.05216319742284569,402,0.5522388059701493,0.039478762503763976,174,0.5780346820809249,0.081468616029,0.020700766631466447,30.079716435185187,1.125,0.06765230970623602,4H
1.0,trend+marubozu,-1,94,0.5106382978723404,0.5255032230539803,-0.03839132250962569,57,0.45614035087719296,-0.1441807426768128,37,0.5945945945945946,0.12458156801820307,0.05155938804854268,24.820035460992905,0.925531914893617,0.05966791825430651,4H
1.0,trend+lowvol,-1,1824,0.5677454744925946,0.5413718103893919,0.0432662494512712,1342,0.587183308494784,0.08719180297883271,482,0.5135135135135135,-0.07903269833708468,0.011602545512167413,28.29769736842105,1.0553728070175439,0.09217459727600998,4H
1.0,trend+hivol,-1,1950,0.5525910723447922,0.5230148828270107,0.055621106862704,1138,0.5579964850615114,0.0693329976076733,812,0.5450061652281134,0.03640419594179875,0.011262850914772258,37.43333333333333,1.4164102564102563,0.04924737899560056,4H
1.0,trend+near_ema200,-1,760,0.656578947368421,0.5335796915282013,0.2334799520380606,516,0.6608527131782945,0.24666763043703052,244,0.6475409836065574,0.20559125509597662,0.01722463937598959,33.87203947368421,1.2552631578947369,0.07967794269878152,4H
1.0,trend+far_ema200,-1,2071,0.5223300970873787,0.5236572766472811,-0.011555080887935519,1432,0.5272346368715084,-0.00013601229430910974,639,0.5111464968152867,-0.03714523147646924,0.011005324544604397,32.132866570094954,1.21487204249155,0.05510079292197305,4H
1.0,rsi>70,-1,570,0.5614035087719298,0.521855202600985,0.0681168286897561,386,0.572538860103627,0.09503108701224207,184,0.5380434782608695,0.011655395469758486,0.020784171149441838,26.224853801169594,0.9438596491228071,0.05469018885410352,4H
1.0,rsi<30,-1,804,0.3843283582089552,0.5299628955995561,-0.2954025096744468,640,0.3734375,-0.3122661483430783,164,0.4268292682926829,-0.2295931880407626,0.0171552782329653,26.801616915422887,0.9987562189054726,0.06405922609235723,4H
1.0,bb_break_up,-1,728,0.5728021978021978,0.525450993529581,0.08456077636422756,520,0.5634615384615385,0.07131335820910246,208,0.5961538461538461,0.11767932175204028,0.01833374358497246,23.64239926739927,0.8516483516483516,0.061043619240168046,4H
1.0,div_bull,-1,149,0.5167785234899329,0.5318005924586646,-0.04129360369190064,118,0.4915254237288136,-0.07903820363294849,31,0.6129032258064516,0.10237938963208783,0.040938526606790385,33.421140939597315,1.1543624161073827,0.07485065067176641,4H
1.0,d1_trend,-1,4900,0.5203518101861321,0.5269018143022319,-0.023621710016380568,3282,0.524375380865326,-0.010673041511575896,1618,0.5121344119477287,-0.04988717975233171,0.007144961962997354,31.265476190476186,1.179795918367347,0.06386317320464419,4H
2.0,all,1,11128,0.3418564869001531,0.36015614879711283,-0.06365360383038367,7907,0.34054395951929156,-0.05966202070169893,3221,0.34509681449094315,-0.07345225263464018,0.004500739005417842,55.20100946561227,2.1736161035226456,0.09008545478502426,4H
2.0,trend,1,5413,0.38573803805653056,0.36220376418741224,0.0625312439857119,3991,0.39864695565021296,0.11496371651565507,1422,0.349507735583685,-0.08462627912751121,0.006616130019647406,52.492579592339425,2.063735451690375,0.09468287018387982,4H
2.0,trend+50,1,4770,0.37274633123689727,0.3620568062741312,0.024754420478526367,3567,0.39080459770114945,0.09136621573919158,1203,0.3192019950124688,-0.1727553664664385,0.00700114551553023,51.818972746331234,2.0352201257861635,0.09348457323216544,4H
2.0,trend+d1,1,4331,0.377741861002078,0.3628278985618465,0.03638000449312801,3346,0.39420203227734607,0.10030306445858303,985,0.3218274111675127,-0.1807637098666816,0.007366967583152687,53.853267143846686,2.122835372893096,0.09684557851310613,4H
2.0,trend+macd,1,1727,0.3821656050955414,0.3616018082250199,0.054209381781134734,1232,0.3952922077922078,0.10676767021637035,495,0.34949494949494947,-0.07660235832434062,0.011692723262296551,49.3556263269639,1.9363057324840764,0.09228743350548947,4H
2.0,volspike1.8+bar,1,376,0.4308510638297872,0.36200157883509615,0.19886352687737494,273,0.45054945054945056,0.26963380891341626,103,0.3786407766990291,0.01128792497602249,0.025537749729386213,45.74645390070922,1.875,0.09368966461198681,4H
2.0,volspike2.5+bar,1,162,0.47530864197530864,0.36252913155232064,0.33464536369422415,122,0.48360655737704916,0.36583232334531884,40,0.45,0.23952513675838533,0.03923578116588087,47.10442386831275,1.9197530864197532,0.09128056223170178,4H
2.0,trend+run3,1,704,0.42329545454545453,0.3609383551703393,0.18163627167944027,524,0.4026717557251908,0.12824632183454523,180,0.48333333333333334,0.33706034789457934,0.018621392752669285,47.505563446969695,1.8650568181818181,0.08825009195692336,4H
2.0,trend+pullback_ema20,1,1649,0.3790175864160097,0.36226001081599907,0.041164511708518994,1208,0.4031456953642384,0.12899130982336124,441,0.3129251700680272,-0.19941320285549333,0.011947003846642865,51.2152314534061,2.0151607034566403,0.09588824753951013,4H
2.0,trend+rsi<40,1,334,0.3772455089820359,0.35812514813180135,0.05116331974488522,260,0.40384615384615385,0.13932939535561986,74,0.28378378378378377,-0.2586093783468853,0.0265214484963411,42.49451097804391,1.6467065868263473,0.08057320720122255,4H
2.0,trend+bb_lo,1,171,0.34502923976608185,0.3586482205808559,-0.04674314789377821,141,0.3475177304964539,-0.03382426548501389,30,0.3333333333333333,-0.10746189521497056,0.03635304981474675,40.89473684210526,1.590643274853801,0.08183086719202383,4H
2.0,trend+hammer,1,448,0.36607142857142855,0.3609920851346538,0.00650608763650763,345,0.3739130434782609,0.04290598461603963,103,0.33980582524271846,-0.11541589739202188,0.022759571071226493,50.674293154761905,1.9754464285714286,0.0917081980777781,4H
2.0,trend+bull_engulf,1,526,0.35551330798479086,0.3616961534089233,-0.027198177190295297,380,0.3763157894736842,0.04976920232210549,146,0.3013698630136986,-0.227524233455448,0.020870941277092155,49.30069708491762,1.935361216730038,0.0937381011446679,4H
2.0,trend+marubozu,1,122,0.28688524590163933,0.3618174957465757,-0.236639727498689,82,0.3170731707317073,-0.1293432794250138,40,0.225,-0.45659744604972313,0.040949999658279314,51.045081967213115,2.0163934426229506,0.097295465203607,4H
2.0,trend+lowvol,1,2354,0.3806287170773152,0.3656657742424923,0.03425609368656481,1504,0.3796542553191489,0.05444878386916407,850,0.38235294117647056,-0.001473089883587323,0.01000744193804427,44.51816057774002,1.7187765505522514,0.10763005754538083,4H
2.0,trend+hivol,1,1403,0.42266571632216676,0.360325601170367,0.18341301584976907,1275,0.4549019607843137,0.28359482417028486,128,0.1015625,-0.8144917154678692,0.01318813395055092,68.21531242575433,2.7248752672843906,0.08458413311673128,4H
2.0,trend+near_ema200,1,667,0.4482758620689655,0.3630011738761132,0.24828967516775988,430,0.40232558139534885,0.12019254035267546,237,0.5316455696202531,0.4807021982499805,0.01925620729980726,53.70027486256872,2.12143928035982,0.0965379110391367,4H
2.0,trend+far_ema200,1,2629,0.36591860022822364,0.3620828508693285,0.009302674234784277,2042,0.38491674828599415,0.07204188360542034,587,0.29982964224872233,-0.20894854473427674,0.009394408845083826,52.048560923037904,2.0334728033472804,0.08845312644988669,4H
2.0,rsi>70,1,804,0.48756218905472637,0.36177735611059686,0.3756270377576865,640,0.5109375,0.45061533097680007,164,0.39634146341463417,0.08298979592699972,0.01762818373414539,55.63059701492537,2.1853233830845773,0.08705952940649252,4H
2.0,rsi<30,1,570,0.30985915492957744,0.35653934768928114,-0.14739363576021006,386,0.2890625,-0.20401729078569228,184,0.3532608695652174,-0.028607055108926784,0.01940335653389701,64.84312865497076,2.5701754385964914,0.07776690623110338,4H
2.0,bb_break_up,1,775,0.3961290322580645,0.3609905530522394,0.09802717992125189,553,0.4358047016274864,0.22640551633739386,222,0.2972972972972973,-0.22176209952976836,0.01756869731195703,47.43376344086022,1.8529032258064515,0.09035991685294162,4H
2.0,div_bull,1,131,0.3969465648854962,0.3600864038173994,0.10418412536926966,85,0.4117647058823529,0.1563664097468102,46,0.3695652173913043,0.007760339019466504,0.04274725914262663,62.825699745547084,2.4732824427480917,0.08665556928721889,4H
2.0,d1_trend,1,6228,0.3447334617854849,0.36222849415777797,-0.06136471078455177,4625,0.35264864864864864,-0.02606459917967382,1603,0.32189644416718655,-0.1632131301061741,0.006022494523663186,52.62604367373154,2.071290944123314,0.0955650961410065,4H
2.0,all,-1,11128,0.33906545421806067,0.3606820697035024,-0.07426265972242511,7907,0.32105796001012404,-0.12059530135309894,3221,0.38346333853354136,0.0394759920545814,0.004491822767230715,57.10174035466091,2.251527677929547,0.09165039875255865,4H
2.0,trend,-1,5715,0.3698630136986301,0.359665582277104,0.020624141695039504,3916,0.3569419585783687,-0.016184648112468,1799,0.39820527201346045,0.1007482222321153,0.006397778592302309,62.12939632545932,2.457917760279965,0.08899803851971572,4H
2.0,trend+50,-1,5046,0.3586069651741294,0.35888866940025405,-0.010236111376767809,3470,0.3477633477633478,-0.04363996030916168,1576,0.38269230769230766,0.06331170321422634,0.006765555280189463,60.23189985467037,2.3872374157748713,0.08623507291607142,4H
2.0,trend+d1,-1,3818,0.35238346062681064,0.35832282108752267,-0.026997436402243863,2637,0.3343465045592705,-0.07951074166751688,1181,0.3931330472103004,0.09025708178956394,0.007752583014944361,64.31777108433735,2.5573598742797277,0.08448584916477034,4H
2.0,trend+macd,-1,1772,0.38404977375565613,0.3586817183564301,0.06500135787668587,1223,0.3565004088307441,-0.014922259537027822,549,0.44587155963302755,0.2430461376525908,0.011567125191687063,59.911117381489845,2.3718961625282167,0.0867417947696867,4H
2.0,volspike1.8+bar,-1,447,0.4125560538116592,0.35731628669242,0.15168652948258468,300,0.41,0.14368842902527562,147,0.4178082191780822,0.1680091834770929,0.02331080487531482,47.5617076808352,1.9977628635346756,0.085633887745273,4H
2.0,volspike2.5+bar,-1,180,0.4022346368715084,0.356876678434671,0.12086814742930388,113,0.37168141592920356,0.02922043678208584,67,0.45454545454545453,0.2754381668790895,0.0366503891747577,43.329166666666666,1.8277777777777777,0.0851442220198759,4H
2.0,trend+run3,-1,658,0.3860182370820669,0.35707202751661443,0.07547471292959974,430,0.36511627906976746,0.01031882466899061,228,0.42543859649122806,0.19835643201759062,0.01897879786958728,57.12196048632219,2.290273556231003,0.08257999831660086,4H
2.0,trend+pullback_ema20,-1,1883,0.3747334754797441,0.3609437646050706,0.031803971981143035,1272,0.3781446540880503,0.0427071775447122,611,0.3675496688741722,0.009105318172861497,0.011175769026992197,64.94622942113648,2.5724907063197024,0.09201421938871174,4H
2.0,trend+rsi<40,-1,406,0.4039408866995074,0.3592304979189816,0.12587403765874872,300,0.38,0.05395935442552824,106,0.4716981132075472,0.32940616001691997,0.024352332039122106,49.06711822660098,1.9014778325123152,0.08594862243977344,4H
2.0,trend+bb_lo,-1,181,0.35911602209944754,0.3599436147131427,-0.01399264315866567,119,0.3949579831932773,0.09266216278846995,62,0.2903225806451613,-0.21870106102494202,0.03565888921362829,48.396408839779006,1.8895027624309393,0.09134070945700823,4H
2.0,trend+hammer,-1,369,0.3967391304347826,0.3594605948363038,0.10536471512725276,267,0.37593984962406013,0.04534995061949257,102,0.45098039215686275,0.26246218692697787,0.025502407858218865,58.75609756097561,2.2953929539295395,0.08658130154568337,4H
2.0,trend+bull_engulf,-1,576,0.3776223776223776,0.35925750851702526,0.04221358005953076,402,0.35323383084577115,-0.028640173449341624,174,0.43529411764705883,0.20591018299382216,0.020270190553421743,57.19574652777778,2.2569444444444446,0.08974294512413149,4H
2.0,trend+marubozu,-1,94,0.3829787234042553,0.35703812457684564,0.06944128913641948,57,0.3157894736842105,-0.1263626033116624,37,0.4864864864864865,0.37108512344832945,0.050138745881325664,49.95390070921985,2.0,0.07949488107634646,4H
2.0,trend+lowvol,-1,1824,0.40208447613823367,0.3684079943897469,0.09130002959164574,1342,0.40536512667660207,0.1031784043188664,482,0.39293139293139295,0.058227874230794806,0.011483789767325002,47.305464181286546,1.831140350877193,0.11486450134616175,4H
2.0,trend+hivol,-1,1950,0.35379061371841153,0.35798724374262475,-0.011985407257844244,1138,0.3106796116504854,-0.13885874407380283,812,0.4143920595533499,0.1658247618265903,0.010858526103973608,84.05247863247864,3.3682051282051284,0.07496034968273053,4H
2.0,trend+near_ema200,-1,760,0.4473684210526316,0.36537046079477836,0.2347816064936259,516,0.4108527131782946,0.1292544781603886,244,0.5245901639344263,0.4579455336245703,0.018036144882805798,66.33256578947369,2.5723684210526314,0.10732365666426885,4H
2.0,trend+far_ema200,-1,2071,0.33527980535279805,0.35659428864788345,-0.07065744009080689,1432,0.3100558659217877,-0.14661728936012897,639,0.39325842696629215,0.09956870099474743,0.010413991558603767,66.2800981812329,2.6465475615644616,0.0757970893298737,4H
2.0,rsi>70,-1,570,0.3684210526315789,0.3536048256009136,0.032991436302642514,386,0.33678756476683935,-0.06075934965460376,184,0.43478260869565216,0.22966428075643092,0.02020452357762933,51.75701754385965,2.017543859649123,0.07227172159209433,4H
2.0,rsi<30,-1,804,0.25497512437810943,0.358856788264108,-0.3162374205284913,640,0.2390625,-0.3577518820757677,164,0.3170731707317073,-0.15422976570985178,0.015371146741455548,45.83354063018242,1.7761194029850746,0.08116279366281967,4H
2.0,bb_break_up,-1,728,0.4010989010989011,0.356110548636744,0.12338152287849198,520,0.38461538461538464,0.07815794840427517,208,0.4423076923076923,0.23644045906403394,0.01816509198457044,45.231341575091584,1.7596153846153846,0.07991518041821132,4H
2.0,div_bull,-1,149,0.37583892617449666,0.36310635507791383,0.027067113402357606,118,0.3389830508474576,-0.06717811050533753,31,0.5161290322580645,0.3858069979542297,0.03967857668771743,61.28691275167784,2.348993288590604,0.10044966512113232,4H
2.0,d1_trend,-1,4900,0.3404386144701783,0.3588047815531075,-0.06426067705536503,3282,0.32712847116264876,-0.09980793360872388,1618,0.367665418227216,0.007844450267331953,0.006783933919763026,61.10498299319727,2.4320408163265306,0.08599348520379893,4H
0.25,all,1,1854,0.7904967602591793,0.8206923262388495,-0.04058765056305335,1317,0.8078967350037966,-0.01649441418438085,537,0.7476635514018691,-0.09967664927946242,0.009456380257815929,48.47954872348076,1.5420711974110033,0.028652635082103826,1D
0.25,trend,1,1038,0.7861271676300579,0.8219853692305656,-0.047086687861561206,771,0.8002594033722439,-0.026306853050085434,267,0.7453183520599251,-0.10709137939582271,0.012726985119621543,43.559489402697494,1.334296724470135,0.02974564739913347,1D
0.25,trend+50,1,974,0.784394250513347,0.8222868839728956,-0.04963267017975934,708,0.7980225988700564,-0.029377226180062305,266,0.7481203007518797,-0.10354565646466724,0.013177040821054817,44.10258384668035,1.3593429158110883,0.030125483321443117,1D
0.25,trend+d1,1,1005,0.7830845771144279,0.8220642094629254,-0.051000680481355386,747,0.7978580990629184,-0.029352491072339,258,0.7403100775193798,-0.11367974051443763,0.013000693521491335,43.42313432835821,1.3293532338308458,0.029856401874390197,1D
0.25,trend+macd,1,308,0.7954545454545454,0.8213879601724084,-0.033881861526773756,239,0.8117154811715481,-0.009986908556388277,69,0.7391304347826086,-0.11664843775752924,0.0229840862203378,38.73971861471862,1.146103896103896,0.028200043344955576,1D
0.25,trend+run3,1,135,0.8,0.8202757926606917,-0.026765779430098037,102,0.8235294117647058,0.006021024952018488,33,0.7272727272727273,-0.12810681115664,0.03442651863295482,35.593827160493824,1.0592592592592593,0.026765779430098023,1D
0.25,trend+pullback_ema20,1,348,0.7614942528735632,0.8220843387077797,-0.07765790840745745,235,0.7617021276595745,-0.0764453560021004,113,0.7610619469026548,-0.08017958818850977,0.022845102830067774,47.09961685823755,1.471264367816092,0.029525724499411488,1D
0.25,trend+rsi<40,1,53,0.8113207547169812,0.8212912527349298,-0.01240204210352112,39,0.7948717948717948,-0.03268738667670119,14,0.8571428571428571,0.044107132064623314,0.05374281657701909,49.341194968553474,1.528301886792453,0.026552985499747543,1D
0.25,trend+hammer,1,74,0.7432432432432432,0.8201972155859757,-0.09923998720613425,54,0.7592592592592593,-0.07519026785163863,20,0.7,-0.1641742294632724,0.05078208939110117,39.361486486486484,1.162162162162162,0.02829404126018831,1D
0.25,trend+bull_engulf,1,102,0.7941176470588235,0.8253278973894634,-0.03976356681025541,76,0.7894736842105263,-0.04415914016011696,26,0.8076923076923077,-0.02691496778758318,0.04003611233704545,53.91176470588236,1.7843137254901962,0.03241062563378482,1D
0.25,trend+lowvol,1,451,0.7583148558758315,0.8289104478550142,-0.09009744184531734,274,0.7445255474452555,-0.10260258563198506,177,0.7796610169491526,-0.07073919666143624,0.020158652070268228,45.87730968218773,1.4323725055432373,0.0379910116901067,1D
0.25,trend+hivol,1,195,0.7692307692307693,0.8181517411958132,-0.06124020402935296,162,0.7777777777777778,-0.05059792811916453,33,0.7272727272727273,-0.11348410395209614,0.030171713098182156,46.268376068376064,1.4102564102564104,0.022778665567814497,1D
0.25,trend+near_ema200,1,114,0.7543859649122807,0.8216412168767823,-0.08456602184877936,82,0.8048780487804879,-0.02244703673498678,32,0.625,-0.24374592120287278,0.040315399179649145,53.62865497076024,1.7105263157894737,0.027548477989130217,1D
0.25,trend+far_ema200,1,511,0.7945205479452054,0.8229713699968171,-0.038339731054797425,363,0.8236914600550964,0.0035143643884550484,148,0.722972972972973,-0.14099538406763965,0.017874187778027285,43.78245270711024,1.3385518590998042,0.031490415986304275,1D
0.25,rsi>70,1,155,0.8258064516129032,0.820382908758328,0.005755389502550273,136,0.8308823529411765,0.01389567915956881,19,0.7894736842105263,-0.052511946989793015,0.03046416785577072,32.512365591397845,0.9032258064516129,0.026502675013578766,1D
0.25,rsi<30,1,72,0.8194444444444444,0.8131251629438937,0.0040935948270373985,46,0.9130434782608695,0.12027007796941537,26,0.6538461538461539,-0.20144941380947753,0.04533137969344014,32.46180555555556,0.9027777777777778,0.020211960728518163,1D
0.25,bb_break_up,1,129,0.8604651162790697,0.8197520184606721,0.048700074164875325,98,0.8775510204081632,0.07375654824163444,31,0.8064516129032258,-0.030510714851976088,0.030507960575814938,31.00581395348837,0.8527131782945736,0.026881321183961884,1D
0.25,d1_trend,1,1038,0.7842003853564548,0.8218680069339787,-0.049471484101524354,770,0.7987012987012987,-0.028268194422983787,268,0.7425373134328358,-0.11039138355106255,0.012768508835555678,43.29784842646115,1.323699421965318,0.029721965797092756,1D
0.25,all,-1,1854,0.7871420853592652,0.8200845338216469,-0.04460576009413249,1317,0.7881548974943052,-0.039461138506305844,537,0.7846441947565543,-0.05722301639053417,0.009514111979091525,46.114032722042424,1.4439050701186624,0.028283603946366472,1D
0.25,trend,-1,816,0.7847478474784748,0.8185509291956127,-0.0461893324046891,546,0.7875457875457875,-0.0393419249072218,270,0.7790262172284644,-0.0600363120106785,0.014414299623938654,51.14889705882353,1.6433823529411764,0.026567668804250114,1D
0.25,trend+50,-1,617,0.7980456026058632,0.819015090726462,-0.030121902826753224,402,0.8009950248756219,-0.0224670390186245,215,0.7924528301886793,-0.04443471794706832,0.016201541063916677,49.72190707725554,1.6045380875202593,0.026862133786302308,1D
0.25,trend+d1,-1,783,0.7884615384615384,0.8185300005871818,-0.04165720574522914,523,0.7915869980879541,-0.034398570553871105,260,0.7821011673151751,-0.05625822961092238,0.014623038585475685,51.1823116219668,1.648786717752235,0.02663641711437573,1D
0.25,trend+macd,-1,292,0.7827586206896552,0.8177969914411447,-0.04861184697141609,203,0.8078817733990148,-0.013190291593246098,89,0.7241379310344828,-0.12940483283398366,0.02421509663239341,51.39383561643836,1.6712328767123288,0.02533637284613607,1D
0.25,trend+run3,-1,134,0.7669172932330827,0.8182555088519958,-0.06959873865601637,85,0.788235294117647,-0.03605638639895347,49,0.7291666666666666,-0.12778445175500303,0.03666092945725885,49.08644278606965,1.5671641791044777,0.025900990026587002,1D
0.25,trend+pullback_ema20,-1,226,0.7256637168141593,0.8214435627802559,-0.12223290785575656,140,0.75,-0.08936142106994455,86,0.686046511627907,-0.17574463053033434,0.029679399526522616,46.629793510324475,1.4823008849557522,0.029312553873455702,1D
0.25,trend+rsi<40,-1,63,0.8095238095238095,0.8210853094094143,-0.016449462796632768,30,0.7333333333333333,-0.10481013783772909,33,0.8787878787878788,0.06387842360436387,0.04947261729993521,36.20238095238095,0.9841269841269841,0.02835422470139469,1D
0.25,trend+hammer,-1,54,0.6481481481481481,0.8198647111793885,-0.21838681201774135,41,0.6829268292682927,-0.17032555389154183,13,0.5384615384615384,-0.369964626108063,0.06498605636771093,59.59722222222222,2.0555555555555554,0.028571997202926563,1D
0.25,trend+bull_engulf,-1,77,0.8311688311688312,0.8180672824557913,0.014090963163585494,52,0.8269230769230769,0.01222012236732318,25,0.84,0.017982312019811122,0.04268994304484769,55.01406926406926,1.7792207792207793,0.024870075797453466,1D
0.25,trend+lowvol,-1,193,0.7512953367875648,0.8313417002660956,-0.10156785277473021,137,0.708029197080292,-0.15443380700344794,56,0.8571428571428571,0.02776492810624002,0.03111491767815337,54.29490500863559,1.7150259067357514,0.04068702375918616,1D
0.25,trend+hivol,-1,172,0.75,0.8202516761377161,-0.08806346094414294,48,0.6458333333333334,-0.21536661631142265,124,0.7903225806451613,-0.03878482015680887,0.033016908987210894,57.84786821705427,1.930232558139535,0.02556346094414294,1D
0.25,trend+near_ema200,-1,142,0.704225352112676,0.8196104107760622,-0.14796228967681652,95,0.7052631578947368,-0.14294989158062213,47,0.7021276595744681,-0.15809373263720952,0.038299413958158744,60.10152582159624,1.971830985915493,0.028243979817661607,1D
0.25,trend+far_ema200,-1,389,0.7797927461139896,0.819032492563108,-0.05318642036639949,269,0.8029739776951673,-0.022142206904194234,120,0.7264957264957265,-0.12277719887750958,0.02109170816754421,51.631105398457585,1.6940874035989717,0.026807814973190725,1D
0.25,rsi>70,-1,72,0.7777777777777778,0.8167672944905033,-0.05074938141015506,46,0.7608695652173914,-0.07177720518189909,26,0.8076923076923077,-0.013546308583223322,0.04899539464934427,49.914351851851855,1.6527777777777777,0.02297160363237729,1D
0.25,rsi<30,-1,155,0.7419354838709677,0.8186316325881613,-0.09686366258464912,136,0.7426470588235294,-0.09481930664395107,19,0.7368421052631579,-0.1114969472128036,0.035146442177039834,26.346774193548388,0.6709677419354839,0.024283017423358796,1D
0.25,bb_break_up,-1,94,0.8404255319148937,0.816005276474274,0.02766677474481468,61,0.8524590163934426,0.04413740411393535,33,0.8181818181818182,-0.002778934089014468,0.03777177506693377,37.57624113475177,1.1702127659574468,0.022865140148802345,1D
0.25,d1_trend,-1,816,0.7859778597785978,0.8184146711294279,-0.04448570556009306,547,0.7897623400365631,-0.03642390544947955,269,0.7781954887218046,-0.06087903143557849,0.014384316648937181,50.209660947712415,1.6115196078431373,0.026395904704752116,1D
0.33,all,1,1854,0.7455429497568882,0.7744220787141223,-0.04091089381162565,1317,0.7691723614274867,-0.007128245465558787,537,0.6872659176029963,-0.1237633107050522,0.010123725678981888,62.01119201725998,2.0738942826321467,0.03253086221861479,1D
0.33,trend,1,1038,0.7369942196531792,0.7758643093224128,-0.053708992290980015,771,0.7587548638132295,-0.0214717772371682,267,0.6741573033707865,-0.14679847845760513,0.013665200583435667,56.62973667308927,1.8381502890173411,0.03391130442970835,1D
0.33,trend+50,1,974,0.7340862422997947,0.7763384004412421,-0.058175479500939015,708,0.7556497175141242,-0.026155334696069503,266,0.6766917293233082,-0.14340203033495258,0.01415677949657124,57.73605407255305,1.88911704312115,0.03451018175966593,1D
0.33,trend+d1,1,1005,0.736318407960199,0.7756959742101934,-0.05455049499087161,747,0.7576974564926372,-0.02278102270143341,258,0.6744186046511628,-0.1465341996428497,0.01389919680055843,55.516169154228855,1.7940298507462686,0.03385397757793631,1D
0.33,trend+macd,1,308,0.762987012987013,0.7749274902631971,-0.01710926538941402,239,0.7824267782426778,0.012193460096612969,69,0.6956521739130435,-0.11860711163811617,0.024230885558221196,49.50784632034632,1.577922077922078,0.031881992662141305,1D
0.33,trend+run3,1,135,0.725925925925926,0.7754284182748401,-0.06626909806227069,102,0.7450980392156863,-0.03774224283009484,33,0.6666666666666666,-0.1544430142344506,0.038389569956445685,52.857407407407415,1.7333333333333334,0.03175057954375219,1D
0.33,trend+pullback_ema20,1,348,0.6982758620689655,0.7769567757169741,-0.10597295087186796,235,0.7063829787234043,-0.0951505002868177,113,0.6814159292035398,-0.12847981713281315,0.024605314497006054,64.20450191570882,2.1522988505747125,0.0346798474235921,1D
0.33,trend+rsi<40,1,53,0.7547169811320755,0.7783562775365954,-0.028038709154925248,39,0.717948717948718,-0.07827587146714654,14,0.8571428571428571,0.1119076715719769,0.05910005260077503,75.02672955974843,2.6037735849056602,0.03181229406058564,1D
0.33,trend+hammer,1,74,0.7027027027027027,0.7769239251218725,-0.09956688420170087,54,0.7037037037037037,-0.0957980321462073,20,0.7,-0.10974278475153351,0.05313313394862917,62.85022522522523,2.108108108108108,0.034161478796295476,1D
0.33,trend+bull_engulf,1,102,0.7549019607843137,0.7781583147549896,-0.03148820447336887,76,0.75,-0.037128896034263184,26,0.7692307692307693,-0.015000029141523865,0.04259073248962808,64.14460784313725,2.156862745098039,0.03550781231650613,1D
0.33,trend+lowvol,1,451,0.7095343680709535,0.7817165046093163,-0.09806280218583648,274,0.7043795620437956,-0.09931044846093576,177,0.7175141242937854,-0.09613141755658672,0.02137695407217275,54.319105691056905,1.7494456762749446,0.041743511720204546,1D
0.33,trend+hivol,1,195,0.7384615384615385,0.7736814975087238,-0.04673151884662977,162,0.7530864197530864,-0.027272954753445815,33,0.6666666666666666,-0.14225537894044188,0.03147128073580054,68.63846153846154,2.3025641025641024,0.028885365000475935,1D
0.33,trend+near_ema200,1,114,0.6578947368421053,0.7772506967026114,-0.15753999678180042,82,0.7195121951219512,-0.07644111068800484,32,0.5,-0.36535589239715166,0.04443300220434016,75.32748538011695,2.5789473684210527,0.032539996781800445,1D
0.33,trend+far_ema200,1,511,0.7514677103718199,0.7763770274452778,-0.035722794212005096,363,0.7988980716253443,0.032591528628079125,148,0.6351351351351351,-0.2032775184751847,0.019117721138438872,54.89383561643836,1.761252446183953,0.03517484900652567,1D
0.33,rsi>70,1,155,0.7935483870967742,0.7733683114029423,0.025667309869802524,136,0.8014705882352942,0.03843995468840594,19,0.7368421052631579,-0.06575793725283241,0.03251097526175136,40.965053763440864,1.232258064516129,0.029752044968907175,1D
0.33,rsi<30,1,72,0.7777777777777778,0.7652296175110695,0.012954714182725856,46,0.8913043478260869,0.16338968662519576,26,0.5769230769230769,-0.25319946783087477,0.04899539464934427,38.84722222222222,1.125,0.0214897302617186,1D
0.33,bb_break_up,1,129,0.7751937984496124,0.7747835275124246,-0.0023717578568786986,98,0.8061224489795918,0.045593877733166685,31,0.6774193548387096,-0.1540050574641189,0.036754831280266874,46.419250645994836,1.4728682170542635,0.0333795097948632,1D
0.33,d1_trend,1,1038,0.7369942196531792,0.7754939349877759,-0.05349447242733546,770,0.7571428571428571,-0.023496959609419568,268,0.6791044776119403,-0.13968135626985498,0.013665200583435667,55.37018304431599,1.7890173410404624,0.033696784566063794,1D
0.33,all,-1,1854,0.7341977309562399,0.7739293113759581,-0.05631790945279171,1317,0.7357630979498861,-0.050114515291409485,537,0.7303370786516854,-0.07153182027316486,0.010267924144759926,59.981975907946776,1.9892125134843581,0.03256317509574846,1D
0.33,trend,-1,816,0.7367773677736777,0.7724111268864702,-0.05130536310607143,546,0.7435897435897436,-0.03832816690295447,270,0.7228464419475655,-0.07754813765015246,0.01544487790557253,66.65880310457516,2.2549019607843137,0.030666542642887377,1D
0.33,trend+50,-1,617,0.749185667752443,0.7731370994293153,-0.03564525715979109,402,0.7562189054726368,-0.021591521003130186,215,0.7358490566037735,-0.06192247546201292,0.01749390321842398,65.94786601836844,2.2495948136142627,0.03125096623927537,1D
0.33,trend+d1,-1,783,0.7410256410256411,0.7724165251311356,-0.04580933767635072,523,0.7495219885277247,-0.03051807436071642,260,0.7237354085603113,-0.0765683019612613,0.015685475903464897,66.88665389527459,2.2669220945083013,0.03077577765341561,1D
0.33,trend+macd,-1,292,0.7275862068965517,0.7717910940095205,-0.06325496236007727,203,0.7586206896551724,-0.017280990799384763,89,0.6551724137931034,-0.168116942436713,0.02614314167533599,68.46974885844749,2.3321917808219177,0.029294556727947913,1D
0.33,trend+run3,-1,134,0.7293233082706767,0.771508837063987,-0.06168400442913182,85,0.7529411764705882,-0.022130428151312023,49,0.6875,-0.13029735103351306,0.03852650881968186,61.098880597014926,2.0522388059701493,0.029254912516120363,1D
0.33,trend+pullback_ema20,-1,226,0.6592920353982301,0.7749404720785362,-0.15678440875096744,140,0.6785714285714286,-0.12851736398019928,86,0.627906976744186,-0.2028005281452412,0.031526505736863705,58.981932153392336,1.9557522123893805,0.03364281583061348,1D
0.33,trend+rsi<40,-1,63,0.7619047619047619,0.7759900304565343,-0.020953359605388976,30,0.7,-0.0922008544316935,33,0.8181818181818182,0.04381709023670603,0.053660587601810576,50.76058201058201,1.5873015873015872,0.03428669293872232,1D
0.33,trend+hammer,-1,54,0.5925925925925926,0.7731500468198187,-0.24323594870527535,41,0.6585365853658537,-0.14971629929516503,13,0.38461538461538464,-0.5381825353063923,0.06686451361840297,74.57253086419753,2.5925925925925926,0.03138409685342347,1D
0.33,trend+bull_engulf,-1,77,0.7662337662337663,0.7737892637569955,-0.011472215004874348,52,0.7692307692307693,-0.0033453395094119086,25,0.76,-0.02837611603543623,0.048230989353182555,81.2478354978355,2.8181818181818183,0.030563124095783455,1D
0.33,trend+lowvol,-1,193,0.6839378238341969,0.7845058828988711,-0.13532005973129335,137,0.6204379562043796,-0.21871630250305937,56,0.8392857142857143,0.06870289133534845,0.03346693341095607,64.20768566493955,2.093264248704663,0.04495736543077525,1D
0.33,trend+hivol,-1,172,0.7034883720930233,0.774324788014978,-0.09452695115071068,48,0.625,-0.1929310398080386,124,0.7338709677419355,-0.056435045864003074,0.034824517094010014,74.30862403100774,2.5988372093023258,0.0301664860344316,1D
0.33,trend+near_ema200,-1,142,0.676056338028169,0.7726505232422058,-0.13244754354903457,95,0.6736842105263158,-0.13184885946015865,47,0.6808510638297872,-0.1336576496861243,0.039271909274046654,72.42840375586856,2.4507042253521125,0.031602473126499345,1D
0.33,trend+far_ema200,-1,389,0.7253886010362695,0.7730048504471208,-0.06730004038654082,269,0.7546468401486989,-0.025970818930927973,120,0.6581196581196581,-0.15994637848287294,0.022717000693878633,67.30419880034276,2.326478149100257,0.03102426275682822,1D
0.33,rsi>70,-1,72,0.7222222222222222,0.7718855596649616,-0.06698617798690439,46,0.6956521739130435,-0.10393325823571307,26,0.7692307692307693,-0.001618266777473616,0.05278589931014528,72.60879629629629,2.5833333333333335,0.027541733542459958,1D
0.33,rsi<30,-1,155,0.6516129032258065,0.7731397091459761,-0.1626475295517689,136,0.6397058823529411,-0.1779456505090213,19,0.7368421052631579,-0.05314519006827831,0.0382701372314306,39.915053763440866,1.2,0.0292926908420915,1D
0.33,bb_break_up,-1,94,0.7659574468085106,0.7700471379933711,-0.008403085015921326,61,0.7704918032786885,-0.0002847607856230116,33,0.7575757575757576,-0.02340968435071518,0.04367026308052565,53.494680851063826,1.7872340425531914,0.02712648927124049,1D
0.33,d1_trend,-1,816,0.7380073800738007,0.7722890285685134,-0.049508000451530386,547,0.7458866544789763,-0.03513976252502752,269,0.7218045112781954,-0.07872519801954918,0.015421606184401535,65.81464460784314,2.2230392156862746,0.030499081949130633,1D
0.5,all,1,1854,0.6717144402379664,0.6932442268441762,-0.03491292014677262,1317,0.6955201214882308,0.0031370353630673265,537,0.6127819548872181,-0.12823096745861476,0.010920682394224406,93.06895001797913,3.3511326860841426,0.04245355689398663,1D
0.5,trend,1,1038,0.6570327552986512,0.6948258335639949,-0.05893986279195968,771,0.6796368352788587,-0.021480812434629248,267,0.5917602996254682,-0.16710813180132963,0.014734016641775241,85.40920038535646,3.0173410404624277,0.044488995739936574,1D
0.5,trend+50,1,974,0.6540041067761807,0.6954450799860158,-0.06435374553902834,708,0.6765536723163842,-0.026995664750200238,266,0.5939849624060151,-0.16378803575891665,0.015242150000867438,87.15503080082135,3.095482546201232,0.04535990570329939,1D
0.5,trend+d1,1,1005,0.6567164179104478,0.6946298658879627,-0.05935693454779553,747,0.678714859437751,-0.022798072004387368,258,0.5930232558139535,-0.16520759470254714,0.014977261849044493,83.94004975124378,2.9592039800995025,0.04443156141346718,1D
0.5,trend+macd,1,308,0.6753246753246753,0.6939967744690776,-0.029101352625092513,239,0.6736401673640168,-0.02872645704890994,69,0.6811594202898551,-0.030399903968681384,0.02668121440302981,77.38690476190476,2.7175324675324677,0.04208836561210549,1D
0.5,trend+run3,1,135,0.6370370370370371,0.6938498861016614,-0.08543683678020902,102,0.6274509803921569,-0.09681732069757797,33,0.6666666666666666,-0.05026079558106851,0.04138534813908668,79.2283950617284,2.8,0.04099239233576453,1D
0.5,trend+pullback_ema20,1,348,0.6005747126436781,0.6971141100976754,-0.14695824067526728,235,0.6127659574468085,-0.12883781379189319,113,0.5752212389380531,-0.18464231428228417,0.026254979121463996,99.80052681992336,3.6120689655172415,0.04782030964078452,1D
0.5,trend+rsi<40,1,53,0.7169811320754716,0.6959763371454956,0.03507690583329689,39,0.6666666666666666,-0.04406892163401667,14,0.8571428571428571,0.25555456806367033,0.061876198417705794,103.03616352201259,3.69811320754717,0.040394792279910656,1D
0.5,trend+hammer,1,74,0.6486486486486487,0.6947849009564488,-0.07105543357307023,54,0.6481481481481481,-0.07026290820277475,20,0.65,-0.0731952520728679,0.05549574846814486,89.55743243243244,3.1486486486486487,0.044028406546043196,1D
0.5,trend+bull_engulf,1,102,0.6862745098039216,0.6971834576952735,-0.017176051053512317,76,0.6710526315789473,-0.0390905741040994,26,0.7307692307692307,0.04688178555589611,0.045943465578745575,93.87581699346404,3.3823529411764706,0.04658781575939465,1D
0.5,trend+lowvol,1,451,0.6341463414634146,0.701533854029193,-0.10288953919302878,274,0.6094890510948905,-0.1352703775682259,177,0.672316384180791,-0.05276326961786491,0.022680894363262538,81.79711751662971,2.8780487804878048,0.054109051388150746,1D
0.5,trend+hivol,1,195,0.6512820512820513,0.6929325648027809,-0.0626409763616274,162,0.691358024691358,-0.00027602954455264853,33,0.45454545454545453,-0.36879616982726704,0.03412749406382461,104.31239316239315,3.7743589743589743,0.039564053284704324,1D
0.5,trend+near_ema200,1,114,0.6140350877192983,0.6930827947134137,-0.11692145474376439,82,0.6707317073170732,-0.03314844260340881,32,0.46875,-0.33158979835342556,0.045595090414453726,94.38815789473684,3.3421052631578947,0.03797408632271174,1D
0.5,trend+far_ema200,1,511,0.6829745596868885,0.6947852773821039,-0.020292672538097647,363,0.7272727272727273,0.05124868751934412,148,0.5743243243243243,-0.19576235970601227,0.020584431186097055,80.57827788649706,2.8101761252446185,0.04475451206843034,1D
0.5,rsi>70,1,155,0.7483870967741936,0.692003416813753,0.0829904974388596,136,0.7573529411764706,0.09972549013100723,19,0.6842105263157895,-0.036796818673355144,0.03485489276119082,65.19677419354839,2.232258064516129,0.039590147722430725,1D
0.5,rsi<30,1,72,0.7361111111111112,0.6846862249049859,0.07663275163433582,46,0.8478260869565217,0.24197790822052467,26,0.5384615384615384,-0.215900986941229,0.05194167979702981,76.43634259259258,2.6527777777777777,0.027533915032330856,1D
0.5,bb_break_up,1,129,0.6976744186046512,0.6926986956724036,0.004790836545322473,98,0.7040816326530612,0.021601567281256274,31,0.6774193548387096,-0.04835276384569408,0.040436074943253096,68.37209302325581,2.395348837209302,0.041720791361654276,1D
0.5,d1_trend,1,1038,0.6589595375722543,0.6944726585001764,-0.05579434549842849,770,0.6792207792207792,-0.022029395825907117,268,0.6007462686567164,-0.15280558149783688,0.014714098249553376,84.11769428387925,2.966281310211946,0.04423365185680998,1D
0.5,all,-1,1854,0.6421621621621622,0.6928824456434604,-0.07946646764938599,1317,0.636294608959757,-0.08392787365516442,537,0.6566604127579737,-0.06852480711007458,0.01114498844225703,91.52013664149585,3.2810140237324705,0.04243344970424063,1D
0.5,trend,-1,816,0.6490147783251231,0.6920236085832738,-0.0685679424502777,546,0.6483516483516484,-0.06590306787071264,270,0.650375939849624,-0.07395691104450924,0.016749185548933534,105.19066584967321,3.8480392156862746,0.041412041383734235,1D
0.5,trend+50,-1,617,0.6460032626427407,0.6923116024126759,-0.0733352965262684,402,0.6467661691542289,-0.06855740985381581,215,0.6445497630331753,-0.08226883346731928,0.019314645792359184,101.38776337115073,3.7098865478119936,0.041472710999040735,1D
0.5,trend+d1,-1,783,0.6508344030808729,0.6919266357434138,-0.06590520750753989,523,0.6520076481835564,-0.06031032415423356,260,0.6484375,-0.07715953056053688,0.01707977893087749,105.0316091954023,3.841634738186462,0.04143622248800035,1D
0.5,trend+macd,-1,292,0.6517241379310345,0.690627756827166,-0.06330931712386165,203,0.6798029556650246,-0.01760574328080895,89,0.5862068965517241,-0.16755454735015043,0.02797657800973475,103.85844748858447,3.808219178082192,0.03917767861501999,1D
0.5,trend+run3,-1,134,0.6165413533834586,0.6908819194324457,-0.116981836760889,85,0.6470588235294118,-0.0638802814972674,49,0.5625,-0.20909677956513048,0.04216135430258626,97.88930348258707,3.5597014925373136,0.039701998579220826,1D
0.5,trend+pullback_ema20,-1,226,0.5442477876106194,0.6927508422962849,-0.22631748739449709,140,0.55,-0.21596832478274855,86,0.5348837209302325,-0.24316496141362257,0.03312901391887503,83.86467551622418,2.9911504424778763,0.04268916881042627,1D
0.5,trend+rsi<40,-1,63,0.7142857142857143,0.6943556609690331,0.02707892058132571,30,0.7,0.019690002313917286,33,0.7272727272727273,0.03379611900624244,0.05691564806354255,74.81084656084657,2.5873015873015874,0.04434965084724573,1D
0.5,trend+hammer,-1,54,0.5185185185185185,0.6945109744437316,-0.26666063546910973,41,0.5609756097560976,-0.20057695487310104,13,0.38461538461538464,-0.47507839734882934,0.06799469811464323,124.78703703703704,4.685185185185185,0.04443841324688748,1D
0.5,trend+bull_engulf,-1,77,0.6883116883116883,0.6931404362544643,-0.006794441693676735,52,0.6538461538461539,-0.05615044088923324,25,0.76,0.09586603663308078,0.052784628326815186,121.29004329004327,4.4935064935064934,0.0392619741612092,1D
0.5,trend+lowvol,-1,193,0.5751295336787565,0.7061440883609157,-0.19660601338815945,137,0.4744525547445255,-0.34943032168985716,56,0.8214285714285714,0.17726774084992258,0.035582171786770936,98.61226252158893,3.5129533678756477,0.05930031390629413,1D
0.5,trend+hivol,-1,172,0.627906976744186,0.693854078937998,-0.09891766393117916,48,0.5208333333333334,-0.24969710767763495,124,0.6693548387096774,-0.040551427642228514,0.036856084450840064,113.65600775193799,4.209302325581396,0.04077812904745822,1D
0.5,trend+near_ema200,-1,142,0.6408450704225352,0.6943284764898836,-0.08368182600159367,95,0.6210526315789474,-0.10684853638088414,47,0.6808510638297872,-0.03685549651153854,0.04025995337851172,123.97711267605634,4.584507042253521,0.044949431635396504,1D
0.5,trend+far_ema200,-1,389,0.6077922077922078,0.6927490603400646,-0.13120821211760791,269,0.6282527881040892,-0.10080999235344965,120,0.5603448275862069,-0.19935088808892934,0.024883147164884562,106.8414738646101,3.9460154241645244,0.04210997234820054,1D
0.5,rsi>70,-1,72,0.625,0.6889016549357843,-0.0953227550908041,46,0.6086956521739131,-0.12241091755924752,26,0.6538461538461539,-0.04739754456971187,0.057054433073454806,100.81134259259258,3.6944444444444446,0.032822755090804095,1D
0.5,rsi<30,-1,155,0.5225806451612903,0.6928952704189304,-0.25560514215187735,136,0.49264705882352944,-0.30112592981714004,19,0.7368421052631579,0.07022786429421336,0.040119990549648314,68.59462365591399,2.3741935483870966,0.039476109893812825,1D
0.5,bb_break_up,-1,94,0.7021276595744681,0.6870267694404716,0.019314961821647603,61,0.7213114754098361,0.05366975435228553,33,0.6666666666666666,-0.04418935164407711,0.0471692752093568,78.5877659574468,2.734042553191489,0.033876527540054546,1D
0.5,d1_trend,-1,816,0.646551724137931,0.6917361883523756,-0.07185488249588072,547,0.6489945155393053,-0.06437394959618685,269,0.6415094339622641,-0.08706703973057416,0.016775928103512965,103.4093137254902,3.7732843137254903,0.041022510841101964,1D
0.75,all,1,1854,0.5959978366684694,0.6019379378905196,-0.013029022864854863,1317,0.6226271829916477,0.03666583878126467,537,0.5300751879699248,-0.13490636511427653,0.011411578744899432,135.3450647249191,5.098705501618123,0.05589867795079592,1D
0.75,trend,1,1038,0.5867052023121387,0.6028439647973141,-0.030741665667522858,771,0.6160830090791181,0.025313016249709486,267,0.50187265917603,-0.19260743255211513,0.01528414897582565,120.35733782915862,4.470134874759152,0.057475769713765626,1D
0.75,trend+50,1,974,0.5841889117043121,0.6034159674335687,-0.0361334447149301,708,0.614406779661017,0.021443440197725486,266,0.5037593984962406,-0.18938319854259986,0.015792293598807225,122.11969541409992,4.5482546201232035,0.05846404019747629,1D
0.75,trend+d1,1,1005,0.5840796019900497,0.6029137924268816,-0.035630715979321645,747,0.6131191432396251,0.019889772893506737,258,0.5,-0.19638189887855728,0.015547411697025676,119.8457711442786,4.451741293532338,0.05777001946190871,1D
0.75,trend+macd,1,308,0.6103896103896104,0.601167931018406,0.015145857766078656,239,0.5983263598326359,-0.0029070351260549352,69,0.6521739130434783,0.07767689256636746,0.027787115924870206,107.51190476190477,3.935064935064935,0.05303596041573953,1D
0.75,trend+run3,1,135,0.6074074074074074,0.6000187897991249,0.012396668972249517,102,0.5980392156862745,0.0004920333434525524,33,0.6363636363636364,0.04919281546125834,0.04202853077101926,105.49814814814815,3.8444444444444446,0.05056629399071343,1D
0.75,trend+pullback_ema20,1,348,0.514367816091954,0.6045794673755724,-0.16002128969666593,235,0.5276595744680851,-0.13621249132269453,113,0.48672566371681414,-0.20953516242129674,0.026791745054179018,134.95929118773944,5.074712643678161,0.06016496785758547,1D
0.75,trend+rsi<40,1,53,0.6226415094339622,0.6047414158437675,0.034364670719906246,39,0.5384615384615384,-0.11663850634046628,14,0.8571428571428571,0.4550163782452298,0.06658220343613265,146.04245283018867,5.490566037735849,0.05525797078952774,1D
0.75,trend+hammer,1,74,0.5540540540540541,0.6032960498785499,-0.08768295679683784,54,0.5555555555555556,-0.08444860908410888,20,0.55,-0.09641569562120593,0.057783164016762936,126.66216216216216,4.743243243243243,0.05727755139143244,1D
0.75,trend+bull_engulf,1,102,0.6078431372549019,0.6056517150565662,0.0013929901423261806,76,0.5789473684210527,-0.04600056254543169,26,0.6923076923076923,0.13992799030654152,0.048342107832371875,132.8766339869281,4.980392156862745,0.062332500053752266,1D
0.75,trend+lowvol,1,451,0.5631929046563193,0.6097998065331627,-0.08357161538227412,274,0.5474452554744526,-0.10328279001230105,177,0.5875706214689266,-0.05305827160471831,0.023355284317380303,114.75369549150037,4.206208425720621,0.06915919853083287,1D
0.75,trend+hivol,1,195,0.5487179487179488,0.6011705846156866,-0.09175847460027661,162,0.6049382716049383,0.009608294059257937,33,0.2727272727272727,-0.5893771571107188,0.03563537290985154,147.00341880341878,5.564102564102564,0.05201488485668687,1D
0.75,trend+near_ema200,1,114,0.5964912280701754,0.5973155271486034,-6.693847661876669e-05,82,0.6463414634146342,0.08499059816227945,32,0.46875,-0.21802687611379548,0.045949003282768894,111.60526315789474,4.078947368421052,0.043926587599425776,1D
0.75,trend+far_ema200,1,511,0.6183953033268101,0.6035204752133397,0.023286824351086918,363,0.6804407713498623,0.13821995159456338,148,0.46621621621621623,-0.25860996746906134,0.021489657647632075,117.26679712981084,4.3385518590998045,0.05890495647083087,1D
0.75,rsi>70,1,155,0.7096774193548387,0.6009987305716623,0.1891982140344469,136,0.7279411764705882,0.22570130542625552,19,0.5789473684210527,-0.0720870717174463,0.036459025150442706,100.85645161290321,3.6903225806451614,0.052737269836520835,1D
0.75,rsi<30,1,72,0.7083333333333334,0.5982435240587698,0.19398825254710914,46,0.8260869565217391,0.3917882822070129,26,0.5,-0.15596564608195138,0.05356683548799136,154.99074074074073,5.930555555555555,0.04559508078622422,1D
0.75,bb_break_up,1,129,0.6046511627906976,0.6005033051232906,0.004527619295040196,98,0.6020408163265306,0.007802686419908485,31,0.6129032258064516,-0.00582581871260795,0.0430474890215279,100.06201550387598,3.6666666666666665,0.053611915588680725,1D
0.75,d1_trend,1,1038,0.5847784200385356,0.6028882557192323,-0.03429037489148957,770,0.6142857142857143,0.02187549282573904,268,0.5,-0.19566245751188516,0.015294558690128643,120.89009312780988,4.491329479768786,0.057652609958926945,1D
0.75,all,-1,1854,0.5438311688311688,0.6017852741750528,-0.10480046884965515,1317,0.5299924069855733,-0.12538084227819435,537,0.5781544256120528,-0.054326815580779696,0.011586275949976839,134.4848975188781,5.064185544768069,0.05639546318197352,1D
0.75,trend,-1,816,0.5432098765432098,0.6013970096631888,-0.10524897952473854,546,0.5366300366300366,-0.11436903075497581,270,0.5568181818181818,-0.08680620925914759,0.017502483300671147,156.671875,5.987745098039215,0.05562535145135405,1D
0.75,trend+50,-1,617,0.5433715220949263,0.6018091107599713,-0.10529893456436976,402,0.5447761194029851,-0.10000421081655059,215,0.5406698564593302,-0.1151988366416874,0.020151590445863624,152.15532144786602,5.815235008103728,0.05587773438952091,1D
0.75,trend+d1,-1,783,0.5456885456885456,0.6012898024571351,-0.10101569265372311,523,0.5411089866156787,-0.10652686943483868,260,0.5551181102362205,-0.08992974859017133,0.017862356497847582,156.44029374201787,5.980842911877395,0.05568634334608362,1D
0.75,trend+macd,-1,292,0.5397923875432526,0.5989773871065075,-0.10845166080427829,203,0.5566502463054187,-0.07716265358113343,89,0.5,-0.17981872222336145,0.029318473568134888,149.74828767123287,5.722602739726027,0.052102069401795674,1D
0.75,trend+run3,-1,134,0.5037593984962406,0.5990626861136626,-0.17099676874065814,85,0.5176470588235295,-0.14044318713521806,49,0.4791666666666667,-0.22399787968887058,0.043354272965684205,141.07276119402985,5.335820895522388,0.05080648279779598,1D
0.75,trend+pullback_ema20,-1,226,0.4646017699115044,0.5997537644166264,-0.24105358179776024,140,0.4785714285714286,-0.2145343302000342,86,0.4418604651162791,-0.2842244564917328,0.03317604993014185,114.97050147492625,4.269911504424779,0.05410667914289294,1D
0.75,trend+rsi<40,-1,63,0.6190476190476191,0.6069256674941027,0.019541972515597073,30,0.6333333333333333,0.05908982201440182,33,0.6060606060606061,-0.016410617937861787,0.06118248327996391,126.78968253968259,4.761904761904762,0.06379136081773626,1D
0.75,trend+hammer,-1,54,0.48148148148148145,0.6006109143921167,-0.2109609753533341,41,0.5121951219512195,-0.1557787397049087,13,0.38461538461538464,-0.38499725701375265,0.06799469811464325,161.38580246913583,6.12962962962963,0.05355356794592667,1D
0.75,trend+bull_engulf,-1,77,0.6233766233766234,0.5996926490004032,0.041994962627626524,52,0.5961538461538461,-0.002867389701393732,25,0.68,0.1353086554719886,0.055218363311561214,156.93939393939397,6.038961038961039,0.04891412828146439,1D
0.75,trend+lowvol,-1,193,0.41450777202072536,0.6165852243136426,-0.3536645511261718,137,0.26277372262773724,-0.6238175928519576,56,0.7857142857142857,0.3072455688101257,0.03546077735100447,141.98056994818654,5.290155440414508,0.07905315216244126,1D
0.75,trend+hivol,-1,172,0.5174418604651163,0.6025780590397541,-0.14808284032663374,48,0.375,-0.387440050688525,124,0.5725806451612904,-0.055428436315579074,0.03810143907917599,162.62209302325581,6.232558139534884,0.05360609614058723,1D
0.75,trend+near_ema200,-1,142,0.5352112676056338,0.6028537682552495,-0.12248757596808456,95,0.47368421052631576,-0.22564807704505305,47,0.6595744680851063,0.08602833046408581,0.04185489409127182,174.11208920187792,6.661971830985915,0.059107294277943694,1D
0.75,trend+far_ema200,-1,389,0.4830287206266319,0.6030367038373065,-0.2118109074485393,269,0.5130111524163569,-0.1623195913870302,120,0.41228070175438597,-0.3227539409530889,0.025534084918550682,164.32369323050557,6.323907455012853,0.05823023776246802,1D
0.75,rsi>70,-1,72,0.4305555555555556,0.599158874579743,-0.29351420460923117,46,0.3695652173913043,-0.40717812621007393,26,0.5384615384615384,-0.09241649716158597,0.05835445678683116,161.95486111111111,6.194444444444445,0.046986426831453314,1D
0.75,rsi<30,-1,155,0.3741935483870968,0.6029098454398997,-0.4005510442139228,136,0.34558823529411764,-0.44972000820453367,19,0.5789473684210527,-0.04860477564955018,0.03886890595177011,108.1774193548387,4.04516129032258,0.05538975389134215,1D
0.75,bb_break_up,-1,94,0.6063829787234043,0.597437964634821,0.012755460809694566,61,0.6065573770491803,0.01604606708298056,33,0.6060606060606061,0.0066728249711961556,0.05039024958853708,132.27393617021275,4.957446808510638,0.048414751956262894,1D
0.75,d1_trend,-1,816,0.5419753086419753,0.6009775102658278,-0.10670752720553,547,0.5374771480804388,-0.1119856790583053,269,0.5513307984790875,-0.09597463105880856,0.01750619197208434,153.67524509803923,5.863970588235294,0.0549392912890083,1D
1.0,all,1,1854,0.5217391304347826,0.533176449278566,-0.027254561000341945,1317,0.5408085430968727,0.013774637651628872,537,0.47448015122873344,-0.12787924372780105,0.011645287585074812,175.23984178353112,6.773462783171521,0.06902944827132208,1D
1.0,trend,1,1038,0.5067437379576107,0.5335492450102346,-0.05658973109768441,771,0.5278858625162127,-0.01026997824330161,267,0.44569288389513106,-0.19034452304798072,0.015517859746005086,153.00618175979446,5.8526011560693645,0.07007720701290598,1D
1.0,trend+50,1,974,0.5010266940451745,0.5340908497531588,-0.06907750896539365,708,0.5211864406779662,-0.024731299092606945,266,0.4473684210526316,-0.18711178185987848,0.016020999627200588,154.90272073921972,5.93223819301848,0.07113089705574271,1D
1.0,trend+d1,1,1005,0.5034825870646766,0.5336444116075171,-0.0635130688624217,747,0.5247657295850067,-0.01682889788754892,258,0.4418604651162791,-0.1986800290105999,0.015771624863442926,152.53233830845772,5.834825870646767,0.07047824299177494,1D
1.0,trend+macd,1,308,0.512987012987013,0.5316346881710312,-0.03820970300807431,239,0.4895397489539749,-0.08140395975708398,69,0.5942028985507246,0.11140518631095919,0.028480532055217927,137.26055194805195,5.172077922077922,0.06418372898210026,1D
1.0,trend+run3,1,135,0.4740740740740741,0.5317137560074939,-0.11633580651502791,102,0.49019607843137253,-0.07810973057929928,33,0.42424242424242425,-0.2344891321345527,0.042975259580788724,141.44444444444446,5.355555555555555,0.06448395466317605,1D
1.0,trend+pullback_ema20,1,348,0.4109195402298851,0.5347904962491783,-0.25124122887465616,235,0.4127659574468085,-0.24717491948519202,113,0.40707964601769914,-0.25969771300318784,0.026374004948661583,167.17385057471265,6.445402298850575,0.07308030933442626,1D
1.0,trend+rsi<40,1,53,0.4716981132075472,0.5366924083413754,-0.1282349807739315,39,0.38461538461538464,-0.3032298780684754,14,0.7142857142857143,0.35925080454658354,0.06857016833128594,189.1965408805031,7.377358490566038,0.07163120718902585,1D
1.0,trend+hammer,1,74,0.5,0.5327790120652867,-0.0674265869821275,54,0.5185185185185185,-0.027568157076890705,20,0.45,-0.17504434772626679,0.05812381937190964,154.99324324324326,5.891891891891892,0.06742658698212751,1D
1.0,trend+bull_engulf,1,102,0.5784313725490197,0.5336689226785536,0.08691793540681143,76,0.5394736842105263,0.012325338466030988,26,0.6923076923076923,0.304957834156785,0.04889449624186604,152.19199346405227,5.823529411764706,0.0699448096912278,1D
1.0,trend+lowvol,1,451,0.49002217294900224,0.5411480076095299,-0.10411952791876221,274,0.4416058394160584,-0.19486478915328154,177,0.5649717514124294,0.03635618721264062,0.02353939204301239,146.70620842572063,5.560975609756097,0.08416387381676663,1D
1.0,trend+hivol,1,195,0.4564102564102564,0.5312254892975102,-0.14973665019383103,162,0.5123456790123457,-0.036086182903445826,33,0.18181818181818182,-0.7076571259829949,0.03566941764519842,182.0897435897436,7.035897435897436,0.06255716301434386,1D
1.0,trend+near_ema200,1,114,0.5087719298245614,0.5280586866740141,-0.038243735424660516,82,0.5975609756097561,0.13761587004998269,32,0.28125,-0.4888839744534338,0.04682208330076898,144.9919590643275,5.482456140350878,0.055787595073783315,1D
1.0,trend+far_ema200,1,511,0.538160469667319,0.5339976419183783,0.0054747050358713275,363,0.5922865013774105,0.11876497626250535,148,0.40540540540540543,-0.27239264939161617,0.02205418423296462,147.7345075016308,5.632093933463796,0.07084623429876664,1D
1.0,rsi>70,1,155,0.6838709677419355,0.5318026887846227,0.3035184681332199,136,0.6985294117647058,0.33656586317521464,19,0.5789473684210527,0.06696869309578417,0.037346802533744144,129.44946236559142,4.948387096774193,0.06422346735065104,1D
1.0,rsi<30,1,72,0.6388888888888888,0.5288588339908454,0.22316934270880903,46,0.717391304347826,0.37172560315887776,26,0.5,-0.03966096424131252,0.05660657065109947,197.82175925925927,7.708333333333333,0.05460843506896874,1D
1.0,bb_break_up,1,129,0.5503875968992248,0.5315010639243479,0.035148205568544186,98,0.5510204081632653,0.046451468346471805,31,0.5483870967741935,-0.0005846896649043576,0.04379843631759079,131.19767441860466,4.9689922480620154,0.06562698822990543,1D
1.0,d1_trend,1,1038,0.5048169556840078,0.5335255147322789,-0.06049478287313133,770,0.5272727272727272,-0.011608564785175348,268,0.44029850746268656,-0.20095145424524366,0.015518551175159634,153.27175658317276,5.862235067437379,0.07012869424114676,1D
1.0,all,-1,1854,0.4782608695652174,0.533176449278566,-0.11080433554230223,1317,0.4591914569031274,-0.14549882792357804,537,0.5255198487712666,-0.025715608417273772,0.011645287585074812,175.23984178353112,6.773462783171521,0.06902944827132208,1D
1.0,trend,-1,816,0.45885286783042395,0.5328122283564827,-0.1454547760000391,546,0.44074074074074077,-0.17894469441349223,270,0.4961832061068702,-0.07773071876394502,0.017595727261132284,203.52236519607843,7.944852941176471,0.0676966375191602,1D
1.0,trend+50,-1,617,0.4537953795379538,0.5337738281921497,-0.15841571222936696,402,0.44611528822055135,-0.17182892795002547,215,0.46859903381642515,-0.13333611818422872,0.020224202613855206,201.27323068611562,7.875202593192869,0.06908294573911838,1D
1.0,trend+d1,-1,783,0.459037711313394,0.532900460696681,-0.1452466753517949,523,0.44294003868471954,-0.17463937856057507,260,0.49206349206349204,-0.08612212235874853,0.017969852332589666,204.69114516815665,7.997445721583652,0.06804279157095558,1D
1.0,trend+macd,-1,292,0.45454545454545453,0.5299981845670834,-0.15095752079040117,203,0.46,-0.13754909278580382,89,0.4418604651162791,-0.1815407891604379,0.029443194346877078,194.03795662100458,7.561643835616438,0.06320204355187142,1D
1.0,trend+run3,-1,134,0.45454545454545453,0.5279729663841946,-0.1475716806156124,85,0.4523809523809524,-0.14217611153886847,49,0.4583333333333333,-0.15693134125894387,0.043339208602072375,168.21517412935322,6.455223880597015,0.05837638496492057,1D
1.0,trend+pullback_ema20,-1,226,0.4247787610619469,0.5292832692051753,-0.21395935324086257,140,0.44285714285714284,-0.1718297157258398,86,0.3953488372093023,-0.2825424840792718,0.032880970988600766,141.21681415929203,5.371681415929204,0.06351687536475638,1D
1.0,trend+rsi<40,-1,63,0.5555555555555556,0.538873785235287,0.029815030070838248,30,0.6333333333333333,0.20891306545914956,33,0.48484848484848486,-0.13300136573671756,0.062604018868779,164.8174603174603,6.412698412698413,0.08129608104027283,1D
1.0,trend+hammer,-1,54,0.4444444444444444,0.5306629277390779,-0.17225651671705913,41,0.4634146341463415,-0.13270402622360364,13,0.38461538461538464,-0.2969989867348803,0.06762006882779828,198.12191358024688,7.722222222222222,0.06114540560594803,1D
1.0,trend+bull_engulf,-1,77,0.5454545454545454,0.530754041662094,0.030754356235493035,52,0.5192307692307693,-0.018748617172137196,25,0.6,0.13372054092336388,0.056744343993850845,203.24458874458875,7.9480519480519485,0.06015473467359787,1D
1.0,trend+lowvol,-1,193,0.34196891191709844,0.5451426280549949,-0.4066177095019374,137,0.16058394160583941,-0.7727912511283035,56,0.7857142857142857,0.489199704833994,0.034145845012281774,166.09455958549222,6.300518134715026,0.09055553333613427,1D
1.0,trend+hivol,-1,172,0.4226190476190476,0.5365672799338284,-0.21616059287786477,48,0.26666666666666666,-0.49374478471300226,124,0.4796747967479675,-0.10870864765135994,0.03811106796249308,228.5184108527132,8.976744186046512,0.07043957177223541,1D
1.0,trend+near_ema200,-1,142,0.5352112676056338,0.5304032764155575,0.006152797044674762,95,0.47368421052631576,-0.11132998818947466,47,0.6595744680851063,0.24361800124135966,0.04185489409127182,196.74647887323943,7.556338028169014,0.06426973816659284,1D
1.0,trend+far_ema200,-1,389,0.37037037037037035,0.535647416084853,-0.32171540604509496,269,0.38721804511278196,-0.2969273094500221,120,0.33035714285714285,-0.3772820559123832,0.024837895560585077,220.05934018851758,8.67095115681234,0.07205392294873672,1D
1.0,rsi>70,-1,72,0.3611111111111111,0.5288588339908454,-0.33238621284674646,46,0.2826086956521739,-0.49783961423242656,26,0.5,-0.03966096424131253,0.05660657065109946,197.82175925925927,7.708333333333333,0.05460843506896874,1D
1.0,rsi<30,-1,155,0.3161290322580645,0.5318026887846227,-0.43196540283452195,136,0.3014705882352941,-0.4575517838836089,19,0.42105263157894735,-0.2488207805884263,0.037346802533744144,129.44946236559142,4.948387096774193,0.06422346735065104,1D
1.0,bb_break_up,-1,94,0.5425531914893617,0.5278458561868861,0.027006219917966003,61,0.5573770491803278,0.05905999147426539,33,0.5151515151515151,-0.03224469114064797,0.05138395580107374,168.59840425531914,6.468085106382978,0.0581001630607574,1D
1.0,d1_trend,-1,816,0.456359102244389,0.5328340836212394,-0.15029124200137012,547,0.4399260628465804,-0.18040833910560747,269,0.4904214559386973,-0.0890494125737945,0.017588233996512135,203.1845383986928,7.932598039215686,0.06763114273617746,1D
2.0,all,1,1854,0.32658797077009555,0.3705650715786924,-0.11799876198791616,1317,0.33751962323390894,-0.08414458833310169,537,0.299009900990099,-0.20102659570000306,0.011118662638267813,315.96516540812655,12.632146709816613,0.11568659956833909,1D
2.0,trend,1,1038,0.3098729227761486,0.36975824400553914,-0.18098601520281724,771,0.30952380952380953,-0.17715071281632735,267,0.31086142322097376,-0.19206098950987235,0.014458343253792682,268.97631663455365,10.662813102119461,0.11220807276996121,1D
2.0,trend+50,1,974,0.30656934306569344,0.3700417741809516,-0.19159386906901552,708,0.30447330447330445,-0.19263050558357114,266,0.31203007518796994,-0.1888347012032058,0.014888693072098851,269.5381587953456,10.688911704312115,0.11316316655843589,1D
2.0,trend+d1,1,1005,0.30404040404040406,0.3699023927373073,-0.19858926294239432,747,0.3005464480874317,-0.2036937540524957,258,0.313953488372093,-0.18380998054221706,0.01461975406221833,268.5446102819238,10.64776119402985,0.11262756717592211,1D
2.0,trend+macd,1,308,0.3256578947368421,0.3658548652353397,-0.12303184895706334,239,0.3276595744680851,-0.10860284866010823,69,0.3188405797101449,-0.17301056013057445,0.02687720800797546,228.4577922077922,8.9512987012987,0.10016079450590464,1D
2.0,trend+run3,1,135,0.3533834586466165,0.3664040616475661,-0.0466428502922261,102,0.38,0.04047768841582971,33,0.2727272727272727,-0.31592451538985294,0.04144963333699365,239.7037037037037,9.392592592592592,0.10225018046856174,1D
2.0,trend+pullback_ema20,1,348,0.27246376811594203,0.3679160937600159,-0.2854313907617582,235,0.25,-0.3431678062445384,113,0.3185840707964602,-0.1653600842267728,0.023970226893655917,264.83812260536394,10.494252873563218,0.10958890844234216,1D
2.0,trend+rsi<40,1,53,0.3269230769230769,0.3738881004474852,-0.11079913986845227,39,0.23684210526315788,-0.3480996468320231,14,0.5714285714285714,0.5502522723872094,0.06505092364658288,335.48742138364776,13.415094339622641,0.12315944040883021,1D
2.0,trend+hammer,1,74,0.22972972972972974,0.36800890571254036,-0.4204438380802083,54,0.24074074074074073,-0.37203864325980274,20,0.2,-0.551137864095303,0.0489006136323676,263.81869369369366,10.405405405405405,0.10963302726939742,1D
2.0,trend+bull_engulf,1,102,0.32,0.37168426840768715,-0.16091275484581488,76,0.2972972972972973,-0.21759049709328837,26,0.38461538461538464,0.00476064556987668,0.0466476151587624,281.9983660130719,11.22549019607843,0.117551424275563,1D
2.0,trend+lowvol,1,451,0.3207126948775056,0.37577948179380943,-0.16800144102891296,274,0.25735294117647056,-0.3428305762649778,177,0.4180790960451977,0.10263801125742471,0.022027319655025274,243.52845528455285,9.58980044345898,0.12889933063040224,1D
2.0,trend+hivol,1,195,0.24083769633507854,0.368491458253339,-0.369384275899192,162,0.2721518987341772,-0.2796546909955359,33,0.09090909090909091,-0.8098749654262308,0.03093946973075608,328.07094017094016,13.123076923076923,0.10607865125046466,1D
2.0,trend+near_ema200,1,114,0.4473684210526316,0.3599477400621099,0.26098293598991623,82,0.573170731707317,0.6333414162972838,32,0.125,-0.6931856697977133,0.04656912584059398,219.56140350877192,8.56140350877193,0.08112232716797849,1D
2.0,trend+far_ema200,1,511,0.29563492063492064,0.37314435896380677,-0.232669344226824,363,0.33146067415730335,-0.12461657119611232,148,0.20945945945945946,-0.4976906726737722,0.02032644859712676,282.9166666666667,11.25440313111546,0.12018694496434155,1D
2.0,rsi>70,1,155,0.4768211920529801,0.3752909915769082,0.2927151339649753,136,0.5303030303030303,0.4619271195860604,19,0.10526315789473684,-0.9184864473227915,0.04064567805785118,289.1822580645161,11.55483870967742,0.12655326218068574,1D
2.0,rsi<30,1,72,0.33962264150943394,0.3732562660116807,0.09543354796799632,46,0.4473684210526316,0.32782279427311856,26,0.06666666666666667,-0.3157166570333737,0.06505137344040325,441.2372685185185,17.930555555555557,0.1208928277777425,1D
2.0,bb_break_up,1,129,0.408,0.37035153274725635,0.10190589439667021,98,0.46808510638297873,0.29199367589592806,31,0.22580645161290322,-0.4990167696977577,0.04395779794302713,255.593669250646,10.131782945736434,0.1148050763711059,1D
2.0,d1_trend,1,1038,0.30596285434995113,0.3698047409830101,-0.19266377802089002,770,0.304635761589404,-0.19161089717087496,268,0.30970149253731344,-0.19568884613473944,0.014407475593914067,269.93095696852924,10.703275529865126,0.11232514194641552,1D
2.0,all,-1,1854,0.29189789123196447,0.36927796538383806,-0.22177410053669297,1317,0.2863813229571984,-0.22915320168891654,537,0.3056092843326886,-0.20367675190079268,0.010709915129918852,303.71512046026606,12.133225458468177,0.1107580663296795,1D
2.0,trend,-1,816,0.266839378238342,0.36749103993701837,-0.2744945773259257,546,0.2624521072796935,-0.27943994711175807,270,0.276,-0.26449394064790915,0.01591900339183552,334.4788602941176,13.416666666666666,0.1030280047298446,1D
2.0,trend+50,-1,617,0.27986348122866894,0.36747754814306416,-0.24900681711547462,402,0.28388746803069054,-0.2355863809148839,215,0.2717948717948718,-0.2740999117789046,0.018545208717827378,321.43584548892494,12.871961102106969,0.10477456047126871,1D
2.0,trend+d1,-1,783,0.2679296346414073,0.3675927453704156,-0.27054820145865865,523,0.26452905811623245,-0.2726876294844368,260,0.275,-0.26624465969911265,0.016291631194744145,336.45859940400175,13.503192848020435,0.10334932120527154,1D
2.0,trend+macd,-1,292,0.24817518248175183,0.3650010100763528,-0.335172222223718,203,0.23036649214659685,-0.3828502152348387,89,0.2891566265060241,-0.22642354153543146,0.026095295691622566,324.464897260274,13.023972602739725,0.0959621649710975,1D
2.0,trend+run3,-1,134,0.3046875,0.3620295205081516,-0.1720623188415111,85,0.2804878048780488,-0.23317047099894253,49,0.34782608695652173,-0.06605838142555863,0.04068294207801406,274.4570895522388,10.902985074626866,0.0864437494051329,1D
2.0,trend+pullback_ema20,-1,226,0.2825112107623318,0.3667310993962283,-0.24314368365826453,140,0.30935251798561153,-0.1544124948039082,86,0.23809523809523808,-0.38758980504907736,0.030149004144804967,263.8211651917404,10.469026548672566,0.10180949348559769,1D
2.0,trend+rsi<40,-1,63,0.5,0.3719717020106949,0.39072095368506365,30,0.6206896551724138,0.7692951646614302,33,0.3939393939393939,0.04656258007018496,0.06350006350009525,264.7354497354497,10.444444444444445,0.11364266109865745,1D
2.0,trend+hammer,-1,54,0.28846153846153844,0.3668546358998968,-0.20359543942033384,41,0.325,-0.08919887027509435,13,0.16666666666666666,-0.564384619032243,0.0628262988922542,344.75,13.814814814814815,0.10169921660761883,1D
2.0,trend+bull_engulf,-1,77,0.3108108108108108,0.3656907698311718,-0.15282803723263508,52,0.28,-0.24166547281274875,25,0.375,0.03195382877400141,0.05380237243512409,338.3116883116883,13.584415584415584,0.09934087714068125,1D
2.0,trend+lowvol,-1,193,0.2694300518134715,0.3708588286769891,-0.30376852780187097,137,0.072992700729927,-0.8891520256238626,56,0.75,1.1283303865126442,0.03193561357595714,214.17271157167528,8.300518134715025,0.1120586832422855,1D
2.0,trend+hivol,-1,172,0.10062893081761007,0.37520342123339656,-0.7452333032966504,48,0.022727272727272728,-0.9216933715731471,124,0.13043478260869565,-0.6769261800928452,0.023857906024522257,414.0426356589147,16.709302325581394,0.12479043544009777,1D
2.0,trend+near_ema200,-1,142,0.23880597014925373,0.37122262898573877,-0.32964361814416665,95,0.20689655172413793,-0.3722354718370304,47,0.2978723404255319,-0.24355370110539948,0.036831370346073304,390.14377934272295,15.690140845070422,0.11135167372068665,1D
2.0,trend+far_ema200,-1,389,0.20604395604395603,0.3670927164473758,-0.4512442629255167,269,0.24324324324324326,-0.3636636647829329,120,0.11428571428571428,-0.6475707704284753,0.02119959077342646,326.61546700942586,13.074550128534705,0.1012280881186584,1D
2.0,rsi>70,-1,72,0.2153846153846154,0.36313923393776476,-0.41412853022515533,46,0.16279069767441862,-0.574854997265554,26,0.3181818181818182,-0.12976631930752694,0.05098930247388046,323.67824074074076,12.930555555555555,0.0851451500994987,1D
2.0,rsi<30,-1,155,0.11258278145695365,0.3667575741273695,-0.7258843547829652,136,0.09090909090909091,-0.7798240451673057,19,0.2631578947368421,-0.3397897288740008,0.02572239712295087,223.21666666666667,8.838709677419354,0.10298129120817814,1D
2.0,bb_break_up,-1,94,0.4157303370786517,0.3617619986564005,0.1457407358647557,61,0.41379310344827586,0.1381484906525859,33,0.41935483870967744,0.15977488610543308,0.05224172682323283,274.3608156028368,10.861702127659575,0.08259826196686458,1D
2.0,d1_trend,-1,816,0.26718547341115434,0.36758163609096145,-0.2742234738879271,547,0.2624521072796935,-0.28075651726722695,269,0.27710843373493976,-0.26093880946979714,0.015935887934663794,334.66390931372547,13.427696078431373,0.10302598545780682,1D
