feature,thr,dir,n,frac,exp_r,lift,wr,monthly_R,pos_months,worst_month_R
disp96,7.838890520809438,1,531,0.15659097611324094,0.329490039156912,0.18689000420060756,0.4369114877589454,2.7337376686300043,0.34375,-11.360326482405881
absorb,-0.027989871781558658,-1,763,0.2250073724565025,0.2936346829703501,0.15103464801404567,0.3892529488859764,3.446819432405802,0.6,-10.855852800722621
tbi_ma96,-0.012269636509327555,-1,708,0.2087879681509879,0.2920240253057324,0.14942399034942797,0.3983050847457627,3.1326213623705836,0.42424242424242425,-10.884584667150593
tbi_ma96,-0.01400008780341571,-1,534,0.15747567089354172,0.28763263873161243,0.145032603775308,0.3951310861423221,2.3272095315557735,0.3181818181818182,-8.433427089595169
tbi,-0.026111823842494275,-1,620,0.18283692126216455,0.28550009891382616,0.14290006395752172,0.39838709677419354,2.7232317127164962,0.46153846153846156,-10.36471035623379
to_lo96,9.235004501180814,1,630,0.1857859038631672,0.28348656165513325,0.1408865266988288,0.42063492063492064,2.790570841292718,0.390625,-12.398060761478725
to_lo480,2.6426072417031157,-1,607,0.1790032438808611,0.28345214310072325,0.14085210814441881,0.3953871499176277,2.7750879171312746,0.22580645161290322,-21.873360693751227
dq,-0.05206340829645829,-1,619,0.1825420230020643,0.28289750482161813,0.1402974698653137,0.3974151857835218,2.694054699762794,0.46153846153846156,-10.36471035623379
pos480,0.1363221714693247,-1,647,0.19079917428487173,0.28239380924120056,0.13979377428489612,0.4080370942812983,2.9469160415976896,0.25806451612903225,-25.945731421681312
since_hi480,5.0,-1,536,0.15806546741374225,0.27839500121227373,0.1357949662559693,0.4141791044776119,2.3685669944409327,0.2698412698412698,-9.237724839459766
vol_of_vol,-0.682570745863482,-1,545,0.16071955175464464,0.2774569425365916,0.13485690758028715,0.42935779816513764,2.400222756864165,0.6190476190476191,-11.41194002829671
absorb,-0.03610457442884276,-1,546,0.1610144500147449,0.2753178700356566,0.13271783507935217,0.38278388278388276,2.312670108299515,0.5384615384615384,-10.703383074634125
absorb_z,0.034842608210733865,-1,900,0.26540843409023884,0.26757076241621425,0.12497072745990981,0.3888888888888889,3.648692214766559,0.5151515151515151,-13.049620833794828
absorb_z,0.06865668055424572,-1,1074,0.316720731347685,0.2666863667573014,0.12408633180099696,0.39106145251396646,4.3397145135960855,0.45454545454545453,-15.079195359296074
tbi_ma96,-0.011015744313588002,-1,870,0.2565614862872309,0.26589804797726757,0.12329801302096313,0.3850574712643678,3.5050197233367086,0.5,-14.96247726090889
absorb,-0.020775723571972354,-1,1070,0.315541138307284,0.263405295718107,0.12080526076180256,0.3841121495327103,4.336056406436532,0.5692307692307692,-13.345461504993303
since_hi480,17.0,-1,645,0.1902093777646712,0.2589800760001004,0.11638004104379598,0.4,2.6100335784385122,0.265625,-15.389670142389777
tbi_ma24,-0.012365537628191786,-1,901,0.2657033323503391,0.257186034917273,0.11458599996096855,0.38179800221975585,3.5109790524312574,0.5757575757575758,-14.697618514207587
persist96,0.20447868229993427,1,1201,0.35417281038041876,0.25436985590901745,0.11176982095271301,0.3930058284762698,4.628760559798938,0.42424242424242425,-29.57080037941715
tbi_ma24,0.0010557677204755572,1,569,0.16779710999705102,0.25292694180131126,0.11032690684500682,0.38488576449912126,2.2140835366914784,0.4307692307692308,-12.97591550106492
since_hi96,8.0,-1,1226,0.3615452668829254,0.2524794153126063,0.10987938035630188,0.40456769983686786,4.762150202665467,0.49230769230769234,-17.220329142516576
dq_cum24,0.05373394895375528,1,568,0.16750221173695076,0.25173184426134765,0.10913180930504321,0.38380281690140844,2.1997490390837764,0.4307692307692308,-12.97591550106492
dq_cum24,-0.5899741873224915,-1,902,0.2659982306104394,0.2501280176507269,0.10752798269442246,0.37915742793791574,3.418416241226601,0.5606060606060606,-14.697618514207587
ats_rank480,0.9291666666666667,1,985,0.29047478619876144,0.249823523582835,0.10722348862653056,0.4040609137055838,3.8449401676420703,0.546875,-19.208442039385485
disp24,4.936519589683862,1,580,0.17104099085815394,0.2497472548608101,0.10714721990450565,0.4051724137931034,2.228513966450306,0.4,-12.987471371962966
range_per_trade,1.6001385510401959e-07,1,597,0.17605426127985846,0.24917836272126767,0.10657832776496323,0.38023450586264657,2.5648186645620146,0.41379310344827586,-7.478460272973334
to_lo96,8.458996996651042,1,847,0.2497788263049248,0.24867696076766663,0.10607692581136219,0.4049586776859504,3.2910841526595886,0.375,-14.053007359556995
tbi_z24,-0.8661431796226875,-1,561,0.1654379239162489,0.2473801921161898,0.10478015715988537,0.38146167557932265,2.102731632987613,0.48484848484848486,-9.26778645467188
absorb_z,0.09804453362668711,-1,1251,0.36891772338543205,0.24609901275622667,0.10349897779992223,0.3820943245403677,4.66469492360666,0.5,-16.09471250091722
vol_of_vol,-0.5339233235818385,-1,808,0.23827779416101444,0.2460924508572357,0.10349241590093125,0.4146039603960396,3.1069171920726006,0.578125,-12.534660619377362
absorb_z,-0.007266660295054745,-1,703,0.2073134768504866,0.24554528866762737,0.10294525371132293,0.37695590327169276,2.6154293626263945,0.5151515151515151,-11.016713031914698
disp24,3.9232222006988247,1,871,0.2568563845473312,0.244527887392765,0.10192785243646055,0.40298507462686567,3.2766736910630505,0.4,-16.056496420212937
dow,2.0,1,2185,0.6443526983190799,0.2438655363401932,0.10126550138388876,0.37757437070938216,8.07342722580791,0.5909090909090909,-29.400145951720404
vol_of_vol,-0.6068013855201452,-1,681,0.20082571512828074,0.24371157834761142,0.10111154339130698,0.4155653450807636,2.634406108805133,0.5714285714285714,-12.436535028876042
flow_eff,0.601090526168981,-1,1410,0.41580654674137424,0.24282527935151252,0.10022524439520808,0.39290780141843973,5.18763096796413,0.6060606060606061,-17.16344081318145
persist96,0.234581446106029,1,932,0.27484517841344736,0.24150138963522433,0.09890135467891989,0.3873390557939914,3.4102923506065017,0.4090909090909091,-21.78502544608982
tbi_ma8,-0.01840221405991419,-1,525,0.15482158655263933,0.24115419892355575,0.09855416396725131,0.37333333333333335,1.918272036891921,0.4393939393939394,-8.26115821474088
persist96,0.18186158598914745,1,1418,0.41816573282217634,0.2402060080617852,0.09760597310548075,0.3899858956276446,5.160789688357748,0.4393939393939394,-25.848919500712974
disp96,6.594173799159288,1,761,0.224417575936302,0.23939604369573375,0.09679600873942931,0.40341655716162944,2.8465685820695836,0.3125,-12.786957406840436
flow_eff,0.7632096607210583,-1,1590,0.468888233559422,0.23846538781048204,0.0958653528541776,0.3918238993710692,5.744847979070704,0.5606060606060606,-17.2709193525326
since_hi96,4.0,-1,1112,0.3279268652314951,0.2383123464137927,0.09571231145748826,0.4037769784172662,4.076974295571345,0.46153846153846156,-14.121030418560432
since_lo96,82.0,1,859,0.25331760542612797,0.23766011820232508,0.09506008324602064,0.3981373690337602,3.189844398996832,0.5,-14.466548220413918
since_lo96,86.0,1,720,0.21232674727219109,0.2357695159366317,0.09316948098032726,0.4,2.6524070542871065,0.46875,-10.183348360550875
since_lo96,71.0,1,1123,0.33117074609259806,0.23515235029854184,0.0925523153422374,0.39715048975957257,4.062709067465578,0.46153846153846156,-16.286464650932558
tbi_ma24,-0.011043984768457502,-1,1062,0.3131819522264819,0.23337939361849208,0.09077935866218764,0.3747645951035782,3.7552866064066452,0.5606060606060606,-17.755511153364736
flow_eff,0.47992579290450516,-1,1254,0.36980241816573284,0.2331744222967609,0.09057438734045647,0.38915470494417864,4.430314023638458,0.5909090909090909,-16.85842299657423
ats_rank480,0.9708333333333333,1,659,0.1943379534060749,0.23289764750439934,0.0902976125480949,0.4006069802731411,2.43618332865713,0.4444444444444444,-12.57862431751092
to_lo24,5.108208310759423,1,836,0.24653494544382187,0.23233065360118255,0.08973061864487811,0.39832535885167464,2.988129637085978,0.49230769230769234,-15.022542131188967
ats_z96,1.949395050670381,1,712,0.20996756119138896,0.2308312168709692,0.08823118191466475,0.398876404494382,2.4901791880625765,0.5151515151515151,-13.436824060913452
atr_rank,0.44375,-1,871,0.2568563845473312,0.23033172690606205,0.0877316919497576,0.4052812858783008,3.1346708458621886,0.5,-14.514019587558604
tbi_ma8,-0.01258172037738434,-1,1078,0.31790032438808613,0.22963071801504878,0.08703068305874434,0.37755102040816324,3.7506350609124635,0.5303030303030303,-13.629372830625282
dq_cum24,-0.5266450998603455,-1,1059,0.3122972574461811,0.22933178266154902,0.08673174770524458,0.37393767705382436,3.6797326945239455,0.5606060606060606,-17.755511153364736
to_lo24,5.918916827082892,1,558,0.1645532291359481,0.22916999683170408,0.08656996187539964,0.3996415770609319,1.9673362804937058,0.46153846153846156,-15.79587720155883
since_lo96,66.0,1,1230,0.3627248599233264,0.22849490521962235,0.08589487026331791,0.3926829268292683,4.323826668002084,0.47692307692307695,-21.49615772237489
vol_of_vol,-0.3148288538875244,-1,1253,0.3695075199056326,0.22805981327732122,0.08545977832101678,0.4038308060654429,4.464983531820055,0.640625,-17.683888374447257
to_lo480,4.110734364759986,-1,784,0.23120023591860808,0.226491845113125,0.08389181015682057,0.3711734693877551,2.8640259123982257,0.27419354838709675,-23.181959060073748
to_lo96,1.6271763349378408,-1,974,0.2872309053376585,0.22608856466656405,0.0834885297102596,0.38295687885010266,3.336519120988385,0.3484848484848485,-12.677091494595272
pos480,0.17292150617469862,-1,759,0.22382777941610144,0.22518400083450962,0.08258396587820518,0.38603425559947296,2.756688010216013,0.24193548387096775,-27.12586984271398
since_hi96,24.0,-1,1561,0.4603361840165143,0.2251785658235532,0.08257853086724876,0.3869314541960282,5.32581426137222,0.5,-23.573162809258633
disp24,3.207838273789324,1,1077,0.31760542612798587,0.2251074671822745,0.08250743222597007,0.39740018570102137,3.673344578110753,0.4090909090909091,-15.314974941924211
since_hi96,18.0,-1,1446,0.4264228841049838,0.22470937635555382,0.08210934139924939,0.38865836791147995,4.923178154698953,0.5,-19.62223852217032
tbi_ma8,-0.016081334728438892,-1,702,0.2070185785903863,0.22438776904276345,0.08178773408645901,0.36894586894586895,2.386669907091211,0.45454545454545453,-11.590533948392583
ats_rank480,0.88125,1,1272,0.3751105868475376,0.22407320614524576,0.08147317118894132,0.3915094339622642,4.4534549721367584,0.546875,-19.325222620776504
flow_eff,0.37794219297028003,-1,1130,0.3332350339132999,0.223610372038652,0.08101033708234756,0.384070796460177,3.828480612176921,0.5909090909090909,-16.11272277749542
vol_of_vol,-0.4610722557011541,-1,968,0.2854615157770569,0.2235573812485571,0.08095734629225265,0.40289256198347106,3.3813053913844264,0.59375,-14.495721659761315
absorb_z,0.12041437863045543,-1,1448,0.4270126806251843,0.22308183959590377,0.08048180463959934,0.3756906077348066,4.894280359619222,0.5454545454545454,-19.723296021571695
vol_of_vol,-0.3893312711999162,-1,1117,0.3294013565319965,0.22296238569830454,0.0803623507420001,0.40286481647269473,3.8913903878907217,0.640625,-18.090860505527356
tbi_ma8,-0.008327780066072262,-1,1542,0.4547331170746093,0.22285241552297314,0.0802523805666687,0.3754863813229572,5.206642799036736,0.4393939393939394,-14.106866997579644
atr_pct,0.015318442094708295,-1,629,0.18549100560306694,0.22284204290711196,0.08024200795080752,0.41017488076311603,2.6955316343956426,0.40384615384615385,-16.71871985583067
since_hi96,12.0,-1,1329,0.39191978767325275,0.22233174245371035,0.07973170749740591,0.3927765237020316,4.476952813954259,0.45454545454545453,-18.251240995157733
range_per_trade,1.3910673907259232e-07,1,746,0.219994102034798,0.2216841275682022,0.07908409261189775,0.37131367292225204,2.8029891384047265,0.4406779661016949,-12.645819852632549
tbi_ma8,-0.011067728445784481,-1,1243,0.3665585373046299,0.22167575723565433,0.07907572227934989,0.37248592115848755,4.174893427938156,0.5303030303030303,-11.920415965310449
dow,3.0,1,1578,0.4653494544382188,0.21961902317693552,0.07701898822063108,0.3745247148288973,5.250891190503094,0.5606060606060606,-23.81956876887682
since_hi96,88.0,1,545,0.16071955175464464,0.21948150126265506,0.07688146630635062,0.3724770642201835,1.8123851240628333,0.2878787878787879,-17.241664779567262
since_lo96,89.0,1,599,0.17664405780005898,0.21937857144250789,0.07677853648620345,0.3989983305509182,2.053246317094722,0.484375,-9.145806808199868
tbi,-0.010154683391366465,-1,1490,0.43939840754939546,0.21802406435646796,0.07542402940016352,0.3718120805369127,4.922058422592988,0.48484848484848486,-15.27279426396312
tbi_ma8,-0.009680633742236879,-1,1402,0.4134473606605721,0.21599746646531848,0.07339743150901404,0.3723252496433666,4.5883098179451,0.45454545454545453,-12.613549814755443
dq,-0.020148928832343732,-1,1484,0.4376290179887939,0.21561705857373611,0.07301702361743168,0.37264150943396224,4.848116892779158,0.48484848484848486,-15.27279426396312
dq_cum24,-0.6634954040440044,-1,725,0.21380123857269243,0.21555577537327866,0.07295574041697422,0.36689655172413793,2.3678475325095,0.4696969696969697,-10.055032312404164
disp24,2.609656644720742,1,1232,0.363314656443527,0.21540172368793647,0.07280168873163204,0.3944805194805195,4.020832175508147,0.4393939393939394,-17.23940800708824
since_lo96,77.0,1,992,0.2925390740194633,0.21509362211661728,0.07249358716031284,0.3911290322580645,3.3339511428075674,0.5,-16.512640849932
persist24,0.3899407640377659,1,1478,0.43585962842819226,0.21508991460277865,0.07248987964647421,0.37821380243572394,4.816710511862225,0.48484848484848486,-15.449210180051084
rpt_z,0.6104506920916885,1,642,0.18932468298437038,0.2149410229040747,0.07234098794777027,0.3660436137071651,2.0907899500669087,0.48484848484848486,-9.868493299528756
dq,-0.04461765710107503,-1,801,0.2362135063403126,0.2136976492508806,0.07109761429457617,0.37453183520599254,2.593512379544778,0.4393939393939394,-10.6686138415858
since_lo24,20.0,1,1064,0.3137717487466824,0.21350044113974645,0.07090040618344201,0.3825187969924812,3.441885899586216,0.5606060606060606,-17.072113577398486
atr_pct,0.01636152040532686,-1,741,0.21851961073429665,0.21324479413570105,0.07064475917939661,0.4048582995951417,2.821685579545616,0.4107142857142857,-17.75053058243575
tbi_ma96,-0.0026472034842730846,1,839,0.2474196402241227,0.21293537709577348,0.07033534213946904,0.36829558998808104,2.7485043289746756,0.4307692307692308,-16.313586167655135
tbi_ma24,-0.013900966022715766,-1,727,0.21439103509289295,0.2123155926688528,0.06971555771254836,0.3658872077028886,2.338688422276606,0.4696969696969697,-10.055032312404164
tbi_z24,0.13192643676761087,-1,1799,0.5305219699203775,0.21203219149208014,0.0694321565357757,0.36853807670928296,5.779483522640185,0.48484848484848486,-19.45357072997396
flow_eff,0.2959882589023797,-1,1042,0.30728398702447657,0.21201279535426112,0.06941276039795669,0.3800383877159309,3.3472323145324263,0.5757575757575758,-14.490278237981778
to_lo480,16.74971862368889,1,583,0.17192568563845473,0.2119652475839517,0.06936521262764725,0.4013722126929674,1.9615196720864105,0.42857142857142855,-24.304785239977544
tbi_ma8,-0.014192662465193163,-1,902,0.2659982306104394,0.21170065945283306,0.06910062449652862,0.369179600886918,2.893242345855385,0.45454545454545453,-12.610446331409241
since_hi96,2.0,-1,1028,0.30315541138307284,0.21157559710605991,0.06897556214975548,0.3968871595330739,3.3461494434619943,0.4461538461538462,-14.039323737550067
ats_z96,1.4935688472638855,1,1167,0.3441462695370097,0.2113624068977242,0.06876237194141976,0.39417309340188517,3.737271649237032,0.5757575757575758,-13.44291028439271
disp6,2.5514622658147275,1,739,0.21792981421409613,0.21130120509072894,0.0687011701344245,0.39242219215155616,2.4023321624930563,0.49230769230769234,-10.33290137420683
tbi,-0.02240562725754945,-1,805,0.23739309938071365,0.21129454679876428,0.06869451184245984,0.3739130434782609,2.577153184439473,0.4393939393939394,-10.6686138415858
to_lo96,7.815905937803766,1,1017,0.2999115305219699,0.2111539169988635,0.06855388204255905,0.39233038348082594,3.355367712310065,0.40625,-13.012200335333247
lo_pos,0.6108786610878661,1,1219,0.35948097906222354,0.21109248546286527,0.06849245050656083,0.3642329778506973,3.8988142390792833,0.45454545454545453,-16.86362939110016
pos480,0.20579632895128566,-1,862,0.25420230020642876,0.21060894714776865,0.06800891219146421,0.37703016241299303,2.9281437490544606,0.2903225806451613,-27.28320717904856
since_lo24,19.0,1,1174,0.3462105573577116,0.21050556324172512,0.06790552828542068,0.38245315161839866,3.744447443117959,0.5151515151515151,-18.09841685503036
atr_rank,0.5020833333333333,-1,1009,0.2975523444411678,0.20990379232026726,0.06730375736396282,0.39643211100099107,3.3092644757992136,0.546875,-18.737594727761966
tbi_ma96,-0.009834735997478517,-1,1024,0.3019758183426718,0.20950438694931717,0.06690435199301273,0.3671875,3.250492306607588,0.4090909090909091,-15.980671148422383
pos96,0.15735746337992956,-1,916,0.2701268062518431,0.20924883974552932,0.06664880478922489,0.38318777292576417,2.90412026071068,0.3333333333333333,-13.70771145655751
pos96,0.892556063522853,1,987,0.29106458271896196,0.209192204189921,0.06659216923361655,0.39918946301925023,3.176503162083877,0.4153846153846154,-17.275543109606808
dq_cum24,-0.013579380638012284,1,733,0.21616042465349455,0.20873691968839456,0.06613688473209012,0.37244201909959074,2.353910186639896,0.47692307692307695,-13.9939381024991
tbi_z96,-0.6666151219916321,-1,718,0.21173695075199056,0.20868232523114985,0.06608229027484541,0.3732590529247911,2.270210750241903,0.3787878787878788,-8.923472041600895
disp96,-6.321052971649496,-1,662,0.1952226481863757,0.20864968969517203,0.06604965473886759,0.3716012084592145,2.2278402351323203,0.22580645161290322,-13.161577393355024
tbi_ma24,-0.00035602773994793926,1,733,0.21616042465349455,0.20823009223554226,0.06563005727923782,0.37244201909959074,2.3481947324408066,0.46153846153846156,-13.9939381024991
dq,-0.014711157369682247,-1,1667,0.49159539958714243,0.20816940840810108,0.06556937345179664,0.367126574685063,5.257854603277342,0.5,-16.478964965482707
tbi,-0.007428456108668276,-1,1672,0.49306989088764375,0.20805675449173758,0.06545671953543314,0.3672248803827751,5.270771113790685,0.5,-16.478964965482707
persist96,0.1631430912521455,1,1622,0.4783249778826305,0.2076374300585397,0.06503739510223527,0.3785450061652281,5.1028471447719905,0.3939393939393939,-16.345789107189276
to_lo24,4.574910532522263,1,1073,0.31642583308758476,0.20725505667548047,0.06465502171917603,0.39049394221808015,3.4213027048121627,0.4461538461538462,-15.313746569838843
extreme_late,0.8786610878661087,1,1091,0.32173400176938954,0.2071387574879669,0.06453872253166246,0.38130155820348305,3.4240664305965436,0.4696969696969697,-13.748104328690225
extreme_late,0.8451882845188284,1,1261,0.3718667059864347,0.2069774813183324,0.06437744636202797,0.3782712133227597,3.954524302157836,0.5606060606060606,-14.470643210207616
tbi_z24,-0.3925286961448375,-1,1054,0.3108227661456797,0.2066979939249117,0.06409795896860726,0.36148007590132825,3.3009043272251053,0.4696969696969697,-10.276557663106129
rpt_z,0.8116377657757554,1,516,0.15216750221173694,0.2065127781733507,0.06391274321704626,0.36046511627906974,1.6145544475371059,0.5303030303030303,-9.208431591735007
lo_pos,0.6861924686192469,1,1046,0.3084635800648776,0.2064205199583961,0.06382048500209167,0.36424474187380496,3.271452482977004,0.4393939393939394,-11.506132881727467
persist24,0.3508489979229426,1,1735,0.5116484812739605,0.20635593308288702,0.06375589812658258,0.37579250720461094,5.424659756042559,0.5151515151515151,-20.639444167295736
dq_z96,-0.6663979433760853,-1,715,0.21085225597168977,0.2062131263788649,0.06361309142256047,0.37202797202797205,2.233975535771037,0.3787878787878788,-8.923472041600895
atr_rank,0.5583333333333333,-1,1164,0.34326157475670893,0.20576541180899102,0.06316537685268658,0.39347079037800686,3.7423584272760246,0.515625,-21.445976965809123
to_lo96,2.136092455769393,-1,1133,0.3341197286936007,0.20558790307490685,0.06298786811860241,0.37422771403353927,3.5292590027859005,0.3333333333333333,-16.08783328705754
absorb,-0.013427742282029195,-1,1479,0.4361545266882925,0.20557002040222944,0.062969985445925,0.36578769438810005,4.606637275377232,0.45454545454545453,-18.49049451813228
flow_eff,0.9860497618100217,-1,1838,0.5420230020642878,0.2051559836076289,0.06255594865132447,0.3808487486398259,5.713283301073058,0.5303030303030303,-19.334615969546945
persist96,0.2845389593170849,1,587,0.1731052786788558,0.20504027440255992,0.062440239446255486,0.3730834752981261,1.8516714011431183,0.24615384615384617,-14.346840648848083
dq_z96,0.013094795769238256,-1,1584,0.4671188439988204,0.20503087628207717,0.06243084132577273,0.3648989898989899,4.920741030769851,0.48484848484848486,-23.695756123193082
since_lo96,53.0,1,1525,0.44971984665290476,0.2046579153656603,0.062057880409355864,0.3842622950819672,4.728838195948968,0.45454545454545453,-22.527228503863267
dn_wick,0.24404541808506391,1,1478,0.43585962842819226,0.20453655459037193,0.06193651963406749,0.36265223274695535,4.580379207341966,0.5151515151515151,-18.458679283509646
dn_wick,0.3033494895949621,1,1232,0.363314656443527,0.20443930352873751,0.061839268572433076,0.3628246753246753,3.8162003325364333,0.5303030303030303,-15.322556135071538
to_lo96,6.698899870770856,1,1292,0.3810085520495429,0.2041519008350993,0.061551865878794854,0.38544891640866874,4.057911628906898,0.4461538461538462,-19.343734815554257
dn_wick,0.1897435897435969,1,1812,0.534355647301681,0.20413931405271746,0.06153927909641302,0.36368653421633557,5.60455207672006,0.5303030303030303,-22.798409459005054
ats_rank480,0.83125,1,1516,0.44706576231200235,0.20383420509158232,0.06123417013527788,0.3812664907651715,4.828322733106857,0.5625,-22.380056270937832
tbi_z96,0.013286454640581109,-1,1586,0.46770864051902095,0.20376512987337908,0.06116509491707464,0.3644388398486759,4.896537817866352,0.48484848484848486,-23.695756123193082
since_hi96,30.0,-1,1662,0.4901209082866411,0.2037363166994737,0.06113628174316926,0.3760529482551143,5.130450884159473,0.5151515151515151,-23.573162809258633
dq_z96,-0.11306332710682344,-1,1402,0.4134473606605721,0.20332905509983115,0.06072902014352671,0.3637660485021398,4.319202049241866,0.48484848484848486,-15.459855882326298
disp24,1.1959383480242862,1,1546,0.45591271011501033,0.2029295536653784,0.060329518709073965,0.3874514877102199,4.753471060101138,0.4696969696969697,-18.890874045444967
tbi_z24,-0.6928965815821089,-1,721,0.21262164553229135,0.20197405635013793,0.05937402139383349,0.3633841886269071,2.2064135549765074,0.4393939393939394,-11.715588782582344
range_per_trade,2.2250103860663018e-08,-1,552,0.1627838395753465,0.20194560516988475,0.059345570213580306,0.375,1.8274421976028914,0.39344262295081966,-14.305983286426036
tbi_ma96,-0.008843789479787334,-1,1171,0.34532586257741077,0.20166666317641158,0.05906662822010714,0.36464560204953034,3.578055493629969,0.45454545454545453,-15.980671148422383
tbi_ma96,-0.007953161537149518,-1,1349,0.39781775287525806,0.20151820360705663,0.058918168650752195,0.36619718309859156,4.118909949483628,0.5,-15.980671148422383
dq_cum24,-0.41526682970386936,-1,1365,0.40253612503686226,0.20132022428334775,0.058720189327043315,0.36556776556776555,4.163668274951057,0.5303030303030303,-17.033249431103933
tbi_ma24,-0.008718666969190166,-1,1368,0.4034208198171631,0.20082135803509468,0.058221323078790244,0.3654970760233918,4.162479057454689,0.5303030303030303,-17.033249431103933
atr_rank,0.39166666666666666,-1,748,0.22058389855499852,0.20068331255316518,0.058083277596860744,0.39705882352941174,2.345486215465118,0.421875,-12.072467678973926
tbi_z96,-0.11312598916609008,-1,1404,0.4140371571807726,0.20055730414831852,0.05795726919201408,0.36253561253561256,4.266400833700594,0.48484848484848486,-15.459855882326298
dq_z96,0.13386080330224834,-1,1781,0.5252138012385726,0.20029130694378153,0.05769127198747709,0.36384053902302077,5.404830570710226,0.48484848484848486,-22.854443483759578
dq,-0.009260510838984487,-1,1848,0.5449719846652905,0.2002735462083708,0.05767351125206635,0.36363636363636365,5.607659293834383,0.5757575757575758,-21.61470094179289
since_lo24,18.0,1,1275,0.3759952816278384,0.20005810217748063,0.05745806722117619,0.3803921568627451,3.8647587920649666,0.5151515151515151,-20.15944522955242
disp96,5.5159421849735075,1,948,0.2795635505750516,0.19994287880467998,0.05734284384837554,0.39029535864978904,2.961653892294322,0.296875,-15.58239081781409
disp24,2.0754411876405614,1,1365,0.40253612503686226,0.1998865844553445,0.05728654949904005,0.38974358974358975,4.134017996690078,0.4090909090909091,-19.320025689512757
pos96,0.8486378399822634,1,1173,0.34591565909761135,0.19962614398648032,0.05702610903017588,0.39471440750213127,3.6024841060944834,0.36923076923076925,-19.34723324096266
tbi_z24,0.007411767277753444,-1,1613,0.4756708935417281,0.19945378872847827,0.05685375377217383,0.36577805331680097,4.87452971543993,0.4393939393939394,-17.799875035990794
pos24,0.8400941896371841,1,1112,0.3279268652314951,0.19938518035039024,0.0567851453940858,0.3947841726618705,3.411020316148214,0.4,-19.43038884645283
tbi,-0.004717452074794661,-1,1852,0.5461515777056916,0.19907091442244493,0.05647087946614049,0.36285097192224625,5.58605050773285,0.5757575757575758,-21.61470094179289
tbi_ma24,-0.009830359625567444,-1,1225,0.3612503686228251,0.19905870025433714,0.0564586652980327,0.363265306122449,3.694650118357015,0.5606060606060606,-19.820327252192584
dn_wick,0.2162374505894289,1,1665,0.4910056030669419,0.19904558517248436,0.05644555021617992,0.36156156156156155,5.0213772623058555,0.5303030303030303,-21.77391586707862
absorb_z,0.14432144265699018,-1,1641,0.48392804482453555,0.1990363236002113,0.05643628864390687,0.3692870201096892,4.94876677315071,0.5151515151515151,-20.75481609224091
tbi_ma8,-0.006975433369952805,-1,1677,0.4945443821881451,0.1989538574911591,0.05635382253485466,0.3661299940369708,5.055236651707179,0.45454545454545453,-17.22280066611503
dq_z96,-0.5169205587146055,-1,876,0.2583308758478325,0.19891267459990586,0.05631263964360142,0.365296803652968,2.6401136810532955,0.3787878787878788,-10.983341874437496
disp24,1.6201275266414796,1,1461,0.43084635800648774,0.1988471141672993,0.056247079210994866,0.3887748117727584,4.401752027248855,0.3787878787878788,-17.608052095771498
to_lo96,7.2314404811049275,1,1163,0.34296667649660867,0.19875116720720823,0.05615113225090379,0.3834909716251075,3.611681366593487,0.375,-17.6382970718143
flow_eff,0.22848754152139378,-1,984,0.2901798879386612,0.19857069998158336,0.05597066502527892,0.375,2.960508617907243,0.5303030303030303,-14.490278237981778
pos24,0.24937570139822363,-1,1126,0.33205544087289884,0.19850043569196962,0.055900400735665184,0.3703374777975133,3.38653773619936,0.36363636363636365,-19.738187751264928
tbi_z96,0.13364065910184175,-1,1784,0.5260984960188735,0.19822260184546944,0.055622566889165004,0.3632286995515695,5.358016995338144,0.48484848484848486,-23.871959391716086
to_lo96,2.5938543654278363,-1,1262,0.37216160424653494,0.19820761779316107,0.05560758283685663,0.36687797147385104,3.7899699038631707,0.3484848484848485,-16.08783328705754
dq_cum24,-0.4683989330022474,-1,1224,0.36095547036272485,0.19815320842338865,0.055553173467084216,0.36356209150326796,3.674841319851935,0.5606060606060606,-19.820327252192584
dq_cum24,-0.752849062682045,-1,560,0.16514302565614863,0.19812487056590114,0.0555248356095967,0.35714285714285715,1.6810595078318882,0.3939393939393939,-11.635997254981074
since_hi480,35.0,-1,746,0.219994102034798,0.1981136507087328,0.05551361575242836,0.3726541554959786,2.3092622410736667,0.265625,-22.595418934130546
since_lo480,108.0,-1,794,0.23414921851961074,0.1980308505876261,0.055430815631321656,0.34760705289672544,2.536072505912502,0.27419354838709675,-18.790338363827473
to_lo24,4.153809089862272,1,1255,0.3700973164258331,0.19775971267838643,0.055159677722081996,0.3856573705179283,3.8182836832519227,0.46153846153846156,-17.38167708951501
to_lo480,15.56262760109223,1,699,0.20613388381008552,0.19752144132521168,0.054921406368907244,0.39198855507868385,2.191547420417825,0.3968253968253968,-29.42616944390754
tbi_z96,-0.5167928590641852,-1,882,0.2601002654084341,0.19736870046955127,0.05476866551324683,0.36281179138321995,2.6375635426385484,0.3939393939393939,-10.983341874437496
flow_eff,1.327593285125625,-1,2158,0.6363904452963728,0.19719711823490915,0.05459708327860471,0.3758109360518999,6.4477481992565755,0.5151515151515151,-25.014034176070588
hi_pos,0.8368200836820083,1,708,0.2087879681509879,0.19649470833991928,0.05389467338361484,0.3884180790960452,2.1078523258282256,0.5303030303030303,-13.392825326783045
m1_jump,0.3148655501091111,1,1514,0.4464759657918018,0.19630599863690326,0.05370596368059882,0.36988110964332893,4.503140635398054,0.5454545454545454,-22.823454284080174
dn_wick,0.4881889763779526,1,540,0.15924506045414333,0.1961367085907366,0.05353667363443215,0.34629629629629627,1.6047548884696625,0.5454545454545454,-9.65135897645014
tbi_z24,-0.12335761265321835,-1,1410,0.41580654674137424,0.19598123736316478,0.05338120240686034,0.3624113475177305,4.1868718891221555,0.42424242424242425,-18.515537989066598
tbi_z24,-0.5387817141554839,-1,885,0.2609849601887349,0.19579440749010774,0.0531943725338033,0.35706214689265536,2.6254250095264453,0.4393939393939394,-12.856192740583197
to_hi96,3.290937428570585,-1,1624,0.47891477440283103,0.19520300685969452,0.05260297190339008,0.3854679802955665,4.8031770172749075,0.48484848484848486,-25.15100380843158
vol_per_trade_z,0.1930836504334063,-1,987,0.29106458271896196,0.1950611880251478,0.05246115306884336,0.3525835866261398,2.9170514027397103,0.5,-14.171680266949467
tbi,-0.015914149671543813,-1,1121,0.33058094957239753,0.1941978264868519,0.05159779153054747,0.3666369313113292,3.2984206589660756,0.4090909090909091,-12.314480769510126
since_lo24,1.0,-1,1013,0.29873193748156884,0.1939565970154823,0.05135656205917785,0.368213228035538,2.9769398905558115,0.36363636363636365,-18.487822296007927
tbi_ma24,-0.0157689770794702,-1,562,0.16573282217634916,0.19381558717366792,0.051215552217363486,0.35587188612099646,1.6503690907818391,0.3939393939393939,-12.650756388368062
to_hi96,1.5306826582395523,-1,1230,0.3627248599233264,0.19368741136758277,0.051087376411278335,0.3926829268292683,3.6651617843404125,0.38461538461538464,-18.615208126332796
disp24,0.7960747457097256,1,1629,0.48038926570333235,0.1936536577115001,0.05105362275519565,0.3812154696132597,4.779724369879299,0.48484848484848486,-20.899094412588585
dq_cum24,-0.07204726903584924,1,879,0.2592155706281333,0.19336610452788247,0.05076606957157803,0.36973833902161546,2.6149047058462873,0.49230769230769234,-15.547114132276562
pos480,0.24188056358079701,-1,976,0.287820701857859,0.193174267343602,0.05057423238729755,0.36577868852459017,3.0409368536670254,0.3064516129032258,-28.52514175454224
dq,-0.003708863463779115,-1,2029,0.5983485697434385,0.1929557207372481,0.050355685780943654,0.36076885165105965,5.9319266269072175,0.5606060606060606,-24.700205427351165
ats_rank480,0.7770833333333333,1,1712,0.5048658212916544,0.1929519991932866,0.050351964236982155,0.379088785046729,5.161465978420416,0.515625,-24.93164483871659
persist24,0.4377398865338477,1,1188,0.3503391329991153,0.19292679183974554,0.0503267568834411,0.37037037037037035,3.4726822531154196,0.4393939393939394,-18.503613712439567
to_hi480,2.2305196694429306,-1,713,0.21026245945148925,0.1925692996713394,0.04996926471503496,0.3899018232819074,2.179395407391508,0.2698412698412698,-19.91288740718474
pos96,0.20605821771477498,-1,1050,0.30964317310527867,0.19252709110532032,0.04992705614901588,0.3742857142857143,3.062930994857368,0.3181818181818182,-15.070009003080857
range_per_trade,9.362272017390254e-08,1,1201,0.35417281038041876,0.19247738188538943,0.04987734692908499,0.3680266444629475,3.5025050855204953,0.5454545454545454,-18.829006739098986
lo_pos,0.8786610878661087,1,555,0.1636685343556473,0.1922523647897676,0.049652329833463155,0.3621621621621622,1.616667613004864,0.3787878787878788,-10.679487722237473
tbi,-0.0019497763972127658,-1,2028,0.5980536714833382,0.19194397837389562,0.049343943417591185,0.3604536489151874,5.89791497185243,0.5606060606060606,-24.700205427351165
vol_per_trade_z,0.3445041382408266,-1,1119,0.329991153052197,0.1918223426244981,0.04922230766819366,0.3521000893655049,3.252260627224445,0.5454545454545454,-18.84190958320938
to_lo24,3.7804243405257294,1,1383,0.40784429371866704,0.19174354465818283,0.04914350970187839,0.38177874186550975,4.017898822155558,0.4393939393939394,-17.38167708951501
dq,-0.031666986162527146,-1,1115,0.32881156001179596,0.1914939028191496,0.048893867862845164,0.36591928251121075,3.235086388535633,0.4090909090909091,-12.314480769510126
disp96,2.54810756638535,1,1438,0.42406369802418165,0.191443946556559,0.04884391160025456,0.38456189151599446,4.235329156128183,0.4307692307692308,-23.54139132997399
tbi_z96,-0.37599707859027665,-1,1056,0.31141256266588024,0.19142283670455879,0.048822801748254346,0.35795454545454547,3.0627653872729397,0.42424242424242425,-13.178041638782062
to_lo24,1.5668408012513984,-1,1222,0.3603656738425243,0.19119203437798057,0.048591999421676135,0.3657937806873977,3.5399494849983677,0.3787878787878788,-20.872468726966467
tbi_ma24,-0.0015699596895821302,1,883,0.2603951636685344,0.19116427360583566,0.048564238649531216,0.36919592298980747,2.5968931322146593,0.49230769230769234,-15.547114132276562
flow_eff,0.16731794265833164,-1,930,0.27425538189324683,0.19105197589209624,0.048451940935791804,0.3709677419354839,2.6920960239340834,0.5151515151515151,-14.490278237981778
since_hi96,37.0,-1,1785,0.5263933942789738,0.19097654226007985,0.04837650730377541,0.3697478991596639,5.165047392943069,0.5,-26.67048218043524
tbi_ma8,-0.00561812625921781,-1,1841,0.5429076968445886,0.19078527521918978,0.04818524026288534,0.3628462791960891,5.321752904220127,0.5303030303030303,-20.34318503946288
hi_pos,0.28451882845188287,1,1964,0.5791801828369213,0.19073089841978627,0.04813086346348183,0.3772912423625255,5.675689159037276,0.5303030303030303,-26.098445292257473
tbi_z96,-0.24023633862737753,-1,1227,0.36184016514302564,0.1902344184240779,0.04763438346777346,0.3602281988590057,3.5366307788839935,0.48484848484848486,-15.277323586596312
dq_z96,-0.8360006048976868,-1,566,0.1669124152167502,0.19012635073578804,0.0475263157794836,0.3674911660777385,1.6304774926735761,0.4393939393939394,-9.630316000492657
tbi_z24,-0.25509212229889494,-1,1230,0.3627248599233264,0.18943962478345738,0.046839589827152944,0.36016260162601627,3.530465734600796,0.45454545454545453,-15.396244168188536
tbi_z96,-0.8357261045231238,-1,569,0.16779710999705102,0.18941736548349244,0.046817330527188006,0.36731107205623903,1.6330072872743513,0.42424242424242425,-9.630316000492657
vol_per_trade_z,0.04231788545242745,-1,855,0.2521380123857269,0.18941220341684065,0.04681216846053621,0.3543859649122807,2.453748998809072,0.5,-20.218083250649165
tbi,-0.013039050168420597,-1,1318,0.3886759068121498,0.18934613506499462,0.04674610010869018,0.36342943854324733,3.7811849396312565,0.4393939393939394,-14.231907804239404
since_lo24,16.0,1,1441,0.42494839280448243,0.1893326613935254,0.04673262643722095,0.37682165163081194,4.133763107091972,0.4696969696969697,-20.474774511476095
rpt_z,0.28451854069865834,1,883,0.2603951636685344,0.18930142105596362,0.04670138609965918,0.36013590033975085,2.532623557460847,0.5303030303030303,-9.651586371803146
atr_pct,0.017475263931639673,-1,873,0.2574461810675317,0.18905112194552556,0.046451086989221124,0.3951890034364261,2.6197084041022833,0.36507936507936506,-17.730252975913086
persist24,0.31598248822547914,1,1941,0.5723975228546152,0.18903245577842198,0.04643242082211754,0.3704276146316332,5.559272676756319,0.5303030303030303,-21.667792070813007
persist6,0.30263798340503756,-1,586,0.17281038041875552,0.18901980442391986,0.04641976946761542,0.35665529010238906,1.678266748369955,0.6060606060606061,-13.61319033951262
since_lo96,46.0,1,1654,0.48776172220583897,0.18869239204637467,0.04609235709007023,0.3766626360338573,4.72874570370763,0.4696969696969697,-24.62234990929217
since_lo24,15.0,1,1511,0.44559127101150103,0.1883150872664985,0.04571505231019407,0.37657180675049634,4.311274194843626,0.5151515151515151,-21.516396939413784
flow_eff,0.11336318462435212,-1,889,0.26216455322913595,0.18818963048058696,0.04558959552428252,0.3700787401574803,2.5348572954127553,0.5606060606060606,-14.490278237981778
dn_wick,0.33438223475752327,1,1082,0.3190799174284872,0.18818190475473376,0.04558186979842932,0.355822550831793,3.0850427415851804,0.48484848484848486,-14.072764629800144
since_lo96,59.0,1,1379,0.406664700678266,0.18813048978176805,0.04553045482546361,0.3799854967367658,3.9307870516523957,0.42424242424242425,-21.49615772237489
dn_wick,0.44378730580274894,1,676,0.19935122382777942,0.18809607654211874,0.0454960415858143,0.34467455621301774,1.9265598142798823,0.5303030303030303,-8.435983665931312
absorb_z,-0.05028259517638459,-1,527,0.15541138307283986,0.18793405412212252,0.045334019165818085,0.34724857685009486,1.500624947308463,0.4393939393939394,-9.992802057398004
to_hi96,3.779175990676179,-1,1703,0.5022117369507519,0.18789135356335848,0.04529131860705404,0.3799177921315326,4.848166289672719,0.5151515151515151,-25.15100380843158
dq,-0.03783332291198611,-1,961,0.2833972279563551,0.18722863576567553,0.04462860080937109,0.36420395421436,2.7261624086486997,0.3939393939393939,-11.700424568190885
pos96,0.9358232556281337,1,664,0.19581244470657624,0.18715642039826538,0.044556385441960944,0.3885542168674699,1.9118748176068956,0.4307692307692308,-15.028374470504469
tbi,-0.018997528413466625,-1,961,0.2833972279563551,0.18712972119103793,0.044529686234733495,0.36420395421436,2.724722152493749,0.3787878787878788,-11.700424568190885
ats_z96,0.5668446319463135,1,2137,0.6301975818342672,0.18702122045335542,0.044421185497050986,0.37903603182030887,6.05552042589122,0.5606060606060606,-27.08251325950345
disp96,1.6257867623889026,1,1542,0.4547331170746093,0.1869198615899303,0.04431982663362585,0.38261997405966275,4.367127675328373,0.4393939393939394,-25.62593464239294
dq_z96,-0.2398042125671835,-1,1226,0.3615452668829254,0.18634894822961476,0.04374891327331032,0.35889070146818924,3.461572886810723,0.48484848484848486,-15.277323586596312
vol_per_trade_z,0.5107189555194236,-1,1277,0.37658507814803893,0.18630878648291924,0.0437087515266148,0.3500391542678152,3.6047927324043614,0.5606060606060606,-19.869151807438527
to_lo24,1.1816387067754406,-1,1018,0.3002064287820702,0.18612969906679705,0.04352966411049261,0.36836935166994106,2.8709096007575656,0.3939393939393939,-20.77355054219051
dow,1.0,1,2739,0.8077263344146269,0.18609777870536698,0.04349774374906254,0.3607155896312523,7.723057816272729,0.5757575757575758,-29.528826170453023
tbi_ma8,-0.00431923498781072,-1,2001,0.5900914184606311,0.18584980077285065,0.043249765816546215,0.36281859070464767,5.634628050704154,0.5,-21.375207034781955
disp24,0.42489317220924205,1,1701,0.5016219404305514,0.18577893496412995,0.04317890000782551,0.37742504409171074,4.788029823848258,0.5151515151515151,-21.940302264878284
vol_of_vol,-0.22708174618823743,-1,1417,0.4178708345620761,0.18565063614642974,0.0430506011901253,0.3860268172194778,4.110421115929546,0.609375,-21.436126520966976
avg_trade_usd,728.9854387257425,-1,664,0.19581244470657624,0.18560959819298384,0.0430095632366794,0.3689759036144578,1.8673450484869887,0.45454545454545453,-12.848033614421835
absorb,-0.0056911828448312,-1,1888,0.5567679150693011,0.18530565471428417,0.042705619757979735,0.3580508474576271,5.300864789402554,0.5606060606060606,-24.700205427351165
dq_z96,-0.3757262986833552,-1,1049,0.3093482748451784,0.1852740643869006,0.04267402943059617,0.3574833174451859,2.944734750634223,0.3939393939393939,-13.178041638782062
to_hi96,4.293674703955854,-1,1787,0.5269831907991743,0.18518310205933722,0.04258306710303278,0.37716843872411865,5.013972778485386,0.5,-27.127271459906673
to_lo24,1.7657444486494243,-1,1313,0.3872014155116485,0.18515502881813456,0.04255499386183012,0.3625285605483625,3.683462921791071,0.3787878787878788,-21.127433265583633
rpt_z,-0.7661033145014268,-1,1317,0.38838100855204954,0.18508397766935863,0.042483942713054196,0.3735763097949886,3.693266645311292,0.5757575757575758,-19.033650001492436
disp96,3.5429910355324963,1,1297,0.38248304335004424,0.18495736187412806,0.04235732691782362,0.38396299151888974,3.6906107438576017,0.4153846153846154,-18.37795214201222
since_lo24,22.0,1,844,0.248894131524624,0.18488376205113977,0.04228372709483533,0.37796208530805686,2.3642711389569993,0.48484848484848486,-15.013436809554221
tbi_z8,-0.43211321305180056,-1,1098,0.32379828959009144,0.18482206827635267,0.04222203332004823,0.3542805100182149,3.074767135870231,0.5,-15.003812981737783
vol_per_trade_z,-0.10029255664011023,-1,745,0.21969920377469773,0.18473246749022382,0.04213243253391938,0.348993288590604,2.085237701215405,0.4696969696969697,-18.171640982124494
pos96,0.8049934054862161,1,1299,0.38307283987024476,0.1847206682333822,0.04212063327707777,0.3887605850654349,3.691571508233284,0.35384615384615387,-20.513583452260285
ats_z96,1.1972746371871619,1,1500,0.4423473901503981,0.18468700588479103,0.042086970928486594,0.38533333333333336,4.197431951927069,0.5757575757575758,-15.720355807911652
since_lo96,7.0,-1,987,0.29106458271896196,0.18464707126550103,0.042047036309196595,0.3566362715298885,2.8037947590623,0.3076923076923077,-11.585996044420119
updn_ratio,0.5127118644067796,1,1235,0.3641993512238278,0.18453307489471757,0.04193303993841313,0.37327935222672065,3.4530052650753973,0.48484848484848486,-14.246537154129733
tbi_z24,0.2649673983974616,-1,1990,0.5868475375995281,0.1843295454255154,0.04172951046921097,0.3597989949748744,5.557815081769328,0.4696969696969697,-20.656335557567758
gap,-5.619064220955205e-05,-1,865,0.2550869949867296,0.18427234124152642,0.04167230628522198,0.36184971098265895,2.415084472332126,0.5454545454545454,-12.316693840606021
since_lo480,140.0,-1,968,0.2854615157770569,0.18421586409798696,0.04161582914168252,0.3512396694214876,2.876144458820183,0.2903225806451613,-20.582187191064726
range_per_trade,8.20067766840945e-08,1,1367,0.40312592155706284,0.18421009192096705,0.041610056964662606,0.36649597659107536,3.8153817523630607,0.5606060606060606,-19.846831023075666
dn_wick,0.2732889887376465,1,1352,0.39870244765555884,0.18399675153307934,0.041396716576774906,0.35650887573964496,3.7691455768594437,0.5151515151515151,-16.632997476046455
dq,-0.025906452109306106,-1,1311,0.38661161899144797,0.1838492564023515,0.04124922144604706,0.36155606407322655,3.6519147749012557,0.42424242424242425,-14.231907804239404
persist96,0.1470913205815352,1,1799,0.5305219699203775,0.1837792581829473,0.04117922322664286,0.3707615341856587,5.00937705259276,0.4393939393939394,-20.66220295736237
lo_pos,0.7573221757322176,1,873,0.2574461810675317,0.18348366492419188,0.04088362996788744,0.3550973654066438,2.426988476951811,0.4090909090909091,-11.235696387693004
pos24,0.2948517940717625,-1,1240,0.3656738425243291,0.18346053753436212,0.04086050257805768,0.36370967741935484,3.4468343415546823,0.36363636363636365,-21.903088688928705
disp6,1.9102947246316255,1,1029,0.3034503096431731,0.1833890919276081,0.04078905697130367,0.38872691933916426,2.9031903937462893,0.4153846153846154,-15.36201851974852
pos96,0.7589912280701754,1,1396,0.4116779710999705,0.18338039779310486,0.04078036283680042,0.3861031518624642,3.9384466972180685,0.4153846153846154,-22.75531114363823
pos24,0.20412447093122013,-1,1000,0.29489826010026543,0.18320769725827896,0.04060766230197452,0.366,2.775874200883014,0.36363636363636365,-19.738187751264928
ats_z96,0.9485915655547411,1,1756,0.517841344736066,0.18314417229906454,0.040544137342760106,0.3809794988610478,4.872744947835717,0.5606060606060606,-19.827063602460587
updn_ratio,0.5169491525423728,1,1104,0.325567679150693,0.18306056441366586,0.04046052945736142,0.37681159420289856,3.0621039865558646,0.5,-13.386191489734582
to_hi96,2.3837300085857636,-1,1470,0.43350044234739016,0.1828665465800844,0.04026651162377995,0.38571428571428573,4.135597284195755,0.4307692307692308,-22.99163091779996
range_rank,0.9020833333333333,-1,1233,0.36360955470362727,0.18283366376516616,0.04023362880886172,0.37550689375506896,3.522404803475779,0.5,-24.053688478827006
m1_jump,0.4112401569944065,1,950,0.28015334709525214,0.18275928210181958,0.04015924714551514,0.36210526315789476,2.6306260302534628,0.5606060606060606,-13.261784224351057
extreme_late,0.6861924686192469,1,1979,0.5836036567384253,0.18271999673833866,0.040119961782034225,0.36988377968671043,5.478831417351094,0.5454545454545454,-24.757661327617065
pos24,0.8837406833144348,1,868,0.2559716897670304,0.1825208744778877,0.03992083952158326,0.38940092165898615,2.4373556776431773,0.4153846153846154,-16.35719528704053
dn_wick,0.40397710912755713,1,806,0.23768799764081391,0.18243938625902834,0.0398393513027239,0.34863523573200994,2.227971898860255,0.5454545454545454,-8.746683244656952
ats_z96,0.7446180841102951,1,1966,0.5797699793571218,0.18238579898522997,0.03978576402892553,0.37843336724313326,5.432886072802457,0.5303030303030303,-23.722827027546646
lo_pos,0.5397489539748954,1,1381,0.4072544971984665,0.18231094797251324,0.0397109130162088,0.35409123823316435,3.8147184719703153,0.4696969696969697,-15.94903148827264
pos96,0.7094708702625248,1,1481,0.43674432320849305,0.18229406587207447,0.039694030915770034,0.3835246455097907,4.153500177792959,0.4153846153846154,-22.99163091779996
kyle,4.7387989411580724e-07,-1,590,0.1739899734591566,0.18199821911176278,0.03939818415545834,0.3728813559322034,1.6777960824365632,0.421875,-12.414853016207607
tbi_z8,-0.7571835894977664,-1,742,0.21881450899439694,0.18187562492949585,0.039275589973191416,0.35175202156334234,2.0447229348134237,0.5454545454545454,-10.543458919844396
tbi_ma96,-0.0017218568146742986,1,664,0.19581244470657624,0.18184994513581912,0.03924991017951468,0.3539156626506024,1.857667131848983,0.35384615384615387,-16.313586167655135
range_per_trade,1.2200640028364996e-07,1,880,0.25951046888823354,0.1814731762162173,0.03887314125991287,0.35909090909090907,2.6179736896765777,0.4918032786885246,-13.69968601808989
persist24,0.2850696459698671,1,2118,0.6245945148923622,0.18108663179856796,0.03848659684226352,0.3692162417374882,5.811234638626773,0.4696969696969697,-20.879701768034494
ats_z96,0.4018794646085375,1,2277,0.6714833382483043,0.18084130693933972,0.038241271983035285,0.37549407114624506,6.239025089407219,0.5757575757575758,-30.162090415852532
since_lo24,23.0,1,693,0.20436449424948394,0.18079206694929115,0.03819203199298671,0.37806637806637805,1.8983167029675574,0.4393939393939394,-13.3829310254033
since_lo24,13.0,1,1659,0.48923621350634033,0.18076791292562863,0.03816787796932419,0.3719107896323086,4.543847993085119,0.5151515151515151,-24.024532628216548
lo_pos,0.401673640167364,1,1686,0.4971984665290475,0.18033205760304716,0.03773202264674272,0.3552787663107948,4.606664380586931,0.48484848484848486,-20.637192633805324
tbi,0.0008063096014059232,-1,2190,0.6458271896195813,0.18022230394247107,0.037622268986166635,0.35753424657534244,5.980103721727449,0.5151515151515151,-27.850209786799628
tbi_ma8,-0.002977167232411802,-1,2151,0.6343261574756709,0.18003797277189965,0.03743793781559521,0.3621571362157136,5.867601203520548,0.4696969696969697,-21.378117411093214
dq,0.001741255262046319,-1,2185,0.6443526983190799,0.1799280060951616,0.03732797113885716,0.3574370709382151,5.956707474514062,0.5151515151515151,-27.834253255770612
kyle,1.643059886003603e-06,1,1653,0.4874668239457387,0.17969414681685303,0.03709411186054859,0.36116152450090744,4.500521586185728,0.5303030303030303,-18.815020296470582
extreme_late,0.6317991631799164,1,2184,0.6440578000589796,0.1795654585039648,0.03696542354766036,0.36813186813186816,5.94198426322211,0.5303030303030303,-21.989884450247494
tbi_ma24,-0.007652366274126035,-1,1529,0.4508994396933058,0.1795584352182131,0.036958400261908664,0.3590582079790713,4.159770415888604,0.5303030303030303,-15.752741341573866
dq_cum24,-0.3638768852045422,-1,1532,0.4517841344736066,0.1794374602582327,0.03683742530192827,0.35900783289817234,4.16512407750928,0.5303030303030303,-15.752741341573866
updn_ratio,0.5,1,1716,0.5060454143320554,0.17925114089587368,0.036651105939569245,0.3706293706293706,4.660529663292715,0.5303030303030303,-23.027531190345762
updn_ratio,0.5043859649122807,1,1488,0.43880861102919494,0.17924339246924464,0.036643357512940206,0.37163978494623656,4.041123757488424,0.5151515151515151,-16.88090282705889
persist24,0.25690564128935006,1,2257,0.6655853730462991,0.1790791792208354,0.03647914426453097,0.3695170580416482,6.123965265173115,0.4393939393939394,-21.919643311620906
pos24,0.3403637402399546,-1,1336,0.3939840754939546,0.17906052495821934,0.0364604900019149,0.3592814371257485,3.6246191112754698,0.36363636363636365,-21.104883229214046
rpt_rank,0.575,1,1076,0.3173105278678856,0.17893961058514352,0.03633957562883908,0.3559479553903346,3.0561749363430857,0.5238095238095238,-15.321292093459716
to_hi96,0.6721129308267085,-1,731,0.215570628133294,0.17892713831406593,0.03632710335776149,0.387140902872777,2.0122421247320332,0.38461538461538464,-14.142311502504697
pos96,0.6582522911075014,1,1558,0.4594514892362135,0.1789080608916095,0.03630802593530505,0.38189987163029526,4.288288597986579,0.47692307692307695,-23.009400500863173
to_lo24,0.7678246690318027,-1,686,0.20230020642878208,0.17836731403922954,0.035767279082925096,0.36443148688046645,1.853939051983507,0.3939393939393939,-17.678592107689987
to_lo24,1.3777451907163005,-1,1124,0.3314656443526983,0.17829398826947618,0.03569395331317174,0.36476868327402134,3.036400648710473,0.3484848484848485,-20.872468726966467
since_hi96,78.0,1,885,0.2609849601887349,0.1782833893376004,0.03568335438129597,0.3615819209039548,2.3906181752087328,0.3333333333333333,-22.76682909873656
to_hi480,1.2689684686335947,-1,536,0.15806546741374225,0.1782755255296453,0.03567549057334085,0.38619402985074625,1.5167568521252357,0.2222222222222222,-13.342826003214947
since_hi96,44.0,-1,1915,0.5647301680920083,0.1782680089744635,0.03566797401815905,0.36553524804177545,5.172473290698448,0.5303030303030303,-27.930647704289903
hi_pos,0.891213389121339,1,534,0.15747567089354172,0.1781486918351017,0.03554865687879727,0.38764044943820225,1.4635600221529894,0.49230769230769234,-9.614990518993848
to_hi96,2.8303130027050414,-1,1553,0.45797699793571217,0.17808241026777807,0.035482375311473635,0.381841596909208,4.190333077967566,0.4090909090909091,-24.106013142565786
disp96,-1.6846878109858903,1,2005,0.5912710115010321,0.17807907051975572,0.03547903556345128,0.371072319201995,5.4098263089713665,0.5757575757575758,-31.45150262858413
kyle_z,0.7080010749832656,-1,1265,0.3730462990268357,0.17798242381840704,0.0353823888621026,0.3691699604743083,3.4113297898528017,0.5303030303030303,-17.86890336223408
since_hi24,8.0,-1,1729,0.5098790917133589,0.17791300733343973,0.03531297237713529,0.37593984962406013,4.7324859950694975,0.5076923076923077,-21.685389220823836
vol_per_trade_z,-0.3784350737560151,-1,551,0.16248894131524624,0.1777991777634059,0.03519914280710146,0.3411978221415608,1.4843537416308585,0.3787878787878788,-13.381342318636708
to_lo96,6.186830540733467,1,1421,0.4190504276024771,0.1777707943236526,0.03517075936734815,0.3764954257565095,3.8274590717259147,0.4696969696969697,-20.6882110438257
ats_z96,0.09767057150788923,1,2536,0.747861987614273,0.17772650259996223,0.03512646764365779,0.37302839116719244,6.829006221113702,0.5757575757575758,-34.26270635868302
pos96,0.6071501611459682,1,1615,0.4762606900619286,0.17760771426568162,0.03500767930937718,0.38080495356037153,4.4128685929088585,0.47692307692307695,-26.07971439594051
rpt_rank,0.63125,1,943,0.2780890592745503,0.1775448269719187,0.03494479201561426,0.3552492046659597,2.6575360608653864,0.5555555555555556,-14.306655004180888
kyle,3.055914179451812e-06,1,733,0.21616042465349455,0.1773213515261863,0.034721316569881866,0.3506139154160982,1.969341676798402,0.42424242424242425,-9.422214554786201
tbi_z96,0.25328992535958866,-1,1973,0.5818342671778236,0.1772573865576238,0.03465735160131936,0.35732387227572227,5.298921570881694,0.4393939393939394,-22.785778652054844
tbi_ma8,0.0015716826364252977,1,774,0.22825125331760543,0.1772316688722483,0.03463163391594387,0.36563307493540054,2.110420180109542,0.47692307692307695,-22.451530359381202
flow_eff,0.064089712640506,-1,855,0.2521380123857269,0.1771124795610678,0.034512444604763354,0.36608187134502923,2.2944116670411057,0.5606060606060606,-14.490278237981778
dn_wick,0.16326602399754334,1,1971,0.5812444706576231,0.17705453689627138,0.034454501939966936,0.3556570268899036,5.287492306402286,0.48484848484848486,-26.889186624962413
disp24,0.08058131722053792,1,1763,0.5199056325567679,0.17685984653942158,0.03425981158311714,0.37266023823028926,4.724301658318186,0.5151515151515151,-21.052264685804193
since_hi24,7.0,-1,1667,0.49159539958714243,0.17663292926283586,0.03403289430653142,0.3773245350929814,4.5299552781714985,0.47692307692307695,-21.685389220823836
kyle,1.822360981298856e-06,1,1515,0.4467708640519021,0.17643868797830983,0.033838653022005394,0.3584158415841584,4.050069883138476,0.5303030303030303,-18.815020296470582
efficiency,0.07128855030802053,-1,1390,0.40990858153936893,0.1763717214932987,0.03377168653699425,0.3532374100719424,3.71449534660129,0.48484848484848486,-15.115425839417933
pos96,0.2508822599812022,-1,1158,0.34149218519610736,0.17615783025827078,0.03355779530196634,0.36528497409326427,3.0907692036223873,0.3181818181818182,-19.197785815883755
absorb,0.002363662269749889,-1,2261,0.6667649660867001,0.1755101565008878,0.032910121544583365,0.3560371517027864,6.012552482553141,0.5,-28.8822317821187
tbi_ma8,-0.0016218101901884876,-1,2303,0.6791506930109112,0.17526874591410085,0.032668710957796415,0.36083369518019975,6.1158169975783965,0.5,-24.661409136684856
to_hi96,5.363262911724609,-1,1988,0.5862577410793276,0.17519543774142599,0.03259540278512155,0.3672032193158954,5.277098942878104,0.5303030303030303,-30.519459866211342
atr_rank,0.6208333333333333,-1,1325,0.39074019463285165,0.17497899703369896,0.03237896207739452,0.38264150943396225,3.6226120479632984,0.53125,-28.72058567829012
hi_pos,0.04184100418410042,1,2781,0.8201120613388381,0.17495810635990922,0.03235807140360478,0.36461704422869473,7.372098390710721,0.5151515151515151,-36.464995813331385
tbi_ma8,0.0035680693000053696,1,612,0.18047773518136243,0.17489970612120867,0.03229967116490423,0.3627450980392157,1.6724784397840575,0.421875,-18.374175244115587
to_lo24,1.9754660543163862,-1,1396,0.4116779710999705,0.1748182815807759,0.03221824662447145,0.35744985673352436,3.6976715316176225,0.3484848484848485,-23.194092180677533
to_lo480,7.229043392410703,-1,1183,0.348864641698614,0.17472262053608406,0.03212258557977962,0.3431952662721893,3.2809025411775776,0.36507936507936506,-24.903389745180245
updn_ratio,0.5211864406779662,1,987,0.29106458271896196,0.17469066796766072,0.032090633011356284,0.375886524822695,2.61241953460729,0.4696969696969697,-12.370921498587114
tbi_z8,0.287919539479545,-1,2019,0.5953995871424359,0.1746554544878997,0.03205541953159527,0.35809806835066865,5.342869130470751,0.48484848484848486,-22.771011451724622
vol_of_vol,-0.12888951509974458,-1,1580,0.46593925095841937,0.17462523460165882,0.032025199645354385,0.380379746835443,4.311060479228452,0.5625,-22.002832525123345
vol_per_trade_z,1.4238229789514467,-1,2257,0.6655853730462991,0.17452736302227514,0.031927328065970706,0.35666814355338944,5.968306944564773,0.5151515151515151,-29.247946755218226
minofday,720.0,1,2301,0.6785608964907107,0.17438455201002367,0.031784517053719236,0.35853976531942633,6.079679608713098,0.5303030303030303,-29.420835215293174
hour,12.0,1,2301,0.6785608964907107,0.17438455201002367,0.031784517053719236,0.35853976531942633,6.079679608713098,0.5303030303030303,-29.420835215293174
minofday,599.9999999991269,1,2301,0.6785608964907107,0.17438455201002367,0.031784517053719236,0.35853976531942633,6.079679608713098,0.5303030303030303,-29.420835215293174
hour,9.999999999985448,1,2301,0.6785608964907107,0.17438455201002367,0.031784517053719236,0.35853976531942633,6.079679608713098,0.5303030303030303,-29.420835215293174
ats_z96,0.244015144885692,1,2412,0.7112946033618401,0.17436139398658737,0.03176135903028293,0.373134328358209,6.372116398418921,0.5606060606060606,-32.2003586508566
to_hi24,0.811997142210452,-1,1021,0.301091123562371,0.17425929436786317,0.03165925941155873,0.3868756121449559,2.7372113776859734,0.4461538461538462,-17.39695940838732
flow_eff,0.01208651862749651,-1,827,0.24388086110291948,0.17422288099378946,0.031622846037485025,0.3651753325272068,2.183065493664605,0.5454545454545454,-14.490278237981778
dq_z96,0.25337647618870435,-1,1967,0.580064877617222,0.17422267766564534,0.0316226427093409,0.35638027452974075,5.19236374194431,0.42424242424242425,-22.785778652054844
absorb_z,0.23755587500279124,1,716,0.21114715423179004,0.17418914217838716,0.03158910722208272,0.36033519553072624,1.8896882696928063,0.5303030303030303,-10.538559709378573
wick_skew,-0.3636363636363584,-1,511,0.15069301091123563,0.17418206978556874,0.031582034829264305,0.34637964774951074,1.3485914797034189,0.5757575757575758,-7.110303505821821
hi_pos,0.3514644351464435,1,1815,0.5352403420819817,0.17413133926288107,0.031531304306576635,0.37245179063360884,4.78861182972923,0.5151515151515151,-23.025842071248686
disp24,-3.5997928634745957,-1,838,0.2471247419640224,0.17412894883433083,0.03152891387802639,0.3532219570405728,2.244923986510296,0.3384615384615385,-12.737377653730734
since_lo480,18.0,-1,511,0.15069301091123563,0.17412136339191345,0.03152132843560901,0.3405088062622309,1.4350970434398027,0.1774193548387097,-20.52416929756625
to_lo96,5.683695837282403,1,1514,0.4464759657918018,0.17411182921455562,0.03151179425825118,0.3751651254953765,3.99401983986117,0.48484848484848486,-22.75531114363823
disp96,4.5300311202268535,1,1124,0.3314656443526983,0.17410982799572053,0.03150979303941609,0.3807829181494662,3.0107607179567677,0.3384615384615385,-13.49077243241958
persist6,0.6770919541425326,1,1622,0.4783249778826305,0.1741024271512683,0.03150239219496387,0.3655980271270037,4.2786990430205645,0.5,-19.858885495072713
up_wick,0.19069325130413853,1,1611,0.47508109702152757,0.1740978141487953,0.03149777919249086,0.3600248292985723,4.249569372631959,0.5606060606060606,-19.62046982400409
rpt_z,0.438797567403,1,762,0.22471247419640225,0.17403618683407213,0.03143615187776769,0.35170603674540685,2.009326884357015,0.48484848484848486,-9.208431591735007
kyle_z,0.5018386518524429,-1,1054,0.3108227661456797,0.17386008173749973,0.03126004678119529,0.3681214421252372,2.7764928204746178,0.5303030303030303,-16.437923884342087
kyle,2.570175678459675e-06,1,984,0.2901798879386612,0.17383478798607976,0.031234753029775325,0.35264227642276424,2.5917186572470072,0.4090909090909091,-8.421594791974616
updn_ratio,0.4978165938864629,1,1766,0.5207903273370688,0.17374786542437665,0.031147830468072207,0.3674971687429219,4.649071671809836,0.5303030303030303,-25.078379791368064
extreme_late,0.8117154811715481,1,1438,0.42406369802418165,0.1736513883939312,0.031051353437626772,0.3657858136300417,3.783495401673835,0.5303030303030303,-22.668258429058888
disp24,-1.0223714893502411,1,1984,0.5850781480389265,0.17364161292918542,0.031041577972880985,0.3689516129032258,5.219772121992482,0.5303030303030303,-24.143452898411272
tbi_z8,0.14502198087066134,-1,1832,0.5402536125036862,0.17361779340585404,0.0310177584495496,0.3558951965065502,4.81920905332613,0.4696969696969697,-16.544750623750325
to_hi480,13.45950933596258,1,1283,0.3783544677086405,0.1735100164788594,0.030909981522554975,0.37100545596258766,3.590537921651236,0.3870967741935484,-28.972720406728516
vol_per_trade_z,0.6895222800797302,-1,1456,0.4293718667059864,0.17342983117908833,0.030829796222783895,0.3482142857142857,3.825967184799282,0.5454545454545454,-21.01001475162861
tbi_z8,-0.27942695249656513,-1,1259,0.37127690946623415,0.17334275337958333,0.030742718423278886,0.3534551231135822,3.3066443409832633,0.4696969696969697,-17.092620711162336
atr_rank,0.33541666666666664,-1,604,0.1781185491005603,0.17305140869937768,0.030451373743073246,0.39403973509933776,1.633172669600377,0.40625,-11.962710168896297
persist6,0.7381873274173142,1,1313,0.3872014155116485,0.1730227610512843,0.03042272609497987,0.3648134044173648,3.442104322126307,0.5,-15.715135556103835
since_hi96,83.0,1,741,0.21851961073429665,0.17286437080239564,0.0302643358460912,0.358974358974359,1.9407954358268964,0.3333333333333333,-24.465050184117867
to_lo24,3.4473412952774325,1,1502,0.44293718667059867,0.17283824592717756,0.03023821097087312,0.374167776298269,3.9333794754942537,0.45454545454545453,-21.565830132315284
to_hi96,1.1091680764939809,-1,1060,0.31259215570628135,0.17269369026952067,0.030093655313216228,0.3877358490566038,2.81623556439526,0.4,-18.308708992378858
close_loc,0.19230769230769312,1,2845,0.8389855499852551,0.17264419803754258,0.03004416308123814,0.36414762741652024,7.442011263891041,0.5151515151515151,-36.596965533089495
accel,1.6604033199273711,1,725,0.21380123857269243,0.17237288072253418,0.02977284576622974,0.37655172413793103,1.9226205926744195,0.4307692307692308,-12.340243244105661
vol_per_trade_z,1.1333438570515908,-1,1943,0.5729873193748157,0.17223732303735248,0.02963728808104804,0.35357694287184765,5.070562403963271,0.5151515151515151,-26.134982556962044
close_loc,0.23981822855023202,1,2670,0.7873783544677087,0.1718897311084231,0.029289696152118655,0.36404494382022473,6.953720940295297,0.5151515151515151,-34.53978997181142
gap,-0.0002156556109975119,-1,659,0.1943379534060749,0.1716897309266002,0.02908969597029576,0.3581183611532625,1.7142959497065078,0.5454545454545454,-12.316693840606021
to_lo24,2.1790353177382893,-1,1479,0.4361545266882925,0.17157680378652096,0.02897676883021652,0.35429344151453684,3.8448801939434007,0.36363636363636365,-23.50755509608366
accel,1.340823589961322,1,913,0.2692421114715423,0.17145401529451437,0.028853980338209934,0.380065717415115,2.408269476367564,0.4307692307692308,-17.355660732809405
efficiency,0.07912574366164407,-1,1549,0.4567974048953111,0.1714486983192207,0.02884866336291625,0.34990316333118143,4.023848995401103,0.5303030303030303,-17.449871886781153
pos96,0.10377567252731659,-1,666,0.19640224122677677,0.17136282989810384,0.028762794941799397,0.37537537537537535,1.7292067380626839,0.30303030303030304,-14.253890101866178
disp24,-1.4290105971141496,1,2049,0.6042465349454438,0.1713502556064231,0.028750220650118674,0.36847242557345045,5.319646571781227,0.5303030303030303,-25.398355262218132
to_hi96,4.829901018465763,-1,1877,0.5535240342081982,0.17129582429980464,0.0286957893435002,0.3692061800745871,4.871549427435351,0.5151515151515151,-29.497593265225596
persist6,0.5701765364064001,1,2029,0.5983485697434385,0.17124389707889617,0.028643862122591734,0.3627402661409561,5.26445253292546,0.5,-22.734354539403455
lo_pos,0.4769874476987448,1,1514,0.4464759657918018,0.17107775994115998,0.02847772498485554,0.3527080581241744,3.9244201295593353,0.4393939393939394,-18.58445642727898
tbi_ma24,-0.006648609774871054,-1,1684,0.49660867000884695,0.17104932576145918,0.028449290805154737,0.3580760095011877,4.36434946336814,0.45454545454545453,-15.36635591670957
sess_us,1.0,1,1162,0.3426717782365084,0.1710225836833441,0.02842254872703967,0.35456110154905335,3.011033973334029,0.5303030303030303,-18.92664589256057
minofday,960.0,1,1162,0.3426717782365084,0.1710225836833441,0.02842254872703967,0.35456110154905335,3.011033973334029,0.5303030303030303,-18.92664589256057
hour,16.0,1,1162,0.3426717782365084,0.1710225836833441,0.02842254872703967,0.35456110154905335,3.011033973334029,0.5303030303030303,-18.92664589256057
to_lo24,2.6237179065762715,-1,1619,0.4774402831023297,0.1709089745814679,0.028308939625163454,0.35145151327980234,4.192448937081765,0.45454545454545453,-23.50755509608366
pos24,0.9288640245717961,1,523,0.1542317900324388,0.17088244296787505,0.028282408011570614,0.3862332695984704,1.3749464257261332,0.4461538461538462,-9.272480907922118
hi_pos,0.07531380753138076,1,2620,0.7726334414626954,0.17079792600565707,0.028197891049352636,0.36412213740458016,6.780160092951841,0.5151515151515151,-34.41656479226753
tbi_z8,-0.9324164347293938,-1,570,0.1680920082571513,0.17067940987439736,0.028079374918092925,0.34210526315789475,1.4740494489152498,0.5303030303030303,-12.289030917360716
rpt_rank,0.7395833333333334,1,695,0.20495429076968447,0.17064478607706354,0.028044751120759104,0.3539568345323741,1.8825099416437963,0.5079365079365079,-10.230809080062457
rpt_rank,0.6833333333333333,1,815,0.2403420819817163,0.1706406247505668,0.028040589794262355,0.35337423312883437,2.2074937963763794,0.5396825396825397,-12.270335884575545
absorb_z,0.17071215815328514,-1,1829,0.5393689177233855,0.17054799305034957,0.027947958094045128,0.36030617823947514,4.726246655895293,0.4696969696969697,-24.868997604417643
dq_cum24,-0.3157505517034351,-1,1681,0.49572397522854617,0.17052560255243474,0.027925567596130296,0.3581201665675193,4.343235422585496,0.45454545454545453,-15.36635591670957
pos24,0.7555370985603542,1,1360,0.40106163373636095,0.1703450706035195,0.02774503564721506,0.38382352941176473,3.564143015704408,0.4461538461538462,-19.62897792790225
close_loc,0.2875000000000052,1,2514,0.7413742258920673,0.17026123527535966,0.027661200319055224,0.36555290373906124,6.48540523457961,0.5151515151515151,-32.47838158390928
extreme_late,0.7740585774058577,1,1626,0.47950457092303156,0.17014945194850373,0.027549416992199288,0.36592865928659285,4.191863770731318,0.5151515151515151,-20.990809831196053
persist96,0.13300236826532405,1,1981,0.5841934532586258,0.17010079325575514,0.0275007582994507,0.36446239273094394,5.1056010824189535,0.4393939393939394,-22.710896706627796
flow_eff,-0.06959748434569962,-1,793,0.23385432025951047,0.16994209497954396,0.027342060023239523,0.3656998738965952,2.04188001998149,0.5303030303030303,-13.473614126509528
to_lo480,8.104275587102915,-1,1319,0.38897080507225007,0.16989217935989287,0.02729214440358843,0.3411675511751327,3.5569489615190273,0.38095238095238093,-29.040988608763573
pos96,0.5080731969860067,1,1756,0.517841344736066,0.16986205789320483,0.027262022936900387,0.37300683371298404,4.519360206976783,0.48484848484848486,-27.214896222219032
dn_wick,0.11111111111111922,1,2327,0.6862282512533177,0.1698287795335443,0.027228744577239866,0.3562526858616244,5.98775106022057,0.5454545454545454,-31.001580797180907
tbi_z24,0.39940548257791536,-1,2164,0.6381598348569744,0.16972220678038596,0.027122171824081526,0.3567467652495379,5.564831143526595,0.48484848484848486,-24.84108583528025
tbi_ma24,-0.005719295242420057,-1,1846,0.54438218814509,0.1697195542841217,0.027119519327817254,0.35752979414951247,4.747004503158919,0.48484848484848486,-18.129467408429967
dq_cum24,-0.271166124351367,-1,1847,0.5446770864051902,0.16961111454436228,0.027011079588057846,0.3573362208987547,4.74654134187026,0.48484848484848486,-18.129467408429967
hi_pos,0.11715481171548117,1,2463,0.7263344146269537,0.16950442203730837,0.026904387081003928,0.3654080389768575,6.325596840574099,0.5151515151515151,-30.314181594651863
disp96,-2.5410168282462577,1,2157,0.6360955470362725,0.16949843186597804,0.026898396909673605,0.36485859990727865,5.5395169323471904,0.5454545454545454,-31.55853672143315
extreme_late,0.7364016736401674,1,1793,0.5287525803597759,0.1694449396229576,0.026844904666653152,0.36586726157278304,4.603254193090349,0.5303030303030303,-22.641349126924464
flow_div,1.0,1,823,0.24270126806251843,0.1694169367631157,0.02681690180681126,0.36330498177399756,2.1125778629703675,0.5454545454545454,-14.490278237981778
since_hi24,4.0,-1,1465,0.43202595104688885,0.16937535912144475,0.026775324165140307,0.3795221843003413,3.817460017121794,0.5230769230769231,-21.685389220823836
dn_wick,0.13811169089662256,1,2140,0.631082276614568,0.16932914720901765,0.02672911225271321,0.35373831775700937,5.49036931859542,0.5303030303030303,-27.913351040255453
to_hi480,10.730556228228918,1,1567,0.4621055735771159,0.16931395345579256,0.02671391849948812,0.36630504148053605,4.145546329144171,0.375,-28.972720406728516
disp24,-0.6379455427592939,1,1913,0.5641403715718077,0.16930378338503105,0.02670374842872661,0.36853110297961317,4.907244509326734,0.5151515151515151,-23.10222438098051
since_hi24,17.0,-1,2281,0.6726629312887054,0.1693028981057813,0.02670286314947687,0.36562911003945636,5.851210766352835,0.5303030303030303,-21.267931016921704
pos24,0.7980573964548039,1,1261,0.3718667059864347,0.16923562264847106,0.026635587692166618,0.38540840602696275,3.283171079380338,0.4307692307692308,-21.486985385053103
pos480,0.32900630225757577,-1,1248,0.3680330286051312,0.1691449731353243,0.026544938179019872,0.35496794871794873,3.4047246205304,0.3387096774193548,-30.14831364212717
close_loc,0.8461159800620611,1,572,0.1686818047773518,0.16912827196307667,0.02652823700677223,0.38286713286713286,1.4657783570133314,0.4696969696969697,-10.849044042536354
since_hi24,5.0,-1,1534,0.4523739309938071,0.16908229165380312,0.02648225669749868,0.378748370273794,3.990342083029754,0.47692307692307695,-21.685389220823836
rpt_z,-0.5074386375776826,-1,1669,0.49218519610734296,0.16902301773029377,0.02642298277398933,0.36548831635710005,4.274233584725156,0.5151515151515151,-22.440536307496775
m1_jump,0.26942781743958216,1,1969,0.5806546741374226,0.168967628837865,0.02636759388156057,0.36363636363636365,5.040867593662972,0.5454545454545454,-29.970786235180253
since_hi24,10.0,-1,1844,0.5437923916248895,0.16894567382080974,0.026345638864505305,0.3693058568329718,4.720239735235958,0.48484848484848486,-19.82738176367298
range_rank,0.9520833333333333,-1,1969,0.5806546741374226,0.16892251216449297,0.026322477208188533,0.3692229558151346,5.197006663310729,0.53125,-28.25532709234316
kyle_z,1.8929529992941845,1,993,0.29283397227956354,0.16876335247446655,0.026163317518162116,0.34944612286002014,2.5391213485931106,0.5303030303030303,-11.24649296896588
pos480,0.37888780796829125,-1,1380,0.40695959893836625,0.16869307838568487,0.02609304342938043,0.3521739130434783,3.7547814221329867,0.3387096774193548,-28.78630190628989
updn_ratio,0.5085470085470085,1,1372,0.40460041285756415,0.1686169302248085,0.026016895268504064,0.3673469387755102,3.505188307097534,0.5303030303030303,-15.299417205658619
atr_rank,0.7375,-1,1687,0.49749336478914774,0.16855235014568692,0.025952315189382485,0.3787788974510966,4.442934604621466,0.5625,-30.88053079360248
body_frac,-0.3938271278554636,1,2311,0.6815098790917133,0.16843822790141783,0.025838192945113386,0.36218087408048466,5.897890070911766,0.4696969696969697,-31.226256392548457
dq,0.007681476196084907,-1,2357,0.6950751990563255,0.16841230262308413,0.025812267666779687,0.3542638947815019,6.014360564888021,0.5151515151515151,-26.559859211722266
to_lo480,5.277782897935647,-1,939,0.2769094662341492,0.1682419316706463,0.02564189671434186,0.34611288604898827,2.54805119094737,0.22580645161290322,-20.140716943909865
dq_z96,0.3845939876781278,-1,2158,0.6363904452963728,0.1681773158014602,0.02557728084515576,0.35542168674698793,5.498888598478047,0.4393939393939394,-24.84108583528025
rpt_rank,0.79375,1,554,0.16337363609554703,0.1680880507418262,0.02548801578552176,0.3555956678700361,1.4781076208090747,0.5238095238095238,-10.230809080062457
to_lo96,5.208957674047939,1,1603,0.47272191094072546,0.16787115177949197,0.02527111682318753,0.3718028696194635,4.077234186401905,0.48484848484848486,-24.042558855918195
dn_wick,0.36886847510259924,1,956,0.2819227366558537,0.16784364892026685,0.025243613963962408,0.348326359832636,2.4311898237541683,0.5303030303030303,-11.202287355806574
range_per_trade,1.0681306015366838e-07,1,1040,0.30669419050427604,0.1677842532263456,0.025184218270041164,0.3576923076923077,2.7264941149281157,0.46875,-15.740817155696028
hi_pos,0.7071129707112971,1,1062,0.3131819522264819,0.1676983245368609,0.02509828958055646,0.3766478342749529,2.6984184948203978,0.45454545454545453,-18.524669812722774
ats_z96,-0.19702197709504743,1,2723,0.8030079622530227,0.16764113790737728,0.02504110295107284,0.3668747704737422,6.916466947299823,0.5303030303030303,-36.32050742879534
dq,0.014503069581898662,-1,2527,0.7452079032733707,0.16760992839286526,0.02500989343656082,0.3541749109616146,6.4174286219510694,0.5,-25.870602090772124
to_lo24,2.397632321580078,-1,1555,0.4585667944559127,0.16757616341801954,0.024976128461715097,0.3517684887459807,3.948195971439703,0.4393939393939394,-23.50755509608366
wick_skew,0.18604651162791358,-1,2581,0.761132409318785,0.1674455024387803,0.024845467482475875,0.3595505617977528,6.548133966583212,0.5303030303030303,-28.465272857855243
since_lo96,3.0,-1,868,0.2559716897670304,0.16737454516508948,0.024774510208785044,0.3548387096774194,2.2350939262045793,0.2923076923076923,-11.330632922763488
extreme_late,0.5815899581589958,1,2342,0.6906517251548215,0.1673637463951828,0.024763711438878372,0.3633646456020495,5.938877182689669,0.5303030303030303,-24.36445261418425
to_hi96,1.9448304736665134,-1,1359,0.4007667354762607,0.16731157474971162,0.024711539793407178,0.3826342899190581,3.4980989243824325,0.4153846153846154,-24.83693292933766
hi_pos,0.2217573221757322,1,2116,0.6240047183721616,0.16722748487797712,0.02462744992167268,0.3676748582230624,5.36141451517878,0.5,-27.122998277449984
persist6,0.6213916003858819,1,1844,0.5437923916248895,0.16708350144245226,0.024483466486147826,0.3617136659436009,4.66821176757397,0.5,-21.694747840609402
since_hi24,19.0,-1,2467,0.7275140076673547,0.16688712340188536,0.024287088445580918,0.3640048642075395,6.238038385340171,0.5,-25.3644899719342
tbi,0.007182277121088904,-1,2528,0.7455028015334709,0.16680769896622616,0.02420766400992172,0.3540348101265823,6.389240348282117,0.48484848484848486,-25.870602090772124
to_lo480,6.287772436549171,-1,1054,0.3108227661456797,0.1667096299785914,0.02410959502228696,0.3415559772296015,2.834063709636054,0.2903225806451613,-20.25179030085845
tbi_z96,0.38463280195838623,-1,2157,0.6360955470362725,0.16653330558928134,0.0239332706329769,0.35465924895688455,5.4426112144860594,0.4393939393939394,-24.84108583528025
to_hi480,3.1981797951549926,-1,832,0.24535535240342082,0.16649358050511703,0.023893545548812595,0.37740384615384615,2.164416546566522,0.25,-29.106292845592197
to_lo480,14.506304472000437,1,869,0.25626658802713065,0.16647488061184978,0.023874845655545346,0.380897583429229,2.296296369074564,0.4126984126984127,-32.50411285778398
absorb,0.01035851441944673,-1,2652,0.7820701857859038,0.166380681069036,0.023780646112731563,0.3570889894419306,6.685478275683083,0.48484848484848486,-28.028912300134586
vol_per_trade_z,0.892955382069454,-1,1657,0.4886464169861398,0.166288036855141,0.023688001898836575,0.3488231744115872,4.174837531348009,0.5454545454545454,-22.033341309773864
disp96,-5.26829850080649,-1,831,0.24506045414332056,0.16616024287553358,0.023560207919229137,0.358604091456077,2.157486903587006,0.25,-12.808654869841174
hi_pos,0.4225941422594142,1,1641,0.48392804482453555,0.16606357455834272,0.023463539602038286,0.3705057891529555,4.128944331064249,0.5,-23.025842071248686
tbi,0.003768233018655036,-1,2357,0.6950751990563255,0.1659899126261694,0.023389877669864972,0.3534153585065762,5.927851879695171,0.5151515151515151,-26.559859211722266
kyle,1.4821339300034409e-06,1,1765,0.5204954290769684,0.16594624815029554,0.023346213193991106,0.3575070821529745,4.437804969473814,0.5151515151515151,-20.280843663711643
accel,-0.8662155640001397,-1,1106,0.32615747567089354,0.16593905743086407,0.02333902247455963,0.33905967450271246,2.780736326038419,0.45454545454545453,-15.290185611161021
dow,4.0,1,986,0.2907696844588617,0.16591397446779985,0.023313939511495407,0.36004056795131845,2.47865422462501,0.5151515151515151,-16.413873606928092
rv_vs_range,0.5368295553172502,1,1917,0.5653199646122088,0.16590344012796981,0.023303405171665376,0.35472091810119977,4.818740829171487,0.4696969696969697,-22.986201279272862
disp6,1.5050852337353084,1,1195,0.3524034208198172,0.1657808315446455,0.023180796588341074,0.3807531380753138,3.047816826090021,0.4307692307692308,-19.954476845978725
tbi_z8,-0.13614711644292474,-1,1453,0.42848717192568564,0.16568785974249653,0.02308782478619209,0.35237439779766,3.647643336452235,0.4696969696969697,-14.47591338976431
persist6,0.475442682813291,1,2320,0.6841639634326158,0.1656870227131122,0.02308698775680776,0.3620689655172414,5.824149889309399,0.5151515151515151,-22.867928509346797
extreme_late,0.39748953974895396,1,2795,0.8242406369802419,0.16565563345532452,0.023055598499020086,0.36171735241502684,7.015265083448969,0.5151515151515151,-29.52367539413442
ats_z96,-0.4796815821575044,1,2880,0.8493069890887643,0.16561503946516906,0.023015004508864623,0.3663194444444444,7.226838085752832,0.4696969696969697,-37.342374029781084
ats_z96,-0.048899266731479464,1,2635,0.7770569153641993,0.16555147560801153,0.022951440651707095,0.36774193548387096,6.609517245865309,0.5303030303030303,-36.32050742879534
ats_z96,-0.3377931794013401,1,2818,0.831023296962548,0.16545879651546738,0.022858761559162943,0.36621717530163234,7.064589220917987,0.5,-37.342374029781084
to_hi480,5.551695670667987,-1,1095,0.32291359480979065,0.1653999254786601,0.022799890522355648,0.365296803652968,2.829889349986451,0.3125,-31.44060863198415
dq,0.022254840617922947,-1,2693,0.7941610144500147,0.1653987304091723,0.022798695452867862,0.35462309691793537,6.7487694089681955,0.4696969696969697,-26.918721878544822
to_lo96,4.762497955878163,1,1684,0.49660867000884695,0.16536389716693461,0.022763862210630176,0.36995249406175773,4.219284891350271,0.4393939393939394,-26.09379183048818
disp96,-3.4002461435210014,1,2283,0.6732527278089059,0.16533277782704556,0.02273274287074112,0.36136662286465177,5.719011087562802,0.5151515151515151,-35.671095604461975
disp24,-1.8640413106866784,1,2152,0.6346210557357712,0.16528447438268282,0.022684439426378378,0.3643122676579926,5.389275588962626,0.5303030303030303,-27.45695920207179
since_hi96,52.0,-1,2054,0.6057210262459451,0.16520007385441435,0.02260003889810991,0.35978578383641674,5.141226540863138,0.5303030303030303,-34.10388135532406
up_wick,0.16531682080013285,1,1789,0.5275729873193749,0.16515876525792375,0.022558730301619312,0.3555058692006708,4.476803500703418,0.5454545454545454,-23.017334565246763
tbi,0.011055956508045337,-1,2696,0.7950457092303156,0.16515534604144386,0.022555311085139418,0.3545994065281899,6.746345650420193,0.4696969696969697,-26.918721878544822
rpt_z,-0.9022407771330586,-1,1143,0.33706871129460336,0.16510815119411654,0.022508116237812098,0.3674540682414698,2.859372982043564,0.5757575757575758,-15.808315019602214
close_loc,0.33478907867494745,1,2360,0.6959598938366264,0.16506373105811442,0.022463696101809982,0.3644067796610169,5.9022788681386364,0.5151515151515151,-33.27739694921409
to_lo96,3.0429071488870547,-1,1377,0.40607490415806546,0.16504754619907924,0.022447511242774804,0.35294117647058826,3.443491986608062,0.36363636363636365,-21.279857826784514
tbi_z8,0.43473461581177963,-1,2219,0.654379239162489,0.16488188027078815,0.02228184531448371,0.3555655700766111,5.543528671528467,0.5151515151515151,-22.89664532172547
pos480,0.688889756316185,1,1116,0.3291064582718962,0.16483283608281954,0.0222328011265151,0.3727598566308244,2.874272579194165,0.375,-34.546872326787344
ats_rank480,0.7208333333333333,1,1902,0.5608964907107048,0.1647872834871466,0.02218724853084217,0.3685594111461619,4.8972720811336385,0.5,-31.080399813456978
to_hi480,12.06734949516617,1,1433,0.42258920672368033,0.16476573714949494,0.0221657021931905,0.3677599441730635,3.689207833362911,0.34375,-28.972720406728516
vol_of_vol,-0.011053357092599577,-1,1726,0.5089943969330581,0.1647300030753325,0.022129968119028065,0.37717265353418306,4.4425622704378736,0.578125,-22.976119237661862
disp24,-0.2730976911812361,1,1838,0.5420230020642878,0.16472056526639686,0.022120530310092423,0.367791077257889,4.587218166055113,0.5,-22.074175284385216
to_hi96,5.899864038811859,-1,2099,0.6189914479504571,0.16468840625694592,0.02208837130064148,0.3620771796093378,5.237590374747417,0.5303030303030303,-32.58105505245861
tbi_ma24,-0.0027196191136447103,1,1028,0.30315541138307284,0.16465787850428298,0.022057843547978545,0.36186770428015563,2.5646711985212565,0.5151515151515151,-16.719678269113608
range_per_trade,7.163378224756894e-08,1,1534,0.4523739309938071,0.1646533502337865,0.022053315277482055,0.35919165580182527,3.826943019070128,0.4696969696969697,-21.356653769484634
accel,-0.6789468749983768,-1,1230,0.3627248599233264,0.16458109709366378,0.021981062137359342,0.3382113821138211,3.067193173109189,0.5303030303030303,-15.3482439863138
pos96,0.46224445942663733,1,1830,0.5396638159834857,0.16452395716227258,0.021923922205968144,0.36775956284153005,4.561800630408467,0.48484848484848486,-29.274762763104583
wick_skew,0.13596956424239384,-1,2418,0.7130639929224417,0.1644648096823336,0.021864774726029157,0.3577336641852771,6.025392572907313,0.5151515151515151,-27.33681158182082
since_hi24,20.0,-1,2571,0.7581834267177824,0.16446334693317982,0.021863311976875383,0.36250486192143133,6.406594923715232,0.4696969696969697,-29.49394824629042
close_loc,0.3827160493827169,1,2231,0.6579180182836921,0.16442992868246925,0.021829893726164812,0.36485880770954726,5.558229861978621,0.5,-29.16331058716036
tbi_ma96,-0.0035156359418778726,1,993,0.29283397227956354,0.16412646863140032,0.02152643367509588,0.3564954682779456,2.507347436168931,0.46153846153846156,-16.313586167655135
updn_ratio,0.4936708860759494,1,1888,0.5567679150693011,0.16410489915274995,0.02150486419644551,0.3633474576271186,4.694394690915029,0.5151515151515151,-26.102534611844533
kyle,2.2524034932633033e-06,1,1186,0.34974933647891476,0.16407334450944294,0.021473309553138503,0.3524451939291737,2.948348281639383,0.42424242424242425,-12.59451452866812
wick_skew,-0.06250000000000255,-1,1480,0.4364494249483928,0.16405842676918567,0.021458391812881228,0.35135135135135137,3.678885933612043,0.4696969696969697,-17.939999997725998
rpt_z,0.13575508961955052,1,1003,0.2957829548805662,0.16404742866608396,0.021447393709779522,0.35294117647058826,2.493023802304276,0.5151515151515151,-12.410459877618228
flow_eff,1.9853918275680307,-1,2514,0.7413742258920673,0.16403469180025826,0.02143465684395382,0.3635640413683373,6.248230533118928,0.4696969696969697,-31.184928540066345
hi_pos,0.6359832635983264,1,1214,0.3580064877617222,0.16376012038796617,0.02116008543166173,0.37397034596375617,3.012193729560469,0.4393939393939394,-18.524669812722774
since_lo480,77.0,-1,689,0.20318490120908286,0.1637071724703018,0.02110713751399737,0.33381712626995647,1.81926196503287,0.25806451612903225,-20.64370005397987
rv_vs_range,0.5619239170749939,1,1678,0.4948392804482454,0.16365944314914477,0.02105940819284033,0.3539928486293206,4.160917357640377,0.48484848484848486,-20.938742695825763
rpt_rank,0.3645833333333333,-1,1674,0.49365968740784427,0.1636557965042028,0.02105576154789837,0.36140979689366787,4.280621927313055,0.5625,-26.70533145180945
since_hi24,14.0,-1,2106,0.6210557357711589,0.16365350478009127,0.021053469823786836,0.3646723646723647,5.222034561619277,0.48484848484848486,-21.887329959694846
to_hi96,8.348461741199017,-1,2659,0.7841344736066057,0.16359451079676263,0.020994475840458188,0.3535163595336593,6.590875821342299,0.5303030303030303,-36.694422162607225
to_hi96,7.68053127900449,-1,2484,0.7325272780890593,0.16357405540855027,0.020974020452245834,0.35507246376811596,6.156332630830893,0.5454545454545454,-34.63823061373668
disp96,-0.866290999093434,1,1885,0.5558832202890003,0.16354299812417025,0.020942963167865813,0.36923076923076925,4.670887143394862,0.5,-31.229334788251677
to_hi24,3.4043885030417327,1,1316,0.3880861102919493,0.16345306679445668,0.020853031838152236,0.34498480243161095,3.2591550894167423,0.36363636363636365,-17.668502429620524
body_frac,0.26661574295601564,1,1392,0.41049837805956946,0.16334801753204825,0.020747982575743812,0.3757183908045977,3.445158187948654,0.3787878787878788,-23.028418899597355
ats_z96,-0.6229980594451449,1,2956,0.8717192568563845,0.16333173493003666,0.020731699973732226,0.36502029769959404,7.31528194626043,0.5,-37.342374029781084
to_lo480,8.99336791954173,-1,1462,0.431141256266588,0.1633206102607555,0.020720575304451067,0.3378932968536252,3.7900751143051523,0.4126984126984127,-23.673828270531377
ats_rank480,0.6666666666666666,1,2046,0.603361840165143,0.16329487121772995,0.020694836261425514,0.3680351906158358,5.220332914241804,0.53125,-33.121416680763765
kyle_z,0.9576297526449475,-1,1563,0.46092598053671485,0.16320246179776815,0.02060242684146371,0.36148432501599487,3.8649310271198716,0.4696969696969697,-23.009524991050256
rpt_rank,0.5229166666666667,1,1206,0.35564730168092007,0.16315978148546523,0.02055974652916079,0.35323383084577115,3.074542132366736,0.515625,-17.535859817908083
hi_pos,0.16317991631799164,1,2272,0.670008846947803,0.16315314331409866,0.020553108357794225,0.3653169014084507,5.6164233577216995,0.5,-31.230030538000626
since_lo96,12.0,-1,1103,0.32527278089059275,0.16313228588028558,0.020532250923981143,0.34632819582955576,2.768229405014692,0.3076923076923077,-15.203077885329984
atr_rank,0.7979166666666667,-1,1870,0.5514597463874963,0.1629424060435569,0.020342371087252453,0.37593582887700533,4.760973426585178,0.546875,-31.92885618315695
avg_trade_usd,887.7269339793753,-1,1091,0.32173400176938954,0.16293362861693148,0.020333593660627036,0.35838680109990834,2.6933422548647306,0.5454545454545454,-23.16427744600996
to_lo480,9.88153842620067,-1,1616,0.4765555883220289,0.16291404738762774,0.020314012431323303,0.33972772277227725,4.178874612355657,0.4444444444444444,-24.68963015179933
pos24,0.3845268564741985,-1,1423,0.41964022412267765,0.16281366165193997,0.020213626695635534,0.3492621222768798,3.5103612201622827,0.36363636363636365,-20.392917654641675
atr_rank,0.68125,-1,1520,0.4482453553524034,0.1627551686711489,0.020155133714844453,0.3782894736842105,3.8654352559397855,0.5625,-30.269398839856578
accel,-0.49459214337155116,-1,1341,0.3954585667944559,0.1626036572892682,0.020003622332963766,0.33855331841909025,3.303810673104676,0.5151515151515151,-17.359877390677177
to_hi96,6.45866712024482,-1,2195,0.6473016809200826,0.16260056166632034,0.020000526710015898,0.35854214123006833,5.407700497842015,0.5454545454545454,-32.58105505245861
disp6,1.1882094632080153,1,1315,0.387791212031849,0.16257828690634346,0.019978251950039022,0.38022813688212925,3.289083804336026,0.4307692307692308,-21.066746361671598
pos96,0.556802143603867,1,1685,0.4969035682689472,0.16239610824134376,0.019796073285039323,0.3744807121661721,4.146021854343398,0.48484848484848486,-25.15100380843158
body_frac,-0.4712643678160915,1,2483,0.7322323798289591,0.16238036719504087,0.01978033223873643,0.3588401127668143,6.108946238564946,0.48484848484848486,-31.226256392548457
dq_cum24,-0.12759225651863015,1,1030,0.30374520790327336,0.16236023049784945,0.01976019554154501,0.36019417475728155,2.533803597163408,0.5151515151515151,-16.719678269113608
kyle_z,0.3263628845977126,-1,876,0.2583308758478325,0.16232110617472845,0.019721071218424008,0.3675799086757991,2.154443772864577,0.5606060606060606,-16.437923884342087
range_per_trade,5.353823923324493e-08,1,1882,0.5549985255086995,0.16216703477238167,0.019566999816077235,0.35866099893730075,4.624217567297308,0.5151515151515151,-24.415967486990404
trade_intensity,2.2599556840226707,1,1800,0.5308168681804777,0.16197599358852402,0.01937595863221958,0.35833333333333334,4.417527097868837,0.5303030303030303,-20.491811401674788
to_lo480,13.553693738980575,1,1015,0.29932173400176937,0.1618849429831024,0.01928490802679797,0.3783251231527094,2.6081463036166497,0.3968253968253968,-32.50411285778398
body_frac,0.3482894577706121,1,1264,0.37275140076673546,0.1618551412452174,0.01925510628891297,0.375,3.0997711899084055,0.3787878787878788,-18.91436081110861
range_z,1.2437528522627257,1,2305,0.6797404895311118,0.1617905954776993,0.019190560521394867,0.361822125813449,5.65041397842571,0.5,-22.925915240553756
efficiency,0.09783922417587963,-1,1908,0.5626658802713064,0.16172781460148708,0.01912777964518264,0.350104821802935,4.67540409484299,0.5,-20.518251275308366
disp96,0.773101113699829,1,1657,0.4886464169861398,0.16152119050700728,0.01892115555070284,0.3723596861798431,4.055160798031986,0.42424242424242425,-25.105168996111676
efficiency,0.11002693136669259,-1,2132,0.6287230905337658,0.16145377419913953,0.018853739242835094,0.349906191369606,5.215446160493416,0.4696969696969697,-25.653402269292783
since_hi96,72.0,1,994,0.2931288705396638,0.16135605033882738,0.018756015382522945,0.3591549295774648,2.4301199096484005,0.3333333333333333,-22.30657086024034
ats_z96,-0.7744318384890202,1,3010,0.8876437629017989,0.16131578112895442,0.018715746172649983,0.3637873754152824,7.356977290881103,0.5,-38.35506037048699
range_per_trade,2.565880979817283e-08,-1,725,0.21380123857269243,0.16129796789091297,0.01869793293460853,0.3627586206896552,1.8861455922727726,0.41935483870967744,-17.410867148287238
to_hi24,1.0018194477073432,-1,1170,0.3450309643173105,0.16127264226731472,0.01867260731101028,0.38290598290598293,2.902907560811665,0.4153846153846154,-19.43128502977877
lo_pos,0.016736401673640166,1,3000,0.8846947803007962,0.16126143034165433,0.018661395385349888,0.35533333333333333,7.33006501552974,0.5303030303030303,-32.58735738036678
range_z,0.8362595496028876,1,2802,0.8263049248009436,0.16119712116688975,0.018597086210585312,0.35974304068522484,6.843550507721592,0.5,-28.460913584837815
up_wick,0.21642333840549963,1,1455,0.42907696844588616,0.16118986200330906,0.018589827047004626,0.35532646048109967,3.553503775982041,0.5303030303030303,-18.887858357595206
vol_of_vol,0.12797187903127671,-1,1876,0.5532291359480979,0.16102615797192685,0.01842612301562241,0.3742004264392324,4.720079255552106,0.59375,-24.378656328774184
to_lo96,1.0598160463150803,-1,707,0.20849306989088764,0.16102333641290645,0.01842330145660201,0.36633663366336633,1.7249014976352257,0.3484848484848485,-11.206955195062665
close_loc,0.4300422094916155,1,2063,0.6083751105868476,0.16100101156083668,0.018400976604532243,0.36354823073194376,5.032501315909185,0.5,-29.16331058716036
since_hi480,146.0,1,2124,0.6263639044529637,0.16099738953980033,0.018397354583495895,0.3578154425612053,5.343100865352124,0.546875,-28.972720406728516
wick_skew,-0.24036571731188913,-1,838,0.2471247419640224,0.16097516109078144,0.018375126134477004,0.3496420047732697,2.0438967423344674,0.5606060606060606,-13.001693446861252
hi_pos,0.7740585774058577,1,896,0.2642288410498378,0.16097368427009925,0.018373649313794815,0.37611607142857145,2.1853397137274078,0.4696969696969697,-17.93462470879978
tbi_ma24,-0.004817950284339468,-1,2030,0.5986434680035387,0.1609653621211565,0.018365327164852063,0.35517241379310344,4.950904319787086,0.48484848484848486,-23.10045358372507
flow_eff,-0.9837107284578752,-1,558,0.1645532291359481,0.16096260276726235,0.018362567810957908,0.36379928315412186,1.3608656415777638,0.5,-8.438854663105724
pos96,0.41847046454773884,1,1900,0.5603066941905043,0.16090642727791263,0.01830639232160819,0.3631578947368421,4.63215472466718,0.5,-29.274762763104583
ats_rank480,0.6083333333333333,1,2182,0.6434680035387791,0.16068887861987136,0.018088843663566917,0.3675527039413382,5.478486455446239,0.53125,-36.19834627843765
tbi_ma96,-0.0043095607843782234,1,1161,0.34237687997640814,0.16046669207122746,0.017866657114923024,0.35658914728682173,2.8227549923438655,0.42424242424242425,-18.362951667571117
since_hi24,3.0,-1,1399,0.4125626658802713,0.1602915682523676,0.017691533296063156,0.3774124374553252,3.4499677536163422,0.5076923076923077,-22.491567980347654
tbi_ma96,-0.006454758662362795,-1,1737,0.512238277794161,0.1602690990432588,0.017669064086954372,0.3546344271732873,4.217991288456674,0.5303030303030303,-18.16869232987132
wick_skew,-0.14501207444209632,-1,1152,0.3397227956355057,0.16022780251398616,0.017627767557681723,0.3480902777777778,2.796703462062304,0.48484848484848486,-15.208990923811644
accel,0.8786310275126469,1,1177,0.3470952521380124,0.16015304332618896,0.01755300836988452,0.37383177570093457,2.8560626059837024,0.4393939393939394,-27.11873508940327
accel,-1.0808900372931887,-1,990,0.29194927749926275,0.16010335527166109,0.017503320315356646,0.33636363636363636,2.4015503290749165,0.4696969696969697,-17.028840296657865
since_hi24,23.0,1,582,0.17163078737835447,0.16009943442305286,0.017499399466748417,0.34536082474226804,1.4117859217305573,0.3181818181818182,-11.355019670442632
pos24,0.10167929974942036,-1,529,0.1560011795930404,0.16007151434123731,0.017471479384932875,0.3610586011342155,1.2829974407047657,0.3333333333333333,-14.795942529267686
avg_trade_usd,2137.7312583322123,-1,2166,0.6387496313771749,0.16005086568716498,0.01745083073086054,0.3591874422899354,5.252578410278777,0.5454545454545454,-27.192002211290045
range_per_trade,4.5461211564842985e-08,1,2045,0.6030669419050427,0.16001272479575243,0.017412689839447992,0.35794621026894863,4.9579700334441466,0.5303030303030303,-24.415967486990404
ats_z96,-0.9393992349977238,1,3080,0.9082866411088174,0.15996819987409858,0.017368164917794138,0.36233766233766235,7.465182660791267,0.48484848484848486,-38.35506037048699
flow_eff,-0.2051720110742911,-1,747,0.22028900029489826,0.15994947581686547,0.017349440860561033,0.3627844712182062,1.8103372490181586,0.5454545454545454,-12.466214743738606
atr_pct,0.04231207241335986,-1,2781,0.8201120613388381,0.1599387090920792,0.01733867413577475,0.36497662711254947,6.739235605834427,0.45454545454545453,-38.75049466928266
persist6,0.34439588523403963,-1,697,0.205544087289885,0.1599316624626534,0.01733162750634895,0.34576757532281205,1.6889752838859,0.5757575757575758,-14.63985000287705
to_lo24,0.9849387971016438,-1,882,0.2601002654084341,0.15990125225170068,0.017301217295396243,0.36054421768707484,2.136862189181818,0.3333333333333333,-19.738187751264928
close_loc,0.4782608695652139,1,1900,0.5603066941905043,0.15980869206778098,0.01720865711147654,0.3642105263157895,4.600553256496724,0.5303030303030303,-27.114933808410132
vol_of_vol,0.5072977449897554,-1,2204,0.649955765260985,0.15969946418375902,0.017099429227454582,0.3738656987295826,5.499650297828201,0.578125,-29.14075299242756
tbi_z24,0.5397216897909024,-1,2345,0.6915364199351224,0.15969673484706964,0.017096699890765205,0.353091684434968,5.6740733820663385,0.48484848484848486,-24.84108583528025
accel,0.5101544496072172,1,1410,0.41580654674137424,0.15960775878498415,0.01700772382867971,0.37375886524822693,3.4098021194973884,0.5151515151515151,-25.277886085585777
to_hi96,7.031530716900206,-1,2340,0.690061928634621,0.15945680286076136,0.01685676790445692,0.35512820512820514,5.653468465063359,0.5606060606060606,-32.58105505245861
since_hi24,15.0,-1,2148,0.63344146269537,0.1593831477278096,0.016783112771505154,0.36312849162011174,5.187196989686894,0.48484848484848486,-21.887329959694846
to_hi24,3.760247991607922,1,1200,0.3538779121203185,0.15936365454111487,0.01676361958481043,0.3441666666666667,2.897520991656634,0.3484848484848485,-18.906362601568215
body_frac,-0.5490252496907702,1,2654,0.7826599823061043,0.15932926308245804,0.0167292281261536,0.3579502637528259,6.406967639709752,0.48484848484848486,-31.226256392548457
to_hi480,15.055234686849968,1,1087,0.3205544087289885,0.1592284505408517,0.01662841558454725,0.36798528058877644,2.837398782588619,0.3442622950819672,-28.263307065173848
dq_cum24,-0.22778544313486077,-1,2026,0.5974638749631377,0.15919121011630302,0.016591175159998583,0.3548864758144126,4.886687752964089,0.48484848484848486,-24.122025575468527
wick_skew,0.24061230964466568,-1,2751,0.8112651135358301,0.15915604051646884,0.0165560055601644,0.3569611050527081,6.633913143345542,0.48484848484848486,-31.571440921746422
dn_wick,0.05863039435447296,1,2787,0.8218814508994396,0.15913292543557064,0.016532890479266205,0.3534266236096161,6.719749442256598,0.5303030303030303,-35.26099794247531
accel,-0.16302258476152232,1,1823,0.5375995281627839,0.15910055002187182,0.016500515065567378,0.3691716950082282,4.394550040755641,0.5151515151515151,-25.694809279793102
persist24,0.23094232692746722,1,2373,0.6997935712179298,0.1590691530350265,0.01646911807872206,0.36283185840707965,5.719259093213907,0.4696969696969697,-22.983219055589256
lo_pos,0.15481171548117154,1,2265,0.6679445591271012,0.15904907328729254,0.016449038330988097,0.34966887417218545,5.458275015086631,0.5151515151515151,-23.331983269618043
disp6,0.5221842452369401,1,1580,0.46593925095841937,0.1589808733530783,0.016380838396773872,0.37531645569620253,3.864458152274826,0.46153846153846156,-25.277886085585777
persist6,0.5215433577037136,1,2177,0.6419935122382778,0.15897170732922697,0.01637167237292253,0.3587505741846578,5.243657679632229,0.48484848484848486,-22.734354539403455
since_hi480,114.0,1,2269,0.6691241521675022,0.15885425826617808,0.01625422330987364,0.35786690171881885,5.6318798750930945,0.515625,-28.972720406728516
since_lo24,2.0,-1,1128,0.33264523739309937,0.15881339646699738,0.016213361510692942,0.3528368794326241,2.714265321435955,0.3787878787878788,-18.487822296007927
tbi_z8,0.5908655765995333,-1,2407,0.7098201120613389,0.15879921241087053,0.016199177454566088,0.3531366846697133,5.79135915565099,0.5303030303030303,-25.416466000497707
tbi_ma96,-0.007147512506304163,-1,1555,0.4585667944559127,0.15878903982839163,0.016189004872087187,0.35434083601286176,3.7411660141386207,0.4696969696969697,-15.760867192293677
persist96,0.055382633479629795,-1,586,0.17281038041875552,0.15866912024248359,0.016069085286179147,0.3464163822525597,1.4087894615468994,0.5,-12.543714741995059
range_per_trade,3.86989495346301e-08,1,2207,0.6508404600412857,0.15863990396306768,0.01603986900676324,0.3584050747621205,5.304822243128643,0.5303030303030303,-25.43545953371853
wick_skew,-0.10261397437214179,-1,1305,0.38484222943084634,0.15858485124273547,0.01598481628643103,0.3478927203065134,3.1356550132086336,0.4696969696969697,-16.26648121341736
lo_pos,0.8200836820083682,1,711,0.2096726629312887,0.15854960642383636,0.015949571467531926,0.3488045007032349,1.7080116692022376,0.42424242424242425,-11.313676293672282
tbi_z96,0.5232969931176937,-1,2337,0.6891772338543203,0.15854958800799465,0.015949553051690213,0.3508771929824561,5.6140967753739925,0.4696969696969697,-25.88920562305295
pos480,0.7416095272464814,1,987,0.29106458271896196,0.15853511115148486,0.01593507619518042,0.3728470111448835,2.483716741373262,0.31746031746031744,-31.465965687603685
rpt_z,-0.004761763443920161,1,1154,0.3403125921557063,0.15848103420744114,0.0158809992511367,0.35181975736568455,2.7710168708391976,0.5,-12.410459877618228
lo_pos,0.33472803347280333,1,1825,0.5381893246829844,0.15840482571121867,0.015804790754914227,0.34794520547945207,4.38013343822688,0.5,-22.718442539134507
extreme_late,0.4686192468619247,1,2642,0.7791212031849012,0.1583951189244351,0.015795083968130674,0.360333080999243,6.340604609066026,0.5151515151515151,-29.52367539413442
atr_pct,0.05310040301669059,-1,3053,0.9003243880861103,0.15835353530939678,0.015753500353092337,0.36390435637078283,7.325050656054371,0.4393939393939394,-38.75049466928266
kyle,2.0195157950989687e-06,1,1373,0.4048953111176644,0.15832891168165267,0.01572887672534823,0.3525127458120903,3.2937211475592285,0.48484848484848486,-15.721336859042994
atr_rank,0.8541666666666666,-1,2120,0.6251843114125627,0.15817398975936525,0.015573954803060813,0.3721698113207547,5.239513410778974,0.53125,-30.556958810912345
avg_trade_usd,799.7807178434915,-1,864,0.25479209672662934,0.15817081198809066,0.01557077703178622,0.35648148148148145,2.0705997205713684,0.5,-18.8382252469444
hi_pos,0.016736401673640166,1,3005,0.8861692716012975,0.15806015215898048,0.015460117202676038,0.3577371048252912,7.1965266248141875,0.48484848484848486,-36.694422162607225
tbi_z8,0.0032082580223338655,-1,1667,0.49159539958714243,0.1580059306292774,0.015405895672972958,0.3509298140371926,3.9908467630152344,0.45454545454545453,-15.271474868155305
pos480,0.28423661815861195,-1,1097,0.3235033913299912,0.15795229249729062,0.01535225754098618,0.3527803099361896,2.7947365301536737,0.3225806451612903,-29.592931572309922
to_hi480,4.332179347171553,-1,941,0.2774992627543498,0.15784243101676915,0.015242396060464708,0.36769394261424015,2.320776993543434,0.234375,-27.092400736646418
gap,0.0,-1,2424,0.7148333824830434,0.15783437046150486,0.015234335505200425,0.3584983498349835,5.796825969677087,0.5303030303030303,-25.313916810802898
persist96,0.11976477499283229,1,2113,0.6231200235918608,0.157759331676064,0.015159296719759574,0.3610979649787033,5.050688906538232,0.42424242424242425,-24.75777245931597
rv_vs_range,0.47725302442485323,1,2496,0.7360660572102624,0.15775926223992617,0.015159227283621735,0.3525641025641026,5.966168462891755,0.4696969696969697,-26.416925828647173
tbi_ma96,-0.00508705845042552,1,1315,0.387791212031849,0.15769379396875022,0.015093759012445779,0.35665399239543727,3.1419293798319172,0.4090909090909091,-21.581041646934036
efficiency,0.04008418913638213,-1,760,0.2241226776762017,0.15769151086285493,0.015091475906550494,0.3460526315789474,1.8158416402389355,0.4393939393939394,-10.688929897986174
body_frac,-0.31527900313527163,1,2179,0.6425833087584784,0.15765598753033835,0.015055952574033915,0.36209270307480496,5.205036315584959,0.4696969696969697,-30.20438979156271
efficiency,0.08756725686588135,-1,1734,0.5113535830138602,0.15762271902916458,0.015022684072860143,0.34832756632064593,4.14117870903896,0.45454545454545453,-20.518251275308366
kyle,5.730182043973953e-07,-1,801,0.2362135063403126,0.15759774499124246,0.014997710034938022,0.36329588014981273,1.9724342771560186,0.4375,-18.582299886494408
pos24,0.7120252023541678,1,1460,0.4305514597463875,0.1574946559189838,0.01489462096267935,0.3780821917808219,3.5375722714110207,0.46153846153846156,-19.62897792790225
avg_trade_usd,1175.5312313481109,-1,1516,0.44706576231200235,0.15719705496524428,0.014597020008939837,0.3575197889182058,3.6107687170804597,0.5151515151515151,-23.397944885556225
persist96,0.10797671797022496,1,2233,0.6585078148038926,0.15697544096103566,0.014375406004731223,0.35960591133004927,5.3110024191817065,0.42424242424242425,-25.774760821220823
accel,1.0903939203788127,1,1056,0.31141256266588024,0.15695924158619162,0.014359206629887183,0.3731060606060606,2.5499839863848974,0.4307692307692308,-23.041147420445466
rpt_z,-1.473919665562632,1,2914,0.8593335299321734,0.15693995923888657,0.014339924282582128,0.3548387096774194,6.9291369882138705,0.5303030303030303,-29.53095026261057
dq_z96,1.0365895935811453,-1,2899,0.8549100560306694,0.15689843884966884,0.014298403893364398,0.353570196619524,6.89164506401803,0.48484848484848486,-32.550380674340616
dq_z96,0.5235408617363934,-1,2332,0.6877027425538189,0.15689503721249137,0.014295002256186934,0.3507718696397942,5.543624648174695,0.4696969696969697,-25.88920562305295
range_z,1.9826136875438816,1,1529,0.4508994396933058,0.15674202691573244,0.014141991959428002,0.3597122302158273,3.6311902902144677,0.5606060606060606,-16.007482613053806
dq_cum24,-0.17925013413459776,-1,2182,0.6434680035387791,0.15669997894725704,0.014099943990952601,0.3547204399633364,5.180596273680528,0.5151515151515151,-26.55656129454017
range_per_trade,3.3247796050780574e-08,1,2363,0.6968445886169271,0.15668801216856365,0.014087977212259212,0.35674989420228526,5.609905647792666,0.5151515151515151,-27.48798087929028
body_frac,0.18556701030928086,1,1517,0.4473606605721026,0.1566356101835032,0.014035575227198754,0.37376400791034936,3.6002457673996116,0.4090909090909091,-25.0788437322333
atr_pct,0.02379844165543854,-1,1598,0.4712474196402241,0.15654524107307025,0.013945206116765807,0.37484355444305384,3.970782464043909,0.4603174603174603,-32.65536379300122
since_lo96,39.0,1,1798,0.5302270716602772,0.15649017667844237,0.013890141722137928,0.3620689655172414,4.263171782846051,0.48484848484848486,-29.80213041599503
gap,0.0001262654065854814,-1,2583,0.7617222058389855,0.15644463955284066,0.01384460459653622,0.35694928377855206,6.122674302499808,0.5606060606060606,-27.144634505364703
to_hi24,1.5614549619511493,-1,1464,0.4317310527867886,0.1564057154282739,0.01380568047196945,0.3770491803278688,3.5227379597998913,0.4461538461538462,-20.93376840605736
efficiency,0.03466090217732579,-1,671,0.19787673252727808,0.15638930656144767,0.013789271605143233,0.3412816691505216,1.5899579500413843,0.4090909090909091,-8.112725108035356
tbi_z96,1.0369351488515282,-1,2901,0.8554998525508699,0.15638832576696643,0.01378829081066199,0.3533264391589107,6.873977773484387,0.48484848484848486,-32.550380674340616
since_hi96,59.0,-1,2195,0.6473016809200826,0.15630897617106546,0.013708941214761017,0.3548974943052392,5.198457616598312,0.5303030303030303,-33.484482412550925
vol_per_trade_z,-0.23972235647409934,-1,630,0.1857859038631672,0.15623871256327845,0.013638677606974015,0.33650793650793653,1.4913695290131121,0.3787878787878788,-16.138215088064634
up_wick,0.14210206631985756,1,1971,0.5812444706576231,0.1562363154464956,0.013636280490191166,0.35362760020294265,4.6657845112885274,0.5,-23.729181005802648
since_lo480,363.0,1,1334,0.39339427897375406,0.15619051530406272,0.013590480347758283,0.3575712143928036,3.2555960533690573,0.453125,-20.85768445202297
since_hi24,21.0,-1,2682,0.7909171335889118,0.15616865082780687,0.013568615871502432,0.3586875466070097,6.346126083639061,0.5,-29.49394824629042
persist24,0.20721976807623885,1,2491,0.7345915659097612,0.1560862329701082,0.013486198013803768,0.3608992372541148,5.891072823159691,0.45454545454545453,-25.028510743917014
disp6,0.9324855352471455,1,1427,0.42081981716307876,0.15598448773940837,0.013384452783103934,0.3770147161878066,3.424459446217473,0.4461538461538462,-24.252730108098863
updn_ratio,0.4895397489539749,1,2024,0.5968740784429372,0.15597729461328227,0.013377259656977836,0.358695652173913,4.783303701473988,0.48484848484848486,-27.135047540950296
since_hi24,12.0,-1,1970,0.5809495723975229,0.15596515941818018,0.013365124461875738,0.3649746192893401,4.655323697785075,0.4696969696969697,-20.863044124170205
ats_rank480,0.49166666666666664,1,2448,0.7219109407254497,0.15594947681381488,0.013349441857510441,0.36437908496732024,5.96506748812842,0.515625,-39.274590697716086
since_hi480,57.0,-1,846,0.24948392804482453,0.15592565896238914,0.013325624006084696,0.3557919621749409,2.061142304409082,0.28125,-30.43666139047538
atr_pct,0.036479856037702006,-1,2564,0.7561191388970805,0.1558670864979019,0.013267051541597463,0.3662246489859594,6.1483570735480075,0.49230769230769234,-38.75049466928266
persist24,0.0853564838855289,1,3038,0.8959009141846063,0.15578473377021532,0.013184698813910878,0.3578011849901251,7.1708185029380935,0.45454545454545453,-34.55080839243054
kyle,1.1800197259951547e-06,1,1987,0.5859628428192274,0.15570533919197713,0.013105304235672688,0.35430296930045296,4.687674378400887,0.5,-24.415967486990404
pos96,0.2914572864321608,-1,1249,0.36832792686523147,0.15558569847652254,0.0129856635202181,0.35388310648518817,2.944341475714798,0.3181818181818182,-18.27851994104801
pos24,0.6671822977341608,1,1554,0.45827189619581243,0.15551517863052336,0.01291514367421892,0.3758043758043758,3.718009039874359,0.4153846153846154,-20.919074816171438
persist96,0.09735806312629122,1,2368,0.6983190799174285,0.15541099423247146,0.012810959276167017,0.3589527027027027,5.57595809609837,0.42424242424242425,-23.798991287986983
atr_pct,0.029346308483993437,-1,2145,0.6325567679150693,0.155410972917123,0.012810937960818558,0.3701631701631702,5.128562106265059,0.5076923076923077,-34.69457165515676
persist24,0.10427199177927475,1,2960,0.8728988498967856,0.15520846784227932,0.01260843288597488,0.3581081081081081,6.960864618381012,0.45454545454545453,-33.518295463324776
kyle_z,-0.08897894737424719,1,2883,0.8501916838690652,0.155154070471742,0.012554035515437573,0.353451266042317,6.77741189651564,0.5,-30.542798154168388
up_wick,0.07231721995005641,1,2583,0.7617222058389855,0.15513234788860578,0.012532312932301337,0.3554006968641115,6.071315978731344,0.5,-32.32914339104208
to_hi480,9.459790958033281,1,1730,0.5101739899734592,0.15501196135612152,0.012411926399817086,0.3601156069364162,4.190167080407661,0.390625,-28.972720406728516
ats_rank480,0.55,1,2331,0.6874078442937187,0.15490072852412526,0.01230069356782082,0.3642213642213642,5.641774971714626,0.53125,-39.274590697716086
range_z,0.5563270164411794,1,3065,0.9038631672073135,0.1548660147239667,0.01226597976766225,0.3569331158238173,7.19188386559027,0.5151515151515151,-35.672195069226746
tbi_ma24,-0.0038015854793306664,-1,2183,0.6437629017988794,0.1548470465744442,0.012247011618139764,0.35364177737059094,5.121683373818359,0.5151515151515151,-26.55656129454017
to_hi24,5.484548328569173,-1,2836,0.8363314656443527,0.15475827230283312,0.012158237346528683,0.3571932299012694,6.649916064406586,0.48484848484848486,-36.694422162607225
pos480,0.43232390898746764,-1,1508,0.44470657623120025,0.15469020926402502,0.01209017430772058,0.34681697612732093,3.7624650898411245,0.3709677419354839,-28.972720406728516
accel,-1.3304006017737409,-1,835,0.2462400471837216,0.1546313236593333,0.012031288703028858,0.3377245508982036,1.9563205341748982,0.4696969696969697,-15.993928374108199
extreme_late,0.9372384937238494,-1,2733,0.8059569448540254,0.15455705170407602,0.011957016747771582,0.35382363702890596,6.400067004655146,0.4696969696969697,-29.033381653617834
atr_pct,0.0322115910198762,-1,2356,0.6947803007962253,0.15453689470651671,0.011936859750212275,0.367572156196944,5.601368060439282,0.5076923076923077,-35.709404896725566
range_per_trade,6.250599983008629e-08,1,1704,0.5025066352108523,0.1545188935388973,0.011918858582592867,0.35563380281690143,3.9893968877315307,0.5151515151515151,-24.415967486990404
pos24,0.4297265749882284,-1,1509,0.4450014744913005,0.15450756668645033,0.011907531730145887,0.34327369118621603,3.532604820149295,0.3787878787878788,-21.440896180989764
vol_of_vol,0.29447156418738696,-1,2039,0.6012975523444412,0.15449893079304786,0.011898895836743417,0.3722412947523296,4.92223937323476,0.5625,-27.072307697557708
avg_trade_usd,2428.0392892343016,-1,2318,0.6835741669124152,0.15434809089983578,0.011748055943531344,0.3559102674719586,5.420892040997263,0.48484848484848486,-27.192002211290045
ats_z96,-1.1280907455849856,1,3146,0.927749926275435,0.1542384643819564,0.011638429425651964,0.35982199618563254,7.352033468873255,0.4696969696969697,-38.35506037048699
persist6,0.4304541311160921,1,2444,0.7207313476850487,0.15421961773310863,0.011619582776804194,0.35801963993453356,5.710799177874507,0.5151515151515151,-23.89744476483867
close_loc,0.713466086048745,1,1095,0.32291359480979065,0.15411704088991932,0.011517005933614877,0.3680365296803653,2.5569418147645706,0.4696969696969697,-18.53838537191543
since_lo24,11.0,1,1780,0.5249189029784724,0.15399948873360064,0.011399453777296203,0.36179775280898874,4.153319544633472,0.48484848484848486,-27.119451939838942
rpt_z,-0.13794622735382514,1,1293,0.3813034503096432,0.15398227523947294,0.011382240283168504,0.34957463263727767,3.0166527558278564,0.48484848484848486,-12.912302550960163
kyle,1.3325708998580056e-06,1,1885,0.5558832202890003,0.15396961881841412,0.011369583862109678,0.353315649867374,4.397465628374404,0.5303030303030303,-22.333123979488576
up_wick,0.049083100441177994,1,2818,0.831023296962548,0.15396398679779563,0.011363951841491193,0.3530872959545777,6.5737956787301215,0.5151515151515151,-31.338387478532287
persist96,0.08647624595076657,1,2497,0.7363609554703627,0.15387415737224344,0.011274122415939003,0.3576291549859832,5.821572287249877,0.42424242424242425,-24.831470910797574
close_loc,0.5746921182266022,1,1596,0.47065762312002357,0.15383144805241916,0.011231413096114723,0.36278195488721804,3.7199241074494087,0.4696969696969697,-20.906463059274387
body_frac,-0.7421069906875876,1,3075,0.9068121498083161,0.15383018495581807,0.011230149999513633,0.3551219512195122,7.1670881627142515,0.4696969696969697,-35.669388872729456
body_frac,0.6685573578268519,-1,2795,0.8242406369802419,0.1537546201666928,0.011154585210388368,0.3499105545617174,6.511275202513734,0.5151515151515151,-34.2058949226237
disp6,0.7149324050376802,1,1511,0.44559127101150103,0.15374554436327426,0.011145509406969817,0.3759099933818663,3.5739925774293444,0.4461538461538462,-25.277886085585777
persist96,0.06567139783063071,-1,679,0.2002359186080802,0.15363145924944677,0.011031424293142328,0.3446244477172312,1.5805418307632477,0.5303030303030303,-12.022301749083466
to_hi96,11.915167414888796,-1,3287,0.9693305809495724,0.15358278363817196,0.010982748681867521,0.3538180711895345,7.648888027555625,0.4696969696969697,-38.75049466928266
disp24,-4.535511892231573,1,2844,0.8386906517251548,0.15338651157810518,0.010786476621800739,0.35724331926863573,6.609564226183805,0.5,-36.70025127482326
since_hi480,381.0,1,965,0.28457682099675613,0.15335796746662828,0.010757932510323837,0.3616580310880829,2.4260727640212507,0.3770491803278688,-22.510720432815244
disp24,-2.3380440021050584,1,2267,0.6685343556473017,0.15335247918926392,0.010752444232959485,0.3595059550066167,5.267425307910018,0.5454545454545454,-29.503111638582173
sess_eu,0.0,-1,1866,0.5502801533470952,0.15318264635892587,0.010582611402621428,0.35316184351554125,4.330891183420541,0.5151515151515151,-24.478799739107878
to_hi24,0.6068659492190683,-1,776,0.22884104983780595,0.15317664798238328,0.010576613026078846,0.3788659793814433,1.8286935205281456,0.4153846153846154,-15.026012779939984
efficiency,0.04575610044111615,-1,866,0.25538189324682986,0.1531556364541671,0.010555601497862666,0.34526558891454967,2.0095875934743743,0.48484848484848486,-11.706215812441101
rpt_z,-0.6328247640535837,-1,1497,0.4414626953700973,0.15315096332409855,0.010550928367794116,0.36138944555778224,3.4737423044875086,0.5303030303030303,-22.170319565086793
close_loc,0.6687294145797741,1,1290,0.3804187555293424,0.15306031350736848,0.010460278551064045,0.36666666666666664,2.9916334003712928,0.45454545454545453,-19.877881152064912
close_loc,0.5272727272727254,1,1762,0.5196107342966676,0.15303534575281283,0.01043531079650839,0.3620885357548241,4.085579988128123,0.5,-25.08632592376368
kyle,1.0244518841917916e-06,1,2086,0.6151577705691537,0.1530282486312942,0.01042821367498975,0.3537871524448706,4.836620100679996,0.5303030303030303,-24.415967486990404
rpt_rank,0.2125,-1,1202,0.354467708640519,0.15297661461243825,0.01037657965613381,0.35690515806988354,2.8730920431898554,0.515625,-20.54000590119731
efficiency,0.06413513272237506,-1,1249,0.36832792686523147,0.15295604985783554,0.010356014901531096,0.3450760608486789,2.8945773677641906,0.4393939393939394,-14.360212966923992
dn_wick,0.08513006907761052,1,2555,0.7534650545561781,0.15287112728134047,0.010271092325036035,0.34951076320939334,5.917965609148863,0.5151515151515151,-31.045417654591624
to_hi24,1.3732325478159486,-1,1395,0.41138307283987025,0.15282674579583688,0.010226710839532444,0.37849462365591396,3.2798970828491147,0.46153846153846156,-20.284558629952837
wick_skew,-0.024013655054406707,-1,1681,0.49572397522854617,0.15281048871584177,0.01021045375953733,0.3497917906008328,3.892036841383788,0.48484848484848486,-20.25348688658043
lo_pos,0.0041841004184100415,1,3176,0.9365968740784429,0.15280407695058337,0.010204041994278934,0.3532745591939547,7.353117399925041,0.5,-36.69802532962225
lo_pos,0.9330543933054394,-1,3064,0.9035682689472132,0.15271185991304717,0.010111824956742732,0.3560704960835509,7.089532405660252,0.4393939393939394,-37.62420775731864
persist24,0.18434446037257882,1,2606,0.7685048658212916,0.15269348013245077,0.010093445176146326,0.3595548733691481,6.02907892765404,0.45454545454545453,-28.754303042557844
up_wick,0.09552327941674948,1,2366,0.697729283397228,0.15268917723478811,0.010089142278483676,0.35418427726120033,5.473675656628918,0.5303030303030303,-28.234653056371645
updn_ratio,0.475,1,2473,0.7292833972279563,0.15257586387772779,0.009975828921423346,0.35503437120905784,5.716971384388193,0.48484848484848486,-37.38954702565673
up_wick,0.24190862766639698,1,1291,0.38071365378944266,0.1525640457550643,0.00996401079875986,0.3516653756777692,2.9842451980270908,0.5,-16.41124941926173
pos480,0.7928400221976843,1,871,0.2568563845473312,0.1525599770451485,0.00995994208884407,0.373134328358209,2.109202222322609,0.2857142857142857,-30.20438979156271
disp6,-1.4070373711675228,-1,1163,0.34296667649660867,0.15254974803754107,0.009949713081236627,0.33963886500429924,2.6881114692069734,0.3939393939393939,-18.034609449008062
persist24,0.06742371090718897,1,3107,0.9162488941315247,0.15233372511231924,0.009733690156014801,0.35661409719987125,7.171225513999635,0.4696969696969697,-35.57165726285288
dn_wick,0.02852883674295579,1,3052,0.90002948982601,0.15220557034420884,0.009605535387904401,0.3519003931847969,7.038354555917051,0.5151515151515151,-34.644796291924735
tbi_z24,0.8635393331242377,-1,2725,0.8035977587732233,0.15220091368444047,0.00960087872813603,0.3504587155963303,6.284052875607578,0.48484848484848486,-29.52728519871899
since_lo480,337.0,1,1479,0.4361545266882925,0.15209736128684392,0.009497326330539485,0.3556457065584855,3.514874958488159,0.4375,-29.05578481998062
to_hi96,9.19482173006494,-1,2868,0.8457682099675612,0.152068936200994,0.009468901244689548,0.351115760111576,6.608086500370466,0.5303030303030303,-38.75049466928266
persist24,0.12297898166733838,1,2887,0.8513712769094662,0.15203378458087277,0.009433749624568333,0.35781087634222375,6.6503263043178755,0.4393939393939394,-30.438116243353527
persist24,0.1428581292452109,1,2806,0.8274845178413447,0.15197926530298295,0.009379230346678508,0.3585174625801853,6.46142149151773,0.45454545454545453,-31.847912132954253
extreme_late,0.9581589958158996,-1,2882,0.8498967856089649,0.1519573728872433,0.009357337930938875,0.3532269257460097,6.6354719494096255,0.5303030303030303,-31.085627297656014
flow_eff,-0.4498344470928277,-1,677,0.19964612208787968,0.1519463057139467,0.009346270757642272,0.3604135893648449,1.5586007419445744,0.48484848484848486,-10.455365115000056
close_loc,0.8023422290875147,1,767,0.22618696549690356,0.15185213269558961,0.009252097739285176,0.37157757496740546,1.7647058451138973,0.48484848484848486,-13.96728497042118
avg_trade_usd,1862.3014465228123,-1,2014,0.5939250958419345,0.15177257835195096,0.00917254339564652,0.3560079443892751,4.631363224254988,0.5303030303030303,-26.49040761400951
persist6,0.9110382671732487,-1,2812,0.8292539074019464,0.15176676695275174,0.009166731996447297,0.3534850640113798,6.4661840707748155,0.5151515151515151,-33.610463092729105
persist24,0.016426153239354292,1,3315,0.9775877322323798,0.15176571901147923,0.009165684055174789,0.35444947209653094,7.622778159440207,0.48484848484848486,-36.70895969906005
range_rank,0.85,-1,788,0.23237982895900913,0.1516748494709843,0.009074814514679869,0.36928934010152287,1.8674965841114943,0.4375,-14.609221886974854
to_hi24,4.184813127283203,1,1047,0.3087584783249779,0.15152469676070948,0.008924661804405043,0.3419293218720153,2.403732689522164,0.4090909090909091,-17.778966128775327
since_hi24,2.0,-1,1326,0.3910350928929519,0.15150520548899493,0.008905170532690493,0.37631975867269984,3.0907061919754963,0.47692307692307695,-21.19038894731729
vol_per_trade_z,1.8619752286654168,-1,2692,0.7938661161899144,0.15145834158898716,0.008858306632682722,0.35178306092124817,6.177664478144748,0.45454545454545453,-33.38221619686259
close_loc,0.14237218194110812,1,3021,0.8908876437629017,0.1514241972399534,0.008824162283648962,0.35584243627937767,6.93109848275605,0.48484848484848486,-37.62420775731864
close_loc,0.6211407832500061,1,1433,0.42258920672368033,0.1514080662308879,0.008808031274583461,0.36427076064200975,3.2873902864979154,0.4696969696969697,-19.877881152064912
close_loc,0.08485600126592015,1,3210,0.946623414921852,0.15139781189702028,0.008797776940715846,0.3545171339563863,7.36343903317326,0.48484848484848486,-38.645286534116835
up_wick,0.11835216453963776,1,2163,0.637864936596874,0.15135638363435056,0.008756348678046116,0.35321312991215903,4.960361481834853,0.5303030303030303,-27.841409656034152
wick_skew,0.3075840317348923,-1,2930,0.8640519020937777,0.15133727262240693,0.008737237666102488,0.35494880546075086,6.718457708843217,0.48484848484848486,-33.614064194340756
lo_pos,0.21338912133891214,-1,1300,0.383367738130345,0.15129111163855766,0.008691076682253218,0.3676923076923077,2.979976441365529,0.48484848484848486,-17.170281368849583
rpt_rank,0.16666666666666666,-1,1039,0.3063992922441758,0.15119435682652857,0.00859432187022413,0.35611164581328203,2.4545458866056746,0.46875,-18.49085307838714
since_lo24,6.0,-1,1389,0.40961368327926867,0.15118962037745198,0.008589585421147544,0.34557235421166305,3.181854283398194,0.4090909090909091,-18.257958343549326
atr_rank,0.9083333333333333,-1,2364,0.6971394868770274,0.15116343756904474,0.0085634026127403,0.3663282571912014,5.58359947520659,0.5,-33.634826353551524
persist24,0.03284294634616023,1,3255,0.9598938366263638,0.1511580447107228,0.008558009754418366,0.3548387096774194,7.454839932324283,0.5,-34.65900000388374
atr_pct,0.021022399638202172,-1,1305,0.38484222943084634,0.15109375403238787,0.008493719076083428,0.37701149425287356,3.129799190670891,0.3968253968253968,-28.566510589056627
since_hi480,179.0,1,1967,0.580064877617222,0.1510179202432569,0.008417885286952448,0.3543467208947636,4.641441392476349,0.46875,-28.972720406728516
tbi_z24,0.6909863779429375,-1,2546,0.7508109702152758,0.15091763528870922,0.008317600332404779,0.34917517674783977,5.821762112803844,0.5,-26.918721878544822
rv_vs_range,0.6953272486656539,-1,2680,0.7903273370687113,0.15088550366423226,0.008285468707927818,0.35559701492537316,6.126865906365794,0.48484848484848486,-32.57978277458097
tbi_z8,1.3487816264806354,-1,3087,0.9103509289295193,0.1508766250263965,0.008276590070092071,0.35309361839974085,7.056911234189181,0.4696969696969697,-33.63102752736756
wick_skew,0.3915880236268558,-1,3092,0.9118254202300207,0.15078603218090333,0.008185997224598895,0.3541397153945666,7.064097143990197,0.48484848484848486,-34.63861717953327
rv_vs_range,0.6725265972754478,-1,2555,0.7534650545561781,0.15077751393598507,0.00817747897968063,0.35655577299412916,5.83691739555215,0.5151515151515151,-31.55870399778278
rv_vs_range,0.719529211985961,-1,2787,0.8218814508994396,0.15072008207283644,0.008120047116531998,0.3555794761392178,6.364498011166594,0.5,-33.61291788186135
tbi,0.015656309986875495,-1,2860,0.8434090238867591,0.15062887514071432,0.008028840184409886,0.34965034965034963,6.527251256097623,0.45454545454545453,-29.46596611394924
hi_pos,0.5648535564853556,1,1365,0.40253612503686226,0.15060477376403947,0.008004738807735029,0.3684981684981685,3.114780548301726,0.42424242424242425,-17.866619291298516
extreme_late,0.32217573221757323,1,2967,0.8749631377174875,0.1505979965964678,0.007997961640163365,0.35591506572295245,6.770064483359393,0.5303030303030303,-32.597399818274454
atr_pct,0.025351249926967724,-1,1780,0.5249189029784724,0.1505030501124637,0.007903015156159265,0.3707865168539326,4.252308400002945,0.4603174603174603,-33.67621266342357
wick_skew,0.053671632018342665,-1,2062,0.6080802123267472,0.1504910572364935,0.007891022280189064,0.35208535402521823,4.701705454873479,0.4696969696969697,-23.86841955015972
up_wick,0.36732623448234064,-1,2654,0.7826599823061043,0.1504694101438249,0.007869375187520455,0.3553127354935946,6.0506941594198675,0.5,-25.470821791543695
updn_ratio,0.5517241379310345,-1,3121,0.9203774697729283,0.15046727110516553,0.00786723614886109,0.3524511374559436,7.115278077563964,0.5151515151515151,-36.69947462309944
rv_vs_range,0.9253096112889696,-1,3296,0.9719846652904748,0.15043580639552226,0.00783577143921782,0.3537621359223301,7.512672998176384,0.5,-37.72594168409015
to_hi24,2.3657491297868734,-1,1749,0.5157770569153642,0.15041315029838861,0.007813115342084176,0.3699256718124643,3.9859484829072986,0.48484848484848486,-27.143253200039123
extreme_late,0.9079497907949791,-1,2529,0.7457976997935712,0.1503559037680096,0.007755868811705174,0.35073151443258205,5.761364858019641,0.4393939393939394,-28.009217238324794
up_wick,0.4064900618276803,-1,2777,0.818932468298437,0.1503085945705586,0.007708559614254151,0.35505941663665824,6.324347986703655,0.4696969696969697,-26.439811232571785
to_lo96,3.471164097663949,-1,1459,0.4302565614862872,0.1502584408734427,0.007658405917138261,0.34544208361891704,3.3216222005204985,0.3787878787878788,-23.469687313607412
minofday,240.0,1,2961,0.8731937481568859,0.15025048787874307,0.0076504529224386275,0.35325903411009796,6.740783251650882,0.48484848484848486,-33.62699555001243
hour,4.0,1,2961,0.8731937481568859,0.15025048787874307,0.0076504529224386275,0.35325903411009796,6.740783251650882,0.48484848484848486,-33.62699555001243
body_frac,-0.23591641783964198,1,2054,0.6057210262459451,0.15020200605663406,0.007601971100329619,0.3622200584225901,4.674468491520098,0.4696969696969697,-30.20438979156271
persist24,0.16279878429679864,1,2721,0.8024181657328222,0.15017219115834693,0.00757215620204249,0.3579566335905917,6.191189880937301,0.45454545454545453,-29.79095323211615
rpt_rank,0.11875,-1,842,0.24830433500442348,0.15016011298225299,0.007560078025948547,0.35510688836104515,1.9755439864227653,0.484375,-16.420775931439678
rv_vs_range,0.8328507338415124,-1,3162,0.9324682984370393,0.15011743939902175,0.0075174044427173126,0.3538899430740038,7.191990051207679,0.5,-36.697892587494856
flow_eff,3.819443199182023,-1,2927,0.8631672073134768,0.15002718571258652,0.007427150756282086,0.3570208404509737,6.653478372435465,0.4696969696969697,-34.26035344609781
body_frac,-0.07084220992933717,1,1816,0.535535240342082,0.15001773926686102,0.007417704310556578,0.3672907488986784,4.127760825888176,0.45454545454545453,-30.20438979156271
body_frac,0.5821690140845063,-1,2574,0.7590681214980831,0.15000604979267082,0.007406014836366381,0.3473193473193473,5.850235941914163,0.48484848484848486,-27.032339430561468
avg_trade_usd,1601.4817781306806,-1,1877,0.5535240342081982,0.14991406787779588,0.007314032921491437,0.3558870538092701,4.26346523343368,0.5303030303030303,-23.397944885556225
avg_trade_usd,3962.0748657114536,-1,2923,0.8619876142730758,0.14988415718388487,0.007284122227580431,0.35169346561751624,6.638051385583267,0.4696969696969697,-33.58670076544193
body_frac,0.013726257983673742,-1,1671,0.4927749926275435,0.14983874561581634,0.007238710659511899,0.3381208856971873,3.7936446049095327,0.42424242424242425,-28.66956268303134
range_z,0.3471950424180157,1,3223,0.9504570923031554,0.1498141634237325,0.007214128467428055,0.3540179956562209,7.315924980525602,0.48484848484848486,-36.69674805441926
since_lo480,205.0,-1,1320,0.38926570333235033,0.14979857332603155,0.007198538369727114,0.3477272727272727,3.1892599482316406,0.3709677419354839,-23.8931534361898
dq,0.03144952226622922,-1,2857,0.8425243291064582,0.1497430976156795,0.00714306265937506,0.34931746587329365,6.482061058909037,0.45454545454545453,-29.46596611394924
ats_z96,-1.3603924212150573,1,3211,0.9469183131819522,0.14972209212110116,0.007122057164796719,0.3578324509498599,7.284206633346302,0.4696969696969697,-36.71375082913283
kyle_z,1.3020898654251056,-1,1917,0.5653199646122088,0.1496946051820405,0.007094570225736063,0.35732916014606153,4.347947850514722,0.48484848484848486,-26.20616250817136
rpt_rank,0.2625,-1,1370,0.4040106163373636,0.14965010677262547,0.00705007181632103,0.35766423357664234,3.2034475981015134,0.5,-24.648055188181907
kyle,7.076163105566127e-07,-1,990,0.29194927749926275,0.14950974711292506,0.006909712156620618,0.3575757575757576,2.277148456027628,0.4461538461538462,-22.68500110902443
m1_jump,0.2013570322840399,1,2812,0.8292539074019464,0.1494775035506506,0.006877468594346153,0.3581081081081081,6.368647575521657,0.5,-32.60627646374683
tbi_z96,1.2836554345153746,-1,3065,0.9038631672073135,0.14935275353470484,0.006752718578400402,0.3510603588907015,6.9358513573313685,0.4696969696969697,-32.58916098846925
atr_pct,0.022346851692784636,-1,1445,0.42612798584488354,0.14933375767713872,0.006733722720834279,0.3737024221453287,3.425194918150245,0.4444444444444444,-30.61241841521729
extreme_late,0.5271966527196653,1,2501,0.7375405485107638,0.14931608420590498,0.006716049249600536,0.35785685725709715,5.6581746454389155,0.5303030303030303,-26.419487899259735
persist96,0.0761811451419124,1,2607,0.768799764081392,0.1492690121522871,0.006668977195982667,0.35596471039509014,5.8961259800153405,0.42424242424242425,-25.84843956264127
persist24,0.04969782771209027,1,3184,0.938956060159245,0.14921499365284444,0.0066149586965399965,0.35458542713567837,7.198493027131164,0.4696969696969697,-36.600396932098576
to_lo96,4.335953214276718,1,1767,0.521085225597169,0.1491740056791608,0.00657397072285637,0.3633276740237691,3.993794970228442,0.4696969696969697,-29.157931882420524
ats_rank480,0.4354166666666667,1,2572,0.7584783249778826,0.14914241692301738,0.006542381966712946,0.3619751166407465,5.99366088009376,0.5,-40.289423939284895
to_hi24,1.7532743045111798,-1,1535,0.4526688292539074,0.1491234197224847,0.006523384766180251,0.3745928338762215,3.521606911907908,0.4461538461538462,-22.99163091779996
kyle,8.617241076126616e-07,1,2223,0.65555883220289,0.14903748764481747,0.0064374526885130345,0.352676563202879,5.019853561127717,0.5151515151515151,-26.46398909853434
rv_vs_range,0.6069673096165371,-1,2110,0.62223532881156,0.1489562378875881,0.0063562029312836665,0.3578199052132701,4.7620857870122855,0.5454545454545454,-25.39977716447682
since_lo24,3.0,-1,1185,0.3494544382188145,0.14895140071431087,0.006351365758006433,0.34852320675105486,2.6743546946433083,0.36363636363636365,-18.487822296007927
to_lo24,2.8730243731844256,-1,1702,0.5019168386906517,0.1489005650249582,0.006300530068653748,0.3425381903642773,3.8398297223102844,0.4696969696969697,-23.50755509608366
pos24,0.15620533153544933,-1,809,0.23857269242111473,0.14887577030680257,0.006275735350498135,0.3572311495673671,1.8248560330030803,0.30303030303030304,-17.668502429620524
rpt_z,-0.2640426171837599,-1,1966,0.5797699793571218,0.1487544409014536,0.006154405945149155,0.358087487283825,4.431079254731178,0.5151515151515151,-25.058766201620642
lo_pos,0.1087866108786611,1,2424,0.7148333824830434,0.14866916870167235,0.006069133745367911,0.34694719471947194,5.460213105043239,0.5303030303030303,-25.86733032169107
atr_pct,0.027166825822279896,-1,1975,0.5824240636980241,0.14862190204036194,0.006021867084057497,0.369620253164557,4.515819331226382,0.46153846153846156,-34.69457165515676
disp6,-0.4767943345811137,1,1886,0.5561781185491006,0.14857041009440233,0.005970375138097894,0.3647932131495228,4.245512021788527,0.45454545454545453,-25.182557144338464
kyle_z,-0.20490063111211065,1,2975,0.8773223237982896,0.14856447239288842,0.00596443743658398,0.3519327731092437,6.696656141952167,0.5151515151515151,-32.61104603352113
disp96,-4.322248598820041,1,2417,0.7127690946623415,0.14855637813256556,0.00595634317626112,0.3537443111294994,5.4403146355516805,0.5,-36.700260222123184
dq_z96,1.2832517503174006,-1,3067,0.904452963727514,0.1485448746986786,0.0059448397423741695,0.35083143136615585,6.902835313649201,0.4696969696969697,-32.58916098846925
avg_trade_usd,3262.3823399591515,-1,2684,0.7915069301091123,0.14849853018670364,0.005898495230399203,0.3520864381520119,6.038940227592616,0.4696969696969697,-27.914359450486568
to_lo24,0.5064132302810069,1,2942,0.8675906812149808,0.1484708024300692,0.005870767473764749,0.35180149558123724,6.618198496200961,0.45454545454545453,-34.64130470322464
tbi_z8,1.1142164191087494,-1,2935,0.865526393394279,0.14846780732897305,0.0058677723726686115,0.351618398637138,6.602318401674785,0.48484848484848486,-32.61266853563437
rv_vs_range,0.7991073038110788,-1,3076,0.9071070480684164,0.1484370172988382,0.00583698234253377,0.3546814044213264,6.918064624412522,0.48484848484848486,-36.697892587494856
close_loc,0.8895357399732859,-1,3020,0.8905927455028015,0.1484084073509614,0.005808372394656952,0.35066225165562914,6.790808942422779,0.5,-35.23240783661683
m1_jump,0.15574013632457728,1,3214,0.947803007962253,0.14834954862231323,0.0057495136660087875,0.35532047293092717,7.224173473819921,0.45454545454545453,-36.703072637322045
rv_vs_range,0.6506345542388152,-1,2415,0.712179298142141,0.14825737461892224,0.005657339662617805,0.356935817805383,5.424872116737836,0.5,-31.55870399778278
body_frac,-0.1539948254995741,1,1922,0.5667944559127102,0.14823753781306356,0.0056375028567591245,0.3636836628511967,4.316856782980427,0.4696969696969697,-30.20438979156271
wick_skew,0.012784093498582142,-1,1869,0.5511648481273961,0.1482272152030889,0.005627180246784463,0.34884965222043873,4.197525230523834,0.5,-22.677237475802627
vol_per_trade_z,-1.7239491818217751,1,3268,0.9637275140076673,0.14822184277926923,0.005621807822964786,0.3546511627906977,7.339227003070481,0.4696969696969697,-36.72188678463621
rpt_z,-0.3847683714259828,-1,1829,0.5393689177233855,0.14819682155519137,0.0055967865988869325,0.3586659376708584,4.106848282188561,0.5303030303030303,-21.994059306121834
tbi_ma8,-0.0001031262975173669,-1,2464,0.726629312887054,0.14812932274890414,0.005529287792599702,0.35267857142857145,5.530161382625756,0.45454545454545453,-29.435013814540817
pos24,0.5727513513013501,1,1685,0.4969035682689472,0.14809293117703295,0.005492896220728516,0.36973293768545995,3.780857409595463,0.4393939393939394,-26.10169550597497
persist96,0.008601964969636,1,3297,0.9722795635505751,0.14803926500038847,0.005439230044084031,0.3536548377312709,7.395234192519408,0.4696969696969697,-37.73566142771385
updn_ratio,0.48535564853556484,1,2156,0.6358006487761723,0.1480256947619291,0.00542565980562465,0.3557513914656772,4.835506028889683,0.5151515151515151,-31.238470790773718
up_wick,0.4511509696282545,-1,2915,0.8596284281922737,0.14800589084210045,0.005405855885796007,0.35471698113207545,6.536926845526102,0.5,-28.49294569761312
since_hi480,432.0,1,628,0.18519610734296668,0.14799058715194482,0.005390552195640386,0.35987261146496813,1.5489681455236888,0.3333333333333333,-19.975528863626035
kyle_z,0.17665884802156107,-1,736,0.21704511943379534,0.1479238174166415,0.005323782460337073,0.3641304347826087,1.6495746911916387,0.5454545454545454,-12.327236480050871
avg_trade_usd,1369.9234942994403,-1,1729,0.5098790917133589,0.1476858044944202,0.005085769538115764,0.3551185656448814,3.868920545012918,0.5151515151515151,-23.397944885556225
hi_pos,0.502092050209205,1,1513,0.44618106753170156,0.14763996101781204,0.005039926061507605,0.3661599471249174,3.384534257878024,0.48484848484848486,-20.950503205890698
accel,-2.0775119188796287,1,2925,0.8625774107932763,0.14763995224628432,0.005039917289979878,0.3552136752136752,6.543134247278509,0.4696969696969697,-33.62205751199413
absorb_z,0.2009001392432133,-1,2024,0.5968740784429372,0.14763539764511605,0.0050353626888116065,0.35276679841897235,4.527485527783559,0.4696969696969697,-24.908609522110588
tbi_z8,0.9226034107385827,-1,2764,0.8150987909171336,0.14762028290178034,0.0050202479454758975,0.3509406657018813,6.1821585142503155,0.48484848484848486,-30.572342228592717
pos96,0.37430090950134054,1,1970,0.5809495723975229,0.14761786523239,0.005017830276085572,0.3568527918781726,4.406169613754671,0.48484848484848486,-31.33684015095769
gap,0.00033630807515088514,-1,2755,0.8124447065762312,0.14760424879698894,0.005004213840684502,0.3531760435571688,6.16135917326825,0.5151515151515151,-31.470988333534674
disp6,-1.7770418968595156,-1,982,0.28959009141846065,0.1475826582379666,0.004982623281662157,0.3380855397148676,2.1958510665103512,0.36363636363636365,-13.910202110684672
hour,8.0,1,2687,0.7923916248894132,0.14754229351362802,0.004942258557323581,0.35132117603275026,6.006759737441189,0.5151515151515151,-31.586925291105
sess_asia,0.0,-1,2687,0.7923916248894132,0.14754229351362802,0.004942258557323581,0.35132117603275026,6.006759737441189,0.5151515151515151,-31.586925291105
minofday,480.0,1,2687,0.7923916248894132,0.14754229351362802,0.004942258557323581,0.35132117603275026,6.006759737441189,0.5151515151515151,-31.586925291105
tbi_z8,0.7489049428426591,-1,2606,0.7685048658212916,0.14747978452903784,0.004879749572733405,0.35072908672294706,5.82321694670716,0.4696969696969697,-29.53865861945207
body_frac,0.42657905705757254,1,1149,0.33883810085520494,0.14746090444163537,0.004860869485330932,0.37162750217580504,2.5671602909611977,0.3939393939393939,-16.86604342562446
m1_jump,0.21831880936377965,1,2605,0.7682099675611914,0.1473846439765762,0.004784609020271752,0.35738963531669865,5.817227235742136,0.5151515151515151,-30.54107278393697
to_hi480,19.153465744919025,-1,2561,0.7552344441167798,0.1473726158615152,0.004772580905210766,0.3494728621632175,5.897207331583445,0.484375,-38.75049466928266
to_hi24,4.70636492138216,-1,2543,0.7499262754349749,0.147342962433514,0.0047429274772095575,0.3566653558788832,5.67716899194585,0.5303030303030303,-32.590610788942186
disp6,0.34179902486786307,1,1630,0.4806841639634326,0.14731714898856155,0.004717114032257108,0.3717791411042945,3.6942608130977748,0.47692307692307695,-25.277886085585777
body_frac,0.5030395156779559,-1,2386,0.7036272485992333,0.14730593092507352,0.0047058959687690805,0.3440905280804694,5.32533259374584,0.48484848484848486,-24.977032247336062
disp6,-0.14061318096250616,1,1768,0.5213801238572693,0.1472457654054322,0.00464573044912775,0.36764705882352944,4.005084819027755,0.47692307692307695,-25.277886085585777
lo_pos,0.03765690376569038,1,2818,0.831023296962548,0.14720604341881885,0.00460600846251441,0.3488289567068843,6.2852519750641145,0.5151515151515151,-30.538577952915713
since_hi480,281.0,-1,1813,0.5346505455617812,0.14720555609965327,0.004605521143348834,0.35079977937120793,4.1700573938854895,0.4375,-38.75049466928266
body_frac,0.7705106712734684,-1,3054,0.9006192863462106,0.1471566495672783,0.004556614610973869,0.34937786509495744,6.8093395117949695,0.4696969696969697,-38.29173736504482
to_hi24,0.3760326464350089,1,2941,0.8672957829548805,0.14711053648641498,0.004510501530110539,0.34852091125467527,6.555334663735553,0.5,-33.58868650683257
absorb,0.02949562236596545,-1,3176,0.9365968740784429,0.14700751638254517,0.004407481426240728,0.35232997481108314,7.074179879257022,0.45454545454545453,-34.635675973741556
rpt_rank,0.4166666666666667,-1,1813,0.5346505455617812,0.14684304653186972,0.004243011575565281,0.3557639271924986,4.159788177535621,0.484375,-28.133839171033756
body_frac,-0.6380925268885164,1,2837,0.836626363904453,0.1468236465781885,0.00422361162188406,0.35318998942544944,6.311192202156375,0.5151515151515151,-35.338805337116234
since_lo24,10.0,1,1834,0.5408434090238867,0.1468125796908128,0.0042125447345083555,0.3604143947655398,4.079610168984101,0.4696969696969697,-28.160680457269706
persist96,0.0177008836280917,1,3215,0.9480979062223532,0.14678817368161723,0.00418813872531279,0.35334370139968896,7.15036330888484,0.4696969696969697,-34.663508809775
updn_ratio,0.4700460829493088,1,2612,0.7702742553818932,0.14678281261907017,0.00418277766276573,0.35298621745788666,5.809041008500171,0.5,-38.410625802454916
close_loc,0.9369656116444174,-1,3213,0.9475081097021527,0.14672762408393186,0.0041275891276274235,0.351384998443822,7.142967517904136,0.4696969696969697,-36.66226207178786
since_hi480,84.0,1,2363,0.6968445886169271,0.14667244413525418,0.004072409178949743,0.35294117647058826,5.415421648306339,0.484375,-28.972720406728516
since_hi480,408.0,1,818,0.2412267767620171,0.14664663629557534,0.0040466013392709,0.35574572127139364,1.966507352291486,0.39344262295081966,-22.02173598415812
up_wick,0.3330556754294458,-1,2532,0.746682394573872,0.14660081881631712,0.00400078386001268,0.3546603475513428,5.62414050368053,0.5,-25.415317640645355
m1_jump,0.1469196961083315,1,3275,0.9657918018283692,0.1465527110714087,0.003952676115104248,0.35419847328244275,7.272123163013083,0.45454545454545453,-37.72620883375802
updn_ratio,0.5271966527196653,1,843,0.24859923326452374,0.14645550230481177,0.0038554673485073354,0.3665480427046263,1.8706361885296414,0.42424242424242425,-11.220160689556781
dq_cum24,-0.8803883624655736,1,3046,0.8982601002654085,0.14644361856575622,0.0038435836094517783,0.35423506237688773,6.758594881080206,0.48484848484848486,-37.723586780268434
m1_jump,0.1875317297790734,1,2937,0.8661161899144795,0.14642609961120345,0.003826064654899014,0.3561457269322438,6.515961432698554,0.48484848484848486,-34.65773017497327
disp6,-0.6687736223752903,1,1947,0.5741669124152168,0.14638003755305012,0.003780002596745685,0.36363636363636365,4.31821110781498,0.48484848484848486,-25.182557144338464
body_frac,0.10230098366511656,-1,1775,0.5234444116779711,0.14636964249271986,0.0037696075364154202,0.3369014084507042,3.936456294311784,0.45454545454545453,-29.701373409636425
up_wick,0.30068928009769424,1,1021,0.301091123562371,0.14634775300781583,0.0037477180515113895,0.3476983349657199,2.263955391226969,0.4696969696969697,-13.335177028637306
m1_jump,0.13138861442322128,1,3343,0.9858448835151873,0.14634003782515864,0.003740002868854203,0.3532755010469638,7.4123446431743245,0.4696969696969697,-38.75049466928266
kyle_z,-0.8683905973097206,1,3274,0.9654969035682689,0.14626740825676837,0.003667373300463933,0.3512522907758094,7.255749918676662,0.5,-37.72594168409015
efficiency,0.12599379979660819,1,953,0.2810380418755529,0.14614661261047426,0.0035465776541698246,0.3683105981112277,2.1102685123906366,0.4696969696969697,-13.26289263638644
gap,-0.0018458746078845237,1,3073,0.9062223532881156,0.14607230177090344,0.003472266814599001,0.3537260006508298,6.801214899121005,0.4696969696969697,-38.35026753284905
rv_vs_range,1.0082918646694556,-1,3352,0.9884989678560896,0.146063141665099,0.003463106708794572,0.352326968973747,7.418237134263818,0.5,-38.75049466928266
since_lo96,92.0,-1,3005,0.8861692716012975,0.14604193692965586,0.0034419019733514244,0.34941763727121466,6.649333643539634,0.48484848484848486,-35.42856556666824
pos24,0.4746063290361762,-1,1587,0.4680035387791212,0.14597558518343062,0.003375550227126184,0.3371140516698173,3.510049298274309,0.3787878787878788,-23.50755509608366
tbi_z8,-0.5926155679518862,1,2486,0.7331170746092598,0.14596189109639238,0.0033618561400879376,0.35559131134352373,5.497897897964113,0.4696969696969697,-33.289085280754826
persist6,0.18571485522369308,1,3054,0.9006192863462106,0.14592195626563687,0.0033219213093324262,0.35428945645055665,6.752206885382649,0.4696969696969697,-33.09976326962315
up_wick,0.5023050536877675,-1,3021,0.8908876437629017,0.14591573084538664,0.003315695889082204,0.3535253227408143,6.678960952786559,0.48484848484848486,-33.62433884357553
rpt_z,-1.0510484239877111,1,2433,0.7174874668239457,0.145900609789842,0.003300574833537573,0.34854089601315247,5.37842702452554,0.48484848484848486,-28.42407020539007
rv_vs_range,0.5851252172498379,-1,1918,0.565614862872309,0.1458736595663357,0.0032736246100312505,0.35662148070907196,4.239176955276239,0.5454545454545454,-22.006801561023153
disp6,-1.1213056157059338,1,2121,0.6254792096726629,0.14585159434826242,0.003251559391957981,0.36020744931636023,4.687139872919161,0.4696969696969697,-27.238828448054832
rv_vs_range,0.7705922563006764,-1,2975,0.8773223237982896,0.1458236086075163,0.0032235736512118696,0.35394957983193276,6.57310963041456,0.5,-36.697892587494856
rv_vs_range,0.8722556708921271,-1,3236,0.9542907696844589,0.14578247693044594,0.0031824419741414978,0.3522867737948084,7.147759020407926,0.48484848484848486,-36.697892587494856
range_per_trade,2.9205925292539994e-08,1,2525,0.7446181067531702,0.1457725128396467,0.0031724778833422673,0.35168316831683166,5.57690295333497,0.48484848484848486,-28.76153704644815
to_hi96,10.243194860169764,-1,3088,0.9106458271896196,0.14576295640989462,0.0031629214535901784,0.35006476683937826,6.8199395362690085,0.5,-38.75049466928266
tbi_ma96,-0.005762582963819038,-1,1908,0.5626658802713064,0.14572644545032443,0.0031264104940199877,0.350104821802935,4.212819059382106,0.5,-19.192684110627255
vol_of_vol,0.7973381730942969,-1,2398,0.7071660277204365,0.14571308686038653,0.0031130519040820925,0.3678065054211843,5.459687223300108,0.546875,-30.53189449903783
up_wick,0.564889127202451,-1,3138,0.9253907401946329,0.14569984053115748,0.0030998055748530373,0.3527724665391969,6.927365145254124,0.48484848484848486,-36.68754886389456
m1_jump,0.12406621822592122,1,3358,0.9902683574166913,0.1456586678720258,0.0030586329157213654,0.35288862418106015,7.410936465367615,0.4696969696969697,-38.75049466928266
wick_skew,-0.1904761904761743,1,2395,0.7062813329401356,0.14564849920462364,0.0030484642483191993,0.35490605427974947,5.2852750847738434,0.48484848484848486,-27.242465965851803
since_lo24,5.0,-1,1315,0.387791212031849,0.14559497274697306,0.002994937790668617,0.3452471482889734,2.9008695327616607,0.4090909090909091,-18.42704482058906
pos480,0.8427265950834969,1,770,0.22707166027720435,0.14559207675754854,0.0029920418012440997,0.37792207792207794,1.7794587159255928,0.25396825396825395,-27.11171865549616
avg_trade_usd,495.55783070984114,1,3278,0.96667649660867,0.145559653223467,0.002959618267162567,0.3523489932885906,7.229462776765527,0.48484848484848486,-38.75049466928266
rv_vs_range,0.6293235356332576,-1,2262,0.6670598643468003,0.1455411918270206,0.002941156870716166,0.3572060123784262,4.988093574435161,0.5151515151515151,-25.39977716447682
avg_trade_usd,417.50112038666254,1,3350,0.9879091713358891,0.14550342459381133,0.002903389637506887,0.3522388059701492,7.38540109680709,0.48484848484848486,-38.75049466928266
kyle_z,-0.7521618751938277,1,3249,0.9581244470657623,0.145484184968987,0.0028841500126825514,0.3508771929824561,7.161789650973315,0.5151515151515151,-37.72594168409015
avg_trade_usd,1012.1037036521446,-1,1303,0.3842524329106458,0.14545401289157406,0.0028539779352696193,0.35303146584804296,2.8716148302685007,0.5151515151515151,-23.397944885556225
disp24,-2.8900138415159966,1,2387,0.7039221468593335,0.14544481233635842,0.002844777380053981,0.35693338919145373,5.260254046164961,0.5151515151515151,-32.589799592672826
to_hi24,2.1539699906609027,-1,1670,0.4924800943674432,0.14543806072927937,0.002838025772974928,0.36946107784431137,3.680023657846917,0.4696969696969697,-25.084649260185465
m1_jump,0.1168418069339284,1,3374,0.9949867295782955,0.14541192597683136,0.0028118910205269243,0.35269709543568467,7.4336339128155915,0.4696969696969697,-38.75049466928266
absorb,0.018879331749667848,-1,2989,0.8814508994396933,0.14539689855277754,0.0027968635964731037,0.3506189360990298,6.584717117791698,0.45454545454545453,-30.525451230293008
rv_vs_range,0.43484711265257975,1,2867,0.8454733117074609,0.1453525006594356,0.002752465703131174,0.34844785490059293,6.314024536221241,0.4696969696969697,-35.636027197019075
ats_rank480,0.37916666666666665,1,2671,0.7876732527278089,0.14534761190735668,0.0027475769510522385,0.3590415574691127,6.065991740696089,0.484375,-40.289423939284895
efficiency,0.057536655149662164,-1,1125,0.3317605426127986,0.145316114882449,0.00271607992614456,0.344,2.4769792309508354,0.4696969696969697,-12.31452257238053
atr_pct,0.01981247670562547,1,2219,0.654379239162489,0.1453090948899516,0.0027090599336471732,0.3388913925191528,4.885467902436403,0.5,-24.633535353518738
disp6,0.17978003400255305,1,1671,0.4927749926275435,0.14528100125258445,0.0026809662962800074,0.36983842010771995,3.7348392783549023,0.46153846153846156,-25.277886085585777
m1_jump,0.13891040490062487,1,3316,0.9778826304924801,0.14523527751355597,0.0026352425572515326,0.353437876960193,7.296972427802295,0.4696969696969697,-38.75049466928266
avg_trade_usd,2782.552690072143,-1,2482,0.7319374815688587,0.1452075180467578,0.002607483090453361,0.35213537469782435,5.460682724122012,0.5,-28.531838459294672
to_lo96,3.908243761732087,1,1838,0.5420230020642878,0.14518899164102997,0.0025889566847255296,0.3607181719260065,4.043293433882016,0.5,-30.19204223034775
pos96,0.3327986905473144,-1,1339,0.3948687702742554,0.1451844935554922,0.0025844585991877667,0.3487677371172517,2.945485407133396,0.3181818181818182,-20.368545044137733
accel,-0.32566106164518016,1,1933,0.570038336773813,0.14517002218638866,0.0025699872300842252,0.3647180548370409,4.251722013428625,0.5151515151515151,-25.277886085585777
up_wick,0.6558824468284856,-1,3255,0.9598938366263638,0.14516396036284912,0.0025639254065446815,0.3523809523809524,7.159222590622331,0.48484848484848486,-36.68754886389456
persist6,0.14750213894398867,1,3122,0.9206723680330287,0.1451219161670776,0.0025218812107731525,0.3542600896860987,6.864706398085094,0.4696969696969697,-35.1486020903403
persist6,0.386402084298785,-1,808,0.23827779416101444,0.14511482937449546,0.0025147944181910242,0.3415841584158416,1.776557305069581,0.5303030303030303,-13.697923654819188
ats_z96,-1.6786418982746962,1,3274,0.9654969035682689,0.14508889680211723,0.00248886184581279,0.3555284056200366,7.1972886080323,0.4696969696969697,-37.728584070701636
disp6,0.01872092857325784,1,1729,0.5098790917133589,0.14508887432439074,0.002488839368086304,0.36784268363215733,3.8593640570287944,0.47692307692307695,-25.277886085585777
since_lo96,18.0,1,2191,0.6461220878796815,0.1450856033434473,0.002485568387142867,0.358740301232314,4.816402377658986,0.5454545454545454,-28.437172858041237
efficiency,0.05158461902571623,-1,991,0.292244175759363,0.1450710668557993,0.002471031899494852,0.343087790110999,2.1782640493045013,0.5,-12.482472967484663
updn_ratio,0.5271966527196653,-1,2576,0.7596579180182836,0.14505541984110237,0.0024553848847979343,0.34743788819875776,5.661556992586055,0.5,-33.59016862559654
tbi_z96,0.8406923496928056,-1,2702,0.7968150987909172,0.14501779777335402,0.0024177628170495846,0.34826054774241305,5.936940751266705,0.4696969696969697,-26.204881419233047
to_hi480,21.947660515013343,-1,2728,0.804482453553524,0.14500628477572036,0.002406249819415923,0.3497067448680352,6.18089288856508,0.40625,-38.75049466928266
range_z,0.1805962186353676,1,3302,0.9737540548510764,0.14498107122809364,0.0023810362717892053,0.35190793458509995,7.253446927199473,0.48484848484848486,-38.75049466928266
accel,-1.6328756616983604,1,2706,0.7979946918313182,0.144911581647481,0.002311546691176558,0.35698447893569846,5.9413748475467205,0.4393939393939394,-34.41348003314063
dq_z96,0.8402516950631799,-1,2702,0.7968150987909172,0.14488140464123905,0.0022813696849346143,0.3478904515173945,5.931356899100422,0.4696969696969697,-26.204881419233047
kyle_z,-0.5332051911541011,1,3167,0.9339427897375405,0.1448148564769615,0.002214821520657051,0.34985790969371644,6.948918946402077,0.5303030303030303,-37.72594168409015
to_hi24,2.5946549430649988,-1,1822,0.5373046299026836,0.1448085703112017,0.002208535354897262,0.36608122941822174,3.9975941682880225,0.4696969696969697,-26.226020687117323
to_lo24,3.1439676285756297,1,1603,0.47272191094072546,0.14478361774619009,0.0021835827898856464,0.3636930754834685,3.5164869582900415,0.42424242424242425,-22.59896523959567
disp6,-0.30439793242850993,1,1817,0.5358301386021822,0.14475458222713516,0.0021545472708307256,0.364336818932306,4.046447321641607,0.47692307692307695,-26.09996332221247
m1_jump,0.23969787323676933,1,2322,0.6847537599528163,0.1447297104479658,0.002129675491661348,0.35572782084409993,5.091854358487522,0.5,-28.484721112105625
tbi_ma24,-0.018445068370987854,1,3047,0.8985549985255087,0.14471074473460083,0.002110709778296388,0.35379061371841153,6.680812715247405,0.48484848484848486,-37.723586780268434
to_hi24,3.0997520019108538,1,1419,0.4184606310822766,0.1447094020930124,0.0021093671367079514,0.3361522198731501,3.1112521449997668,0.36363636363636365,-18.32447485295092
to_hi24,2.831318030912091,1,1500,0.4423473901503981,0.14465113763726622,0.002051102680961786,0.336,3.287525855392414,0.3939393939393939,-20.392917654641675
gap,-0.003924371398688665,1,3243,0.9563550575051607,0.14464764472208239,0.002047609765777947,0.3515263644773358,7.107459270207774,0.48484848484848486,-37.723586780268434
dn_wick,0.6014856685726271,-1,3112,0.9177233854320259,0.14463774798422002,0.002037713027915583,0.35411311053984573,6.819888965558979,0.5151515151515151,-37.71735956200228
lo_pos,0.07112970711297072,-1,797,0.23503391329991152,0.1446073451301049,0.0020073101738004584,0.36762860727728985,1.7462432434650546,0.4090909090909091,-13.791534505999863
kyle_z,-0.42547672083699134,1,3122,0.9206723680330287,0.14457909196429666,0.0019790570079922243,0.35009609224855864,6.839029168371731,0.5303030303030303,-35.67159697166507
tbi_z96,0.6731833270633687,-1,2516,0.7419640224122678,0.14457762334839663,0.0019775883920921944,0.3465818759936407,5.511474247644938,0.45454545454545453,-26.918721878544822
atr_rank,0.9625,-1,2674,0.7885579475081097,0.14456578188569982,0.0019657469293953844,0.36350037397157814,6.040139074411895,0.53125,-34.655675223973866
ats_rank480,0.11666666666666667,1,3077,0.9074019463285167,0.14455051684270237,0.0019504818863979312,0.3555411114722132,6.94971781757805,0.453125,-38.75049466928266
persist96,0.02680979579348216,1,3109,0.9168386906517252,0.14449756654370044,0.0018975315873960008,0.35252492762946286,6.80671112703583,0.4393939393939394,-31.602211416170984
kyle_z,-0.9945704209428983,1,3305,0.9746387496313772,0.14447691034410098,0.001876875387796545,0.35098335854765506,7.234790737685663,0.48484848484848486,-37.72594168409015
to_hi24,1.9517742919693917,1,1801,0.531111766440578,0.14444753261186527,0.0018474976555608313,0.334258745141588,3.941666761120748,0.42424242424242425,-25.57138781800782
wick_skew,0.09314559686888613,1,1158,0.34149218519610736,0.14443971520586707,0.0018396802495626308,0.3531951640759931,2.5342604577029406,0.4393939393939394,-14.486364353464335
dow,5.0,-1,3168,0.9342376879976408,0.14443641074844932,0.0018363757921448787,0.3500631313131313,6.932947715925567,0.48484848484848486,-35.68319208805344
kyle_z,0.03990082909770702,1,2778,0.8192273665585373,0.14435517566786102,0.0017551407115565798,0.3488120950323974,6.0760405758381495,0.5,-30.542798154168388
minofday,960.0,-1,3029,0.893246829843704,0.14433107855168453,0.001731043595380094,0.3525916143941895,6.623921771712916,0.4393939393939394,-30.20645191086008
hour,16.0,-1,3029,0.893246829843704,0.14433107855168453,0.001731043595380094,0.3525916143941895,6.623921771712916,0.4393939393939394,-30.20645191086008
disp6,-0.8800276810817232,-1,1367,0.40312592155706284,0.14418713834580582,0.001587103389501382,0.33650329188002925,2.9864214866472207,0.3939393939393939,-19.529155486097785
since_lo96,32.0,1,1933,0.570038336773813,0.14414083340769987,0.001540798451395431,0.3579927573719607,4.221579257228543,0.5303030303030303,-29.80213041599503
accel,0.3331920017558868,-1,1887,0.5564730168092008,0.14413896802231588,0.0015389330660114386,0.33916269210386857,4.121064131183486,0.5,-21.915201148977253
updn_ratio,0.4808510638297872,1,2284,0.6735476260690062,0.14413538065964523,0.0015353457033407958,0.35376532399299476,4.987957718585299,0.5151515151515151,-34.31666077443837
disp96,-0.05712548564930848,1,1753,0.5169566499557653,0.1441215365060186,0.0015215015497141715,0.36508841985168283,3.827955355985616,0.3939393939393939,-30.20438979156271
persist24,0.5109088344163476,-1,2617,0.7717487466823946,0.14411965510971453,0.0015196201534100895,0.3515475735575086,5.714562688213983,0.4696969696969697,-34.62660061514387
kyle,2.2542131483991942e-07,1,3343,0.9858448835151873,0.14411083953123374,0.001510804574929303,0.3511815734370326,7.299432372013855,0.48484848484848486,-38.75049466928266
lo_pos,0.2719665271966527,-1,1443,0.42553818932468296,0.14408656964932082,0.001486534693016378,0.36313236313236313,3.1502563636965144,0.48484848484848486,-18.507034479375935
up_wick,0.023468057366360973,1,3079,0.9079917428487172,0.1440299386365982,0.0014299036802937481,0.35076323481649885,6.719214864577058,0.48484848484848486,-33.386007303326785
hi_pos,0.0041841004184100415,1,3202,0.9442642288410499,0.14399843242423196,0.0013983974679275257,0.35227982510930667,6.986105767005921,0.45454545454545453,-36.694422162607225
pos480,0.6358828803519841,1,1232,0.363314656443527,0.14394202022799593,0.0013419852716914926,0.3652597402597403,2.770883889388921,0.359375,-33.62880195671776
m1_jump,0.10940695488385314,1,3381,0.9970510173989974,0.14391415458917114,0.001314119632866706,0.35196687370600416,7.372329646454359,0.4696969696969697,-38.75049466928266
efficiency,0.1511339520105716,-1,2786,0.8215865526393394,0.14390864030386308,0.001308605347558639,0.34709260588657576,6.0746889679782194,0.45454545454545453,-36.429355629383714
since_lo24,8.0,1,1934,0.5703332350339133,0.1439027017502136,0.0013026667939091685,0.3578076525336091,4.216785230074442,0.4696969696969697,-26.219283529054866
kyle_z,-1.1495409697921535,1,3333,0.9828959009141847,0.14388788426341678,0.0012878493071123431,0.35103510351035105,7.266338155302548,0.48484848484848486,-37.72594168409015
close_loc,0.7597612072489444,1,936,0.2760247714538484,0.14386032628714812,0.0012602913308436825,0.36645299145299143,2.040200990981373,0.4393939393939394,-18.12651996168603
up_wick,0.2700000000000046,-1,2226,0.6564435269831908,0.14381876281085446,0.0012187278545500169,0.353099730458221,4.850614636620636,0.5151515151515151,-23.36032402681912
hi_pos,0.9456066945606695,-1,3056,0.9012090828664111,0.14377521366827753,0.0011751787119730905,0.3488219895287958,6.657228075306912,0.5,-30.907140078455623
accel,0.6843376135541845,1,1305,0.38484222943084634,0.1437702524395092,0.0011702174832047552,0.3685823754789272,2.842729991417568,0.48484848484848486,-29.1549517608723
kyle_z,-0.6411570181628834,1,3209,0.9463285166617517,0.1437682101805552,0.0011681752242507504,0.34995325646618886,6.990184643475783,0.5303030303030303,-37.72594168409015
m1_jump,0.10152195305507755,1,3384,0.9979357121792981,0.14375189634456062,0.0011518613882561812,0.3519503546099291,7.370551776212017,0.4696969696969697,-38.75049466928266
disp6,-2.3526060353428186,1,2682,0.7909171335889118,0.14369276768737546,0.0010927327310710222,0.35495898583146906,5.8391515596597126,0.48484848484848486,-32.58527467343085
pos24,0.6201117995537472,1,1633,0.4815688587437334,0.14368487449934114,0.001084839543036703,0.3698714023270055,3.6098061547296023,0.4461538461538462,-23.003683757794203
m1_jump,0.17582132613002885,1,3041,0.8967856089649071,0.14368079525390787,0.001080760297603428,0.3544886550476817,6.620201490411119,0.4696969696969697,-34.65773017497327
rpt_z,-1.225282782086698,1,2672,0.7879681509879092,0.1436594146361747,0.0010593796798702704,0.3499251497005988,5.816029634967556,0.48484848484848486,-28.611139452965205
extreme_late,0.99581589958159,-1,3285,0.9687407844293718,0.14359453415095158,0.0009944991946471415,0.35098934550989347,7.147091586149635,0.4696969696969697,-36.700615606880255
avg_trade_usd,556.5744644279443,1,3175,0.9363019758183426,0.1435643478009584,0.0009643128446539528,0.351496062992126,6.906315216182469,0.4696969696969697,-38.75049466928266
wick_skew,0.5099610427470117,-1,3250,0.9584193453258626,0.14354362858076286,0.000943593624458422,0.3513846153846154,7.068436255870899,0.48484848484848486,-36.68754886389456
rpt_rank,0.3145833333333333,-1,1534,0.4523739309938071,0.14352976308354795,0.0009297281272435121,0.3546284224250326,3.44022900890879,0.484375,-26.70533145180945
dq_z96,0.6726597684187481,-1,2513,0.7410793276319669,0.14352843315079317,0.0009283981944887276,0.34659769200159174,5.464953825877929,0.45454545454545453,-26.918721878544822
vol_of_vol,1.277146787885469,-1,2606,0.7685048658212916,0.14348022044420494,0.0008801854879005033,0.36415963161934,5.842335226212471,0.53125,-34.65305317048428
range_z,-0.07810409638720862,1,3367,0.9929224417575936,0.14341259848238322,0.00081256352607878,0.35135135135135137,7.316215440760368,0.48484848484848486,-38.75049466928266
vol_per_trade_z,-0.9839895069953812,1,3089,0.9109407254497198,0.14338310023550183,0.0007830652791973869,0.3541599223049531,6.710763585264624,0.4696969696969697,-37.34128572740935
efficiency,0.029567585531454662,-1,563,0.16602772043644942,0.14337918559306329,0.0007791506367588463,0.3339253996447602,1.2230679013468881,0.42424242424242425,-7.822332452693152
range_per_trade,1.8463560972004487e-08,1,3054,0.9006192863462106,0.1433647241290545,0.0007646891727500493,0.3510150622134905,6.633876780153523,0.5151515151515151,-33.604210025030994
accel,0.001979468299623428,-1,1681,0.49572397522854617,0.14336313552634036,0.0007631005700359239,0.33789411064842356,3.6514156184814874,0.5151515151515151,-22.084287626016984
kyle,4.174389118989772e-06,-1,2993,0.8826304924800944,0.14336042310019256,0.0007603881438881244,0.35516204477113267,6.501177974831462,0.48484848484848486,-36.723179539803205
since_hi24,2.0,1,2192,0.6464169861397818,0.14335242924843186,0.0007523942921274229,0.3375912408759124,4.7610382562509495,0.5151515151515151,-26.429469138269337
range_z,-0.2789813838405706,1,3380,0.9967561191388971,0.1433275255813099,0.0007274906250054614,0.3514792899408284,7.340106613103447,0.48484848484848486,-38.75049466928266
atr_pct,0.018619224934568322,1,2362,0.6965496903568269,0.1432900231600997,0.0006899882037952609,0.3399661303979678,5.128045980365993,0.45454545454545453,-25.659212888230893
since_lo24,8.0,-1,1514,0.4464759657918018,0.1432899799160843,0.0006899449597798646,0.3428005284015852,3.286985296862904,0.4393939393939394,-20.305873837315865
tbi_z24,1.061964586216118,-1,2903,0.8560896490710704,0.14327491990294902,0.0006748849466445828,0.3489493627282122,6.301925643610015,0.4696969696969697,-31.572351706700072
persist6,0.037432420982494226,1,3325,0.9805367148333825,0.14321300097659603,0.0006129660202915943,0.35157894736842105,7.214897397684572,0.48484848484848486,-36.70975923198146
persist6,0.8144568487843862,-1,2393,0.7056915364199351,0.14319217248200158,0.0005921375256971451,0.3501880484747179,5.191801041658025,0.5454545454545454,-30.49847771810014
range_z,-0.3649293286886593,1,3386,0.9985255086994986,0.1431886344364393,0.0005885994801348715,0.35144713526284704,7.346010851542175,0.48484848484848486,-38.75049466928266
pos24,0.5245257696525296,1,1734,0.5113535830138602,0.14315134675480654,0.0005513117985020966,0.367358708189158,3.7609762920126446,0.4393939393939394,-26.10169550597497
dn_wick,0.539725000933466,-1,2981,0.8790917133588911,0.14314905642496853,0.0005490214686640904,0.3555853740355585,6.465565715194412,0.5,-36.695492961016534
wick_skew,-0.2965159165375265,1,2716,0.8009436744323208,0.14309194808788298,0.0004919131315785363,0.3549337260677467,5.888450469798337,0.5151515151515151,-32.58295538698291
m1_jump,0.09284618646407052,1,3389,0.9994102034797995,0.1430568406628865,0.00045680570658204744,0.3514311006196518,7.345752015250339,0.4696969696969697,-38.75049466928266
range_z,-0.6047591572929942,1,3389,0.9994102034797995,0.14305632189240797,0.0004562869361035282,0.3514311006196518,7.345725377172282,0.4696969696969697,-38.75049466928266
range_z,-0.6846190274156255,1,3389,0.9994102034797995,0.14305632189240797,0.0004562869361035282,0.3514311006196518,7.345725377172282,0.4696969696969697,-38.75049466928266
range_z,-0.8524079291090343,1,3389,0.9994102034797995,0.14305632189240797,0.0004562869361035282,0.3514311006196518,7.345725377172282,0.4696969696969697,-38.75049466928266
range_z,-0.526852238118244,1,3389,0.9994102034797995,0.14305632189240797,0.0004562869361035282,0.3514311006196518,7.345725377172282,0.4696969696969697,-38.75049466928266
range_z,-0.44673584798699734,1,3389,0.9994102034797995,0.14305632189240797,0.0004562869361035282,0.3514311006196518,7.345725377172282,0.4696969696969697,-38.75049466928266
range_z,-0.7641182700950219,1,3389,0.9994102034797995,0.14305632189240797,0.0004562869361035282,0.3514311006196518,7.345725377172282,0.4696969696969697,-38.75049466928266
since_hi96,66.0,-1,2313,0.6820996756119139,0.14298505261842015,0.00038501766211571087,0.35019455252918286,5.01097616221827,0.5151515151515151,-35.53747082376985
avg_trade_usd,4762.780442420103,-1,3108,0.9165437923916249,0.1429662335888208,0.00036619863251635687,0.35006435006435005,6.732409909000835,0.4393939393939394,-38.75049466928266
to_hi24,1.1865839827434939,-1,1298,0.3827779416101445,0.14295058508623384,0.0003505501299294056,0.37596302003081666,2.854613222183562,0.4461538461538462,-18.612145510648766
absorb,0.04503696599269674,-1,3270,0.9643173105278678,0.14291875633923087,0.0003187213829264346,0.3513761467889908,7.080974745898257,0.48484848484848486,-36.696149956857575
range_z,-0.18247520748526352,1,3376,0.995576526098496,0.14290829488244997,0.00030825992614552655,0.351303317535545,7.309975810956834,0.48484848484848486,-38.75049466928266
rv_vs_range,0.5094352422818629,1,2178,0.642288410498378,0.14286945909699575,0.00026942414069131004,0.3480257116620753,4.714692150200859,0.45454545454545453,-27.2280158413974
efficiency,0.024531840274419132,1,2918,0.8605131229725744,0.14285995824690423,0.00025992329059978947,0.3546949965729952,6.316141790370706,0.48484848484848486,-32.600395624760736
kyle_z,-0.3131298432478226,1,3062,0.9029784724270127,0.1428459162893548,0.0002458813330503684,0.34944480731548005,6.627184783000066,0.48484848484848486,-33.624820676598766
accel,0.16760484940808956,1,1606,0.47360660572102625,0.14282094856755553,0.00022091361125109454,0.3655043586550436,3.4753097484771858,0.5151515151515151,-25.277886085585777
avg_trade_usd,610.8170033278304,1,3047,0.8985549985255087,0.14280332782868319,0.00020329287237874638,0.35116508040695765,6.59275363475754,0.5,-38.3642846283621
to_lo480,11.708601789701188,1,1325,0.39074019463285165,0.14278456049800103,0.00018452554169659519,0.3728301886792453,3.003008613648434,0.36507936507936506,-32.613791145811376
since_lo96,25.0,1,2041,0.6018873488646417,0.14272736782712858,0.0001273328708241428,0.3576678098971093,4.413735723260144,0.5151515151515151,-25.802217589165032
m1_jump,0.08153956402390326,1,3390,0.9997051017398997,0.1427171330587937,0.00011709810248924923,0.3513274336283186,7.330470925292584,0.4696969696969697,-38.75049466928266
range_z,0.04063905508093222,1,3352,0.9884989678560896,0.1426709504924618,7.091553615737323e-05,0.35113365155131265,7.245954940162606,0.48484848484848486,-38.75049466928266
extreme_late,0.24686192468619247,1,3115,0.9186080802123268,0.14260913590688107,9.100950576629296e-06,0.3524879614767255,6.730719065908099,0.5151515151515151,-34.64577659702468
dow,6.0,-1,3391,1.0,0.14260003495630444,0.0,0.3512238277794161,7.326616947527703,0.4696969696969697,-38.75049466928266
minofday,0.0,1,3391,1.0,0.14260003495630444,0.0,0.3512238277794161,7.326616947527703,0.4696969696969697,-38.75049466928266
since_hi24,1.0,1,3391,1.0,0.14260003495630444,0.0,0.3512238277794161,7.326616947527703,0.4696969696969697,-38.75049466928266
trade_intensity,0.6916334850709047,1,3391,1.0,0.14260003495630444,0.0,0.3512238277794161,7.326616947527703,0.4696969696969697,-38.75049466928266
trade_intensity,0.6032145047556063,1,3391,1.0,0.14260003495630444,0.0,0.3512238277794161,7.326616947527703,0.4696969696969697,-38.75049466928266
trade_intensity,1.216295947592783,1,3391,1.0,0.14260003495630444,0.0,0.3512238277794161,7.326616947527703,0.4696969696969697,-38.75049466928266
is_weekend,0.0,1,3391,1.0,0.14260003495630444,0.0,0.3512238277794161,7.326616947527703,0.4696969696969697,-38.75049466928266
minofday,1200.0,-1,3391,1.0,0.14260003495630444,0.0,0.3512238277794161,7.326616947527703,0.4696969696969697,-38.75049466928266
range_z,-0.9559339069102315,1,3391,1.0,0.14260003495630444,0.0,0.3512238277794161,7.326616947527703,0.4696969696969697,-38.75049466928266
range_z,-1.0919528522857265,1,3391,1.0,0.14260003495630444,0.0,0.3512238277794161,7.326616947527703,0.4696969696969697,-38.75049466928266
since_lo24,24.0,-1,3391,1.0,0.14260003495630444,0.0,0.3512238277794161,7.326616947527703,0.4696969696969697,-38.75049466928266
trade_intensity,0.5576033436192046,1,3391,1.0,0.14260003495630444,0.0,0.3512238277794161,7.326616947527703,0.4696969696969697,-38.75049466928266
trade_intensity,0.45175307793456554,1,3391,1.0,0.14260003495630444,0.0,0.3512238277794161,7.326616947527703,0.4696969696969697,-38.75049466928266
trade_intensity,0.5082574365521059,1,3391,1.0,0.14260003495630444,0.0,0.3512238277794161,7.326616947527703,0.4696969696969697,-38.75049466928266
hour,0.0,1,3391,1.0,0.14260003495630444,0.0,0.3512238277794161,7.326616947527703,0.4696969696969697,-38.75049466928266
sess_asia,0.0,1,3391,1.0,0.14260003495630444,0.0,0.3512238277794161,7.326616947527703,0.4696969696969697,-38.75049466928266
is_weekend,1.0,-1,3391,1.0,0.14260003495630444,0.0,0.3512238277794161,7.326616947527703,0.4696969696969697,-38.75049466928266
trade_intensity,0.6472212637209174,1,3391,1.0,0.14260003495630444,0.0,0.3512238277794161,7.326616947527703,0.4696969696969697,-38.75049466928266
trade_intensity,1.1157972372703369,1,3391,1.0,0.14260003495630444,0.0,0.3512238277794161,7.326616947527703,0.4696969696969697,-38.75049466928266
trade_intensity,1.3410939105914514,1,3391,1.0,0.14260003495630444,0.0,0.3512238277794161,7.326616947527703,0.4696969696969697,-38.75049466928266
trade_intensity,1.5169602729855547,1,3391,1.0,0.14260003495630444,0.0,0.3512238277794161,7.326616947527703,0.4696969696969697,-38.75049466928266
flow_div,-1.0,1,3391,1.0,0.14260003495630444,0.0,0.3512238277794161,7.326616947527703,0.4696969696969697,-38.75049466928266
since_hi96,96.0,-1,3391,1.0,0.14260003495630444,0.0,0.3512238277794161,7.326616947527703,0.4696969696969697,-38.75049466928266
since_lo96,96.0,-1,3391,1.0,0.14260003495630444,0.0,0.3512238277794161,7.326616947527703,0.4696969696969697,-38.75049466928266
flow_div,1.0,-1,3391,1.0,0.14260003495630444,0.0,0.3512238277794161,7.326616947527703,0.4696969696969697,-38.75049466928266
trade_intensity,1.777473478269406,1,3391,1.0,0.14260003495630444,0.0,0.3512238277794161,7.326616947527703,0.4696969696969697,-38.75049466928266
trade_intensity,0.3791663752565141,1,3391,1.0,0.14260003495630444,0.0,0.3512238277794161,7.326616947527703,0.4696969696969697,-38.75049466928266
trade_intensity,0.8924639669765556,1,3391,1.0,0.14260003495630444,0.0,0.3512238277794161,7.326616947527703,0.4696969696969697,-38.75049466928266
trade_intensity,0.957378950102036,1,3391,1.0,0.14260003495630444,0.0,0.3512238277794161,7.326616947527703,0.4696969696969697,-38.75049466928266
trade_intensity,1.0317213534409153,1,3391,1.0,0.14260003495630444,0.0,0.3512238277794161,7.326616947527703,0.4696969696969697,-38.75049466928266
trade_intensity,0.8368081188919971,1,3391,1.0,0.14260003495630444,0.0,0.3512238277794161,7.326616947527703,0.4696969696969697,-38.75049466928266
since_hi24,24.0,-1,3391,1.0,0.14260003495630444,0.0,0.3512238277794161,7.326616947527703,0.4696969696969697,-38.75049466928266
since_lo24,1.0,1,3391,1.0,0.14260003495630444,0.0,0.3512238277794161,7.326616947527703,0.4696969696969697,-38.75049466928266
hour,20.0,-1,3391,1.0,0.14260003495630444,0.0,0.3512238277794161,7.326616947527703,0.4696969696969697,-38.75049466928266
sess_us,1.0,-1,3391,1.0,0.14260003495630444,0.0,0.3512238277794161,7.326616947527703,0.4696969696969697,-38.75049466928266
sess_asia,1.0,-1,3391,1.0,0.14260003495630444,0.0,0.3512238277794161,7.326616947527703,0.4696969696969697,-38.75049466928266
sess_us,0.0,1,3391,1.0,0.14260003495630444,0.0,0.3512238277794161,7.326616947527703,0.4696969696969697,-38.75049466928266
dow,0.0,1,3391,1.0,0.14260003495630444,0.0,0.3512238277794161,7.326616947527703,0.4696969696969697,-38.75049466928266
trade_intensity,0.7362144358866309,1,3391,1.0,0.14260003495630444,0.0,0.3512238277794161,7.326616947527703,0.4696969696969697,-38.75049466928266
sess_eu,1.0,-1,3391,1.0,0.14260003495630444,0.0,0.3512238277794161,7.326616947527703,0.4696969696969697,-38.75049466928266
sess_eu,0.0,1,3391,1.0,0.14260003495630444,0.0,0.3512238277794161,7.326616947527703,0.4696969696969697,-38.75049466928266
trade_intensity,0.7844630685880122,1,3391,1.0,0.14260003495630444,0.0,0.3512238277794161,7.326616947527703,0.4696969696969697,-38.75049466928266
updn_ratio,0.5333333333333333,-1,2732,0.805662046593925,0.14258175560481423,-1.8279351490207985e-05,0.34773060029282576,5.90202055018716,0.5151515151515151,-36.66790874473848
updn_ratio,0.4625,1,2794,0.8239457387201415,0.1425235530784949,-7.648187780953664e-05,0.3507516105941303,6.0334970803229515,0.4696969696969697,-38.410625802454916
tbi_ma96,0.002250636222054244,-1,3223,0.9504570923031554,0.1424739613145113,-0.00012607364179315073,0.3515358361774744,6.957478444191968,0.48484848484848486,-38.75049466928266
tbi,0.021778479552564064,-1,3035,0.8950162194043055,0.14245359508461464,-0.00014643987168980188,0.34794069192751237,6.550706986087962,0.4696969696969697,-37.675629427554
efficiency,0.029567585531454662,1,2828,0.8339722795635506,0.14244492116263568,-0.0001551137936687541,0.3546676096181047,6.103549046180814,0.4696969696969697,-32.600395624760736
accel,0.16760484940808956,-1,1785,0.5263933942789738,0.14240127458674182,-0.00019876036956262277,0.33837535014005604,3.8513071990505168,0.5,-21.915201148977253
to_hi24,1.1865839827434939,1,2093,0.6172220583898556,0.1423826369301944,-0.00021739802611003833,0.3358815097945533,4.515255440831771,0.5,-30.74463116612018
kyle,2.843547507471621e-07,1,3268,0.9637275140076673,0.14235543271514264,-0.0002446022411617954,0.35006119951040393,7.048750819895244,0.48484848484848486,-37.72244557268737
gap,0.0045936491172944285,-1,3274,0.9654969035682689,0.14235310836982848,-0.00024692658647595955,0.3509468540012217,7.061576921254825,0.4696969696969697,-39.66998099891648
vol_per_trade_z,-1.4013827311090183,1,3204,0.9448540253612504,0.14228882000426304,-0.00031121495204139427,0.3523720349563046,6.907475443843315,0.4696969696969697,-37.34128572740935
ats_rank480,0.07291666666666667,1,3142,0.9265703332350339,0.14220417476685532,-0.00039586018944912094,0.3542329726288988,6.9813362049603045,0.453125,-38.75049466928266
close_loc,0.7597612072489444,-1,2455,0.7239752285461516,0.14211953284401538,-0.0004805021122890607,0.34541751527494907,5.286415956546329,0.4696969696969697,-27.752677651542324
rv_vs_range,0.5094352422818629,-1,1213,0.35771158950162196,0.142116270918031,-0.0004837640382734376,0.35696619950535863,2.611924797326843,0.5454545454545454,-15.454049114742002
persist6,0.07412005602826247,1,3258,0.9607785314066647,0.14210939457756736,-0.0004906403787370839,0.3532842234499693,7.015036477783552,0.4696969696969697,-37.329158174754596
absorb,0.0729049686092649,-1,3316,0.9778826304924801,0.1420233526371224,-0.0005766823191820369,0.3513268998793727,7.135597535525726,0.4696969696969697,-38.75049466928266
pos24,0.5245257696525296,-1,1657,0.4886464169861398,0.14202310396137224,-0.0005769309949321955,0.33433916716958356,3.5656406555150584,0.42424242424242425,-23.50755509608366
absorb,-0.19812298566939757,1,3295,0.9716897670303746,0.14202127186989297,-0.0005787630864114712,0.3520485584218513,7.090304406231777,0.48484848484848486,-38.75049466928266
dq,0.04367655210284969,-1,3034,0.8947213211442052,0.14192651475913717,-0.0006735201971672655,0.34772577455504283,6.52431887544276,0.4696969696969697,-37.675629427554
lo_pos,0.9748953974895398,-1,3230,0.9525213801238572,0.1418900770556146,-0.0007099579006898393,0.35170278637770896,6.9440143771156855,0.4696969696969697,-35.6828108291038
since_lo480,448.0,-1,2654,0.7826599823061043,0.14187729453492304,-0.0007227404213814015,0.3496608892238131,5.88347405774509,0.515625,-34.330944947188584
accel,0.6843376135541845,-1,2086,0.6151577705691537,0.14186794779638967,-0.0007320871599147682,0.34036433365292423,4.483886956110134,0.45454545454545453,-22.935444755946477
efficiency,0.005048992850130948,1,3301,0.9734591565909761,0.1418674373199675,-0.0007325976363369291,0.35140866404119964,7.095521372624435,0.48484848484848486,-38.75049466928266
updn_ratio,0.5404255319148936,-1,2903,0.8560896490710704,0.14186242575270677,-0.0007376092035976667,0.3489493627282122,6.239797302425877,0.5,-38.71336673204522
accel,0.001979468299623428,1,1710,0.5042760247714538,0.14184987585792408,-0.0007501590983803597,0.36432748538011694,3.6752013290462147,0.48484848484848486,-25.694809279793102
persist6,0.386402084298785,1,2583,0.7617222058389855,0.14181337065514363,-0.000786664301160811,0.35423925667828104,5.5500596424581214,0.48484848484848486,-27.971651155766587
since_lo480,47.0,-1,609,0.17959304040106164,0.14176001380161846,-0.0008400211546859826,0.32676518883415434,1.3924491678255753,0.20967741935483872,-22.554617710936178
extreme_late,0.13807531380753138,1,3272,0.9649071070480684,0.14175447570573177,-0.0008455592505726695,0.3517726161369193,7.027585522865975,0.48484848484848486,-36.69643247269434
since_lo480,276.0,1,1719,0.5069301091123563,0.14170144159110742,-0.0008985933651970146,0.35602094240837695,3.806012157736151,0.4375,-33.6437966818505
persist96,0.04567121102986865,1,2919,0.8608080212326747,0.14169322092441206,-0.0009068140318923834,0.35217540253511476,6.266704725429678,0.5,-28.289235071891724
wick_skew,0.09314559686888613,-1,2233,0.6585078148038926,0.14164600462536245,-0.0009540303309419906,0.35020152261531573,4.792356489824761,0.5,-24.264130315818328
pos24,0.6201117995537472,-1,1758,0.5184311412562665,0.14159233133071913,-0.0010077036255853045,0.33390216154721275,3.771504825445519,0.45454545454545453,-23.50755509608366
absorb_z,-0.8985248430949702,1,2871,0.846652904747862,0.14158085751158486,-0.0010191774447195767,0.35144548937652387,6.158767301753941,0.5757575757575758,-35.585193610065346
efficiency,0.05158461902571623,1,2400,0.707755824240637,0.14157970470113804,-0.0010203302551664017,0.3545833333333333,5.1483528982232,0.5,-27.46046568882856
pos480,0.48663814105674136,-1,1664,0.49071070480684165,0.1415550622316291,-0.0010449727246753526,0.34134615384615385,3.738851167514774,0.38095238095238093,-28.972720406728516
ats_rank480,0.16666666666666666,1,3014,0.8888233559422,0.14152946525695884,-0.0010705696993456026,0.3553417385534174,6.665153254444904,0.484375,-38.75049466928266
disp6,-0.8800276810817232,1,2024,0.5968740784429372,0.14152811285479833,-0.001071922101506112,0.36116600790513836,4.340195460880481,0.4696969696969697,-27.238828448054832
kyle_z,-1.3567889924313887,1,3361,0.991153052196992,0.14150398075709072,-0.001096054199213714,0.35049092531984527,7.205983020069424,0.4696969696969697,-38.75049466928266
persist6,0.11112479575369268,1,3189,0.9404305514597464,0.14143157331461903,-0.0011684616416854088,0.3530887425525243,6.833716474247274,0.48484848484848486,-37.20047795602198
efficiency,0.057536655149662164,1,2266,0.6682394573872014,0.14125158397796703,-0.0013484509783374121,0.35481023830538394,4.849637716576868,0.5303030303030303,-26.43597209690213
since_hi24,1.0,-1,1199,0.35358301386021823,0.14122451511615156,-0.0013755198401528834,0.3761467889908257,2.60504913268101,0.4461538461538462,-21.19038894731729
efficiency,0.12599379979660819,-1,2438,0.7189619581244471,0.1412136984081404,-0.00138633654816403,0.3445447087776866,5.216348435137066,0.45454545454545453,-26.777315343384725
accel,2.145836689953447,-1,2895,0.8537304629902683,0.1412126867024494,-0.0013873482538550308,0.34818652849740933,6.194101939448349,0.4696969696969697,-30.507321347242396
persist6,0.8144568487843862,1,998,0.2943084635800649,0.1411802102078142,-0.0014198247484902282,0.35370741482965934,2.134815905869676,0.42424242424242425,-14.063922261811504
kyle_z,0.17665884802156107,1,2655,0.7829548805662047,0.14112421428180044,-0.001475820674503997,0.34764595103578155,5.6770422563360645,0.4696969696969697,-26.423258189231788
to_hi24,3.0997520019108538,-1,1972,0.5815393689177234,0.1410821891312595,-0.001517845825044939,0.3620689655172414,4.215364802527936,0.4696969696969697,-28.273633080787214
atr_pct,0.018619224934568322,-1,1029,0.3034503096431731,0.14101621363719427,-0.001583821319110168,0.3770651117589893,2.30326482274084,0.3492063492063492,-17.730252975913086
absorb,-0.3871231323337312,1,3344,0.9861397817752875,0.14099638904971482,-0.0016036459065896236,0.35167464114832536,7.143817045185549,0.48484848484848486,-38.75049466928266
up_wick,0.30068928009769424,-1,2370,0.698908876437629,0.1409855116944508,-0.0016145232618536287,0.3527426160337553,5.062661556300734,0.48484848484848486,-25.415317640645355
to_hi24,2.831318030912091,-1,1891,0.5576526098496019,0.1409730365314273,-0.0016269984248771518,0.36329984135378107,4.039091092135288,0.45454545454545453,-27.249347245262577
disp96,-0.05712548564930848,-1,1638,0.48304335004423476,0.14097171247971774,-0.0016283224765867021,0.3363858363858364,3.4986615915420862,0.3939393939393939,-28.66956268303134
persist96,0.03614604370330445,1,3014,0.8888233559422,0.14094268102366792,-0.0016573539326365239,0.35202388852023886,6.436382433414168,0.4696969696969697,-30.33881505840777
pos96,0.3327986905473144,1,2052,0.6051312297257446,0.14091358755654204,-0.0016864473997623974,0.35282651072124754,4.381131540394306,0.5,-31.33684015095769
avg_trade_usd,1012.1037036521446,1,2088,0.6157475670893542,0.14081903244210117,-0.001781002514203267,0.35009578544061304,4.455002117259201,0.45454545454545453,-24.96241282083082
since_lo24,6.0,1,2076,0.612208787968151,0.14070295249256204,-0.0018970824637424,0.355009633911368,4.425747414766041,0.4393939393939394,-29.29691158602263
accel,0.3331920017558868,1,1504,0.4435269831907992,0.1406692060363818,-0.0019308289199226336,0.3663563829787234,3.205552816344216,0.5303030303030303,-25.277886085585777
to_lo24,3.1439676285756297,-1,1788,0.5272780890592745,0.14064238215306799,-0.0019576528032364537,0.3400447427293065,3.8101299892376606,0.45454545454545453,-26.61567235741232
pos24,0.15620533153544933,1,2582,0.7614273075788853,0.1406337026950523,-0.001966332261252146,0.3493415956622773,5.501760914524621,0.5,-29.503111638582173
wick_skew,-0.2965159165375265,-1,675,0.19905632556767916,0.14062072226687136,-0.001979312689433077,0.3362962962962963,1.4381664777293661,0.5151515151515151,-9.137288013945739
since_hi480,350.0,1,1151,0.33942789737540546,0.1406017333907379,-0.001998301565566546,0.35534317984361424,2.568771351313323,0.3968253968253968,-24.134401463552173
disp6,-1.7770418968595156,1,2409,0.7104099085815394,0.14056892824705067,-0.0020311067092537716,0.35657949356579494,5.130765881017352,0.48484848484848486,-29.28791119915841
dn_wick,0.6896934389884064,-1,3247,0.9575346505455617,0.14055011961040315,-0.002049915345901293,0.35170927009547276,6.914639975378471,0.5,-38.75049466928266
to_hi24,1.9517742919693917,-1,1590,0.468888233559422,0.14050736622821322,-0.002092668728091218,0.370440251572327,3.437026343120907,0.4307692307692308,-24.05151415290508
hi_pos,0.9832635983263598,-1,3233,0.9534060749041581,0.14040618566923568,-0.0021938492870687554,0.34921125889266935,6.877775731343017,0.4696969696969697,-37.327296359460874
rv_vs_range,0.7441056272532993,-1,2891,0.8525508699498673,0.14029709141575722,-0.00230294354054722,0.35212729159460393,6.145437746711426,0.48484848484848486,-34.63708229715439
lo_pos,0.07112970711297072,1,2614,0.7708640519020937,0.1402905873142675,-0.0023094476420369436,0.3454475899005356,5.556357503628714,0.5,-27.458064998680147
absorb,0.14648539725499546,-1,3357,0.989973459156591,0.14028652086442567,-0.002313514091878771,0.35031277926720283,7.135482583967833,0.4696969696969697,-38.75049466928266
up_wick,0.2700000000000046,1,1165,0.3435564730168092,0.14027137555353333,-0.002328659402771105,0.34763948497854075,2.4760023109070652,0.4696969696969697,-15.39017064246354
flow_eff,-0.4498344470928277,1,2714,0.8003538779121203,0.14026863285500604,-0.0023314021012983965,0.34893146647015477,5.768016205583127,0.5,-31.594070900982903
efficiency,0.009667381569205763,1,3220,0.9495723975228546,0.14014058943076463,-0.0024594455255398107,0.35093167701863354,6.837162090410032,0.5151515151515151,-37.72726167122753
disp6,-0.30439793242850993,-1,1574,0.46416986139781774,0.14011286062904943,-0.0024871743272550095,0.3360864040660737,3.3414794337897544,0.3939393939393939,-22.079575432156574
body_frac,0.42657905705757254,-1,2242,0.6611618991447951,0.14010889354745285,-0.0024911414088515937,0.3407671721677074,4.759456656566505,0.4393939393939394,-26.934122821947337
to_hi24,2.5946549430649988,1,1569,0.4626953700973164,0.14003537503493868,-0.0025646599213657584,0.33397068196303376,3.3290227792396787,0.36363636363636365,-20.392917654641675
rpt_rank,0.035416666666666666,1,2890,0.8522559716897671,0.14001763575794654,-0.0025823991983578987,0.3508650519031142,6.322671364694773,0.46875,-28.487016019784775
ats_rank480,0.03125,1,3221,0.9498672957829549,0.1400158052643578,-0.0025842296919466323,0.35237503880782367,7.046732949320258,0.453125,-38.75049466928266
disp6,0.01872092857325784,-1,1662,0.4901209082866411,0.14001086331525675,-0.0025891716410476884,0.33393501805054154,3.5257281034841927,0.4090909090909091,-21.91048895511684
disp6,0.17978003400255305,-1,1720,0.5072250073724565,0.1399954450254417,-0.0026045899308627385,0.33313953488372094,3.648366143087268,0.4090909090909091,-21.91048895511684
since_lo96,95.0,-1,3180,0.937776467118844,0.13992718344452335,-0.0026728515117810936,0.34874213836477985,6.741946111417943,0.45454545454545453,-33.602642312349204
close_loc,0.8023422290875147,-1,2624,0.7738130345030965,0.13989562986254234,-0.0027044050937621023,0.34527439024390244,5.561911102413805,0.48484848484848486,-28.061195334872576
m1_jump,0.1653884800908858,1,3141,0.9262754349749337,0.13986464601218776,-0.002735388944116679,0.3524355300859599,6.65628565339821,0.4393939393939394,-36.703072637322045
to_hi24,2.1539699906609027,1,1721,0.5075199056325568,0.13984611105109343,-0.0027539239052110087,0.3335270191748983,3.6465932896807853,0.4393939393939394,-24.539577091402737
persist96,0.06567139783063071,1,2712,0.7997640813919198,0.13983811124869247,-0.0027619237076119685,0.3528761061946903,5.746075116764454,0.4393939393939394,-28.92996305387821
lo_pos,0.2719665271966527,1,1961,0.5782954880566205,0.13983122073614557,-0.0027688142201588717,0.3421723610402856,4.1546821797512345,0.5151515151515151,-25.99521976246305
kyle,7.076163105566127e-07,1,2401,0.7080507225007372,0.13975096580384527,-0.002849069152459166,0.34860474802165764,5.083970740833827,0.48484848484848486,-27.48798087929028
pos24,0.4746063290361762,1,1804,0.5319964612208788,0.13963052375317292,-0.0029695112031315196,0.36363636363636365,3.8165676492533933,0.4393939393939394,-27.142924023405733
absorb_z,-0.3887121027717414,1,2835,0.8360365673842525,0.13961160564257455,-0.00298842931372989,0.3509700176366843,5.996953060556044,0.5757575757575758,-35.585193610065346
wick_skew,-0.4472422073064443,1,3043,0.8973754054851076,0.13960059971787805,-0.0029994352384263845,0.3532697995399277,6.436433711234894,0.5,-38.75049466928266
since_hi480,246.0,-1,1665,0.4910056030669419,0.1395888054651825,-0.003011229491121925,0.34894894894894896,3.6314900171801385,0.421875,-38.75049466928266
to_lo96,3.908243761732087,-1,1553,0.45797699793571217,0.13953596387676448,-0.0030640710795399595,0.3399871216999356,3.2833235136456853,0.4090909090909091,-22.130983642363923
vol_per_trade_z,-0.23972235647409934,1,2761,0.8142140961368328,0.13948798609995036,-0.003112048856354077,0.3545816733067729,5.83524741851459,0.48484848484848486,-34.28028698878925
vol_per_trade_z,-1.1692455327326792,1,3143,0.9268652314951342,0.13946561695063078,-0.003134418005673656,0.3518930957683742,6.641521728421705,0.4696969696969697,-37.34128572740935
to_hi24,0.6068659492190683,1,2615,0.771158950162194,0.13946143009655793,-0.0031386048597465133,0.3430210325047801,5.525630904583317,0.48484848484848486,-32.55785730829938
pos24,0.10167929974942036,1,2862,0.8439988204069596,0.1393706804508434,-0.0032293545054610517,0.3494060097833683,6.043619506822936,0.4696969696969697,-33.614396814210416
tbi_z8,1.6521133891958597,-1,3251,0.9587142435859628,0.13935179985476143,-0.003248235101543012,0.3497385419870809,6.864131838300445,0.4696969696969697,-38.75049466928266
absorb_z,0.28313828798277596,-1,2412,0.7112946033618401,0.1393330242790764,-0.0032670106772280383,0.3490878938640133,5.091988705471702,0.5151515151515151,-29.020455914704502
dq_cum24,-1.1069518778441703,1,3212,0.9472132114420525,0.1393129673020328,-0.0032870676542716415,0.349626400996264,6.779897742032262,0.4696969696969697,-38.75049466928266
tbi_ma24,-0.02318091646650429,1,3213,0.9475081097021527,0.1392664608961963,-0.0033335740601081465,0.3495175848117025,6.77974452817392,0.4696969696969697,-38.75049466928266
persist96,0.055382633479629795,1,2805,0.8271896195812445,0.13924299967013654,-0.003357035286167903,0.3522281639928699,5.917827485980803,0.48484848484848486,-26.97262360970999
efficiency,0.03466090217732579,1,2720,0.8021232674727219,0.1391983433213592,-0.0034016916349452475,0.3536764705882353,5.736658997486317,0.4696969696969697,-32.600395624760736
accel,-0.32566106164518016,-1,1458,0.42996166322618695,0.13919277479460843,-0.003407260161696013,0.3333333333333333,3.0748949340990763,0.5,-19.458905229524685
lo_pos,0.21338912133891214,1,2108,0.6216455322913594,0.13908602866131708,-0.003514006294987354,0.3410815939278937,4.442323460879642,0.5151515151515151,-23.331983269618043
persist6,0.22405486527779245,1,2974,0.8770274255381894,0.13908231084943262,-0.003517724106871817,0.35205110961667785,6.267133219185039,0.4696969696969697,-33.09976326962315
flow_eff,-0.9837107284578752,1,2833,0.835446770864052,0.13898326374609812,-0.0036167712102063154,0.34874691140134134,5.965751305949939,0.48484848484848486,-33.63318997807635
efficiency,0.04575610044111615,1,2525,0.7446181067531702,0.13897977717525528,-0.0036202577810491576,0.35326732673267325,5.317029354053327,0.48484848484848486,-28.501694206259323
dow,4.0,-1,2963,0.8737835446770864,0.13897629438593428,-0.003623740570370154,0.347283158960513,6.239193337356413,0.48484848484848486,-35.68319208805344
is_weekend,0.0,-1,2963,0.8737835446770864,0.13897629438593428,-0.003623740570370154,0.347283158960513,6.239193337356413,0.48484848484848486,-35.68319208805344
since_hi24,22.0,-1,2809,0.8283692126216455,0.13897431388487416,-0.0036257210714302768,0.352438590245639,5.914831025797144,0.5,-31.55635462880705
kyle,3.3995181878861526e-07,1,3137,0.9250958419345325,0.13882136711174708,-0.003778667844557354,0.3481032833917756,6.598221645902282,0.5,-32.56909725295864
flow_eff,-2.7228531201916257,1,3027,0.8926570333235034,0.1387561255054791,-0.003843909450825328,0.34852989758837133,6.363860483410383,0.48484848484848486,-34.66632508535673
since_lo24,5.0,1,2146,0.6328516661751695,0.13870481339038726,-0.0038952215659171785,0.35228331780055916,4.5100080232692585,0.45454545454545453,-29.29691158602263
accel,-1.3304006017737409,1,2556,0.7537599528162784,0.13866962569690336,-0.00393040925940108,0.35563380281690143,5.370296413352804,0.48484848484848486,-30.321181844612784
rpt_z,-1.225282782086698,-1,719,0.21203184901209082,0.13866309127812185,-0.003936943678182592,0.3560500695410292,1.5105873125601454,0.4696969696969697,-13.338362547638303
dq_z96,0.6726597684187481,1,879,0.2592155706281333,0.13862661029787138,-0.003973424658433061,0.3640500568828214,1.8462544007852875,0.45454545454545453,-14.405065336341544
to_hi24,4.184813127283203,-1,2344,0.6912415216750221,0.13861363525100917,-0.003986399705295268,0.3553754266211604,4.922884258005539,0.5303030303030303,-31.556110055769647
tbi_ma96,-0.005762582963819038,1,1483,0.4373341197286936,0.13857765382171908,-0.004022381134585362,0.3526635198921106,3.113797888145597,0.42424242424242425,-22.85242628685635
disp6,-2.3526060353428186,-1,709,0.20908286641108817,0.1384664535956098,-0.004133581360694638,0.33709449929478136,1.5103494707582672,0.3230769230769231,-13.78702201583405
body_frac,0.10230098366511656,1,1616,0.4765555883220289,0.13845953162886795,-0.004140503327436484,0.36695544554455445,3.3901606532159185,0.4090909090909091,-29.18115679350758
since_lo480,410.0,1,986,0.2907696844588617,0.1384524148485902,-0.004147620107714245,0.3539553752535497,2.1668901752493643,0.38095238095238093,-15.750035909114981
gap,0.0011041369879925644,-1,2944,0.8681804777351814,0.13836195247082314,-0.004238082485481298,0.34952445652173914,6.171781637486414,0.5,-34.55484012355977
to_hi480,16.8844989110855,-1,2410,0.7107048068416396,0.13834604260227482,-0.004253992354029623,0.34522821576763485,5.209593166741912,0.46875,-38.75049466928266
rv_vs_range,0.5851252172498379,1,1473,0.43438513712769095,0.13833743346136898,-0.0042626014949354585,0.34419551934826886,3.087439992251463,0.4696969696969697,-18.47040521039762
since_lo480,240.0,-1,1465,0.43202595104688885,0.1382740195771815,-0.004326015379122944,0.34197952218430033,3.267281269041466,0.41935483870967744,-25.714585952628966
efficiency,0.04008418913638213,1,2631,0.7758773223237982,0.13824065765148558,-0.004359377304818862,0.35271759787153173,5.5107753072887675,0.48484848484848486,-30.56233514615846
disp6,0.34179902486786307,-1,1761,0.5193158360365674,0.1382338249207683,-0.004366210035536139,0.3321976149914821,3.688329783113227,0.3787878787878788,-22.094843022681978
tbi_z24,1.3009657453116488,-1,3083,0.9091713358891182,0.13821482012115202,-0.004385214835152418,0.3480376256892637,6.456307430810782,0.45454545454545453,-34.65237035427762
updn_ratio,0.4808510638297872,-1,1116,0.3291064582718962,0.13817926031948535,-0.004420774636819086,0.34587813620071683,2.336485674493116,0.3787878787878788,-15.051169517183522
persist6,0.34439588523403963,1,2694,0.7944559127101151,0.1381159427618259,-0.0044840921944785395,0.3526354862657758,5.637641663641802,0.48484848484848486,-30.028328500165394
extreme_late,0.9790794979079498,-1,3078,0.9076968445886169,0.13808459503708104,-0.004515439919223402,0.3492527615334633,6.439763386729325,0.4696969696969697,-35.28069129608021
vol_per_trade_z,-0.8174702528527148,1,3032,0.8941315246240047,0.1380831941715479,-0.004516840784756532,0.3532321899736148,6.343458253456565,0.4696969696969697,-36.32665693863581
m1_jump,0.23969787323676933,-1,1069,0.3152462400471837,0.13797411681632535,-0.0046259181399790905,0.3414405986903648,2.234762589040179,0.4696969696969697,-14.925713680913272
kyle,5.730182043973953e-07,1,2590,0.7637864936596874,0.13796174702658034,-0.004638287929724094,0.3474903474903475,5.4139534060430785,0.5,-28.551579860119496
tbi_z96,-1.034229517444235,1,2969,0.875552934237688,0.13794728251666477,-0.004652752439639668,0.3489390367126979,6.205537602908753,0.5,-35.446203301833606
pos480,0.8901346261872949,1,640,0.18873488646416986,0.1378599162562764,-0.004740118700028051,0.375,1.4004816889526488,0.23809523809523808,-22.974928270003435
absorb_z,0.6234533527321288,-1,2878,0.8487171925685638,0.13782657358137754,-0.004773461374926902,0.34920083391243917,6.01007392071522,0.5606060606060606,-34.55889799423555
lo_pos,0.8200836820083682,-1,2691,0.7935712179298142,0.13781440069246734,-0.004785634263837102,0.35154217762913414,5.619068973688329,0.5151515151515151,-34.3084311060133
to_lo96,11.63628922545841,-1,3203,0.9445591271011501,0.13777750263836347,-0.00482253231794097,0.3484233531064627,6.686383953798154,0.5,-38.75049466928266
to_lo96,1.0598160463150803,1,2684,0.7915069301091123,0.13774710122686418,-0.004852933729440262,0.3472429210134128,5.601715449892477,0.5303030303030303,-31.556110055769647
kyle,4.010027937933209e-07,1,2985,0.8802713063992923,0.13771290622483015,-0.004887128731474288,0.34807370184254605,6.228379167895729,0.48484848484848486,-29.555569168469482
hi_pos,0.891213389121339,-1,2869,0.8460631082276615,0.13770127302906754,-0.0048987619272369,0.3450679679330777,5.985832610915072,0.4696969696969697,-29.284525267041843
flow_eff,-0.2051720110742911,1,2644,0.7797109997051017,0.137698358586093,-0.0049016763702114385,0.34795763993948564,5.5162796985095435,0.5151515151515151,-31.594070900982903
efficiency,0.014592104830993144,1,3136,0.9248009436744323,0.13760732700586006,-0.004992707950444375,0.3510841836734694,6.538432992278443,0.5,-35.672916958802446
atr_pct,0.022346851692784636,1,1946,0.5738720141551165,0.13759991710861405,-0.0050001178476903885,0.3345323741007194,4.057112707475196,0.4696969696969697,-21.10327210010181
wick_skew,-0.5630899507978139,1,3214,0.947803007962253,0.13759695409993875,-0.005003080856365694,0.3518979464841319,6.700554704200047,0.48484848484848486,-38.75049466928266
tbi_z24,1.6725972426439892,-1,3242,0.9560601592450605,0.1375930504236151,-0.005006984532689329,0.34855027760641577,6.758737416263034,0.45454545454545453,-38.75049466928266
to_lo480,12.628787979984967,1,1148,0.3385432025951047,0.13755973601818014,-0.005040298938124299,0.3710801393728223,2.5066440785535047,0.4126984126984127,-34.55518807402621
disp6,-0.14061318096250616,-1,1623,0.47861987614273077,0.13753925157117947,-0.005060783385124973,0.3333333333333333,3.3822152318185497,0.4090909090909091,-22.079575432156574
range_per_trade,2.565880979817283e-08,1,2666,0.7861987614273076,0.13751526324678037,-0.005084771709524066,0.3480870217554389,5.554783209332068,0.48484848484848486,-30.144609352288732
disp6,-0.6687736223752903,-1,1444,0.4258330875847833,0.13750331400349008,-0.005096720952814354,0.3344875346260388,3.008405839712723,0.4090909090909091,-17.90134621569885
gap,0.0022372448471644235,-1,3129,0.9227366558537304,0.13749478638826693,-0.005105248568037513,0.34963247043783957,6.5185028274073815,0.4696969696969697,-38.65514775734767
atr_pct,0.01981247670562547,-1,1172,0.34562076083751103,0.13747085066213796,-0.005129184294166478,0.37457337883959047,2.5573942377146945,0.3968253968253968,-25.496328435641388
persist24,0.5109088344163476,1,774,0.22825125331760543,0.1374619911042706,-0.005138043852033841,0.35012919896640826,1.6120542593137193,0.4393939393939394,-15.762246916452927
pos24,0.9288640245717961,-1,2868,0.8457682099675612,0.13744253865572859,-0.005157496300575853,0.344839609483961,5.97250304340348,0.45454545454545453,-32.55785730829938
disp6,-1.4070373711675228,1,2228,0.6570333235033913,0.13740635618005748,-0.005193678776246963,0.35727109515260325,4.638505478320728,0.4393939393939394,-28.262155006200082
tbi,0.03119911285365471,-1,3206,0.9454438218814509,0.13740476647313887,-0.005195268483165566,0.34809731752963197,6.674540625952777,0.4696969696969697,-37.71811450200749
avg_trade_usd,1369.9234942994403,1,1662,0.4901209082866411,0.13730924342116474,-0.0052907915351396995,0.3471720818291215,3.457696402514785,0.48484848484848486,-24.96241282083082
atr_pct,0.021022399638202172,1,2086,0.6151577705691537,0.1372863708171439,-0.00531366413916054,0.3350910834132311,4.339081356432761,0.48484848484848486,-22.11871364816986
avg_trade_usd,799.7807178434915,1,2527,0.7452079032733707,0.13727627106415435,-0.005323763892150085,0.3494261970716264,5.256017226956334,0.5,-34.288412757175536
efficiency,0.019419666530521785,1,3020,0.8905927455028015,0.1372754249921871,-0.0053246099641173494,0.3519867549668874,6.281390658733408,0.5151515151515151,-35.672916958802446
range_per_trade,3.1395097197989997e-07,-1,3246,0.9572397522854615,0.1372277248916994,-0.005372310064605035,0.34935304990757854,6.749109015128126,0.4696969696969697,-38.75049466928266
close_loc,0.8461159800620611,-1,2819,0.8313181952226482,0.13721722134584907,-0.005382813610455367,0.3448031216743526,5.860838590514372,0.45454545454545453,-30.10880345172171
to_hi24,1.7532743045111798,1,1856,0.5473311707460926,0.13720488645625772,-0.005395148500046715,0.33189655172413796,3.8583677161032486,0.4696969696969697,-26.60090407349969
to_hi480,8.086578135535163,-1,1422,0.4193453258625774,0.13718618260734572,-0.00541385234895872,0.34528832630098455,3.048105494806963,0.421875,-36.694422162607225
pos24,0.5727513513013501,-1,1706,0.5030964317310528,0.13717475351906672,-0.005425281437237722,0.33294255568581477,3.5457595379322395,0.4393939393939394,-23.50755509608366
disp6,-1.1213056157059338,-1,1270,0.3745207903273371,0.13716967474343594,-0.005430360212868496,0.3362204724409449,2.6394770746085414,0.4090909090909091,-17.330866686060887
since_hi96,83.0,-1,2686,0.7920967266293129,0.13712175872082563,-0.005478276235478807,0.34996276991809383,5.580440059456631,0.5151515151515151,-35.67839362113744
close_loc,0.713466086048745,-1,2296,0.6770864051902094,0.137107386220543,-0.005492648735761441,0.343205574912892,4.769675132763131,0.4696969696969697,-26.69754577060147
absorb,-0.13057791339905833,1,3253,0.9593040401061633,0.13705292118573117,-0.005547113770573264,0.35075315093759607,6.755047766927022,0.4696969696969697,-38.75049466928266
since_hi24,23.0,-1,2983,0.8796815098790917,0.13701440462861755,-0.005585630327686886,0.3513241702983574,6.192635894047972,0.5,-33.61920464597997
wick_skew,-0.3636363636363584,1,2880,0.8493069890887643,0.13699641697097317,-0.005603617985331266,0.35208333333333336,5.978025467824285,0.48484848484848486,-35.666328343355325
dq_z96,-1.2812588251149553,1,3130,0.9230315541138308,0.1369703007230055,-0.005629734233298933,0.34824281150159747,6.4957127464091995,0.48484848484848486,-36.468069902819344
vol_per_trade_z,-0.6671248032097131,1,2968,0.8752580359775878,0.13694196461877797,-0.005658070337526466,0.35377358490566035,6.15823865134141,0.4696969696969697,-36.32665693863581
since_lo96,32.0,-1,1477,0.435564730168092,0.13692797735456427,-0.005672057601740166,0.3412322274881517,3.111424962349099,0.47692307692307695,-16.46037918259361
tbi_z8,-0.9324164347293938,1,2821,0.8319079917428487,0.13692642853896558,-0.005673606417338856,0.35306628855015953,5.852567498612453,0.5,-33.39371212602714
tbi_z96,0.6731833270633687,1,875,0.2580359775877322,0.13691362079115704,-0.0056864141651473965,0.36457142857142855,1.8151426998827636,0.45454545454545453,-14.405065336341544
since_hi24,3.0,1,2065,0.6089649071070481,0.13688175111787945,-0.005718283838424987,0.3351089588377724,4.282739637248804,0.5151515151515151,-25.406142580124083
dq_z96,-1.035341539725789,1,2971,0.8761427307578885,0.13683808220890542,-0.005761952747399018,0.3483675530124537,6.1597870036766365,0.5,-35.446203301833606
pos480,0.5374793752293165,-1,1788,0.5272780890592745,0.1368357839421566,-0.005764251014147848,0.3400447427293065,3.8835298680726353,0.38095238095238093,-28.972720406728516
since_hi96,66.0,1,1099,0.3240931878501917,0.13682881282019327,-0.00577122213611117,0.3521383075523203,2.278407049839279,0.3484848484848485,-25.43645130763091
to_lo96,3.471164097663949,1,1932,0.5697434385137128,0.13681659073627092,-0.005783444220033518,0.3555900621118012,4.004994747007203,0.4696969696969697,-29.274762763104583
rv_vs_range,0.6293235356332576,1,1129,0.33294013565319963,0.1367073008185188,-0.005892734137785627,0.3392382639503986,2.3385233730925417,0.48484848484848486,-13.350717504805843
since_lo96,25.0,-1,1360,0.40106163373636095,0.13663900753085928,-0.005961027425445159,0.3397058823529412,2.858908465261056,0.4461538461538462,-16.7353343858508
hi_pos,0.502092050209205,-1,1898,0.5597168976703037,0.13662835044076466,-0.005971684515539782,0.33877766069546894,3.9291001384328994,0.5151515151515151,-28.744676726048368
efficiency,0.1511339520105716,1,605,0.17841344736066056,0.13657396140539793,-0.006026073550906508,0.3702479338842975,1.2519279795494813,0.5303030303030303,-10.177017397137396
wick_skew,-0.24036571731188913,1,2553,0.7528752580359775,0.1365685599462411,-0.006031475010063347,0.35174304739522133,5.282720205193235,0.5151515151515151,-30.32379634760634
efficiency,0.06413513272237506,1,2142,0.6316720731347685,0.13656144363416983,-0.006038591322134607,0.35480859010270777,4.4320395797635115,0.5454545454545454,-24.390281702358667
to_lo24,0.9849387971016438,1,2509,0.7398997345915659,0.13651806060216354,-0.006081974354140901,0.3479473893981666,5.1897547583458845,0.5,-30.304749057376572
to_lo480,10.814620459322956,1,1490,0.43939840754939546,0.13651707655463313,-0.006082958401671307,0.3691275167785235,3.2287372074032272,0.4603174603174603,-35.6806414024845
up_wick,0.24190862766639698,-1,2100,0.6192863462105573,0.13647454069859064,-0.006125494257713804,0.35095238095238096,4.342371749500611,0.4696969696969697,-22.33924525002093
rpt_rank,0.46875,-1,1957,0.5771158950162194,0.13627338870033237,-0.006326646255972068,0.35155850792028615,4.166984713852351,0.484375,-32.21619872996428
to_lo24,2.8730243731844256,1,1689,0.49808316130934827,0.13625101057687952,-0.006349024379424917,0.35997631734754293,3.4867872252174172,0.42424242424242425,-25.66584216957071
tbi_z96,-1.2802261571978333,1,3132,0.9236213506340313,0.13622607525291597,-0.006373959703388471,0.34802043422733075,6.464546480183831,0.4696969696969697,-36.468069902819344
extreme_late,0.9079497907949791,1,887,0.26157475670893543,0.1362030327395276,-0.0063970022167768315,0.3573844419391206,1.830486212726682,0.5606060606060606,-13.59701999124246
close_loc,0.6687294145797741,-1,2101,0.6195812444706577,0.13617749362795,-0.006422541328354431,0.34174202760590194,4.334983547156409,0.45454545454545453,-24.656436298718457
close_loc,0.6211407832500061,-1,1958,0.5774107932763197,0.13615370767516138,-0.006446327281143055,0.34167517875383047,4.039226661029788,0.45454545454545453,-22.114659835130833
accel,1.0903939203788127,-1,2335,0.6885874373341198,0.13610610681876234,-0.006493928137542099,0.34132762312633835,4.815269082148637,0.48484848484848486,-24.403801042699552
tbi_z24,-1.6741345386752464,1,3283,0.9681509879091713,0.1361042934258161,-0.006495741530488347,0.34876637222053003,6.770157504802334,0.4393939393939394,-36.70240357463117
since_lo96,18.0,-1,1225,0.3612503686228251,0.13606448881759198,-0.006535546138712461,0.3379591836734694,2.5642922892546176,0.38461538461538464,-17.225153781729624
rpt_z,-0.3847683714259828,1,1562,0.4606310822766146,0.13604656332418902,-0.006553471632115421,0.34250960307298334,3.2197686653391404,0.5,-16.75643536316083
hi_pos,0.5648535564853556,-1,2035,0.6001179593040401,0.13601904491923478,-0.006580990037069662,0.33906633906633904,4.193920551676406,0.5151515151515151,-27.868893109035028
since_lo480,172.0,-1,1155,0.34060749041580657,0.13589960525620973,-0.006700429700094712,0.3393939393939394,2.531678130176165,0.3064516129032258,-24.516571352047766
since_lo480,387.0,-1,2135,0.6296077853140667,0.13584465088669095,-0.006755384069613485,0.3480093676814988,4.531692650673206,0.5,-30.36277545375541
disp24,-2.8900138415159966,-1,1004,0.2960778531406665,0.13583660506966216,-0.006763429886642275,0.3376494023904382,2.0663629013627394,0.3181818181818182,-15.660166252301705
hi_pos,0.7740585774058577,-1,2506,0.7390150398112652,0.13580253052444186,-0.006797504431862583,0.3423782920989625,5.156380931731079,0.4696969696969697,-27.181543466377526
since_hi480,317.0,-1,2001,0.5900914184606311,0.13578567013321385,-0.006814364823090585,0.34632683658170915,4.245423842758764,0.421875,-38.75049466928266
absorb_z,-0.21784552050384606,1,2782,0.8204069595989384,0.1357774319650366,-0.006822602991267829,0.34974838245866285,5.723224480708058,0.5757575757575758,-35.585193610065346
since_lo480,308.0,-1,1683,0.4963137717487467,0.13577360033350536,-0.006826434622799082,0.34581105169340465,3.6855962800207998,0.5,-28.284227963784733
vol_per_trade_z,-0.3784350737560151,1,2840,0.8375110586847537,0.13577090548915202,-0.006829129467152417,0.353169014084507,5.842263205896845,0.5,-34.28028698878925
dq,-0.09218239567030463,1,3253,0.9593040401061633,0.13573906141276013,-0.006860973543544313,0.34829388256993543,6.690290405692556,0.4696969696969697,-37.72964579886032
dq,0.06251772700076141,-1,3206,0.9454438218814509,0.13573455017169458,-0.006865484784609854,0.34747348721147847,6.593408603794741,0.4696969696969697,-37.71811450200749
kyle_z,0.3263628845977126,1,2515,0.7416691241521675,0.1357309858957321,-0.006869049060572341,0.3455268389662028,5.172173174663125,0.48484848484848486,-25.06309690763961
tbi_ma96,-0.02095697008982209,1,3186,0.9395458566794456,0.13570508749090598,-0.006894947465398454,0.3499686126804771,6.550854677970098,0.45454545454545453,-38.75049466928266
wick_skew,0.012784093498582142,1,1522,0.448835151872604,0.13568991676889303,-0.006910118187411413,0.35413929040735875,3.129091717003867,0.4696969696969697,-20.022755362387365
since_hi480,213.0,1,1817,0.5358301386021822,0.13565085519411124,-0.006949179762193197,0.3483764446890479,3.8512125607453145,0.453125,-28.972720406728516
pos96,0.37430090950134054,-1,1421,0.4190504276024771,0.1356435777825616,-0.006956457173742853,0.3434201266713582,2.920447333773031,0.3939393939393939,-22.574069381707485
persist6,0.26309819794821165,1,2906,0.8569743438513713,0.13560004850865479,-0.006999986447649653,0.3509979353062629,5.970511226759862,0.4696969696969697,-32.07577251928232
to_hi480,25.18182133297456,-1,2890,0.8522559716897671,0.13559831848206888,-0.007001716474235559,0.34740484429065743,6.123111568955923,0.4375,-38.75049466928266
rpt_z,-0.13794622735382514,-1,2098,0.6186965496903568,0.13558514616405618,-0.007014888792248264,0.35224022878932315,4.309964191699847,0.5,-28.129069881539873
gap,-0.0002156556109975119,1,2732,0.805662046593925,0.1355831573412148,-0.007016877615089651,0.34956076134699854,5.612320997821195,0.5,-31.93161373993846
pos96,0.10377567252731659,1,2725,0.8035977587732233,0.1355703023209876,-0.007029732635316838,0.3453211009174312,5.597410209465019,0.5151515151515151,-32.58105505245861
body_frac,0.013726257983673742,1,1720,0.5072250073724565,0.13556754337953442,-0.0070324915767700225,0.363953488372093,3.5329723426181694,0.3787878787878788,-30.20438979156271
tbi_ma8,-0.026579201543849636,1,3213,0.9475081097021527,0.13556346248530632,-0.00703657247099812,0.3498288204170557,6.599475832807412,0.48484848484848486,-37.723586780268434
tbi_ma8,0.0035680693000053696,-1,2779,0.8195222648186375,0.13548690118411252,-0.007113133772191915,0.3486865779057215,5.704819672585586,0.45454545454545453,-36.086458326048025
avg_trade_usd,2782.552690072143,1,909,0.26806251843114126,0.13548037265651872,-0.007119662299785723,0.3487348734873487,1.8659342234056897,0.4090909090909091,-19.83510583247713
range_rank,0.3770833333333333,1,3291,0.9705101739899734,0.13546037977348283,-0.007139655182821614,0.3488301428137344,6.965626716164563,0.46875,-38.75049466928266
to_hi24,1.3732325478159486,1,1996,0.5886169271601298,0.13545260929440675,-0.007147425661897688,0.33216432865731466,4.096415275024786,0.48484848484848486,-29.706333325027035
to_lo96,4.335953214276718,-1,1624,0.47891477440283103,0.13544719858482215,-0.007152836371482285,0.3380541871921182,3.3328219772992607,0.3939393939393939,-21.276802799448262
accel,-1.0808900372931887,1,2401,0.7080507225007372,0.13538292245642808,-0.00721711249987636,0.35735110370678885,4.925066618452787,0.5,-30.123696148061185
range_rank,0.4270833333333333,1,3286,0.9690356826894722,0.1353535329013879,-0.0072465020549165315,0.3487522824102252,6.949557954905638,0.46875,-38.75049466928266
tbi,-0.04618094456761611,1,3257,0.9604836331465645,0.1352769494898882,-0.007323085466416246,0.34817316548971444,6.675712492250997,0.4696969696969697,-37.72964579886032
wick_skew,-0.1904761904761743,-1,996,0.2937186670598643,0.13526964150778586,-0.007330393448518574,0.34236947791164657,2.04134186275386,0.5303030303030303,-14.155124758354303
body_frac,-0.1539948254995741,-1,1469,0.4332055440872899,0.13522407818932622,-0.00737595676697822,0.3349217154526889,3.0097601645472754,0.3787878787878788,-23.1865368883302
pos480,0.5854064459604005,-1,1923,0.5670893541728104,0.1352186377502082,-0.007381397206096235,0.3406136245449818,4.127387942756355,0.4444444444444444,-28.972720406728516
disp6,-0.4767943345811137,-1,1505,0.44382188145089946,0.13511822265700035,-0.007481812299304086,0.33421926910299005,3.0811049257391745,0.3939393939393939,-22.018547377601013
range_rank,0.4791666666666667,1,3272,0.9649071070480684,0.1350771826525917,-0.007522852303712746,0.3484107579462103,6.905820963113751,0.46875,-38.75049466928266
pos96,0.2914572864321608,1,2142,0.6316720731347685,0.13502809577014555,-0.007571939186158894,0.34967320261437906,4.382275471812904,0.4696969696969697,-29.51091689663865
range_rank,0.32708333333333334,1,3295,0.9716897670303746,0.13497945527538407,-0.007620579680920364,0.3487101669195751,6.9493328926936035,0.453125,-38.75049466928266
disp96,-5.26829850080649,1,2560,0.7549395458566794,0.13495217058877343,-0.00764786436753101,0.348828125,5.234508434958483,0.5,-37.723586780268434
dq_z96,1.6568711860747447,-1,3245,0.9569448540253612,0.13492293905000005,-0.0076770959063043875,0.34730354391371343,6.633711169958336,0.4696969696969697,-37.721385221680464
since_lo24,23.0,-1,2901,0.8554998525508699,0.13491635092566084,-0.007683684030643595,0.34643226473629785,5.930186879323364,0.5303030303030303,-35.67778651845628
atr_pct,0.009692910799899378,1,3293,0.9710999705101739,0.1347366516056042,-0.007863383350700248,0.3467962344366839,6.722542329352343,0.4696969696969697,-38.75049466928266
kyle_z,0.03990082909770702,-1,613,0.1807726334414627,0.13464606938256185,-0.007953965573742589,0.3621533442088091,1.250576371689552,0.5303030303030303,-8.416181050108552
avg_trade_usd,667.8619091935941,1,2889,0.8519610734296668,0.13457708603120966,-0.00802294892509478,0.34856351678781583,5.890806084002496,0.5,-38.3642846283621
lo_pos,0.8786610878661087,-1,2851,0.8407549395458567,0.13453245255634877,-0.00806758239995567,0.3497018589968432,5.811394276335612,0.4393939393939394,-35.33567333024246
since_lo24,3.0,1,2263,0.6673547626069006,0.1345184301025432,-0.008081604853761248,0.3504197967300044,4.612351626091747,0.45454545454545453,-29.29691158602263
accel,1.6604033199273711,-1,2666,0.7861987614273076,0.13450351838446778,-0.00809651657183666,0.34433608402100524,5.433126969893804,0.4393939393939394,-26.410251425176998
tbi_z8,-1.6506958062887966,1,3270,0.9643173105278678,0.13448470500799972,-0.008115329948304717,0.34831804281345563,6.663105839032714,0.4090909090909091,-38.528326828950206
updn_ratio,0.48535564853556484,-1,1258,0.3709820112061339,0.13447523693431288,-0.008124798021991564,0.3441971383147854,2.563179516111599,0.45454545454545453,-15.383115827759898
rpt_z,-0.004761763443920161,-1,2237,0.6596874078442937,0.1344075123207158,-0.008192522635588645,0.35091640590075995,4.555600076688503,0.5151515151515151,-32.22174564838583
tbi_z96,1.6565896828425748,-1,3244,0.956649955765261,0.1343630159097211,-0.008237019046583333,0.3471023427866831,6.604145812289929,0.4696969696969697,-37.721385221680464
kyle,4.7387989411580724e-07,1,2801,0.8260100265408434,0.13430123857939605,-0.00829879637690839,0.34666190646197786,5.6996631706195195,0.48484848484848486,-28.050902722106834
rpt_z,1.8610131614208836,-1,3211,0.9469183131819522,0.1342990472806646,-0.008300987675639832,0.349735284957957,6.533852133609305,0.5,-38.75049466928266
to_hi24,2.3657491297868734,1,1642,0.4842229430846358,0.13427778237816484,-0.008322252578139594,0.3313032886723508,3.340668464620404,0.3939393939393939,-21.44175228575889
rpt_z,-0.6328247640535837,1,1894,0.5585373046299027,0.13426067921892965,-0.008339355737374793,0.34318901795142553,3.8528746430401943,0.5,-20.978582219957723
flow_eff,-0.06959748434569962,1,2598,0.7661456797404895,0.13425428684297536,-0.008345748113329082,0.3468052347959969,5.284736927546212,0.5,-31.594070900982903
rpt_z,-1.0510484239877111,-1,958,0.28251253317605424,0.13421767736758108,-0.008382357588723355,0.35803757828810023,1.9481899230021624,0.48484848484848486,-16.426488364520395
atr_pct,0.027166825822279896,1,1416,0.4175759363019758,0.1342008912479615,-0.008399143708342938,0.3255649717514124,2.879219121319901,0.4696969696969697,-25.322678928371968
to_hi480,6.7753468309640414,1,2050,0.6045414332055441,0.13415427345745284,-0.008445761498851595,0.3473170731707317,4.2971290716840365,0.40625,-28.972720406728516
ats_rank480,0.3229166666666667,-1,542,0.15983485697434385,0.13413104115301638,-0.008468993803288055,0.31365313653136534,1.153952766744998,0.30158730158730157,-12.079851937368792
rpt_z,-0.2640426171837599,1,1425,0.42023002064287823,0.13410911419268107,-0.008490920763623372,0.34175438596491226,2.8955376927965233,0.5,-14.870507435305026
body_frac,-0.07084220992933717,-1,1575,0.464464759657918,0.13404730414489444,-0.008552730811410003,0.3326984126984127,3.198856121639527,0.3939393939393939,-26.62738153757586
flow_div,-1.0,-1,2568,0.7572987319374815,0.13400567740684738,-0.00859435754945706,0.34735202492211836,5.214039084557336,0.5,-31.594070900982903
dq_cum24,-0.12759225651863015,-1,2361,0.6962547920967266,0.13397953457181,-0.00862050038449444,0.34731046166878443,4.792813350364294,0.48484848484848486,-29.48638927091091
tbi_z24,-1.3125045617579743,1,3138,0.9253907401946329,0.13396266761431097,-0.008637367341993468,0.3476736775015934,6.3693159238440575,0.4393939393939394,-34.42287674368835
range_rank,0.275,1,3298,0.9725744618106753,0.1339253857540172,-0.008674649202287249,0.3483929654335961,6.901342534636699,0.453125,-38.75049466928266
updn_ratio,0.45089285714285715,1,2994,0.8829253907401946,0.13387215835355817,-0.008727876602746265,0.34769539078156314,6.072927910765956,0.48484848484848486,-34.643305619921044
atr_pct,0.025351249926967724,1,1611,0.47508109702152757,0.13386796358574982,-0.008732071370554623,0.329608938547486,3.267595292979438,0.45454545454545453,-18.584702006614258
since_lo480,387.0,1,1172,0.34562076083751103,0.1337814156021439,-0.008818619354160534,0.3506825938566553,2.4498721732142608,0.375,-16.75622302220192
since_hi480,213.0,-1,1488,0.43880861102919494,0.13372097268543817,-0.008879062270866267,0.3481182795698925,3.1090126149364368,0.359375,-38.75049466928266
tbi_ma96,-0.0035156359418778726,-1,2398,0.7071660277204365,0.13368604469801829,-0.008913990258286153,0.34904086738949125,4.857259624027997,0.5,-27.531022138915265
ats_rank480,0.3229166666666667,1,2759,0.8136242996166323,0.13368395229529725,-0.008916082661007185,0.3552011598405219,5.76303163098008,0.453125,-39.369893612055805
since_lo480,172.0,1,2149,0.6337363609554704,0.13366488253472772,-0.00893515242157672,0.35365286179618427,4.488216133861404,0.484375,-38.75049466928266
dq_z96,0.8402516950631799,1,689,0.20318490120908286,0.13365335732394845,-0.008946677632355987,0.36429608127721336,1.3952600484272797,0.45454545454545453,-14.293551636347559
disp6,0.7149324050376802,-1,1880,0.554408728988499,0.13364212819357496,-0.008957906762729478,0.3313829787234043,3.8067757727866804,0.3787878787878788,-24.192003043353658
rpt_z,0.13575508961955052,-1,2388,0.7042170451194338,0.13359177034537106,-0.009008264610933375,0.35050251256281406,4.833593145223426,0.5151515151515151,-36.335956802986004
range_rank,0.22708333333333333,1,3299,0.9728693600707756,0.13356402702437623,-0.009036007931928214,0.34828735980600184,6.884808205522144,0.453125,-38.75049466928266
range_rank,0.17708333333333334,1,3299,0.9728693600707756,0.13356402702437623,-0.009036007931928214,0.34828735980600184,6.884808205522144,0.453125,-38.75049466928266
range_rank,0.03958333333333333,1,3299,0.9728693600707756,0.13356402702437623,-0.009036007931928214,0.34828735980600184,6.884808205522144,0.453125,-38.75049466928266
range_rank,0.08333333333333333,1,3299,0.9728693600707756,0.13356402702437623,-0.009036007931928214,0.34828735980600184,6.884808205522144,0.453125,-38.75049466928266
range_rank,0.13125,1,3299,0.9728693600707756,0.13356402702437623,-0.009036007931928214,0.34828735980600184,6.884808205522144,0.453125,-38.75049466928266
avg_trade_usd,1601.4817781306806,1,1514,0.4464759657918018,0.13353237326962056,-0.009067661686683881,0.34544253632760896,3.063151714094024,0.4393939393939394,-24.96241282083082
wick_skew,-0.14501207444209632,1,2239,0.6602772043644942,0.13353027692751956,-0.009069758028784874,0.35283608753907997,4.529913485465399,0.5151515151515151,-25.811773908677978
to_lo24,0.7678246690318027,1,2705,0.7976997935712179,0.13352929430902657,-0.009070740647277864,0.3478743068391867,5.472677895544196,0.48484848484848486,-30.53227625624338
rpt_z,0.438797567403,-1,2629,0.7752875258035977,0.13348845346872018,-0.009111581487584258,0.3510840623811335,5.317290063170687,0.4696969696969697,-35.4489672718616
gap,0.0,1,2498,0.7366558537304629,0.13347718311777437,-0.009122851838530066,0.34947958366693355,5.05190914285152,0.48484848484848486,-30.908477543502478
accel,-1.6328756616983604,-1,685,0.2020053081686818,0.13346858189597777,-0.009131453060326672,0.3284671532846715,1.3852420999809807,0.42424242424242425,-12.864455719899862
to_hi24,3.760247991607922,-1,2191,0.6461220878796815,0.1334186823767643,-0.009181352579540142,0.3550890004564126,4.429095955871069,0.5454545454545454,-31.329034892901213
absorb_z,-0.05028259517638459,1,2384,0.7030374520790328,0.13339971324974695,-0.00920032170655749,0.35192953020134227,4.81855933920298,0.5151515151515151,-32.52522566254955
since_lo480,410.0,-1,2321,0.684458861692716,0.13338401657758042,-0.009216018378724017,0.34640241275312367,4.837254726196315,0.515625,-30.36277545375541
kyle_z,1.3020898654251056,1,1474,0.4346800353877912,0.13337324314983495,-0.009226791806469486,0.34328358208955223,2.9786690970129808,0.48484848484848486,-12.544332161111301
tbi_z8,-0.5926155679518862,-1,905,0.2668829253907402,0.1333651461560186,-0.009234888800285834,0.3392265193370166,1.8287190495635883,0.4393939393939394,-13.882397781673665
range_per_trade,2.9205925292539994e-08,-1,866,0.25538189324682986,0.13335002727103973,-0.00925000768526471,0.34988452655889146,1.804392556511256,0.359375,-19.67772769204484
dq_z96,-1.6672841016131625,1,3281,0.9675611913889708,0.13332706797372454,-0.0092729669825799,0.3477598293203292,6.627971363966519,0.45454545454545453,-36.70240357463117
absorb_z,0.2009001392432133,1,887,0.26157475670893543,0.13331693131458883,-0.009283103641715612,0.34723788049605414,1.7916987587278834,0.5454545454545454,-13.725545127615955
tbi_ma96,-0.0043095607843782234,-1,2230,0.6576231200235919,0.133298156521136,-0.009301878435168442,0.3484304932735426,4.503861955183837,0.5454545454545454,-24.390530410171266
rpt_rank,0.075,1,2652,0.7820701857859038,0.13328018929357513,-0.00931984566272931,0.3480392156862745,5.522797843852518,0.46875,-30.968694843070583
accel,0.8786310275126469,-1,2214,0.6529047478619876,0.13326855760700268,-0.009331477349301759,0.3392050587172538,4.470554341543999,0.48484848484848486,-22.99655783605244
since_hi480,453.0,-1,2826,0.83338248304335,0.1332550093399494,-0.00934502561635503,0.3464260438782732,5.88404150616714,0.484375,-38.75049466928266
absorb_z,0.23755587500279124,-1,2195,0.6473016809200826,0.13318757954898858,-0.009412455407315862,0.3480637813211845,4.4294960168186375,0.45454545454545453,-27.991607285187804
atr_rank,0.05625,1,3253,0.9593040401061633,0.1331860098359388,-0.009414025120365627,0.34737165693206273,6.769595156192327,0.453125,-38.75049466928266
tbi_z96,-0.8357261045231238,1,2822,0.832202890002949,0.13316025427949013,-0.009439780676814308,0.3479801559177888,5.693609660253351,0.48484848484848486,-36.36427367190319
since_lo480,308.0,1,1621,0.47803007962253025,0.13313849948049009,-0.009461535475814353,0.351634793337446,3.372148557154288,0.390625,-34.14654510279501
tbi_z96,0.8406923496928056,1,689,0.20318490120908286,0.13311847453298378,-0.009481560423320656,0.36284470246734396,1.389676196260997,0.45454545454545453,-13.36383681891078
vol_per_trade_z,-0.5227855469421803,1,2909,0.8578590386316721,0.13309426965438345,-0.009505765301920988,0.3526985218288072,5.866230764009112,0.48484848484848486,-36.32665693863581
dq_z96,-0.8360006048976868,1,2825,0.8330875847832497,0.1330779483257955,-0.009522086630508936,0.3479646017699115,5.6961394548541255,0.5,-36.36427367190319
pos24,0.4297265749882284,1,1882,0.5549985255086995,0.13305249755949777,-0.009547537396806666,0.3575982996811902,3.7940121273784064,0.45454545454545453,-29.188266485754504
tbi_ma96,-0.0017218568146742986,-1,2727,0.8041875552934238,0.1330430344578821,-0.009557000498422341,0.3505683901723506,5.4970962873734015,0.5,-30.09086675071289
dow,3.0,-1,2405,0.7092303155411384,0.13304180445387848,-0.009558230502425963,0.34760914760914763,4.847962722902693,0.45454545454545453,-28.50522344249723
tbi_ma96,-0.00508705845042552,-1,2076,0.612208787968151,0.1330392001290568,-0.00956083482724765,0.34778420038535646,4.184687567695784,0.5151515151515151,-20.223225560750105
kyle,3.055914179451812e-06,-1,2658,0.7838395753465055,0.1330248938555808,-0.009575141100723633,0.3513920240782543,5.357275270729301,0.5151515151515151,-30.597037387933643
atr_rank,0.020833333333333332,1,3293,0.9710999705101739,0.13301450162404535,-0.009585533332259089,0.3480109322805952,6.844011778874707,0.453125,-38.75049466928266
tbi_ma24,-0.0027196191136447103,-1,2363,0.6968445886169271,0.13300398621854653,-0.009596048737757906,0.3465933135844266,4.761945749006445,0.4696969696969697,-29.48638927091091
range_rank,0.53125,1,3254,0.9595989383662636,0.13299668203641085,-0.009603352919893587,0.3475722188076214,6.762050052288765,0.484375,-38.75049466928266
avg_trade_usd,887.7269339793753,1,2300,0.6782659982306104,0.13295483900685048,-0.009645195949453955,0.34782608695652173,4.6332746926629715,0.45454545454545453,-29.160694339222644
persist6,0.30263798340503756,1,2805,0.8271896195812445,0.13290235762724115,-0.009697677329063292,0.3500891265597148,5.648350199157747,0.48484848484848486,-30.028328500165394
disp6,0.9324855352471455,-1,1964,0.5791801828369213,0.13287518051562763,-0.009724854440676806,0.3324847250509165,3.954043250495342,0.42424242424242425,-27.265641076379993
tbi_z96,-1.6680738978730822,1,3280,0.9672662931288706,0.132803442950499,-0.009796592005805432,0.3475609756097561,6.599928679964192,0.4393939393939394,-36.70240357463117
ats_rank480,0.26875,1,2857,0.8425243291064582,0.13279267682458626,-0.00980735813171818,0.35421771088554427,5.927948088872546,0.46875,-39.369893612055805
since_lo24,22.0,-1,2698,0.7956355057505161,0.13279014682763882,-0.009809888128665623,0.3443291326908821,5.428300244560145,0.5,-34.64465141117589
to_hi24,1.0018194477073432,1,2221,0.6549690356826895,0.13276349711124277,-0.009836537845061666,0.3345339936965331,4.467692834607123,0.48484848484848486,-31.354014443886562
since_lo480,430.0,-1,2492,0.7348864641698614,0.13273189451102466,-0.009868140445279783,0.34590690208667735,5.168248142523024,0.46875,-30.36277545375541
lo_pos,0.03765690376569038,-1,607,0.1790032438808611,0.13271183869179254,-0.0098881962645119,0.3673805601317957,1.2205467588775465,0.4090909090909091,-15.552141527839197
rpt_z,1.3678824991759335,-1,3099,0.9138897080507224,0.13271147825083907,-0.009888556705465373,0.3494675701839303,6.231407137868943,0.48484848484848486,-38.75049466928266
dn_wick,0.36886847510259924,-1,2435,0.7180772633441462,0.13268919514129499,-0.009910839815009453,0.35236139630390145,4.895427123773534,0.5151515151515151,-30.55127726010629
gap,-0.0007468430443754124,1,2892,0.8528457682099676,0.13264118002749428,-0.009958854928810157,0.34923928077455046,5.812095343022932,0.48484848484848486,-35.29405749361527
since_hi96,72.0,-1,2417,0.7127690946623415,0.13261928195007217,-0.009980753006232274,0.34753827058336784,4.856678855656431,0.5303030303030303,-36.66673774521714
to_hi96,0.6721129308267085,1,2660,0.784429371866706,0.13261690993580683,-0.009983125020497613,0.34135338345864663,5.3448633398370635,0.4696969696969697,-30.544960199027173
close_loc,0.5746921182266022,-1,1795,0.5293423768799764,0.13261377573546926,-0.00998625922083518,0.34094707520891365,3.6066928400782934,0.4393939393939394,-22.878849488575593
wick_skew,-0.10261397437214179,1,2086,0.6151577705691537,0.13259994614815845,-0.010000088808145985,0.3533077660594439,4.190961934319069,0.5151515151515151,-24.787782127922043
to_hi480,6.7753468309640414,-1,1249,0.36832792686523147,0.13259524785079174,-0.010004787105512697,0.3498799039231385,2.5876791338381073,0.328125,-32.58105505245861
wick_skew,-0.024013655054406707,1,1710,0.5042760247714538,0.1325627409388879,-0.010037294017416543,0.3526315789473684,3.4345801061439145,0.5151515151515151,-21.043604232809706
atr_rank,0.09583333333333334,1,3199,0.943379534060749,0.1325558772105474,-0.010044157745757037,0.34635823694904655,6.625722674945953,0.4375,-38.75049466928266
pos480,0.8901346261872949,-1,2659,0.7841344736066057,0.13253004089860862,-0.010069994057695819,0.34185784129371943,5.50620904295938,0.5,-30.610669770026693
since_hi480,432.0,-1,2676,0.7891477440283102,0.13251739850131897,-0.010082636454985472,0.34641255605381166,5.5408837248364,0.46875,-38.75049466928266
since_hi480,408.0,-1,2492,0.7348864641698614,0.13248309529173374,-0.010116939664570695,0.3471107544141252,5.158560522921881,0.453125,-38.75049466928266
dn_wick,0.4881889763779526,-1,2851,0.8407549395458567,0.1324598021388392,-0.010140232817465233,0.3521571378463697,5.72186205905804,0.4696969696969697,-34.64826921262057
tbi_ma24,-0.0157689770794702,1,2829,0.8342671778236508,0.13242571882121842,-0.010174316135086015,0.3503004595263344,5.676247856745864,0.48484848484848486,-37.723586780268434
flow_eff,0.01208651862749651,1,2564,0.7561191388970805,0.13240031043485356,-0.010199724521450876,0.3467238689547582,5.1435514538630995,0.48484848484848486,-31.594070900982903
tbi_ma8,0.0015716826364252977,-1,2617,0.7717487466823946,0.13235743478399242,-0.010242600172312016,0.3469621704241498,5.248172830753154,0.42424242424242425,-32.5384017764941
absorb_z,0.3416543432899083,-1,2595,0.7652609849601887,0.1323090697722014,-0.010290965184103051,0.3464354527938343,5.2021520614979195,0.5454545454545454,-31.072328804857513
rpt_rank,0.075,-1,654,0.1928634621055736,0.1323073117525937,-0.010292723203710746,0.3486238532110092,1.3520153419718168,0.453125,-14.370489565269056
tbi_z24,-1.0711337955422984,1,2997,0.8838100855204954,0.13227184545097545,-0.010328189505328988,0.3483483483483483,6.0063442547965655,0.48484848484848486,-34.42287674368835
disp24,-3.5997928634745957,1,2553,0.7528752580359775,0.13225094375779833,-0.010349091198506105,0.35056795926361145,5.115706960813016,0.5151515151515151,-34.650668557703504
hi_pos,0.7071129707112971,-1,2341,0.6903568268947213,0.13223171813435658,-0.01036831682194786,0.34002563007261855,4.690218972008012,0.4393939393939394,-27.181543466377526
rv_vs_range,0.6069673096165371,1,1281,0.37776467118844,0.1321304110804195,-0.010469623875884931,0.3403590944574551,2.564531160515415,0.5,-13.464324678306092
avg_trade_usd,728.9854387257425,1,2727,0.8041875552934238,0.13212759271605687,-0.01047244224024757,0.3469013568023469,5.459271899040713,0.5151515151515151,-35.31752220477773
to_hi24,1.5614549619511493,1,1927,0.5682689472132114,0.13211144325367688,-0.010488591702627559,0.33160352880124544,3.8572538053005365,0.5,-27.633980728551798
accel,1.340823589961322,-1,2478,0.7307578885284577,0.13196900830223435,-0.010631026654070092,0.34059725585149314,4.954836402620253,0.4393939393939394,-27.500461658639324
tbi_z8,-1.347106041833545,1,3125,0.9215570628133294,0.13196582932476536,-0.010634205631539079,0.34752,6.248382070301389,0.45454545454545453,-37.50257063599188
since_lo480,240.0,1,1841,0.5429076968445886,0.13192565308853743,-0.010674381867767008,0.35361216730038025,3.79492386462496,0.46875,-34.670704570864736
kyle,2.0195157950989687e-06,-1,2018,0.5951046888823356,0.13189847512285394,-0.010701559833450502,0.3503468780971259,4.032895799968473,0.42424242424242425,-29.068450546578536
kyle_z,1.8929529992941845,-1,2398,0.7071660277204365,0.131765933915631,-0.01083410104067345,0.3519599666388657,4.787495598934593,0.48484848484848486,-32.37872531775775
pos96,0.9358232556281337,-1,2727,0.8041875552934238,0.13175095540607998,-0.01084907955022446,0.34213421342134215,5.443709930187578,0.45454545454545453,-31.56951318421968
tbi_ma8,0.006015383354722456,-1,2945,0.8684753759952816,0.13174956416158595,-0.010850470794718486,0.3477079796264856,5.878825249331372,0.4393939393939394,-34.5961307428506
since_lo96,89.0,-1,2840,0.8375110586847537,0.13168528536389207,-0.01091474959241237,0.34330985915492956,5.666457733840204,0.42424242424242425,-35.42856556666824
pos24,0.6671822977341608,-1,1837,0.5417281038041876,0.1316745405253103,-0.010925494430994137,0.3304300489929232,3.664941377954471,0.5,-24.540631751135766
dq_cum24,-0.752849062682045,1,2831,0.8348569743438514,0.13161666938181693,-0.010983365574487508,0.3500529848110208,5.645557439695815,0.48484848484848486,-37.723586780268434
tbi_z8,-0.7571835894977664,1,2649,0.7811854910056031,0.13159871832357206,-0.011001316632732377,0.3510758776896942,5.281894012714279,0.48484848484848486,-34.31403027744379
absorb,-0.09520136120170539,1,3208,0.9460336184016515,0.13151557963904653,-0.011084455317257907,0.34881546134663344,6.392454234576687,0.48484848484848486,-38.75049466928266
range_per_trade,1.0681306015366838e-07,-1,2351,0.693305809495724,0.13145941947317263,-0.011140615483131805,0.34836239897915783,4.682743866385287,0.4696969696969697,-30.070789669834483
to_lo480,12.628787979984967,-1,2151,0.6343261574756709,0.13143149614344324,-0.0111685388128612,0.33612273361227335,4.487446796897562,0.4603174603174603,-26.90888768480436
body_frac,0.5030395156779559,1,1005,0.29637275140076674,0.13142762920358506,-0.011172405752719383,0.3681592039800995,2.0012843537818625,0.42424242424242425,-15.837194796107767
pos24,0.7120252023541678,-1,1931,0.5694485402536125,0.13133843650704918,-0.011261598449255256,0.3309166235111341,3.8426442559865452,0.48484848484848486,-30.74463116612018
absorb_z,-0.1364426013509363,1,2701,0.7965202005308168,0.13133052107852597,-0.01126951387777847,0.3487597186227323,5.374602082319677,0.5606060606060606,-35.585193610065346
close_loc,0.5272727272727254,-1,1629,0.48038926570333235,0.1313127313200566,-0.01128730363624783,0.33947206875383673,3.241036959399578,0.4393939393939394,-26.48914420289996
range_rank,0.74375,1,2987,0.8808611029194928,0.13131064906243747,-0.011289385893866966,0.34549715433545364,6.128514199210949,0.453125,-38.75049466928266
accel,-0.8662155640001397,1,2285,0.6738425243291064,0.13130333523776486,-0.011296699718539582,0.3571115973741794,4.5458806214892835,0.5151515151515151,-29.929564721571438
dn_wick,0.44378730580274894,-1,2715,0.8006487761722206,0.13127210710657683,-0.01132792784972761,0.3528545119705341,5.400057133247819,0.5303030303030303,-34.64826921262057
pos480,0.5854064459604005,1,1376,0.4057800058979652,0.13125166043587708,-0.011348374520427362,0.35901162790697677,2.8219106993713567,0.3125,-36.70250800347024
body_frac,0.18556701030928086,-1,1874,0.5526393394278973,0.13123825927879082,-0.01136177567751362,0.3329775880469584,3.726371180128091,0.3939393939393939,-26.53240503254576
body_frac,0.3482894577706121,-1,2127,0.6272485992332645,0.1311574141997525,-0.011442620756551947,0.33709449929478136,4.226845757619296,0.42424242424242425,-24.828288491713437
rpt_z,-0.9022407771330586,1,2248,0.6629312887053966,0.13115573920015708,-0.01144429575614736,0.3429715302491103,4.46724396548414,0.5151515151515151,-26.331083966739328
to_lo480,10.814620459322956,-1,1809,0.5334709525213801,0.13113171978276056,-0.01146831517354388,0.33112216694306246,3.7653536680478394,0.4444444444444444,-28.70557329073529
rpt_z,0.8116377657757554,-1,2875,0.8478324977882631,0.13112908695630587,-0.011470947999998565,0.34956521739130436,5.712062499990598,0.48484848484848486,-34.6575447507151
range_per_trade,2.2250103860663018e-08,1,2839,0.8372161604246535,0.13106119918388587,-0.01153883577241857,0.34660091581542796,5.6376173406523025,0.5,-30.281474148250368
since_hi480,317.0,1,1302,0.38395753465054555,0.13105539765175003,-0.011544637304554406,0.35176651305683565,2.7084782181361673,0.4444444444444444,-27.23591916038384
kyle,2.2524034932633033e-06,-1,2205,0.6502506635210852,0.13105021857080684,-0.011549816385497597,0.3505668934240363,4.378268665888318,0.45454545454545453,-31.114949168241786
range_z,1.9826136875438816,-1,1862,0.5491005603066942,0.13098719623129618,-0.011612838725008262,0.3442534908700322,3.6954266573132344,0.5151515151515151,-26.15789724056879
flow_eff,0.064089712640506,1,2536,0.747861987614273,0.13096433300950924,-0.011635701946795196,0.3462145110410095,5.032205280486597,0.48484848484848486,-31.594070900982903
since_hi480,350.0,-1,2156,0.6358006487761723,0.1309579959061298,-0.011642039050174635,0.34461966604823746,4.411647487087748,0.421875,-38.75049466928266
body_frac,-0.23591641783964198,-1,1337,0.39427897375405485,0.1309213149562468,-0.011678720000057652,0.3343305908750935,2.652148456007605,0.3333333333333333,-21.12437205603915
hi_pos,0.6359832635983264,-1,2182,0.6434680035387791,0.13087229391999536,-0.01172774103630908,0.3386801099908341,4.326717353536816,0.45454545454545453,-26.96693441536461
to_hi480,8.086578135535163,1,1877,0.5535240342081982,0.13081991128703868,-0.011780123669265757,0.35055940330314334,3.8367027107151817,0.421875,-28.972720406728516
up_wick,0.3330556754294458,1,859,0.25331760542612797,0.13080727042364776,-0.01179276453265668,0.3410942956926659,1.702476443847173,0.5151515151515151,-13.335177028637306
avg_trade_usd,1175.5312313481109,1,1875,0.5529342376879977,0.13079785771174293,-0.011802177244561507,0.34613333333333335,3.715848230447243,0.4393939393939394,-24.96241282083082
updn_ratio,0.4700460829493088,-1,780,0.23002064287820703,0.1307689737546041,-0.011831061201700327,0.34615384615384615,1.545451508008958,0.4090909090909091,-12.526268061541872
updn_ratio,0.4625,-1,635,0.18726039516366855,0.13073899047735463,-0.011861044478949812,0.34960629921259845,1.2578675598957605,0.3333333333333333,-9.489250193580965
vol_per_trade_z,-0.10029255664011023,1,2646,0.7803007962253022,0.13073735081504598,-0.011862684141258462,0.35185185185185186,5.241379246312296,0.5,-33.25223789219395
since_hi480,246.0,1,1637,0.48274845178413445,0.13073645687467744,-0.011863578081626996,0.3488087965791081,3.343993435997609,0.4375,-28.972720406728516
ats_rank480,0.21666666666666667,1,2931,0.8643468003538779,0.13064806559159314,-0.011951969364711296,0.353121801432958,5.983273128889993,0.46875,-37.728584070701636
atr_rank,0.14166666666666666,1,3119,0.9197876732527278,0.13061611600204628,-0.011983918954258155,0.34434113497915997,6.365494778287223,0.453125,-38.75049466928266
rpt_rank,0.46875,1,1350,0.3981126511353583,0.13058772507376942,-0.012012309882535016,0.3437037037037037,2.754584825774824,0.46875,-22.706641484297293
range_per_trade,6.250599983008629e-08,-1,1687,0.49749336478914774,0.13056106932219758,-0.012038965634106863,0.34676941315945464,3.337220059796171,0.4393939393939394,-25.98696580602333
accel,0.5101544496072172,-1,1981,0.5841934532586258,0.13049458791014676,-0.01210544704615768,0.33518425037859667,3.9168148280303132,0.48484848484848486,-21.915201148977253
since_hi96,78.0,-1,2534,0.7472721910940725,0.1304855764408312,-0.012114458515473242,0.34767166535122335,5.009855313652519,0.5454545454545454,-36.66673774521714
updn_ratio,0.5333333333333333,1,690,0.20347979946918313,0.13045790311333608,-0.012142131842968362,0.36086956521739133,1.3638780780030593,0.42424242424242425,-11.858580732009436
to_lo96,10.180524906844308,-1,2974,0.8770274255381894,0.13043325116517857,-0.012166783791125874,0.34431741761936785,5.877401347958198,0.5151515151515151,-38.75049466928266
since_lo480,47.0,1,2693,0.7941610144500147,0.13040824696324585,-0.01219178799305859,0.3527664314890457,5.487334516750329,0.46875,-38.75049466928266
wick_skew,0.053671632018342665,1,1329,0.39191978767325275,0.13035677841623683,-0.01224325654006761,0.34988713318284426,2.624911492654224,0.5,-18.59190062245472
kyle,8.617241076126616e-07,-1,1168,0.34444116779711,0.13034793108082116,-0.012252103875483283,0.348458904109589,2.306763386399986,0.42424242424242425,-26.78833607514986
extreme_late,0.5271966527196653,-1,900,0.26540843409023884,0.1302203788013726,-0.012379656154931834,0.33444444444444443,1.7757324382005353,0.48484848484848486,-12.331006770022928
updn_ratio,0.5211864406779662,-1,2410,0.7107048068416396,0.13019066192921588,-0.012409373027088555,0.34149377593360997,4.753931746203185,0.48484848484848486,-33.17355001480945
dn_wick,0.40397710912755713,-1,2585,0.7623120023591861,0.13017817145533908,-0.012421863500965358,0.3520309477756286,5.098645048667447,0.5151515151515151,-33.62022011602527
since_hi24,4.0,1,1992,0.5874373341197286,0.1301751077067099,-0.012424927249594542,0.3328313253012048,3.9289214326025164,0.5,-26.188084625787052
atr_pct,0.02379844165543854,1,1793,0.5287525803597759,0.13017145750254439,-0.012428577453760054,0.3301728945900725,3.5363245954857887,0.4393939393939394,-19.06050063445325
accel,-0.6789468749983768,1,2161,0.6372751400766735,0.130088833462111,-0.012511201494193436,0.35863026376677465,4.259423774418514,0.48484848484848486,-25.802321485619522
since_lo24,10.0,-1,1611,0.47508109702152757,0.13000473531410253,-0.012595299642201907,0.33954065797641214,3.17329740289423,0.42424242424242425,-22.800370047561326
disp6,1.5050852337353084,-1,2196,0.6475965791801829,0.12998571258696584,-0.012614322369338599,0.33515482695810567,4.324979164257227,0.3939393939393939,-25.384009353691884
rpt_rank,0.9020833333333333,-1,3002,0.8852845768209967,0.12995544296631253,-0.012644591989991905,0.34810126582278483,6.095722496638597,0.5,-38.75049466928266
disp6,1.1882094632080153,-1,2076,0.612208787968151,0.12994521736752732,-0.012654817588777123,0.33285163776493254,4.0873677462876765,0.42424242424242425,-25.384009353691884
since_lo96,3.0,1,2565,0.7564140371571808,0.12994375453147522,-0.01265628042482922,0.34814814814814815,5.050086823836878,0.5,-30.535861893327617
pos480,0.8427265950834969,-1,2529,0.7457976997935712,0.12990186874262746,-0.012698166213676976,0.33926453143534996,5.133153532032889,0.484375,-28.972720406728516
kyle,2.570175678459675e-06,-1,2407,0.7098201120613389,0.12983102914770495,-0.012769005808599493,0.3506439551308683,4.734898290280695,0.4696969696969697,-31.509324868546283
range_rank,0.6916666666666667,1,3104,0.9153641993512238,0.1298216504329328,-0.012778384523371628,0.34600515463917525,6.296350045997242,0.453125,-38.75049466928266
absorb_z,-0.09201147926683448,1,2534,0.7472721910940725,0.1297613285891522,-0.01283870636715223,0.34964483030781374,4.9820485855289665,0.5454545454545454,-33.54607453297189
absorb_z,0.4306699329963554,-1,2739,0.8077263344146269,0.12970784281878198,-0.012892192137522462,0.3457466228550566,5.382875476979453,0.5454545454545454,-35.17109808798752
pos480,0.5374793752293165,1,1511,0.44559127101150103,0.1296924840932106,-0.012907550863093836,0.35804103242885504,3.0619584916381437,0.359375,-37.723586780268434
sess_eu,1.0,1,1525,0.44971984665290476,0.12965108224988373,-0.012948952706420713,0.34885245901639345,2.9957257641071613,0.4696969696969697,-16.5335231243878
rpt_z,1.0541320284120537,-1,2983,0.8796815098790917,0.12959713271963072,-0.013002902236673719,0.3483070734160241,5.857397680343309,0.5151515151515151,-36.70273790984609
persist96,0.2845389593170849,-1,2804,0.8268947213211442,0.1295285582961932,-0.013071476660111242,0.3466476462196862,5.503001173674632,0.5303030303030303,-38.75049466928266
accel,-0.49459214337155116,1,2050,0.6045414332055441,0.12951473859118032,-0.013085296365124122,0.3595121951219512,4.022806274423024,0.48484848484848486,-26.114140044559733
lo_pos,0.7573221757322176,-1,2534,0.7472721910940725,0.12943108613307763,-0.013168948823226806,0.3500394632991318,4.969369276685131,0.5,-34.3084311060133
range_rank,0.5833333333333334,1,3220,0.9495723975228546,0.1294046825763467,-0.013195352379957725,0.34627329192546585,6.510673092122443,0.46875,-38.75049466928266
to_hi24,3.4043885030417327,-1,2075,0.6119138897080507,0.12937469042666186,-0.01322534452964258,0.35518072289156627,4.067461858110961,0.5,-31.329034892901213
tbi_z8,-1.1163419013388391,1,2986,0.8805662046593925,0.1293683881378044,-0.013231646818500031,0.34862692565304754,5.852939499689151,0.5,-36.468069902819344
avg_trade_usd,1862.3014465228123,1,1377,0.40607490415806546,0.12918427431808213,-0.013415760638222307,0.3442265795206972,2.695253723272714,0.4393939393939394,-24.96241282083082
tbi_ma8,0.00985793021736893,-1,3138,0.9253907401946329,0.12904836460488972,-0.013551670351414719,0.34735500318674317,6.13566315348703,0.4393939393939394,-35.619954536408315
range_per_trade,1.2200640028364996e-07,-1,2511,0.7404895311117664,0.1289766322049212,-0.01362340275138324,0.34846674631620866,4.906974597978138,0.4393939393939394,-29.463590476407543
to_hi24,0.811997142210452,1,2370,0.698908876437629,0.12896117256845574,-0.0136388623878487,0.3358649789029536,4.630878469503638,0.48484848484848486,-33.459082679696884
to_hi96,1.1091680764939809,1,2331,0.6874078442937187,0.12891523245436998,-0.013684802501934462,0.33462033462033464,4.553051618956614,0.4696969696969697,-30.278828139575342
tbi_ma96,-0.007147512506304163,1,1836,0.5414332055440872,0.12888875904339836,-0.013711275912906079,0.3485838779956427,3.5854509333890814,0.4393939393939394,-30.03983252044737
pos24,0.8837406833144348,-1,2523,0.7440283102329697,0.12886587375744027,-0.01373416119886417,0.3380895759017043,4.926190901363967,0.48484848484848486,-32.55785730829938
range_rank,0.6375,1,3174,0.9360070775582424,0.1288148176869659,-0.01378521726933854,0.3456206679269061,6.388409864662965,0.453125,-38.75049466928266
atr_rank,0.23333333333333334,1,2928,0.8634621055735772,0.12867757988543488,-0.01392245507086956,0.3422131147540984,5.886999279758646,0.453125,-38.75049466928266
up_wick,0.21642333840549963,-1,1936,0.5709230315541138,0.12862885812087485,-0.013971176835429588,0.3481404958677686,3.773113171545661,0.5,-21.18983271147391
rpt_rank,0.9520833333333333,-1,3114,0.9183131819522264,0.1286067244259682,-0.013993310530336228,0.34778420038535646,6.257520935351015,0.484375,-38.75049466928266
rv_vs_range,0.6506345542388152,1,976,0.287820701857859,0.12860159716406877,-0.013998437792235668,0.33709016393442626,1.9017448307898654,0.5,-11.539273619828812
vol_of_vol,2.158834994238472,-1,2841,0.837805956944854,0.128599046487906,-0.014000988468398451,0.3565645899331221,5.708592048002202,0.5,-35.67996105949851
since_lo480,478.0,-1,3133,0.9239162488941315,0.12850692154185234,-0.014093113414452102,0.34663262049154164,6.2908153936034905,0.4375,-35.649361093368555
kyle_z,0.5018386518524429,1,2337,0.6891772338543203,0.12850157996812306,-0.01409845498818138,0.34360290971330765,4.550124127053085,0.48484848484848486,-24.76881839590265
to_hi24,4.70636492138216,1,848,0.2500737245650251,0.12837684559953091,-0.014223189356773525,0.33490566037735847,1.6748240779754189,0.3384615384615385,-15.693228007743265
kyle,1.3325708998580056e-06,-1,1506,0.4441167797109997,0.1283691813174752,-0.014230853638829227,0.34860557768924305,2.9291513191532985,0.42424242424242425,-25.98696580602333
gap,-5.619064220955205e-05,1,2526,0.7449130050132704,0.1283298271428773,-0.014270207813427138,0.3475851148060174,4.9115324751955765,0.48484848484848486,-30.908477543502478
disp6,0.5221842452369401,-1,1811,0.5340607490415806,0.12830863536110693,-0.014291399595197513,0.33020430701270015,3.5207111914994638,0.3939393939393939,-24.192003043353658
tbi_ma24,0.005438074600606669,-1,3176,0.9365968740784429,0.12822773512652627,-0.014372299829778168,0.34634760705289674,6.170474041846173,0.4393939393939394,-34.599123731966706
rpt_rank,0.11875,1,2463,0.7263344146269537,0.12818086709418827,-0.014419167862116167,0.3459196102314251,4.932960557077902,0.484375,-30.968694843070583
atr_pct,0.014218920043416601,1,2893,0.8531406664700678,0.1281609203877745,-0.014439114568529948,0.34047701348081577,5.617720343664115,0.48484848484848486,-35.58538406103385
body_frac,0.26661574295601564,-1,1999,0.5895016219404305,0.12815221517369543,-0.014447819782609006,0.3341670835417709,3.8814587595790493,0.4090909090909091,-25.691092393112257
pos24,0.3845268564741985,1,1968,0.5803597758773223,0.12798418597871836,-0.014615848977586082,0.35264227642276424,3.8162557273654185,0.45454545454545453,-28.259555898245576
tbi_ma8,-0.0001031262975173669,1,927,0.27337068711294604,0.12790298520337492,-0.014697049752929514,0.34735706580366776,1.824093342823516,0.4153846153846154,-22.513796147882058
dq_cum24,0.2646155610039401,-1,3177,0.9368917723385431,0.12788809175584673,-0.014711943200457711,0.34623858986465217,6.156067689520078,0.4393939393939394,-34.599123731966706
tbi_ma96,0.0005300152514631366,-1,3057,0.9015039811265113,0.12782384074199726,-0.014776194214307176,0.346745175008178,5.920567896186145,0.45454545454545453,-38.75049466928266
disp96,-4.322248598820041,-1,974,0.2872309053376585,0.1278192531729131,-0.014780781783391345,0.34496919917864477,1.945249259225271,0.265625,-15.810431556413562
sess_us,0.0,-1,2229,0.6573282217634916,0.12778307595189883,-0.014816959004405605,0.3494840735755944,4.315582974193674,0.45454545454545453,-24.283309747581214
minofday,720.0,-1,2229,0.6573282217634916,0.12778307595189883,-0.014816959004405605,0.3494840735755944,4.315582974193674,0.45454545454545453,-24.283309747581214
hour,12.0,-1,2229,0.6573282217634916,0.12778307595189883,-0.014816959004405605,0.3494840735755944,4.315582974193674,0.45454545454545453,-24.283309747581214
to_hi480,29.010273989555387,-1,3021,0.8908876437629017,0.12774933942579386,-0.014850695530510577,0.3449189010261503,6.030168037583176,0.4375,-38.75049466928266
since_lo96,12.0,1,2309,0.6809200825715128,0.12771321337944044,-0.014886821576863996,0.3516673884798614,4.468027419592848,0.5151515151515151,-30.535861893327617
tbi_z8,0.0032082580223338655,1,1724,0.5084046004128575,0.12770349894305272,-0.014896536013251721,0.351508120649652,3.3357701845124677,0.45454545454545453,-27.15026155082538
since_lo480,472.0,-1,2971,0.8761427307578885,0.12761998548191483,-0.014980049474389606,0.3453382699427802,5.924359013543265,0.46875,-36.40102209413604
rv_vs_range,0.43484711265257975,-1,524,0.15452668829253907,0.12754026554623363,-0.015059769410070811,0.366412213740458,1.012592411306461,0.45454545454545453,-11.89152330231034
to_hi480,44.386822432823614,-1,3230,0.9525213801238572,0.12742848529830947,-0.01517154965799497,0.3458204334365325,6.431156367399057,0.453125,-38.75049466928266
rpt_rank,0.7395833333333334,-1,2611,0.769979357121793,0.12739604577718636,-0.015203989179118083,0.34814247414783606,5.19736055506615,0.5,-36.48346800503413
pos480,0.6358828803519841,-1,2067,0.6095547036272486,0.12737840166063194,-0.015221633295672499,0.3381712626995646,4.113924316133222,0.453125,-28.972720406728516
to_lo480,11.708601789701188,-1,1974,0.5821291654379239,0.12737496580221166,-0.015225069154092774,0.33181357649442755,3.991082261802632,0.42857142857142855,-28.73252163449752
to_lo96,3.0429071488870547,1,2014,0.5939250958419345,0.12725235720987896,-0.015347677746425481,0.3500496524329692,3.8831249609196385,0.4696969696969697,-29.274762763104583
up_wick,0.11835216453963776,-1,1228,0.3621350634031259,0.12717659669033232,-0.015423438265972117,0.3477198697068404,2.3662554656928494,0.48484848484848486,-17.333044111138836
lo_pos,0.1087866108786611,-1,981,0.2892951931583604,0.12717276185542095,-0.015427273100883487,0.36187563710499493,1.8902496875783021,0.4090909090909091,-16.409267312174414
since_lo480,276.0,-1,1582,0.4665290474786199,0.1271117024371833,-0.015488332519121129,0.3407079646017699,3.2433986008971614,0.46774193548387094,-25.714585952628966
range_per_trade,2.2603108140243978e-07,-1,3078,0.9076968445886169,0.12699361694708325,-0.01560641800922119,0.3469785575048733,5.922520499441246,0.48484848484848486,-35.67839362113744
disp96,4.5300311202268535,-1,2267,0.6685343556473017,0.12697718212158732,-0.015622852834717121,0.3365681517423908,4.361473816206644,0.5151515151515151,-29.472205516370657
m1_jump,0.4112401569944065,-1,2441,0.7198466529047478,0.1269706679803768,-0.01562936697592765,0.3469889389594428,4.695990917274239,0.5151515151515151,-28.24083261800874
efficiency,0.08756725686588135,1,1657,0.4886464169861398,0.12687925391687202,-0.01572078103943242,0.35425467712733855,3.1854382384887416,0.5,-19.3999890597247
pos24,0.7980573964548039,-1,2130,0.6281332940135653,0.1268312668437119,-0.015768768112592535,0.33098591549295775,4.093190884501611,0.45454545454545453,-31.354014443886562
vol_per_trade_z,0.04231788545242745,1,2536,0.747861987614273,0.12681754125214098,-0.01578249370416346,0.3501577287066246,4.872867948718629,0.5151515151515151,-31.208181382192656
pos480,0.7928400221976843,-1,2428,0.7160129755234445,0.1267495820210432,-0.015850452935261244,0.3393739703459638,4.808562267923326,0.46875,-28.972720406728516
m1_jump,0.21831880936377965,-1,786,0.2317900324388086,0.12674264755451317,-0.015857387401791267,0.33078880407124683,1.5093897117855661,0.3939393939393939,-17.00133751420649
disp96,-6.321052971649496,1,2729,0.8047773518136243,0.1265777295561101,-0.016022305400194337,0.3462806888970319,5.23379733270643,0.5303030303030303,-37.723586780268434
tbi_z24,-0.6928965815821089,1,2670,0.7873783544677087,0.12656682543384978,-0.016033209522454656,0.347940074906367,5.120203392551195,0.5,-35.339328675214226
absorb,-0.07321388480078594,1,3153,0.9298142140961368,0.126558773300405,-0.016041261655899447,0.3472882968601332,6.046057760851167,0.5,-38.75049466928266
vol_of_vol,-1.0946735197253359,1,3169,0.934532586257741,0.1265433018645815,-0.016056733091722952,0.34427264121173873,6.265870681388419,0.5,-38.75049466928266
since_lo480,77.0,1,2613,0.7705691536419935,0.12654108185700563,-0.016058953099298806,0.35246842709529275,5.166435107693057,0.484375,-38.75049466928266
atr_pct,0.017475263931639673,1,2518,0.7425538189324683,0.1264952696895888,-0.016104765266715643,0.3359809372517871,4.825986198157341,0.45454545454545453,-26.91523066439815
rpt_rank,0.3145833333333333,1,1772,0.5225597168976703,0.12643062596043186,-0.016169408995872575,0.3431151241534989,3.5005479562794566,0.484375,-28.421160598192515
flow_eff,0.11336318462435212,1,2502,0.7378354467708641,0.12640133374883553,-0.016198701207468913,0.3445243804956035,4.791759652114948,0.5,-31.594070900982903
tbi_z8,0.7489049428426591,1,785,0.23149513417870834,0.12640050962312835,-0.01619952533317609,0.35286624203821654,1.5034000008205415,0.4696969696969697,-13.371612993142868
disp96,-9.519099971952395,1,3190,0.9407254497198466,0.12637201722810965,-0.016228017728194793,0.3445141065830721,6.107980832691966,0.5,-38.75049466928266
to_lo480,22.08762202768665,-1,3095,0.9127101150103214,0.12632458706110025,-0.016275447895204187,0.3434571890145396,6.108978077407894,0.46875,-29.42514440800577
tbi_ma24,0.002840703315120119,-1,2983,0.8796815098790917,0.12620862403864286,-0.01639141091766158,0.34629567549446866,5.704247356170784,0.45454545454545453,-33.25799205291847
disp96,9.616530888599815,-1,3125,0.9215570628133294,0.12618220488257725,-0.016417830073727185,0.34368,5.9745362160311215,0.48484848484848486,-38.75049466928266
rpt_rank,0.79375,-1,2746,0.8097906222353288,0.1261801225505194,-0.016419912405785025,0.3466860888565186,5.413915883183224,0.484375,-40.5764179236017
rpt_z,0.28451854069865834,-1,2508,0.7396048363314657,0.12615772079123302,-0.016442314165071414,0.3480861244019139,4.793993390066855,0.4696969696969697,-36.367131202021305
hi_pos,0.8368200836820083,-1,2691,0.7935712179298142,0.126125640829152,-0.01647439412715243,0.34076551467855815,5.142486355624969,0.45454545454545453,-28.078495758535734
to_hi96,1.9448304736665134,1,2032,0.5992332645237393,0.12607297660037906,-0.016527058355925384,0.3302165354330709,3.8815195219995497,0.4696969696969697,-30.653289283681467
wick_skew,-0.06250000000000255,1,1911,0.5635505750516072,0.1259812909044655,-0.01661874405183894,0.3511250654107797,3.6477310139156605,0.5,-22.75150702617618
kyle,1.0244518841917916e-06,-1,1305,0.38484222943084634,0.12593087501298747,-0.01666915994331697,0.3471264367816092,2.489996846847707,0.4393939393939394,-24.96241282083082
tbi_ma8,-0.021481718996239352,1,3040,0.8964907107048068,0.12582351607891337,-0.016776518877391067,0.34769736842105264,5.795507407271161,0.5303030303030303,-37.723586780268434
atr_pct,0.011398773374060433,1,3178,0.9371866705986435,0.12573275472234116,-0.016867280233963278,0.342039018250472,6.054222644054549,0.4696969696969697,-38.75049466928266
atr_rank,0.18541666666666667,1,3038,0.8959009141846063,0.1257196353201423,-0.01688039963616214,0.3423304805793285,5.967753939103005,0.46875,-38.75049466928266
since_hi96,88.0,-1,2876,0.8481273960483633,0.12571232553184053,-0.01688770942446391,0.3463143254520167,5.478009821660203,0.5151515151515151,-36.70530151015166
rpt_z,0.6104506920916885,-1,2749,0.8106753170156296,0.1257055590514414,-0.016894475904863038,0.3477628228446708,5.235826997460794,0.48484848484848486,-35.4489672718616
pos24,0.20412447093122013,1,2391,0.7051017398997346,0.12561648736033018,-0.016983547595974258,0.3450439146800502,4.550742746644688,0.48484848484848486,-31.329034892901213
dq_z96,-0.6663979433760853,1,2676,0.7891477440283102,0.12560326351866216,-0.016996771437642277,0.34566517189835577,5.092641411756664,0.5,-34.31016405755302
to_lo24,5.918916827082892,-1,2833,0.835446770864052,0.1255488387944714,-0.017051196161833038,0.3416872573243911,5.389088792496023,0.4696969696969697,-32.549761548359484
tbi_ma24,-0.0015699596895821302,-1,2508,0.7396048363314657,0.12550186002506997,-0.017098174931234472,0.344896331738437,4.769070680952659,0.4696969696969697,-31.80848203624615
updn_ratio,0.5085470085470085,-1,2023,0.596579180182837,0.1254725905345752,-0.017127444421729227,0.3405832921403856,3.8459250098703883,0.5151515151515151,-25.0587823276714
since_hi96,2.0,1,2439,0.7192568563845473,0.12545198328249996,-0.017148051673804482,0.33579335793357934,4.636021018576021,0.5151515151515151,-26.46494880774735
pos480,0.48663814105674136,1,1635,0.4821586552639339,0.12543125480121492,-0.01716878015508952,0.3553516819571865,3.2043765874997874,0.40625,-38.75049466928266
rpt_rank,0.16666666666666666,1,2268,0.668829253907402,0.125304442168347,-0.017295592787957448,0.3447971781305115,4.440476169340797,0.46875,-27.88348122411175
since_lo480,430.0,1,818,0.2412267767620171,0.1252931687773429,-0.017306866178961544,0.35207823960880197,1.6268224136486744,0.3333333333333333,-12.736575954073087
since_hi480,57.0,1,2457,0.7245650250663521,0.12529169071023366,-0.017308344246070778,0.3451363451363451,4.810026313672563,0.5,-28.972720406728516
tbi_z8,-0.13614711644292474,1,1938,0.5715128280743144,0.12529012297780232,-0.017309911978502124,0.35036119711042313,3.6789736110754676,0.4696969696969697,-31.25234144060499
dq_cum24,0.13981609629714156,-1,2983,0.8796815098790917,0.12520741731656485,-0.017392617639739594,0.34596044250754276,5.658995846292621,0.45454545454545453,-33.25799205291847
pos96,0.2508822599812022,1,2233,0.6585078148038926,0.1251974702632113,-0.017402564693093148,0.34393193013882667,4.235847743905315,0.45454545454545453,-29.51091689663865
tbi,-0.018997528413466625,1,2430,0.716602772043645,0.12498973517376166,-0.017610299782542777,0.3460905349794239,4.601894795033954,0.5,-32.26217739174059
kyle_z,0.9576297526449475,1,1828,0.5390740194632851,0.12498428377840087,-0.017615751177903566,0.3424507658643326,3.4616859204078296,0.48484848484848486,-19.93555223174308
dq,-0.03783332291198611,1,2430,0.716602772043645,0.12495061710535561,-0.017649417850948826,0.3460905349794239,4.600454538879003,0.5151515151515151,-32.26217739174059
disp96,-7.662641232055553,1,2943,0.867885579475081,0.12494789640562008,-0.017652138550684357,0.34420659191301395,5.571540289723331,0.5151515151515151,-38.75049466928266
pos24,0.7555370985603542,-1,2032,0.5992332645237393,0.12492449080040252,-0.017675544155901918,0.3297244094488189,3.8461600804002725,0.4696969696969697,-31.781373931303587
to_hi480,34.42601330705572,-1,3134,0.9242111471542318,0.12491650270782624,-0.017683532248478198,0.34492661135928526,6.117004991973867,0.46875,-38.75049466928266
to_lo24,1.3777451907163005,1,2267,0.6685343556473017,0.1249026359602722,-0.017697398996032232,0.34450816056462286,4.29021629881723,0.5454545454545454,-28.259555898245576
to_hi480,1.2689684686335947,1,2763,0.8148038926570333,0.1248903523233903,-0.017709682632914142,0.34093376764386535,5.3917506792113645,0.484375,-29.783751317109058
tbi_z96,-0.6666151219916321,1,2673,0.7882630492480094,0.12484953573545184,-0.017750499220852603,0.3453049008604564,5.056406197285798,0.48484848484848486,-34.31016405755302
dq_cum24,-0.07204726903584924,-1,2512,0.7407844293718667,0.12483595249077215,-0.017764082465532294,0.3447452229299363,4.751332009951812,0.4696969696969697,-31.80848203624615
disp6,1.9102947246316255,-1,2362,0.6965496903568269,0.12483037381173565,-0.017769661144568794,0.3348856900931414,4.467414287019993,0.45454545454545453,-27.596232665924504
tbi_ma8,-0.01840221405991419,1,2866,0.8451784134473607,0.12454667275016106,-0.018053362206143383,0.34717376133984645,5.408344910635781,0.5606060606060606,-37.723586780268434
disp96,0.773101113699829,-1,1734,0.5113535830138602,0.12451909219533867,-0.018080942760965765,0.33102652825836215,3.271456149495716,0.3939393939393939,-24.373983330049757
tbi_ma24,-0.00035602773994793926,-1,2658,0.7838395753465055,0.12450115159073585,-0.018098883365568585,0.345372460496614,5.01400092315418,0.45454545454545453,-33.963544135038205
tbi_z8,-0.27942695249656513,1,2132,0.6287230905337658,0.12444568106563458,-0.018154353890669855,0.349906191369606,4.019972606544439,0.5303030303030303,-32.27425203918602
tbi_ma96,-0.0007398519736904725,-1,2896,0.8540253612503687,0.12440590193464363,-0.018194133021660813,0.3473756906077348,5.458780181859515,0.48484848484848486,-34.916443651820394
range_per_trade,7.163378224756894e-08,-1,1857,0.5476260690061928,0.1243825951955842,-0.01821743976072024,0.3446418955304254,3.4996739284575735,0.4090909090909091,-27.00964063412886
since_lo480,18.0,1,2795,0.8242406369802419,0.12437252856515942,-0.018227506391145024,0.34919499105545615,5.431581520931571,0.484375,-38.75049466928266
dq_cum24,-0.013579380638012284,-1,2658,0.7838395753465055,0.12436138314719154,-0.018238651809112896,0.345372460496614,5.008372066745987,0.45454545454545453,-35.00443059476192
atr_pct,0.015318442094708295,1,2762,0.814508994396933,0.12432623951783307,-0.018273795438471366,0.33779869659666906,5.202864750731136,0.4696969696969697,-31.45107240526529
flow_eff,0.16731794265833164,1,2461,0.7257446181067532,0.12429028076277078,-0.01830975419353366,0.3437626980902072,4.6345209235936204,0.48484848484848486,-31.594070900982903
atr_rank,0.2833333333333333,1,2823,0.8324977882630492,0.12417542260685671,-0.018424612349447728,0.3390010626992561,5.47730028154932,0.453125,-38.75049466928266
absorb,-0.045457408418821905,1,2996,0.8835151872603951,0.12408767562579211,-0.018512359330512332,0.3477970627503338,5.6328284268920195,0.5151515151515151,-36.713794826728105
kyle,1.1800197259951547e-06,-1,1404,0.4140371571807726,0.12405285581365372,-0.01854717914265072,0.3468660968660969,2.6389425691268156,0.4393939393939394,-24.96241282083082
tbi_ma96,-0.006454758662362795,1,1654,0.48776172220583897,0.12404431287707848,-0.018555722079225956,0.3476420798065296,3.108625659071028,0.4090909090909091,-29.81164616041623
since_hi24,7.0,1,1785,0.5263933942789738,0.12401221683631858,-0.01858781811998586,0.32829131652661064,3.3539667735277074,0.42424242424242425,-25.56660948208686
vol_of_vol,-0.8345363845773683,1,2952,0.8705396638159835,0.12393344726240811,-0.018666587693896328,0.3407859078590786,5.716430254978574,0.4375,-37.50224276443415
to_lo24,1.1816387067754406,1,2373,0.6997935712179298,0.12392612089626168,-0.018673914060042762,0.3438685208596713,4.455707346770136,0.5,-28.259555898245576
since_hi480,381.0,-1,2337,0.6891772338543203,0.12390785557612378,-0.018692179380180654,0.3423192126658109,4.524572788771894,0.421875,-38.75049466928266
to_hi480,4.332179347171553,1,2358,0.6953700973164259,0.1238753170341974,-0.018724717922107045,0.34054283290924514,4.56403121197871,0.453125,-28.972720406728516
rpt_rank,0.8479166666666667,-1,2870,0.8463580064877617,0.12385588240179983,-0.01874415255450461,0.34668989547038326,5.554162226455711,0.46875,-38.75049466928266
tbi_z24,-0.5387817141554839,1,2506,0.7390150398112652,0.12381431281248323,-0.01878572214382121,0.34916201117318435,4.701191938001259,0.45454545454545453,-33.2953308159842
sess_asia,1.0,1,704,0.20760837511058686,0.12373661344561052,-0.018863421510693923,0.3508522727272727,1.3198572100865125,0.5454545454545454,-17.912302618086542
minofday,240.0,-1,704,0.20760837511058686,0.12373661344561052,-0.018863421510693923,0.3508522727272727,1.3198572100865125,0.5454545454545454,-17.912302618086542
hour,4.0,-1,704,0.20760837511058686,0.12373661344561052,-0.018863421510693923,0.3508522727272727,1.3198572100865125,0.5454545454545454,-17.912302618086542
up_wick,0.14210206631985756,-1,1420,0.41875552934237686,0.12367249351534187,-0.018927541440962564,0.34788732394366195,2.6608324362391738,0.4696969696969697,-17.533690729155026
range_rank,0.85,1,2523,0.7440283102329697,0.12357945781884755,-0.01902057713745689,0.3404676971858898,4.871733938702381,0.421875,-32.59801446239209
tbi_ma24,-0.013900966022715766,1,2664,0.7856089649071071,0.1235748058057704,-0.019025229150534034,0.3472222222222222,4.987928525251095,0.4696969696969697,-36.70167618168741
dq_z96,-0.3757262986833552,1,2342,0.6906517251548215,0.12348600554866336,-0.01911402940764108,0.3484201537147737,4.3818821968934785,0.4393939393939394,-32.27425203918602
range_rank,0.7958333333333333,1,2802,0.8263049248009436,0.12348091368875361,-0.01911912126755083,0.341541755888651,5.406148752435743,0.484375,-37.72479715101455
disp6,2.5514622658147275,-1,2652,0.7820701857859038,0.12345593060889129,-0.01914410434741315,0.33974358974358976,4.960683757193631,0.4393939393939394,-31.76790391316251
vol_of_vol,-0.938143342185477,1,3059,0.9020937776467118,0.12342480289211999,-0.01917523206418445,0.34194181104936255,5.899319875734298,0.484375,-38.75049466928266
accel,-0.16302258476152232,-1,1568,0.46240047183721616,0.12341608153504846,-0.019183953421255978,0.33035714285714285,2.932066906772061,0.48484848484848486,-21.86087232562711
persist6,0.7381873274173142,-1,2078,0.6127985844883516,0.1233772056191011,-0.019222829337203345,0.3426371511068335,3.884512625401394,0.5454545454545454,-27.41331205853524
tbi_z96,-0.5167928590641852,1,2509,0.7398997345915659,0.12334696083008535,-0.019253074126219086,0.3471502590673575,4.689053404889153,0.4696969696969697,-33.289085280754826
since_lo96,7.0,1,2424,0.7148333824830434,0.12332275869650496,-0.019277276259799483,0.3481848184818482,4.529308592126182,0.5,-30.535861893327617
updn_ratio,0.5169491525423728,-1,2292,0.6759068121498083,0.12314806116435535,-0.019451973791949087,0.3390052356020942,4.276596305889432,0.45454545454545453,-32.144701385292755
pos96,0.556802143603867,-1,1706,0.5030964317310528,0.12304764135414072,-0.019552393602163723,0.32825322391559203,3.180595093184304,0.4090909090909091,-25.434150156983428
dq_z96,-0.5169205587146055,1,2515,0.7416691241521675,0.12298577160529259,-0.01961426335101185,0.3463220675944334,4.686503266474406,0.48484848484848486,-33.289085280754826
atr_pct,0.01636152040532686,1,2650,0.7814803892657033,0.12284616078576374,-0.019753874170540697,0.33622641509433965,4.932459486095057,0.4696969696969697,-29.388723136062882
dq_cum24,-0.6634954040440044,1,2666,0.7861987614273076,0.12276023307997051,-0.019839801876333926,0.3469617404351088,4.958769415018201,0.4696969696969697,-36.70167618168741
atr_rank,0.33541666666666664,1,2703,0.7971099970510174,0.1227388249013329,-0.019861210054971545,0.3374028856825749,5.183797557942231,0.453125,-37.716384321355434
absorb,-0.0574933143928842,1,3091,0.9115305219699203,0.1225792070415654,-0.02002082791473904,0.3468133290197347,5.740792863113312,0.5151515151515151,-38.75049466928266
rpt_rank,0.2125,1,2107,0.6213506340312592,0.12253682931813599,-0.02006320563816845,0.34361651637399143,4.034142177708009,0.46875,-27.587854265058873
tbi_ma96,-0.01637704916897695,1,3008,0.8870539663815984,0.12245966300767865,-0.020140371948625793,0.34574468085106386,5.581191914046929,0.48484848484848486,-38.75049466928266
to_hi480,3.1981797951549926,1,2467,0.7275140076673547,0.12245847838393181,-0.020141556572372626,0.3384677746250507,4.720391658955622,0.453125,-28.972720406728516
pos480,0.7416095272464814,-1,2313,0.6820996756119139,0.1224051944367852,-0.02019484051951924,0.3376567228707307,4.42380023019194,0.421875,-28.972720406728516
tbi_z8,-0.43211321305180056,1,2293,0.6762017104099086,0.12238207046201181,-0.020217964494292626,0.3497601395551679,4.25184981165747,0.5,-32.27425203918602
since_hi24,5.0,1,1926,0.5679740489531112,0.12223355006433635,-0.020366484891968087,0.3296988577362409,3.566997233695633,0.48484848484848486,-25.139249994669836
to_lo480,25.157803335441344,-1,3208,0.9460336184016515,0.12221172021296339,-0.020388314743341046,0.3432044887780549,6.12586247567479,0.46875,-36.69090716011871
rv_vs_range,0.5619239170749939,-1,1713,0.5051607195517547,0.1219709123949582,-0.020629122561346233,0.34851138353765326,3.1656995898873252,0.5454545454545454,-18.763038157739153
rpt_rank,0.6833333333333333,-1,2488,0.7337068711294603,0.12193290724139659,-0.02066712771490785,0.34686495176848875,4.740141769009292,0.484375,-35.45435855743194
tbi_z24,-0.8661431796226875,1,2830,0.8345620760837511,0.12182912747690668,-0.020770907479397763,0.3452296819787986,5.223885314540089,0.5,-36.36427367190319
to_lo480,14.506304472000437,-1,2430,0.716602772043645,0.12179467238753898,-0.02080536256876546,0.3366255144032922,4.62439146721437,0.4375,-26.90888768480436
since_hi480,468.0,-1,2986,0.8805662046593925,0.1216788372324344,-0.020921197723870036,0.34293369055592765,5.677078249625767,0.4375,-38.75049466928266
since_lo480,205.0,1,1986,0.5856679445591271,0.12167003712721812,-0.02092999782908632,0.34843907351460224,3.7755733396039863,0.4375,-36.71589772999573
kyle_z,0.7080010749832656,1,2126,0.6269537009731643,0.12154701430223117,-0.021053020654073273,0.3405456255879586,3.9152871576749018,0.48484848484848486,-22.150674588116424
to_lo24,2.397632321580078,1,1836,0.5414332055440872,0.12144650567636597,-0.021153529279938466,0.35076252723311546,3.3784209760879995,0.3939393939393939,-26.093695746880616
pos480,0.28423661815861195,1,2202,0.6493659687407844,0.12141419631420956,-0.021185838642094876,0.3460490463215259,4.177407191935772,0.5,-38.75049466928266
since_lo96,86.0,-1,2719,0.8018283692126217,0.12136577005241014,-0.021234264903894295,0.3394630378815741,4.999901951098532,0.42424242424242425,-32.348052612432674
tbi_ma8,-0.016081334728438892,1,2689,0.7929814214096137,0.12124823528033038,-0.02135179967597406,0.34659724804760134,4.939947040436492,0.48484848484848486,-35.683658215333374
dn_wick,0.33438223475752327,-1,2309,0.6809200825715128,0.12124031944227218,-0.021359715514032263,0.3490688609787787,4.241574205942522,0.5,-28.49643063129182
tbi,-0.02240562725754945,1,2586,0.7626069006192864,0.12121601251501281,-0.02138402244129163,0.34416086620262953,4.7494637630882295,0.5151515151515151,-35.339328675214226
vol_per_trade_z,0.1930836504334063,1,2404,0.708935417281038,0.12106128367554386,-0.021538751280760576,0.35066555740432614,4.409565544787991,0.48484848484848486,-28.299327232456626
tbi,-0.036680656525258475,1,3080,0.9082866411088174,0.12105002434127517,-0.021550010615029272,0.3431818181818182,5.6490011359261745,0.4696969696969697,-37.49382609577767
to_lo480,13.553693738980575,-1,2284,0.6735476260690062,0.12097833100944318,-0.021621703946861262,0.334938704028021,4.317414187899503,0.421875,-26.90888768480436
body_frac,-0.6380925268885164,-1,554,0.16337363609554703,0.12097117905145778,-0.02162885590484666,0.34115523465703973,1.0154247453713274,0.3181818181818182,-10.256869893135793
to_hi480,15.055234686849968,-1,2212,0.6523149513417871,0.12095226013359467,-0.02164777482270977,0.33860759493670883,4.180412490867367,0.4375,-38.75049466928266
updn_ratio,0.4895397489539749,-1,1395,0.41138307283987025,0.12092779373769509,-0.021672241218609348,0.33906810035842294,2.555973822183101,0.4393939393939394,-20.235701010961563
gap,0.00033630807515088514,1,636,0.1875552934237688,0.12092297657409419,-0.02167705838221025,0.34276729559748426,1.1652577742594528,0.5303030303030303,-7.788854580132686
disp24,-2.3380440021050584,-1,1124,0.3314656443526983,0.12091338809142978,-0.021686646864874662,0.33451957295373663,2.059191639617684,0.30303030303030304,-18.69889126181806
since_lo24,2.0,1,2378,0.7012680625184311,0.12072274422209622,-0.021877290734208216,0.343986543313709,4.34967705697189,0.45454545454545453,-29.29691158602263
trade_intensity,2.2599556840226707,-1,1591,0.46918313181952226,0.12067877440445328,-0.02192126055185116,0.3431803896920176,2.9090898496588657,0.48484848484848486,-18.83155736838243
close_loc,0.4782608695652139,-1,1491,0.4396933058094957,0.12067082736958046,-0.02192920758672398,0.3346747149564051,2.7260636910309777,0.4393939393939394,-20.24692539145711
dq_cum24,0.05373394895375528,-1,2823,0.8324977882630492,0.12064223556372047,-0.021957799392583965,0.34466879206517886,5.160197439339133,0.42424242424242425,-35.26021064997813
dq,-0.04461765710107503,1,2590,0.7637864936596874,0.12061193107601274,-0.021988103880291696,0.34401544401544404,4.733104567982923,0.5151515151515151,-35.339328675214226
to_hi480,16.8844989110855,1,889,0.26216455322913595,0.1206004077412091,-0.021999627215095338,0.3565804274465692,1.7576026636382764,0.32786885245901637,-28.263307065173848
atr_pct,0.029346308483993437,1,1246,0.3674432320849307,0.12054589215858709,-0.02205414279771735,0.3186195826645265,2.275760327721205,0.4090909090909091,-24.306086486208486
rpt_rank,0.2625,1,1937,0.571217929814214,0.12054126723567624,-0.022058767720628203,0.3412493546721735,3.648256791179764,0.46875,-28.421160598192515
tbi_z96,-0.37599707859027665,1,2335,0.6885874373341198,0.12052000127486694,-0.022080033681437503,0.34817987152034263,4.263851560254762,0.4393939393939394,-32.27425203918602
disp24,4.936519589683862,-1,2811,0.8289590091418461,0.12049210626736338,-0.022107928688941056,0.3400924937744575,5.131868344205431,0.48484848484848486,-33.57496891149024
tbi_z8,0.9226034107385827,1,627,0.18490120908286642,0.1204693087660406,-0.022130726190263836,0.3524720893141946,1.1444584332773855,0.45454545454545453,-11.316437445149548
tbi_ma24,-0.0038015854793306664,1,1208,0.3562370982011206,0.12046822505365613,-0.022131809902648306,0.3468543046357616,2.2049335737093427,0.4090909090909091,-19.736538529582894
hi_pos,0.4225941422594142,-1,1758,0.5184311412562665,0.12045223375195371,-0.022147801204350726,0.33276450511945393,3.2084094990293126,0.4393939393939394,-27.69669819970028
persist96,0.0761811451419124,-1,784,0.23120023591860808,0.12042398450996922,-0.02217605044633522,0.3354591836734694,1.4304909675123614,0.5606060606060606,-15.103225545697333
tbi_ma24,0.0010557677204755572,-1,2822,0.832202890002949,0.12035481525580517,-0.022245219700499266,0.34443656980864634,5.146080131089124,0.4393939393939394,-35.26021064997813
disp96,5.5159421849735075,-1,2443,0.7204364494249484,0.12034828875562496,-0.022251746200679476,0.33606221858370855,4.454710142878663,0.5,-33.58995984900505
range_per_trade,1.3910673907259232e-07,-1,2645,0.780005897965202,0.1202950318982796,-0.02230500305802484,0.3455576559546314,4.820914535923478,0.42424242424242425,-31.500100610671172
avg_trade_usd,3262.3823399591515,1,707,0.20849306989088764,0.12020744485956966,-0.022392590096734777,0.347949080622348,1.2876767199350871,0.42424242424242425,-15.508118025959034
pos96,0.20605821771477498,1,2341,0.6903568268947213,0.12020643864854423,-0.022393596307760208,0.3408799658265698,4.2636859526703335,0.5,-29.51091689663865
tbi_ma96,-0.0026472034842730846,-1,2553,0.7528752580359775,0.12019256666570405,-0.02240746829060039,0.34586760673717193,4.649267010568824,0.4696969696969697,-29.79609231716503
to_lo24,2.1790353177382893,1,1912,0.5638454733117074,0.12018547371159201,-0.02241456124471243,0.34884937238493724,3.4817367535843013,0.4090909090909091,-26.093695746880616
to_lo96,4.762497955878163,-1,1707,0.5033913299911531,0.1201428914515,-0.022457143504804433,0.3327475102519039,3.1073320561774316,0.3939393939393939,-22.306319054940136
rpt_rank,0.4166666666666667,1,1491,0.4396933058094957,0.12010692357886202,-0.02249311137744242,0.3393695506371563,2.798115985251301,0.484375,-23.203130561934824
to_lo24,1.9754660543163862,1,1995,0.5883220289000295,0.12005533706770187,-0.02254469788860257,0.3468671679197995,3.6289454159100787,0.45454545454545453,-29.159724309029652
vol_per_trade_z,0.892955382069454,1,1734,0.5113535830138602,0.11996392241514399,-0.02263611254116045,0.353517877739331,3.1517794161796915,0.48484848484848486,-19.606208268713093
to_lo96,5.208957674047939,-1,1788,0.5272780890592745,0.11994365896773079,-0.022656375988573646,0.3327740492170022,3.2493827611257977,0.4393939393939394,-19.01964566495355
since_lo480,462.0,-1,2805,0.8271896195812445,0.11985216213175688,-0.022747872824547558,0.342602495543672,5.252895543430906,0.484375,-34.330944947188584
range_per_trade,1.6001385510401959e-07,-1,2794,0.8239457387201415,0.11982721402728404,-0.0227728209290204,0.345025053686471,5.072685393821691,0.4393939393939394,-33.54404329984218
to_lo480,5.277782897935647,1,2360,0.6959598938366264,0.11976633530283065,-0.022833699653473788,0.34915254237288135,4.416383614291879,0.484375,-38.75049466928266
flow_eff,0.22848754152139378,1,2407,0.7098201120613389,0.11971879923346501,-0.022881235722839427,0.3415039468217698,4.3661083296204595,0.45454545454545453,-31.594070900982903
since_lo480,363.0,-1,1968,0.5803597758773223,0.1194867959772462,-0.023113238979058245,0.34247967479674796,3.7325399124320713,0.5079365079365079,-30.36277545375541
dq,-0.07309587588316736,1,3080,0.9082866411088174,0.11940766846077505,-0.023192366495529387,0.3425324675324675,5.572357861502834,0.4696969696969697,-37.49382609577767
vol_per_trade_z,0.6895222800797302,1,1935,0.5706281332940135,0.11940200741089187,-0.023198027545412572,0.35348837209302325,3.500649762728421,0.5151515151515151,-24.72647535021818
up_wick,0.09552327941674948,-1,1025,0.30227071660277205,0.11931134165787287,-0.02328869329843157,0.344390243902439,1.852941290898783,0.48484848484848486,-15.269134377354543
pos96,0.41847046454773884,-1,1491,0.4396933058094957,0.11927196962360455,-0.02332806533269989,0.33601609657947684,2.6944622228605213,0.36363636363636365,-22.318001050983028
body_frac,0.5821690140845063,1,817,0.24093187850191683,0.11926700902141199,-0.02333302593489245,0.3635250917992656,1.4763810056135396,0.3787878787878788,-14.67851742097113
pos480,0.9375576860359657,-1,2823,0.8324977882630492,0.11922288978044573,-0.023377145175858705,0.3393552957846263,5.25884715390935,0.46875,-31.641758774259912
to_lo480,20.036671314309014,-1,2970,0.8758478324977883,0.1191974267238354,-0.023402608232469035,0.3400673400673401,5.5315055839029865,0.46875,-30.573103083737028
ats_z96,1.949395050670381,-1,2679,0.7900324388086111,0.11915076227125729,-0.02344927268504715,0.3385591638671146,4.8364377594651256,0.4393939393939394,-31.336714409287477
lo_pos,0.5397489539748954,-1,2017,0.5948097906222354,0.11914798031276946,-0.023452054643534975,0.35002478929102626,3.6412344892553934,0.45454545454545453,-22.995268468969233
extreme_late,0.8117154811715481,-1,1967,0.580064877617222,0.11914190714131538,-0.023458127814989058,0.34011184544992373,3.5507898688934443,0.4696969696969697,-25.693062585343817
efficiency,0.07128855030802053,1,2001,0.5900914184606311,0.11914044260926696,-0.023459592347037483,0.3498250874562719,3.6121216009264114,0.5303030303030303,-24.390281702358667
pos24,0.2948517940717625,1,2151,0.6343261574756709,0.11904493351660593,-0.02355510143969851,0.34402603440260343,3.8797826059730207,0.4696969696969697,-28.259555898245576
lo_pos,0.33472803347280333,-1,1577,0.4650545561781185,0.11902905951425415,-0.023570975442050293,0.35256816740646796,2.8440731341511936,0.4393939393939394,-20.550402937395177
extreme_late,0.7740585774058577,-1,1780,0.5249189029784724,0.11902427545738144,-0.023575759498923002,0.3382022471910112,3.2100486411233167,0.4696969696969697,-24.656412395785512
updn_ratio,0.4936708860759494,-1,1515,0.4467708640519021,0.11897319719571656,-0.023626837760587882,0.33663366336633666,2.730975662901676,0.4393939393939394,-22.339667523019635
since_lo96,39.0,-1,1614,0.47596579180182835,0.11896807363046161,-0.023631961325842832,0.33643122676579923,2.9093101642358343,0.45454545454545453,-16.46037918259361
pos24,0.3403637402399546,1,2055,0.6060159245060455,0.11889628087233446,-0.023703754083969977,0.345985401459854,3.7019978362522328,0.4393939393939394,-28.259555898245576
dq,-0.031666986162527146,1,2276,0.6711884399882041,0.11864719547165052,-0.023952839484653918,0.34402460456942,4.091530558992069,0.45454545454545453,-32.26217739174059
to_lo24,3.4473412952774325,-1,1889,0.5570628133294013,0.11855673539132221,-0.024043299564982232,0.33298041291688724,3.3932374720334497,0.42424242424242425,-30.762012591086933
updn_ratio,0.5127118644067796,-1,2164,0.6381598348569744,0.11850962987699037,-0.024090405079314064,0.338724584103512,3.8856793796031392,0.5151515151515151,-28.033548332245683
vol_per_trade_z,0.3445041382408266,1,2272,0.670008846947803,0.11835718183979528,-0.024242853116509158,0.35079225352112675,4.074356320303258,0.5151515151515151,-29.0875858888362
efficiency,0.07912574366164407,1,1842,0.5432025951046889,0.11834021978303776,-0.024259815173266683,0.3523344191096634,3.302767952126599,0.5151515151515151,-21.30062278250151
since_lo24,20.0,-1,2439,0.7192568563845473,0.11825219845289361,-0.024347836503410825,0.33948339483394835,4.369956242827386,0.5,-32.99900987012414
extreme_late,0.8786610878661087,-1,2327,0.6862282512533177,0.11821071587072485,-0.02438931908557959,0.33949290932531156,4.167823270169343,0.45454545454545453,-29.791205310271824
range_per_trade,5.353823923324493e-08,-1,1509,0.4450014744913005,0.11819639436395363,-0.02440364059235081,0.341948310139165,2.7023993802303945,0.4090909090909091,-24.96241282083082
to_lo480,18.271063602233454,-1,2856,0.842229430846358,0.11808006969756217,-0.02451996525874227,0.3385854341736695,5.269323110253712,0.453125,-28.972720406728516
to_lo480,6.287772436549171,1,2245,0.6620465939250958,0.11800257245255316,-0.024597462503751277,0.35144766146993317,4.1393089868122175,0.4375,-38.75049466928266
efficiency,0.09783922417587963,1,1483,0.4373341197286936,0.11799059223006812,-0.024609442726236316,0.3526635198921106,2.651212852684713,0.5,-18.232243393974294
dq_cum24,-0.22778544313486077,1,1365,0.40253612503686226,0.11797459841846042,-0.02462543653784402,0.3457875457875458,2.439929194563613,0.48484848484848486,-18.245880616558686
since_hi24,14.0,1,1350,0.3981126511353583,0.11795088083620954,-0.0246491541200949,0.33185185185185184,2.412631653467922,0.3939393939393939,-23.492224378555104
pos96,0.15735746337992956,1,2475,0.7298731937481568,0.11793324498178727,-0.02466678997451717,0.3393939393939394,4.422496686817023,0.5,-32.58105505245861
dq_z96,-0.2398042125671835,1,2165,0.6384547331170746,0.11782582355996335,-0.02477421139634109,0.3468822170900693,3.8650440607169787,0.4393939393939394,-30.223058314647147
lo_pos,0.4769874476987448,-1,1880,0.554408728988499,0.11782057595445682,-0.024779459001847623,0.349468085106383,3.356101254460285,0.45454545454545453,-22.995268468969233
rpt_rank,0.5229166666666667,-1,2096,0.6181067531701563,0.117752422702882,-0.02484761225342244,0.3458969465648855,3.856391843519385,0.484375,-32.37151693540069
to_hi480,5.551695670667987,1,2204,0.649955765260985,0.11774718999740669,-0.024852844958897752,0.3398366606170599,4.054918855535693,0.4375,-28.972720406728516
rv_vs_range,0.6725265972754478,1,836,0.24653494544382187,0.11760785936649099,-0.024992175589813453,0.3349282296650718,1.4896995519755525,0.48484848484848486,-10.49580184402221
pos480,0.688889756316185,-1,2183,0.6437629017988794,0.11757868991524995,-0.025021345041054494,0.33577645442052223,4.010535626327979,0.421875,-28.972720406728516
tbi_ma8,-0.014192662465193163,1,2489,0.7340017693895606,0.11755834620746203,-0.02504168874884241,0.34471675371635196,4.433374601672317,0.5,-32.58828851713016
tbi_z24,0.6909863779429375,1,845,0.24918902978472426,0.11753895750505874,-0.025061077451245695,0.357396449704142,1.504854834723858,0.45454545454545453,-16.442305488388634
persist96,0.11976477499283229,-1,1278,0.3768799764081392,0.11753618991025436,-0.02506384504605008,0.3348982785602504,2.2759280409894713,0.5454545454545454,-29.481646154926295
up_wick,0.16531682080013285,-1,1602,0.4724270126806252,0.11740804462571956,-0.025191990330584876,0.3464419475655431,2.849813446824284,0.4696969696969697,-18.10811424669755
to_hi480,2.2305196694429306,1,2586,0.7626069006192864,0.11729536523114932,-0.02530466972515512,0.3368136117556071,4.739465851371127,0.5,-30.623711726389153
kyle,1.4821339300034409e-06,-1,1626,0.47950457092303156,0.11725805076971503,-0.02534198418658941,0.34440344403444034,2.8888119780538886,0.42424242424242425,-25.98696580602333
to_lo96,6.186830540733467,-1,1970,0.5809495723975229,0.11723066995071978,-0.025369365005584663,0.332994923857868,3.4991578758017883,0.5151515151515151,-21.06314045457369
avg_trade_usd,2428.0392892343016,1,1073,0.31642583308758476,0.11722073050420219,-0.02537930445210225,0.34109972041006525,1.9057249065304387,0.4393939393939394,-24.96241282083082
to_lo96,5.683695837282403,-1,1877,0.5535240342081982,0.11718242360468362,-0.025417611351620822,0.3319126265316995,3.332597107666533,0.4696969696969697,-21.06314045457369
dq_cum24,-0.17925013413459776,1,1209,0.35653199646122086,0.11715249336138422,-0.025447541594920214,0.34491315136476425,2.146020673847174,0.4090909090909091,-19.736538529582894
absorb,-0.03610457442884276,1,2845,0.8389855499852551,0.11712940650170821,-0.02547062845459623,0.34516695957820737,5.048987295414544,0.5303030303030303,-35.686552602498956
tbi,-0.015914149671543813,1,2270,0.6694190504276025,0.11711936345597682,-0.025480671500327623,0.3436123348017621,4.028196288561627,0.4393939393939394,-32.26217739174059
rpt_z,-0.5074386375776826,1,1722,0.507814803892657,0.1169903031039303,-0.02560973185237414,0.33739837398373984,3.052383362802546,0.5151515151515151,-17.98757969016218
since_hi480,281.0,1,1486,0.4382188145089944,0.11692062714989626,-0.025679407806408178,0.3452220726783311,2.714750811636654,0.40625,-28.972720406728516
pos96,0.46224445942663733,-1,1561,0.4603361840165143,0.11689806337595737,-0.025701971580347066,0.33183856502242154,2.764816317119234,0.3484848484848485,-24.404633901491554
to_lo24,2.6237179065762715,1,1772,0.5225597168976703,0.11673537736423921,-0.02586465759206523,0.3510158013544018,3.134168010445938,0.42424242424242425,-27.735005288234778
to_lo480,16.74971862368889,-1,2716,0.8009436744323208,0.11673489904711831,-0.025865135909186127,0.33689248895434465,4.953937278312084,0.421875,-28.972720406728516
dq,-0.025906452109306106,1,2080,0.6133883810085521,0.11660112663141613,-0.025998908324888312,0.34471153846153846,3.6747021726264473,0.4696969696969697,-31.247344150171788
pos96,0.8049934054862161,-1,2092,0.6169271601297552,0.11644577939850137,-0.02615425555780307,0.3279158699808795,3.6909783409343158,0.4696969696969697,-28.17880561381108
since_lo24,11.0,-1,1673,0.493364789147744,0.11644327203994494,-0.026156762916359502,0.33472803347280333,2.951660517012544,0.42424242424242425,-23.421845191261518
disp24,-0.2730976911812361,-1,1553,0.45797699793571217,0.11642003836264708,-0.026179996593657356,0.33161622665808116,2.7393987814725898,0.36363636363636365,-25.55420487388696
disp96,-0.866290999093434,-1,1506,0.4441167797109997,0.1163865651213595,-0.026213469834944936,0.3286852589641434,2.65572980413284,0.3181818181818182,-25.53896098192679
to_lo480,15.56262760109223,-1,2600,0.76673547626069,0.11636932217965164,-0.0262307127766528,0.33653846153846156,4.727503713548347,0.40625,-28.972720406728516
disp96,3.5429910355324963,-1,2094,0.6175169566499558,0.11636438404302019,-0.026235650913284253,0.330945558739255,3.6919245482740037,0.48484848484848486,-26.38693085937332
since_hi96,94.0,-1,3150,0.928929519315836,0.11627268635910133,-0.026327348597203107,0.3431746031746032,5.5493782125934725,0.4696969696969697,-37.72716811113741
vol_per_trade_z,0.5107189555194236,1,2114,0.6234149218519611,0.11619697171151394,-0.026403063244790498,0.3519394512771996,3.7218242151233407,0.48484848484848486,-26.783633621684622
range_per_trade,4.5461211564842985e-08,-1,1346,0.3969330580949572,0.11614464809027836,-0.02645538686602608,0.3410104011887073,2.4050876358386866,0.38461538461538464,-26.78833607514986
since_lo480,337.0,-1,1825,0.5381893246829844,0.11598919732929812,-0.02661083762700632,0.34136986301369865,3.360004525809033,0.49206349206349204,-30.36277545375541
tbi_z24,-0.25509212229889494,1,2161,0.6372751400766735,0.11593983343506513,-0.02666020152123931,0.3461360481258677,3.7961512129269055,0.4696969696969697,-31.25101904113088
since_hi96,92.0,-1,3048,0.898849896785609,0.11593249549223872,-0.02666753946406572,0.34416010498687666,5.353973428187024,0.4696969696969697,-37.72716811113741
range_per_trade,1.8566899753738468e-07,-1,2922,0.8616927160129755,0.11581220237338136,-0.026787832582923082,0.34291581108829566,5.12732205053061,0.4393939393939394,-37.61979054935228
pos480,0.43232390898746764,1,1791,0.5281627838395754,0.11577604108501814,-0.026823993871286297,0.34952540480178673,3.239920149738555,0.390625,-38.75049466928266
to_lo24,1.7657444486494243,1,2078,0.6127985844883516,0.11571134056718847,-0.026888694389115966,0.3440808469682387,3.64315402573663,0.4696969696969697,-28.259555898245576
rpt_z,-0.7661033145014268,1,2074,0.6116189914479505,0.11562252649290407,-0.02697750846340037,0.33702989392478305,3.6333503022164098,0.5,-22.14903983603232
tbi_z96,-0.24023633862737753,1,2164,0.6381598348569744,0.115591075383773,-0.027008959572531438,0.34611829944547134,3.789986168643708,0.4393939393939394,-30.223058314647147
lo_pos,0.6861924686192469,-1,2358,0.6953700973164259,0.1155546075094244,-0.027045427446880044,0.3460559796437659,4.128450977382163,0.4696969696969697,-31.227287317662167
body_frac,-0.31527900313527163,-1,1212,0.3574166912415217,0.1155316185711395,-0.02706841638516494,0.3316831683168317,2.1215806319427433,0.3484848484848485,-16.997909093133188
tbi_ma96,-0.01400008780341571,1,2857,0.8425243291064582,0.11549208591324721,-0.02710794904305723,0.34301715085754286,4.9994074159719295,0.45454545454545453,-37.723586780268434
persist24,0.4377398865338477,-1,2203,0.6496608670008847,0.1154605945670498,-0.027139440389254643,0.34089877439854743,3.8539346944122825,0.48484848484848486,-35.61633790361318
atr_pct,0.0322115910198762,1,1035,0.3052196992037747,0.11542782087756043,-0.02717221407874401,0.3140096618357488,1.8101181001253792,0.3939393939393939,-25.374571341191093
kyle,1.822360981298856e-06,-1,1876,0.5532291359480979,0.11527297774503675,-0.027327057211267686,0.34541577825159914,3.2765470643892263,0.4090909090909091,-28.03434019865131
pos96,0.892556063522853,-1,2404,0.708935417281038,0.11525957279591362,-0.02734046216039082,0.33153078202995007,4.198242621232976,0.5,-27.69285934236955
range_per_trade,9.362272017390254e-08,-1,2190,0.6458271896195813,0.11524720680021719,-0.02735282815608725,0.34200913242009134,3.8241118620072068,0.42424242424242425,-29.04449405400469
since_lo96,77.0,-1,2423,0.7145384842229431,0.11522379736205636,-0.02737623759424808,0.33594717292612464,4.230110015276705,0.42424242424242425,-27.133046959478804
to_lo24,1.5668408012513984,1,2169,0.6396343261574756,0.11522362956520796,-0.02737640539109648,0.343015214384509,3.786667462529334,0.5,-28.259555898245576
tbi_ma24,-0.004817950284339468,1,1361,0.4013565319964612,0.11520722515127153,-0.027392809805032906,0.3453343130051433,2.3757126277406146,0.4696969696969697,-18.245880616558686
dn_wick,0.2732889887376465,-1,2039,0.6012975523444412,0.11515110861407803,-0.027448926342226412,0.34771947032859246,3.5574713706682592,0.5303030303030303,-24.752537552502826
dq_cum24,-0.3157505517034351,1,1710,0.5042760247714538,0.11514805885741845,-0.027451976098885986,0.34444444444444444,2.9833815249422058,0.4696969696969697,-30.024786141246516
tbi,-0.030576353865664232,1,2917,0.8602182247124742,0.115135705600216,-0.027464329356088432,0.34110387384298935,5.088649291451971,0.48484848484848486,-36.36427367190319
pos24,0.8400941896371841,-1,2279,0.6720731347685048,0.11489267134146314,-0.0277073636148413,0.3299692847740237,3.9672787573817336,0.5303030303030303,-30.644738861045035
persist96,0.10797671797022496,-1,1158,0.34149218519610736,0.11487958451712925,-0.02772045043917519,0.33506044905008636,2.015614528345995,0.5303030303030303,-25.365436081459535
updn_ratio,0.5043859649122807,-1,1904,0.5614862872309053,0.11486867904951704,-0.027731355906787394,0.33560924369747897,3.313787347125462,0.48484848484848486,-26.778020209089362
since_hi24,12.0,1,1487,0.4385137127690947,0.11484819329533913,-0.02775184166096531,0.3301950235373235,2.5875645974268084,0.4393939393939394,-23.492224378555104
pos24,0.24937570139822363,1,2265,0.6679445591271012,0.11481025516453447,-0.02778977979176997,0.34172185430463575,3.940079211328343,0.5,-30.304749057376572
atr_pct,0.012878752255432011,1,3034,0.8947213211442052,0.11469668132709297,-0.027903353629211466,0.33684904416611733,5.272571684036365,0.4696969696969697,-37.7092661518519
disp96,6.594173799159288,-1,2630,0.775582424063698,0.11459176018417298,-0.028008274772131456,0.3361216730038023,4.5663080194602275,0.48484848484848486,-36.68367595286163
dq,-0.060997525197952,1,2916,0.8599233264523739,0.11454695887695791,-0.028053076079346526,0.34087791495198905,5.060892910381959,0.48484848484848486,-36.36427367190319
tbi_ma24,-0.006648609774871054,1,1707,0.5033913299911531,0.11453406792884072,-0.028065967027463723,0.3444639718804921,2.962267484159562,0.4696969696969697,-30.024786141246516
range_per_trade,8.20067766840945e-08,-1,2024,0.5968740784429372,0.11449679984232529,-0.02810323511397915,0.3409090909090909,3.511235195164642,0.42424242424242425,-28.030719410927052
rpt_rank,0.63125,-1,2362,0.6965496903568269,0.11429751633763582,-0.028302518618668615,0.34504657070279426,4.218292712335873,0.4375,-33.39474993345582
rpt_rank,0.575,-1,2231,0.6579180182836921,0.11426558225626965,-0.02833445270003479,0.34558493948901836,3.9832267814646496,0.46875,-33.39474993345582
up_wick,0.36732623448234064,1,737,0.2173400176938956,0.11426174221861199,-0.02833829273769245,0.33649932157394846,1.2759227881078339,0.5454545454545454,-13.335177028637306
up_wick,0.19069325130413853,-1,1780,0.5249189029784724,0.1140927752489433,-0.028507259707361135,0.3432584269662921,3.077047574895744,0.4696969696969697,-19.130024845278573
pos96,0.7589912280701754,-1,1995,0.5883220289000295,0.11406400161285911,-0.02853603334344533,0.3268170426065163,3.447843685115969,0.45454545454545453,-29.06347611923837
close_loc,0.4300422094916155,-1,1328,0.3916248894131525,0.11401478289670348,-0.028585252059600955,0.33207831325301207,2.294115631618519,0.45454545454545453,-21.91432590495791
since_lo480,108.0,1,2511,0.7404895311117664,0.11388217044452298,-0.02871786451178146,0.34886499402628435,4.468095781034331,0.46875,-38.75049466928266
lo_pos,0.15481171548117154,-1,1132,0.3338248304335004,0.11377105833039358,-0.028828976625910857,0.35600706713780916,1.9513460307576596,0.45454545454545453,-15.953437947953933
vol_of_vol,0.7973381730942969,1,891,0.2627543497493365,0.11374656743682979,-0.02885346751947465,0.2996632996632997,1.6087014537494495,0.3968253968253968,-22.52533535774968
persist6,0.6770919541425326,-1,1769,0.5216750221173695,0.11371542210145344,-0.028884612854851,0.3380440927077445,3.047917904507138,0.5454545454545454,-25.166520106149772
tbi_z24,-0.3925286961448375,1,2337,0.6891772338543203,0.1136914989045663,-0.02890853605173814,0.3465982028241335,4.025712620302597,0.45454545454545453,-33.2953308159842
tbi_ma96,-0.009834735997478517,1,2367,0.6980241816573283,0.11365620038053553,-0.028943834575768906,0.3443177017321504,4.076124640920115,0.4696969696969697,-35.17109808798752
to_hi96,1.5306826582395523,1,2161,0.6372751400766735,0.11352207429648382,-0.029077960659820615,0.32762609902822765,3.716987917495478,0.48484848484848486,-31.136081383615917
persist6,0.6213916003858819,-1,1547,0.4562076083751106,0.1134161227388147,-0.02918391221748974,0.3387201034259858,2.658405179953732,0.5303030303030303,-20.016565738893043
since_hi480,35.0,1,2556,0.7537599528162784,0.11336714390624554,-0.0292328910500589,0.34076682316118934,4.52760030975568,0.5,-28.972720406728516
since_lo480,140.0,1,2332,0.6877027425538189,0.11336069083542039,-0.029239344120884053,0.34734133790737565,4.13058017231563,0.46875,-38.75049466928266
pos96,0.5080731969860067,-1,1635,0.4821586552639339,0.11332045558187197,-0.02927957937443247,0.32782874617737,2.807256740550919,0.36363636363636365,-25.434150156983428
to_lo96,7.2314404811049275,-1,2228,0.6570333235033913,0.11328954716106156,-0.02931048779524288,0.3343806104129264,3.824380470830988,0.5,-24.163264752276213
persist6,0.5215433577037136,-1,1214,0.3580064877617222,0.11324160764505868,-0.029358427311245758,0.33772652388797364,2.082959267895473,0.5303030303030303,-16.916695753805318
to_lo24,5.108208310759423,-1,2555,0.7534650545561781,0.1132400360572367,-0.029359998899067735,0.33581213307240704,4.383762001912724,0.42424242424242425,-32.94814731368471
to_lo96,7.815905937803766,-1,2374,0.70008846947803,0.1132321756314171,-0.029367859324887335,0.33361415332771693,4.072927044681578,0.4696969696969697,-26.40172594579565
since_hi480,477.0,-1,3161,0.932173400176939,0.11307596058565958,-0.02952407437064486,0.34134767478646,5.5848923658010925,0.4375,-38.75049466928266
since_hi96,59.0,1,1207,0.35594219994102033,0.11294969609558146,-0.029650338860722977,0.34217067108533555,2.06561035132374,0.3787878787878788,-22.83080390031018
persist96,0.09735806312629122,-1,1023,0.3016809200825715,0.11294573235027953,-0.029654302606024904,0.3333333333333333,1.7506588514293326,0.5454545454545454,-24.33669641221384
tbi,-0.013039050168420597,1,2073,0.6113240931878502,0.11287916667687674,-0.0297208682794277,0.34346357935359384,3.545432007896446,0.48484848484848486,-31.247344150171788
atr_rank,0.39166666666666666,1,2556,0.7537599528162784,0.11277662101262816,-0.029823413943676283,0.3337245696400626,4.504016301691836,0.40625,-36.69802532962225
range_per_trade,3.86989495346301e-08,-1,1184,0.34915953995871424,0.11270139399521784,-0.029898640961086603,0.33783783783783783,2.08497578891153,0.390625,-22.74626864032388
to_lo24,4.574910532522263,-1,2318,0.6835741669124152,0.11267128676619405,-0.02992874819011039,0.3330457290767903,3.9571521624854213,0.42424242424242425,-34.52541526990719
to_hi96,2.8303130027050414,1,1838,0.5420230020642878,0.11261955135526062,-0.029980483601043814,0.3253536452665941,3.136283869560137,0.3787878787878788,-27.537271260677418
persist6,0.4304541311160921,-1,947,0.27926865231495135,0.1126124316759355,-0.029987603280368938,0.33368532206969376,1.615817769653196,0.5303030303030303,-14.879187684130976
vol_of_vol,1.277146787885469,1,683,0.20141551164848126,0.11253106793532089,-0.03006896702098355,0.29282576866764276,1.219979673013082,0.31746031746031744,-25.26114961232495
pos96,0.8486378399822634,-1,2218,0.6540843409023887,0.11244150209228447,-0.03015853286401997,0.32822362488728585,3.778715933949803,0.48484848484848486,-28.519359184116805
rv_vs_range,0.5368295553172502,-1,1474,0.4346800353877912,0.11229296052341263,-0.03030707443289181,0.3466757123473541,2.507876118356216,0.5151515151515151,-16.69706926538036
tbi_ma24,-0.007652366274126035,1,1862,0.5491005603066942,0.11225127340933429,-0.03034876154697015,0.3447905477980666,3.166846531639098,0.5,-31.456373488315094
dq_cum24,-0.3638768852045422,1,1859,0.5482158655263933,0.1122423504148552,-0.030357684541449242,0.34480903711672944,3.1614928700184217,0.48484848484848486,-31.456373488315094
vol_of_vol,-0.7545211272843795,1,2852,0.841049837805957,0.11210955247048737,-0.030490482485817066,0.33555399719495094,5.075181645171903,0.4444444444444444,-37.08720063395697
since_lo96,82.0,-1,2553,0.7528752580359775,0.11203345868413608,-0.030566576272168355,0.33607520564042304,4.33365787909999,0.42424242424242425,-27.133046959478804
pos480,0.32900630225757577,1,2051,0.6048363314656443,0.11191360247710014,-0.0306864324792043,0.3442223305704534,3.5864812293833195,0.421875,-38.75049466928266
persist24,0.16279878429679864,-1,670,0.19758183426717782,0.1118480393954722,-0.030751995560832232,0.3238805970149254,1.1354270665903994,0.5303030303030303,-12.28290927651037
pos96,0.7094708702625248,-1,1910,0.5632556767915069,0.11182157433522827,-0.03077846062107617,0.3261780104712042,3.236048590610394,0.45454545454545453,-26.47891030443547
flow_eff,0.2959882589023797,1,2349,0.6927160129755234,0.11180901906244707,-0.030791015893857368,0.3384418901660281,3.9793846329952762,0.4393939393939394,-30.566021804387606
to_hi96,2.3837300085857636,1,1921,0.5664995576526098,0.11178703543160039,-0.03081299952470405,0.3248308172826653,3.253680228244005,0.42424242424242425,-28.58945656175731
avg_trade_usd,2137.7312583322123,1,1225,0.3612503686228251,0.11174411710892165,-0.030855917847382786,0.33714285714285713,2.0740385372489247,0.42424242424242425,-24.96241282083082
pos96,0.6582522911075014,-1,1833,0.5405485107637865,0.11173920331025682,-0.030860831646047623,0.3251500272776868,3.103302419207587,0.4090909090909091,-26.47891030443547
ats_rank480,0.9708333333333333,-1,2666,0.7861987614273076,0.11164420789051761,-0.030955827065786826,0.33645911477869467,4.650679034939374,0.46875,-33.608266517655004
tbi_ma96,-0.008843789479787334,1,2220,0.6546741374225892,0.11144371889966234,-0.031156316056642097,0.3441441441441441,3.748561453897733,0.48484848484848486,-34.14654510279501
rv_vs_range,0.6953272486656539,1,711,0.2096726629312887,0.11136929496017711,-0.031230739996127327,0.33473980309423346,1.1997510411619081,0.4393939393939394,-9.397426988687386
dq,-0.05206340829645829,1,2772,0.8174579769979358,0.11127098234208031,-0.031329052614224126,0.3409090909090909,4.673381258367374,0.5,-36.36427367190319
dq_cum24,-0.4683989330022474,1,2167,0.6390445296372751,0.11122159272108936,-0.031378442235215076,0.34425473004153206,3.651775627675767,0.48484848484848486,-32.49760200574586
dn_wick,0.08513006907761052,-1,836,0.24653494544382187,0.11120931618780308,-0.03139071876850136,0.35645933014354064,1.4086513383788393,0.45454545454545453,-18.458710922285096
dq_z96,0.5235408617363934,1,1059,0.3122972574461811,0.11112133310415344,-0.031478701852151,0.352219074598678,1.7829922993530078,0.42424242424242425,-18.938456119713628
persist96,0.08647624595076657,-1,894,0.26363904452963727,0.11111067961782603,-0.03148935533847841,0.3333333333333333,1.5050446602778254,0.5757575757575758,-18.1829694709611
to_lo96,2.136092455769393,1,2258,0.6658802713063993,0.11099451919971609,-0.03160551575658835,0.33968113374667847,3.797357944741802,0.45454545454545453,-29.51091689663865
pos96,0.6071501611459682,-1,1776,0.5237393099380714,0.11076591216089672,-0.03183412279540772,0.32432432432432434,2.980609999965947,0.3939393939393939,-26.47891030443547
absorb_z,-0.007266660295054745,1,2208,0.651135358301386,0.1107100656596074,-0.03188996929669703,0.3428442028985507,3.7037549238850485,0.5303030303030303,-32.52522566254955
efficiency,0.11002693136669259,1,1259,0.37127690946623415,0.11067297215588794,-0.0319270628004165,0.3534551231135822,2.111170787034286,0.5151515151515151,-16.342966923918244
tbi_ma24,-0.009830359625567444,1,2166,0.6387496313771749,0.1106693493653118,-0.031930685590992644,0.3444136657433056,3.631966829170687,0.48484848484848486,-32.49760200574586
tbi,-0.026111823842494275,1,2771,0.8171630787378354,0.11062672580666046,-0.03197330914964398,0.34067123782028147,4.644646321367516,0.5,-36.36427367190319
to_lo480,7.229043392410703,1,2116,0.6240047183721616,0.1105533388748723,-0.03204669608143214,0.3511342155009452,3.6551697665504648,0.40625,-38.75049466928266
to_lo96,9.235004501180814,-1,2761,0.8142140961368328,0.11045280141039275,-0.03214723354591169,0.33538572980804054,4.62060885900143,0.5151515151515151,-35.65215588219242
dq_cum24,-0.271166124351367,1,1544,0.4553229135948098,0.11028820594131553,-0.03231182901498891,0.3439119170984456,2.580075605657442,0.5151515151515151,-26.92203752872124
range_per_trade,3.3247796050780574e-08,-1,1028,0.30315541138307284,0.11021687332929223,-0.032383161627012214,0.33852140077821014,1.7703585278517564,0.421875,-20.697694176448433
tbi_ma24,-0.005719295242420057,1,1545,0.45561781185491007,0.11019703645847226,-0.03240299849783218,0.34368932038834954,2.579612444368783,0.5151515151515151,-26.92203752872124
to_lo24,4.153809089862272,-1,2136,0.6299026835741669,0.11019114191266542,-0.03240889304363902,0.3309925093632959,3.5661860473553544,0.4090909090909091,-30.338532643540535
since_lo24,19.0,-1,2327,0.6862282512533177,0.11018145645214357,-0.03241857850416087,0.3369144821658788,3.8847310479414863,0.4696969696969697,-32.99900987012414
to_hi480,9.459790958033281,-1,1569,0.4626953700973164,0.10991525303207579,-0.03268478192422865,0.3352453792224347,2.694641125114483,0.359375,-37.723586780268434
to_lo480,8.99336791954173,1,1837,0.5417281038041876,0.10988186878181418,-0.03271816617449026,0.356559608056614,3.2040157611459144,0.4603174603174603,-38.75049466928266
since_hi24,8.0,1,1724,0.5084046004128575,0.10969235815294719,-0.03290767680335725,0.3259860788863109,2.8652973553891052,0.4090909090909091,-23.492224378555104
to_lo96,2.5938543654278363,1,2129,0.627838395753465,0.10963771953116912,-0.03296231542513532,0.3419445749178018,3.5366470436645314,0.45454545454545453,-31.33684015095769
to_hi480,12.06734949516617,-1,1866,0.5502801533470952,0.10960258511157071,-0.032997449844733726,0.3333333333333333,3.195600372159234,0.390625,-38.75049466928266
since_hi480,5.0,1,2781,0.8201120613388381,0.1095584753178284,-0.033041559638476034,0.3369291621718806,4.760658122795013,0.453125,-29.783751317109058
to_lo480,8.104275587102915,1,1980,0.5838985549985255,0.10936360635238307,-0.03323642860392137,0.353030303030303,3.383436571526851,0.46875,-38.75049466928266
extreme_late,0.7364016736401674,-1,1614,0.47596579180182835,0.10923906258440326,-0.03336097237190118,0.3339529120198265,2.6713916213822246,0.5,-24.656412395785512
ats_z96,1.1972746371871619,-1,1891,0.5576526098496019,0.10921534093582326,-0.03338469402048118,0.32416710735060816,3.129184995600633,0.42424242424242425,-25.122796846238565
vol_of_vol,-0.6068013855201452,1,2608,0.7690946623414922,0.10920267983999188,-0.03339735511631256,0.3320552147239264,4.520644270201569,0.4603174603174603,-34.933421592072726
m1_jump,0.2013570322840399,-1,579,0.17074609259805368,0.10919858126493767,-0.03340145369136677,0.3177892918825561,0.9579693720060442,0.4696969696969697,-13.907231839910734
vol_of_vol,-0.682570745863482,1,2744,0.8092008257151283,0.1091669607124562,-0.03343307424384824,0.3334548104956268,4.754827622142537,0.4603174603174603,-38.01023857043862
since_lo24,13.0,-1,1810,0.5337658507814804,0.10911629892917549,-0.03348373602712895,0.3320441988950276,2.9924318342698117,0.42424242424242425,-24.44853430218599
persist24,0.18434446037257882,-1,785,0.23149513417870834,0.1090923685498875,-0.03350766640641693,0.3235668789808917,1.297538019873662,0.5303030303030303,-9.996191626724817
extreme_late,0.9581589958158996,1,540,0.15924506045414333,0.10898064420396184,-0.033619390752342604,0.34629629629629627,0.8916598162142332,0.5303030303030303,-9.025063625056088
to_lo96,1.6271763349378408,1,2417,0.7127690946623415,0.10895591913595157,-0.03364411582035287,0.33843607778237483,3.9900978265393166,0.48484848484848486,-29.51091689663865
since_lo96,59.0,-1,2032,0.5992332645237393,0.10888364623243733,-0.033716388723867105,0.3312007874015748,3.352296502186556,0.5,-27.133046959478804
to_lo24,3.7804243405257294,-1,2008,0.592155706281333,0.10875268738772985,-0.03384734756857459,0.3301792828685259,3.308718125372144,0.4393939393939394,-36.02127068206811
vol_of_vol,0.29447156418738696,1,1250,0.3686228251253318,0.10859588319231811,-0.03400415176398633,0.312,2.154680222069804,0.38095238095238093,-23.62698185482371
pos480,0.24188056358079701,1,2323,0.6850486582129165,0.10851900138874802,-0.034081033567556415,0.340938441670254,3.9389006285322132,0.5,-38.75049466928266
vol_per_trade_z,1.8619752286654168,1,699,0.20613388381008552,0.1084847825168454,-0.03411525243945904,0.3490701001430615,1.1489524693829534,0.5,-11.446307345276933
pos480,0.37888780796829125,1,1919,0.5659097611324093,0.108301863981851,-0.03429817097445344,0.34549244398124024,3.2473637028308135,0.40625,-38.75049466928266
since_hi480,179.0,-1,1334,0.39339427897375406,0.10825767496350545,-0.034342359992798985,0.3395802098950525,2.256495912520567,0.3125,-38.75049466928266
lo_pos,0.401673640167364,-1,1714,0.5054556178118549,0.10818224518610083,-0.03441778977020361,0.3483080513418903,2.809460124984497,0.42424242424242425,-23.623891669617485
to_hi480,13.45950933596258,-1,2016,0.5945148923621351,0.10814205060071455,-0.03445798435558989,0.33382936507936506,3.4064745939225087,0.390625,-38.75049466928266
since_hi24,15.0,1,1285,0.37894426422884103,0.10809528207778686,-0.03450475287851758,0.3291828793774319,2.104582385908426,0.4090909090909091,-21.422035741124564
since_lo24,15.0,-1,1950,0.5750516071955175,0.1080658222916709,-0.03453421266463354,0.3323076923076923,3.192853840435731,0.4696969696969697,-28.615202684577657
updn_ratio,0.4978165938864629,-1,1626,0.47950457092303156,0.10806062556069716,-0.034539409395607276,0.3333333333333333,2.6622208660862667,0.3939393939393939,-23.393367966565545
disp24,-0.6379455427592939,-1,1478,0.43585962842819226,0.10803692890477941,-0.03456310605152503,0.32882273342354534,2.4193724382009694,0.3333333333333333,-24.530522219648248
disp96,7.838890520809438,-1,2860,0.8434090238867591,0.10790122648409374,-0.0346988084722107,0.33531468531468533,4.675719814310729,0.4393939393939394,-38.75049466928266
updn_ratio,0.475,-1,975,0.28752580359775876,0.10789721276782135,-0.034702822188483085,0.3384615384615385,1.5939360977064527,0.3939393939393939,-16.64944078608084
since_hi96,52.0,1,1352,0.39870244765555884,0.10782711454675836,-0.034772920409546076,0.3380177514792899,2.208822104048748,0.3787878787878788,-21.442168791650975
up_wick,0.4064900618276803,1,614,0.18106753170156295,0.10773575148922987,-0.03486428346707457,0.3338762214983713,1.0022689608240476,0.5303030303030303,-12.310683436710876
atr_rank,0.68125,1,1785,0.5263933942789738,0.10765576716144304,-0.0349442677948614,0.32212885154061627,3.050246736240885,0.4126984126984127,-25.432352839027715
pos480,0.09147659678322358,1,2804,0.8268947213211442,0.10758598774286589,-0.03501404721343855,0.3377318116975749,4.713611087984312,0.484375,-38.75049466928266
disp24,3.9232222006988247,-1,2520,0.7431436154526688,0.10737020976894049,-0.03522982518736395,0.3333333333333333,4.099589827541364,0.45454545454545453,-31.90274395807433
kyle,1.643059886003603e-06,-1,1738,0.5125331760542613,0.10732007701298636,-0.03527995794331808,0.34177215189873417,2.826095361341974,0.4090909090909091,-27.00804458282152
dn_wick,0.3033494895949621,-1,2159,0.636685343556473,0.10731241157453623,-0.035287623381768204,0.3446039833256137,3.510416614991268,0.5151515151515151,-25.769539751090015
to_lo96,8.458996996651042,-1,2544,0.7502211736950752,0.10728275659065044,-0.035317278365654,0.3333333333333333,4.135262617675981,0.4696969696969697,-32.57045476282027
tbi_z96,0.5232969931176937,1,1054,0.3108227661456797,0.10723560850298378,-0.03536442645332066,0.3519924098671727,1.7125201721537109,0.4090909090909091,-18.938456119713628
to_hi96,4.829901018465763,1,1514,0.4464759657918018,0.10702407947562424,-0.035575955480680196,0.3289299867899604,2.4550675200923497,0.3181818181818182,-22.31543317903238
updn_ratio,0.5,-1,1764,0.5202005308168682,0.10701585433314915,-0.035584180623155284,0.3321995464852608,2.860241924904168,0.42424242424242425,-25.462484975496384
to_hi96,5.899864038811859,1,1292,0.3810085520495429,0.10671497972407029,-0.03588505523223415,0.33359133126934987,2.089026572780285,0.30303030303030304,-21.700508877091707
since_lo24,18.0,-1,2217,0.6537894426422884,0.10664104072667704,-0.035958994229627395,0.33468651330626975,3.5821695044097432,0.48484848484848486,-33.82694114926634
disp96,2.54810756638535,-1,1953,0.5759363019758184,0.1066361102859685,-0.035963924670335934,0.3266769073220686,3.15545944528025,0.45454545454545453,-31.708830525295898
ats_z96,1.4935688472638855,-1,2224,0.6558537304629902,0.10651834068668355,-0.03608169426962089,0.32868705035971224,3.5893452982906706,0.42424242424242425,-29.219592761729583
vol_of_vol,-0.011053357092599577,1,1563,0.46092598053671485,0.10649020381919282,-0.03610983113711162,0.31861804222648754,2.641971247133307,0.42857142857142855,-23.553095469781578
pos480,0.20579632895128566,1,2437,0.7186670598643468,0.10631219233157185,-0.036287842624732586,0.338120640131309,4.0481689486256345,0.4375,-38.75049466928266
pos480,0.17292150617469862,1,2540,0.7490415806546742,0.10618624744882851,-0.036413787507475925,0.33700787401574805,4.214266695625382,0.46875,-38.75049466928266
tbi_z8,0.14502198087066134,1,1559,0.45974638749631375,0.10615068698993185,-0.036449347966372586,0.345734445157152,2.5074078942015716,0.42424242424242425,-25.10182089482427
m1_jump,0.26942781743958216,-1,1422,0.4193453258625774,0.1060896324578567,-0.03651040249844774,0.3340365682137834,2.285749353864731,0.42424242424242425,-19.02827569379875
to_hi96,6.45866712024482,1,1196,0.35269831907991744,0.10589338267496261,-0.03670665228134183,0.3377926421404682,1.918916449685686,0.2878787878787879,-20.50620891651765
disp96,1.6257867623889026,-1,1849,0.5452668829253907,0.10563888153875381,-0.03696115341755063,0.32504056246619795,2.9594892721993302,0.4090909090909091,-29.609371372698824
disp24,0.08058131722053792,-1,1628,0.4800943674432321,0.10549926848146686,-0.03710076647483758,0.32800982800982803,2.6023152892095163,0.3787878787878788,-26.603039505004176
to_lo480,9.88153842620067,1,1683,0.4963137717487467,0.1053824269607907,-0.03721760799551374,0.35650623885918004,2.8152162630954076,0.47619047619047616,-37.72862806829692
persist24,0.20721976807623885,-1,900,0.26540843409023884,0.10527323578698752,-0.037326799169316915,0.3244444444444444,1.4355441243680116,0.5606060606060606,-14.104352181584641
vol_of_vol,0.12797187903127671,1,1413,0.416691241521675,0.10522512492716737,-0.037374910029137065,0.31634819532908703,2.3600492305093255,0.38095238095238093,-21.520816644939323
rv_vs_range,0.719529211985961,1,604,0.1781185491005603,0.10513220165535295,-0.03746783330095149,0.33112582781456956,0.9621189363611089,0.4090909090909091,-9.19982429241561
persist96,0.234581446106029,-1,2459,0.7251548215865526,0.10511485294705135,-0.03748518200925309,0.33753558357055713,3.9163245969212013,0.5151515151515151,-38.75049466928266
to_hi96,7.031530716900206,1,1051,0.30993807136537893,0.10506926721469723,-0.03753076774160721,0.3425309229305423,1.6731484824643443,0.2878787878787879,-20.421792552913534
atr_rank,0.6208333333333333,1,1981,0.5841934532586258,0.1047430336030781,-0.03785700135322634,0.3250883392226148,3.2935865010745666,0.3968253968253968,-25.02264599007772
to_lo96,6.698899870770856,-1,2099,0.6189914479504571,0.10471294076125776,-0.03788709419504668,0.3301572177227251,3.3301888281496974,0.4696969696969697,-22.093253471465445
lo_pos,0.6108786610878661,-1,2176,0.6416986139781775,0.10466079041066265,-0.03793924454564179,0.34375,3.450634544448514,0.45454545454545453,-28.13038390908572
tbi_z24,-0.12335761265321835,1,1981,0.5841934532586258,0.10460533763491472,-0.037994697321389714,0.3432609793033821,3.1397450584055466,0.45454545454545453,-31.25101904113088
to_lo480,4.110734364759986,1,2515,0.7416691241521675,0.1045956733935297,-0.038004361562774744,0.3411530815109344,4.1102831028863624,0.484375,-38.75049466928266
since_hi24,10.0,1,1608,0.4741964022412268,0.10459146107140149,-0.038008573884902946,0.32649253731343286,2.548228324285055,0.42424242424242425,-23.492224378555104
dq,0.03144952226622922,1,534,0.15747567089354172,0.10438331207646433,-0.03821672287984011,0.36142322097378277,0.8445558886186657,0.3484848484848485,-12.346429717486297
extreme_late,0.8451882845188284,-1,2149,0.6337363609554704,0.10427722210458172,-0.03832281285172272,0.33503955328059565,3.3953295500416085,0.4393939393939394,-26.720304809572966
tbi_z24,0.5397216897909024,1,1046,0.3084635800648776,0.10427139131974188,-0.03832864363656256,0.34703632887189295,1.6525435654613632,0.4393939393939394,-17.504441090072337
persist24,0.23094232692746722,-1,1018,0.3002064287820702,0.10420984124234826,-0.038390193713956175,0.3241650294695481,1.6073578543137956,0.5303030303030303,-16.151326673373966
disp24,3.207838273789324,-1,2314,0.6823945738720142,0.10419877976729416,-0.038401255189010275,0.3297320656871219,3.6532723694169493,0.4696969696969697,-32.42560925410375
rpt_rank,0.3645833333333333,1,1633,0.4815688587437334,0.10418252021898315,-0.03841751473732129,0.3355786895284752,2.658282117462492,0.453125,-27.378876808834818
disp24,2.0754411876405614,-1,2026,0.5974638749631377,0.10400371705591464,-0.038596317900389795,0.3252714708785785,3.192598950837623,0.4393939393939394,-26.99677817270554
persist96,0.13300236826532405,-1,1410,0.41580654674137424,0.1039624447497712,-0.038637590206533234,0.3326241134751773,2.2210158651087486,0.5909090909090909,-31.53735288034672
since_hi96,4.0,1,2315,0.6826894721321144,0.10385971699462845,-0.038740317961675985,0.3287257019438445,3.642958255190376,0.5,-26.46494880774735
tbi_ma96,-0.007953161537149518,1,2042,0.602182247124742,0.10367711159202199,-0.03892292336428245,0.341332027424094,3.2077069980440744,0.42424242424242425,-34.14654510279501
dq_cum24,-0.5899741873224915,1,2489,0.7340017693895606,0.10363248156523613,-0.038967553391068305,0.3411008437123343,3.9082007063011,0.42424242424242425,-38.643073109902254
atr_rank,0.7375,1,1621,0.47803007962253025,0.10351548915535824,-0.0390845458009462,0.31893892658852563,2.663469966997392,0.3968253968253968,-27.39157625022274
tbi_z24,0.8635393331242377,1,666,0.19640224122677677,0.10331716028037242,-0.039282874675932014,0.35435435435435436,1.0425640719201217,0.42424242424242425,-11.30688811442424
tbi_ma24,-0.008718666969190166,1,2023,0.596579180182837,0.10322941213288127,-0.03937062282342317,0.34157192288680177,3.164137890073013,0.4696969696969697,-32.49760200574586
dq_cum24,-0.5266450998603455,1,2332,0.6877027425538189,0.10321370527369121,-0.03938632968261323,0.3409090909090909,3.646884253003756,0.4393939393939394,-34.552522816365396
disp24,-1.8640413106866784,-1,1239,0.36537894426422884,0.10319978181218316,-0.03940025314412128,0.3284907183212268,1.937341358565075,0.2878787878787879,-23.778300750175195
tbi_ma96,-0.012269636509327555,1,2683,0.7912120318490121,0.10316947768183742,-0.039430557274467024,0.3387998509131569,4.193995585157118,0.4393939393939394,-36.700260222123184
dq_cum24,-0.41526682970386936,1,2026,0.5974638749631377,0.1030378146051622,-0.039562220351142235,0.3415597235932873,3.162948672576645,0.4696969696969697,-32.49760200574586
tbi_z8,0.5908655765995333,1,984,0.2901798879386612,0.10297460799173073,-0.039625426964573704,0.3465447154471545,1.5352577918767125,0.4696969696969697,-14.405345199596514
since_hi480,17.0,1,2658,0.7838395753465055,0.10292780367080112,-0.03967223128550332,0.33559066967644846,4.274720346202959,0.46875,-29.783751317109058
vol_per_trade_z,1.1333438570515908,1,1448,0.4270126806251843,0.1028312153834617,-0.03976881957284274,0.34806629834254144,2.2560545435644324,0.5151515151515151,-18.472872403502123
up_wick,0.07231721995005641,-1,808,0.23827779416101444,0.10253696032247475,-0.04006307463382969,0.3378712871287129,1.2553009687963577,0.45454545454545453,-12.174484490190904
vol_of_vol,-0.12888951509974458,1,1709,0.5039811265113536,0.10231732194663626,-0.04028271300966818,0.32065535400819195,2.775560368361927,0.42857142857142855,-25.580934304254733
range_rank,0.9020833333333333,1,2092,0.6169271601297552,0.10214667159039041,-0.04045336336591403,0.3317399617590822,3.3389193276108875,0.421875,-26.006017134159773
flow_eff,0.37794219297028003,1,2261,0.6667649660867001,0.10211278112921343,-0.04048725382709101,0.3348076072534277,3.4981363353507815,0.4696969696969697,-30.566021804387606
tbi_ma8,-0.01258172037738434,1,2313,0.6820996756119139,0.1020383936517967,-0.040561641304507734,0.33895373973194987,3.575981886615239,0.5151515151515151,-32.58828851713016
range_z,1.2437528522627257,-1,1086,0.32025951046888823,0.10186868872995532,-0.04073134622634912,0.3287292817679558,1.676202969101992,0.45454545454545453,-18.058993790081914
tbi_z96,-0.11312598916609008,1,1987,0.5859628428192274,0.10164784273406602,-0.04095219222223842,0.3432310015098138,3.0602161138271082,0.4393939393939394,-30.223058314647147
vol_of_vol,-0.5339233235818385,1,2481,0.7316425833087585,0.10154190793421033,-0.041058127022094104,0.3280935106811769,3.998817041028188,0.4126984126984127,-33.91879280329918
atr_pct,0.036479856037702006,1,827,0.24388086110291948,0.10146736246216184,-0.0411326724941426,0.3047158403869408,1.2714167993364822,0.3787878787878788,-19.286103861434565
atr_rank,0.5020833333333333,1,2295,0.6767915069301091,0.10136123604413647,-0.04123879891216797,0.3276688453159041,3.692445027322113,0.3968253968253968,-34.24178256413738
hi_pos,0.3514644351464435,-1,1583,0.46682394573872016,0.10128513704719862,-0.04131489790910582,0.32533164876816173,2.429308665844173,0.4393939393939394,-23.51788984748098
hi_pos,0.16317991631799164,-1,1128,0.33264523739309937,0.10126237068028808,-0.04133766427601636,0.32269503546099293,1.730665971626742,0.4393939393939394,-16.21465639331452
to_hi480,10.730556228228918,-1,1732,0.5107637864936597,0.10121983838810061,-0.041380196568203825,0.331986143187067,2.7392618763779737,0.375,-38.75049466928266
tbi_ma24,-0.011043984768457502,1,2329,0.6868180477735182,0.10120558287419053,-0.04139445208211391,0.34048948046371835,3.571330341121056,0.45454545454545453,-34.552522816365396
tbi_ma24,-0.012365537628191786,1,2490,0.7342966676496608,0.1011373899905082,-0.04146264496579624,0.3401606425702811,3.815637895096445,0.42424242424242425,-38.643073109902254
disp24,2.609656644720742,-1,2159,0.636685343556473,0.10105687584682291,-0.04154315910948153,0.32654006484483555,3.3057847720195546,0.42424242424242425,-29.26869586119709
vol_of_vol,-0.4610722557011541,1,2321,0.684458861692716,0.10097571255011589,-0.041624322406188546,0.32701421800947866,3.720073473473318,0.4444444444444444,-25.706495570790125
since_lo480,448.0,1,655,0.19315836036567385,0.1007972078545242,-0.04180282710178024,0.3435114503816794,1.0479709705510056,0.30158730158730157,-15.04147417923249
tbi_z96,0.38463280195838623,1,1234,0.36390445296372753,0.10076529852572808,-0.041834736430576364,0.34521880064829824,1.8840057330416435,0.45454545454545453,-19.9625735806853
close_loc,0.3827160493827169,-1,1160,0.3420819817163079,0.1006151272812409,-0.041984907675063535,0.325,1.7683870855490826,0.4090909090909091,-17.66523039043349
tbi_z8,0.43473461581177963,1,1172,0.34562076083751103,0.10041282100336985,-0.042187213952934594,0.3430034129692833,1.7830882759992344,0.4393939393939394,-19.54718882232512
since_lo96,46.0,-1,1758,0.5184311412562665,0.10032464465240076,-0.042275390303903676,0.32764505119453924,2.6722837166503113,0.4696969696969697,-20.857774461362382
rv_vs_range,0.47725302442485323,-1,895,0.26393394278973753,0.1003235754033213,-0.042276459552983134,0.3474860335195531,1.3604484846359486,0.5303030303030303,-14.652954626628325
vol_of_vol,-0.22708174618823743,1,1872,0.5520495429076968,0.10026774703949326,-0.04233228791681118,0.3215811965811966,2.979384483459228,0.42857142857142855,-20.55671182613589
atr_rank,0.44375,1,2432,0.7171925685638455,0.10019928197768636,-0.042400752978618075,0.328125,3.807572715152082,0.4375,-38.33933487097641
tbi_ma96,-0.011015744313588002,1,2521,0.7434385137127691,0.10004974882848297,-0.04255028612782147,0.33954779849266165,3.821597224190993,0.45454545454545453,-34.656483022556415
since_hi480,84.0,-1,939,0.2769094662341492,0.10002527308836319,-0.04257476186794125,0.3365282215122471,1.4675583035933284,0.265625,-34.571969527276735
disp24,1.6201275266414796,-1,1930,0.5691536419935123,0.10002128742922489,-0.04257874752707955,0.3227979274611399,2.924864920278849,0.4393939393939394,-27.537271260677418
persist6,0.5701765364064001,-1,1362,0.40165143025656147,0.09992867207323641,-0.042671362883068026,0.3340675477239354,2.0621644146022424,0.5303030303030303,-18.982455390965818
dq_z96,-0.11306332710682344,1,1989,0.5865526393394279,0.09979355620254655,-0.042806478753757884,0.34238310708898945,3.007414898285835,0.4393939393939394,-30.223058314647147
to_lo480,2.6426072417031157,1,2692,0.7938661161899144,0.09976681808739903,-0.04283321686890541,0.33766716196136703,4.196441785801222,0.46875,-38.75049466928266
hi_pos,0.2217573221757322,-1,1281,0.37776467118844,0.09953850036474363,-0.04306153459156081,0.3231850117096019,1.9319518025338878,0.4393939393939394,-19.315076949346963
tbi,0.015656309986875495,1,531,0.15659097611324094,0.09935618763537726,-0.043243847320927176,0.35969868173258,0.7993656914300803,0.3333333333333333,-12.346429717486297
m1_jump,0.3148655501091111,-1,1877,0.5535240342081982,0.09928046702214,-0.043319567934164444,0.33617474693660093,2.823476312129648,0.48484848484848486,-23.186523363918106
disp24,0.42489317220924205,-1,1690,0.49837805956944853,0.09914008885375343,-0.04345994610255101,0.3248520710059172,2.5385871236794437,0.4090909090909091,-26.603039505004176
ats_z96,0.9485915655547411,-1,1635,0.4821586552639339,0.09905538347380488,-0.04354465148249956,0.3192660550458716,2.4538719996919847,0.42424242424242425,-22.043602205688735
dq_z96,0.25337647618870435,1,1424,0.4199351223827779,0.09891903902282578,-0.043680995933478656,0.3441011235955056,2.134253205583393,0.42424242424242425,-22.024733025207823
disp24,-1.0223714893502411,-1,1407,0.41492185196107345,0.09882854192276083,-0.04377149303354361,0.326226012793177,2.106844825535219,0.2878787878787879,-20.25418895848202
absorb,-0.027989871781558658,1,2628,0.7749926275434975,0.09874941226425085,-0.04385062269205359,0.3401826484018265,3.932022051976533,0.5303030303030303,-35.686552602498956
disp24,-1.4290105971141496,-1,1342,0.39575346505455616,0.09870346110228571,-0.043896573854018725,0.32488822652757077,2.006970375746476,0.2727272727272727,-22.01872223999979
since_lo24,16.0,-1,2032,0.5992332645237393,0.09844743297115044,-0.044152601985154,0.3297244094488189,3.030987633293601,0.48484848484848486,-29.67033456551851
gap,0.0001262654065854814,1,808,0.23827779416101444,0.098341849717625,-0.04425818523867944,0.33292079207920794,1.2039426450278936,0.4696969696969697,-13.436577858479763
persist6,0.9110382671732487,1,579,0.17074609259805368,0.09808043154696108,-0.044519603409343356,0.34024179620034545,0.8604328767528859,0.4393939393939394,-12.072723694109705
dq_z96,0.3845939876781278,1,1233,0.36360955470362727,0.09783460749170901,-0.04476542746459543,0.34387672343876724,1.8277283490496552,0.45454545454545453,-19.9625735806853
atr_rank,0.9625,1,638,0.18814508994396933,0.09769623527206703,-0.04490379968423741,0.28683385579937304,0.9893682238663294,0.2698412698412698,-23.703026365467718
persist24,0.1428581292452109,-1,585,0.17251548215865525,0.09761179503702253,-0.044988239919281914,0.3162393162393162,0.8651954560099725,0.5454545454545454,-11.258998301993678
pos480,0.1363221714693247,1,2652,0.7820701857859038,0.09725449870828069,-0.045345536248023746,0.333710407239819,4.029983290224382,0.46875,-38.75049466928266
absorb_z,0.17071215815328514,1,1082,0.3190799174284872,0.09716625103573549,-0.045433783920568946,0.33548983364140483,1.5929376306161485,0.5303030303030303,-15.122096221340588
to_hi96,3.779175990676179,1,1688,0.497788263049248,0.09690624610096499,-0.04569378885533945,0.3222748815165877,2.478450657854984,0.3333333333333333,-25.434150156983428
dn_wick,0.13811169089662256,-1,1251,0.36891772338543205,0.09687637370865756,-0.045723661247646874,0.3469224620303757,1.8362476289322818,0.48484848484848486,-17.8171331633874
tbi_ma8,-0.011067728445784481,1,2148,0.63344146269537,0.09684066680303076,-0.04575936815327368,0.33891992551210426,3.1517235195895457,0.4393939393939394,-31.45370923000908
since_lo96,53.0,-1,1897,0.5594219994102034,0.09655697563791313,-0.04604305931839131,0.32630469161834474,2.7752815573503207,0.4696969696969697,-22.95680230020989
to_hi96,5.363262911724609,1,1403,0.41374225892067235,0.09641353407474948,-0.04618650088155496,0.3285816108339273,2.0495180046495984,0.2727272727272727,-21.273149389674682
since_lo96,71.0,-1,2285,0.6738425243291064,0.09624980206370495,-0.046350232892599486,0.32866520787746173,3.332284813872209,0.4393939393939394,-27.133046959478804
persist96,0.1470913205815352,-1,1592,0.4694780300796225,0.09606647805634812,-0.04653355689995632,0.32914572864321606,2.317239894934942,0.5757575757575758,-31.53735288034672
since_lo96,66.0,-1,2182,0.6434680035387791,0.0960571955708963,-0.04654283938540814,0.32859761686526123,3.1757091020559955,0.4393939393939394,-27.133046959478804
disp96,-3.4002461435210014,-1,1108,0.32674727219109406,0.09575991584628467,-0.04684011911001977,0.3303249097472924,1.6578435430888028,0.25,-18.978985566099446
disp96,-2.5410168282462577,-1,1234,0.36390445296372753,0.09558233468550544,-0.047017700270799004,0.3273905996758509,1.8429468906549018,0.3125,-21.044952009695855
atr_rank,0.7979166666666667,1,1431,0.4219994102034798,0.0955556989308564,-0.04704433602544804,0.31236897274633124,2.170479447143739,0.3968253968253968,-23.30869546404112
extreme_late,0.9372384937238494,1,694,0.2046593925095842,0.09542876683130944,-0.047171268124995,0.3400576368876081,1.0034479421352844,0.5151515151515151,-9.717113015664825
tbi_z8,0.287919539479545,1,1372,0.40460041285756415,0.0954281019867047,-0.047171932969599734,0.34110787172011664,1.9837478170569516,0.4393939393939394,-22.030103554501878
disp24,0.7960747457097256,-1,1762,0.5196107342966676,0.09540006249988345,-0.04719997245642099,0.32349602724177073,2.5468925776484035,0.4393939393939394,-28.688024953887556
to_hi96,4.293674703955854,1,1604,0.4730168092008257,0.09515867528478349,-0.04744135967152095,0.32231920199501246,2.312644169042313,0.36363636363636365,-25.434150156983428
since_hi24,17.0,1,1181,0.34827484517841345,0.09481491330874792,-0.04778512164755652,0.3259949195596952,1.6966123123883528,0.4393939393939394,-20.3968778313688
dn_wick,0.16326602399754334,-1,1420,0.41875552934237686,0.09477621571427987,-0.04782381924202457,0.34507042253521125,2.039124641125416,0.5,-17.968217500835163
tbi_z24,0.39940548257791536,1,1227,0.36184016514302564,0.09476598456729675,-0.04783405038900769,0.3414832925835371,1.7617858040011074,0.45454545454545453,-21.61874195483296
dn_wick,0.24404541808506391,-1,1913,0.5641403715718077,0.09474735538539394,-0.047852679570910495,0.3423941453214846,2.7462377401857365,0.5303030303030303,-24.752537552502826
tbi_z96,0.25328992535958866,1,1418,0.41816573282217634,0.09437792303147852,-0.04822211192482592,0.3427362482369535,2.027695376646009,0.4090909090909091,-22.024733025207823
to_hi96,3.290937428570585,1,1767,0.521085225597169,0.09425412303151352,-0.048345911924790916,0.31975099037917376,2.5234399302527937,0.36363636363636365,-27.537271260677418
atr_rank,0.5583333333333333,1,2141,0.6313771748746683,0.0939361840274027,-0.04866385092890174,0.32368052312003737,3.192339206391574,0.38095238095238093,-31.178743108157757
absorb,-0.013427742282029195,1,1912,0.5638454733117074,0.0938905116955706,-0.04870952326073384,0.3399581589958159,2.71997967215047,0.48484848484848486,-30.223058314647147
ats_rank480,0.7208333333333333,-1,1400,0.41285756414037156,0.09380452322258336,-0.048795511733721084,0.32142857142857145,2.0519739454940114,0.453125,-27.73263253668216
vol_of_vol,-0.3893312711999162,1,2172,0.6405190209377765,0.09287255481234627,-0.04972748014395817,0.3218232044198895,3.20189188972089,0.42857142857142855,-23.63288861251823
persist6,0.475442682813291,-1,1071,0.31583603656738424,0.092589006388803,-0.050011028567501434,0.3277310924369748,1.5024670582183033,0.5303030303030303,-16.916695753805318
disp24,1.1959383480242862,-1,1845,0.5440872898849897,0.0920474951599747,-0.050552539796329746,0.32086720867208673,2.5731458874265654,0.4393939393939394,-26.480322812639795
atr_rank,0.8541666666666666,1,1193,0.35181362429961666,0.0916342546226995,-0.05096578033360494,0.30595138306789604,1.7352327899187379,0.38095238095238093,-21.119269503589887
disp96,-1.6846878109858903,-1,1386,0.4087289884989679,0.09127574469315881,-0.051324290263145625,0.3225108225108225,1.946279725303356,0.2923076923076923,-25.53896098192679
since_hi24,22.0,1,709,0.20908286641108817,0.09127277435352656,-0.05132726060277788,0.3229901269393512,0.9804908638886418,0.2878787878787879,-13.461401461359195
close_loc,0.33478907867494745,-1,1031,0.3040401061633736,0.09117974126059976,-0.05142029369570468,0.32104752667313285,1.4243380793890659,0.3939393939393939,-14.56582159618589
vol_of_vol,0.5072977449897554,1,1085,0.31996461220878797,0.09105120259577637,-0.05154883236052807,0.2995391705069124,1.5681040447050374,0.3968253968253968,-23.62698185482371
tbi_z24,0.007411767277753444,1,1778,0.5243291064582719,0.09102236069617149,-0.05157767426013295,0.3380202474690664,2.452087232087771,0.42424242424242425,-27.150937901442024
extreme_late,0.4686192468619247,-1,757,0.2232379828959009,0.09096804166068814,-0.051631993295616296,0.32100396301188905,1.043375871774863,0.5,-11.440718481141587
tbi_ma8,-0.009680633742236879,1,1989,0.5865526393394279,0.0908638866528164,-0.051736148303488036,0.33634992458521873,2.7383071295826036,0.48484848484848486,-32.25630592618286
to_hi96,9.19482173006494,1,523,0.1542317900324388,0.09067497038695524,-0.0519250645693492,0.35181644359464626,0.7409845236308998,0.203125,-15.253958505177906
body_frac,0.6685573578268519,1,596,0.1757593630197582,0.09028952209886242,-0.052310512857442024,0.3573825503355705,0.8153417450139695,0.36363636363636365,-13.948604658188891
flow_eff,0.47992579290450516,1,2137,0.6301975818342672,0.08945062844019193,-0.05314940651611251,0.32896583996256434,2.8963029238892446,0.45454545454545453,-26.45396717378462
atr_rank,0.9083333333333333,1,955,0.28162783839575345,0.08937870769716977,-0.05322132725913467,0.3036649214659686,1.3548677119174148,0.30158730158730157,-24.105352328641665
tbi,0.003768233018655036,1,1034,0.3049248009436744,0.08928287667016153,-0.053317158286142904,0.34622823984526113,1.398765067832531,0.45454545454545453,-19.570575431764667
absorb,-0.0056911828448312,1,1503,0.44323208493069893,0.08895518458832986,-0.053644850367974575,0.3426480372588157,2.025752158125149,0.42424242424242425,-25.095134443294913
tbi_z96,0.013286454640581109,1,1805,0.532291359480979,0.08885607897930702,-0.05374395597699742,0.339612188365651,2.4300791296613506,0.4393939393939394,-29.187945542574795
since_hi96,12.0,1,2095,0.6178118549100561,0.08883537975804959,-0.05376465519825485,0.324582338902148,2.8198503120168774,0.45454545454545453,-25.61564526015409
body_frac,-0.4712643678160915,-1,908,0.267767620171041,0.08850910439597123,-0.054090930560333206,0.3303964757709251,1.2176707089627559,0.36363636363636365,-14.661585369013661
since_hi96,44.0,1,1497,0.4414626953700973,0.0884998562440879,-0.054100178712216535,0.3299933199732799,2.0073376484454486,0.3939393939393939,-24.572190928479724
wick_skew,0.13596956424239384,1,973,0.28693600707755823,0.0882639349691117,-0.05433609998719274,0.33504624871531347,1.3012243746203889,0.42424242424242425,-14.745388719785216
dn_wick,0.2162374505894289,-1,1726,0.5089943969330581,0.08814937382655959,-0.05445066112974485,0.34125144843568944,2.3052396852218457,0.48484848484848486,-23.69740088854755
since_hi96,37.0,1,1627,0.4797994691831318,0.08811108172798869,-0.05448895322831575,0.33005531653349723,2.1720716662339035,0.42424242424242425,-24.572190928479724
dq_z96,0.013094795769238256,1,1807,0.5328811560011796,0.08787371915108917,-0.05472631580521527,0.33923630326508025,2.40587591675785,0.42424242424242425,-29.187945542574795
ats_z96,0.7446180841102951,-1,1425,0.42023002064287823,0.08770964051359031,-0.054890394442714124,0.3136842105263158,1.8937308747252453,0.45454545454545453,-18.77943532086822
absorb_z,0.034842608210733865,1,2011,0.5930404010616337,0.08764419529346713,-0.054955839662837305,0.3341621084037792,2.6704920717448846,0.5303030303030303,-30.477117451237046
tbi_ma8,-0.006975433369952805,1,1714,0.5054556178118549,0.0874627185088416,-0.055137316447462836,0.33663943990665113,2.2713802958205234,0.42424242424242425,-29.17489423303701
to_hi96,7.68053127900449,1,908,0.267767620171041,0.08744676439131492,-0.05515327056498952,0.34140969162995594,1.2030554858683935,0.24242424242424243,-20.421792552913534
body_frac,-0.3938271278554636,-1,1080,0.31849012090828666,0.08731108690430721,-0.05528894805199723,0.3277777777777778,1.4287268766159362,0.3787878787878788,-17.756543803514187
since_hi480,146.0,-1,1177,0.3470952521380124,0.08706729931884982,-0.05553273563745462,0.3322005097706032,1.6012220515357225,0.3125,-40.6918915974975
absorb,-0.020775723571972354,1,2321,0.684458861692716,0.08690782081794651,-0.055692214138357926,0.33606204222317965,3.056258365431119,0.48484848484848486,-34.336958112640374
up_wick,0.049083100441177994,-1,573,0.16897670303745208,0.08671239745312445,-0.05588763750317999,0.34205933682373474,0.7528212687975806,0.42424242424242425,-10.535534757629577
ats_rank480,0.37916666666666665,-1,632,0.18637570038336773,0.0866974549105526,-0.05590258004575184,0.3037974683544304,0.8697268492614164,0.30158730158730157,-19.803027147343716
persist24,0.3899407640377659,-1,1913,0.5641403715718077,0.08659374007000598,-0.05600629488629846,0.3303711447987454,2.509906435665477,0.5151515151515151,-27.423504286871754
disp24,-4.535511892231573,-1,547,0.16130934827484517,0.08651824425721615,-0.056081790699088294,0.31992687385740404,0.7280843016722651,0.3076923076923077,-15.275030511543266
ats_rank480,0.9291666666666667,-1,2333,0.6879976408139192,0.08632197334906248,-0.056278061607241955,0.32533219031290184,3.146705684740043,0.453125,-30.03528828100549
extreme_late,0.6861924686192469,-1,1426,0.4205249189029785,0.08613951093800984,-0.0564605240182946,0.32538569424964936,1.8611354939030615,0.4696969696969697,-22.599433022727414
dq,-0.020148928832343732,1,1907,0.5623709820112062,0.08577923629439115,-0.056820798661913294,0.33455689564761404,2.478500054748544,0.4393939393939394,-31.247344150171788
to_hi480,19.153465744919025,1,738,0.21763491595399587,0.08564560424400644,-0.056954430712298,0.34417344173441733,1.03617140872257,0.29508196721311475,-30.20143881378404
tbi_ma8,-0.00561812625921781,1,1550,0.4570923031554114,0.08536840442470961,-0.05723163053159483,0.33741935483870966,2.004864043307574,0.4393939393939394,-26.730413357122398
since_hi24,19.0,1,1024,0.3019758183426718,0.08476951772584589,-0.05783051723045855,0.3203125,1.3152119113828213,0.3939393939393939,-18.900354348039702
dq,0.007681476196084907,1,1034,0.3049248009436744,0.0837610457004053,-0.05883898925589914,0.344294003868472,1.3122563826396827,0.4393939393939394,-19.570575431764667
since_hi96,8.0,1,2195,0.6473016809200826,0.08373356224919463,-0.058866472707109804,0.32164009111617314,2.784775289954277,0.42424242424242425,-25.61564526015409
tbi,-0.010154683391366465,1,1901,0.5606015924506046,0.08348283148116314,-0.059117203475141294,0.3350867964229353,2.4045585249347132,0.4393939393939394,-31.247344150171788
tbi_z24,0.2649673983974616,1,1401,0.4131524624004718,0.0833268544896879,-0.059273180466616546,0.3390435403283369,1.768801865758375,0.4696969696969697,-22.035061112685614
since_hi480,114.0,-1,1033,0.30462990268357415,0.0832743614299507,-0.059325673526353734,0.3291384317521781,1.3441002399552984,0.265625,-36.61716268640773
hi_pos,0.28451882845188287,-1,1437,0.4237687997640814,0.08311776501201419,-0.05948226994429025,0.3180236604036186,1.8097004291252186,0.42424242424242425,-22.46094139944336
dn_wick,0.11111111111111922,-1,1064,0.3137717487466824,0.08304995165626947,-0.05955008330003497,0.34022556390977443,1.3388658873071324,0.45454545454545453,-16.674935068063647
persist96,0.1631430912521455,-1,1769,0.5216750221173695,0.08296710400332215,-0.05963293095298229,0.3261729790842284,2.223769802755711,0.5151515151515151,-35.6567680638474
ats_rank480,0.6083333333333333,-1,1121,0.33058094957239753,0.0829360633321,-0.059663971624204434,0.3113291703835861,1.4757353491314935,0.3492063492063492,-21.58202243342255
ats_rank480,0.6666666666666666,-1,1256,0.37039221468593336,0.08237648043129088,-0.06022355452501356,0.31528662420382164,1.6166384284640831,0.375,-25.679652941966612
body_frac,-0.5490252496907702,-1,737,0.2173400176938956,0.08235665443145822,-0.06024338052484622,0.32700135685210313,0.9196493078179501,0.3484848484848485,-11.429783949243145
extreme_late,0.5815899581589958,-1,1058,0.3120023591860808,0.08185965644263558,-0.060740378513668855,0.3223062381852552,1.3122350987319462,0.5151515151515151,-15.418422222373588
range_rank,0.9520833333333333,1,1376,0.4057800058979652,0.08151030689821659,-0.06108972805808785,0.3190406976744186,1.7802886078086675,0.3968253968253968,-14.9632531994794
persist96,0.20447868229993427,-1,2190,0.6458271896195813,0.08130526100004495,-0.061294773956259485,0.32831050228310504,2.6978563877287645,0.5,-38.75049466928266
flow_eff,1.9853918275680307,1,877,0.25862577410793275,0.08115564806268993,-0.061444386893614505,0.31584948688711517,1.078386414408774,0.4393939393939394,-11.404271354085832
vol_of_vol,-0.3148288538875244,1,2036,0.6004128575641404,0.0810457897057656,-0.06155424525053883,0.31581532416502944,2.6191940927133137,0.3968253968253968,-22.66796145856896
tbi_z96,0.13364065910184175,1,1607,0.4739015039811265,0.08085102479434404,-0.061749010161960396,0.33789670192906035,1.9685999521895587,0.4090909090909091,-24.070634374129675
to_hi24,5.484548328569173,1,555,0.1636685343556473,0.08047253745224078,-0.062127497504063656,0.3207207207207207,0.6871116659383638,0.3230769230769231,-24.21780204758101
persist24,0.31598248822547914,-1,1450,0.42760247714538485,0.0804446357730423,-0.06215539918326214,0.3255172413793103,1.767344270771384,0.48484848484848486,-23.318571648859475
tbi_ma8,-0.00431923498781072,1,1390,0.40990858153936893,0.08033904114413969,-0.06226099381216475,0.3345323741007194,1.6919888968235484,0.4090909090909091,-24.59917075639909
ats_rank480,0.55,-1,970,0.28605131229725744,0.07991191818873511,-0.06268811676756933,0.30927835051546393,1.2303898514773501,0.36507936507936506,-16.60035766789266
since_hi96,18.0,1,1967,0.580064877617222,0.07985609596843656,-0.06274393898786788,0.3223182511438739,2.37995364802901,0.42424242424242425,-25.61564526015409
ats_rank480,0.88125,-1,2034,0.5998230610439398,0.0796915542478442,-0.06290848070846024,0.3220255653883973,2.5326972084392985,0.4375,-30.03528828100549
ats_rank480,0.4354166666666667,-1,729,0.21498083161309348,0.07938146897764399,-0.06321856597866045,0.3004115226337449,0.9185569981698802,0.3333333333333333,-16.951808896748712
dq,-0.014711157369682247,1,1724,0.5084046004128575,0.07919855842257763,-0.06340147653372681,0.33584686774941996,2.068762344250361,0.4090909090909091,-29.201147716066124
vol_per_trade_z,1.4238229789514467,1,1134,0.334414626953701,0.07905507953752497,-0.06354495541877947,0.3403880070546737,1.3583100029629291,0.5303030303030303,-15.274406814447609
tbi,-0.007428456108668276,1,1719,0.5069301091123563,0.07893299885203209,-0.06366703610427235,0.3356602675974404,2.0558458337370173,0.42424242424242425,-29.201147716066124
to_hi480,21.947660515013343,1,571,0.16838690651725155,0.07889768876576549,-0.06370234619053895,0.3415061295971979,0.7635691573771536,0.23728813559322035,-28.627471594410338
dq_z96,0.13386080330224834,1,1610,0.4747861987614273,0.07878130488816983,-0.06381873006813461,0.3372670807453416,1.9217863768174763,0.4090909090909091,-24.070634374129675
persist24,0.2850696459698671,-1,1273,0.3754054851076379,0.07856656118418019,-0.06403347377212425,0.32128829536527886,1.5153823089009297,0.48484848484848486,-22.284070915686936
since_hi24,20.0,1,924,0.27248599233264525,0.07775561158482376,-0.06484442337148068,0.3170995670995671,1.0885785621875326,0.3333333333333333,-15.784192520160854
tbi_ma8,-0.002977167232411802,1,1240,0.3656738425243291,0.07765728960038089,-0.06494274535592355,0.33225806451612905,1.4590157440071558,0.42424242424242425,-21.488212582018196
absorb,0.002363662269749889,1,1130,0.3332350339132999,0.07675066786577082,-0.06584936709053361,0.3415929203539823,1.3140644649745608,0.42424242424242425,-21.618361415012306
since_hi96,24.0,1,1854,0.5467413742258921,0.0765087256140918,-0.06609130934221263,0.3225458468176915,2.1491996558867608,0.4090909090909091,-24.572190928479724
persist24,0.3508489979229426,-1,1656,0.4883515187260395,0.07580264168962524,-0.0667973932666792,0.3254830917874396,1.9019571914851423,0.4696969696969697,-26.388391514799398
tbi_ma8,-0.008327780066072262,1,1849,0.5452668829253907,0.07567241417003993,-0.0669276207862645,0.33098972417522987,2.119974148490967,0.4393939393939394,-30.19888498337784
since_hi96,30.0,1,1750,0.5160719551754644,0.07557243776596234,-0.0670275971903421,0.32457142857142857,2.0038146377338495,0.3484848484848485,-24.572190928479724
dow,2.0,-1,1813,0.5346505455617812,0.07556420295842478,-0.06703583199787966,0.3309431880860452,2.0757257570246077,0.42424242424242425,-27.186315241001843
hour,8.0,-1,1090,0.3214391035092893,0.07550262785482924,-0.0670974071014752,0.3357798165137615,1.246937338814604,0.5,-20.075512403089167
minofday,480.0,-1,1090,0.3214391035092893,0.07550262785482924,-0.0670974071014752,0.3357798165137615,1.246937338814604,0.5,-20.075512403089167
hour,9.999999999985448,-1,1090,0.3214391035092893,0.07550262785482924,-0.0670974071014752,0.3357798165137615,1.246937338814604,0.5,-20.075512403089167
minofday,599.9999999991269,-1,1090,0.3214391035092893,0.07550262785482924,-0.0670974071014752,0.3357798165137615,1.246937338814604,0.5,-20.075512403089167
dq,0.001741255262046319,1,1206,0.35564730168092007,0.07497017016492562,-0.06762986479137882,0.33996683250414594,1.3699094730136403,0.42424242424242425,-22.63193221863476
tbi,-0.004717452074794661,1,1539,0.45384842229430844,0.0746441748060171,-0.06795586015028734,0.33723196881091616,1.740566439794853,0.4090909090909091,-27.143360115888242
ats_rank480,0.83125,-1,1790,0.5278678855794751,0.07446561213914621,-0.06813442281715823,0.3206703910614525,2.0827100895167465,0.453125,-30.03528828100549
since_hi24,21.0,1,820,0.24181657328221765,0.07405055313612557,-0.06854948182017886,0.31585365853658537,0.9200220238124694,0.3484848484848485,-17.607826469854015
tbi,0.0008063096014059232,1,1201,0.35417281038041876,0.07399656361600059,-0.06860347134030385,0.33971690258118237,1.3465132258002526,0.42424242424242425,-22.63193221863476
dq,-0.009260510838984487,1,1543,0.45502801533470955,0.07352638052090675,-0.06907365443539769,0.33635774465327284,1.71895765369332,0.4090909090909091,-27.143360115888242
tbi_ma8,-0.0016218101901884876,1,1088,0.32084930698908876,0.07344926166971888,-0.06915077328658556,0.33088235294117646,1.210799949949305,0.3939393939393939,-25.447957075727988
persist96,0.18186158598914745,-1,1973,0.5818342671778236,0.07245037967826506,-0.07014965527803937,0.3233654333502281,2.1658272591699537,0.5,-36.68367595286163
extreme_late,0.6317991631799164,-1,1228,0.3621350634031259,0.07215389440345203,-0.07044614055285241,0.31840390879478825,1.3424997322339258,0.48484848484848486,-21.57138392613212
dn_wick,0.1897435897435969,-1,1579,0.46564435269831905,0.07197991226935044,-0.070620122686954,0.3369221025965801,1.722064870807642,0.4696969696969697,-18.601108823323944
tbi,0.007182277121088904,1,863,0.2544971984665291,0.07168812925864267,-0.07091190569766177,0.3429895712630359,0.9373765992455856,0.4393939393939394,-17.51623071933958
wick_skew,0.24061230964466568,1,640,0.18873488646416986,0.07143507980628522,-0.07116495515001922,0.3265625,0.6927038041821597,0.4090909090909091,-9.465645454159707
ats_rank480,0.7770833333333333,-1,1596,0.47065762312002357,0.07136255650194001,-0.07123747845436443,0.3157894736842105,1.7796037527671287,0.4375,-28.977797991399772
flow_eff,0.601090526168981,1,1981,0.5841934532586258,0.07126354096476309,-0.07133649399154135,0.3215547703180212,2.1389859795635706,0.4696969696969697,-25.42313797525143
absorb_z,0.14432144265699018,1,1270,0.3745207903273371,0.07121854793843183,-0.07138148701787261,0.32755905511811023,1.3704175133607337,0.48484848484848486,-24.445476354456623
absorb_z,0.06865668055424572,1,1837,0.5417281038041876,0.07111867447600086,-0.07148136048030358,0.3277082199237888,1.9794697729153572,0.5151515151515151,-27.897760942698408
hi_pos,0.11715481171548117,-1,935,0.27572987319374814,0.07060615271728754,-0.0719938822390169,0.31336898395721924,1.0002538301615738,0.3939393939393939,-14.814146027418753
ats_rank480,0.49166666666666664,-1,853,0.2515482158655264,0.07002201134982693,-0.07257802360647751,0.30246189917936694,0.9480758044667045,0.3333333333333333,-16.992862144882622
persist24,0.25690564128935006,-1,1134,0.334414626953701,0.06999560056031988,-0.07260443439598456,0.3148148148148148,1.2026516823545874,0.5151515151515151,-18.189946212488344
dq,0.014503069581898662,1,864,0.25479209672662934,0.06945188598154839,-0.07314814897475605,0.3425925925925926,0.9091883255766338,0.4393939393939394,-17.51623071933958
tbi,-0.0019497763972127658,1,1363,0.40194632851666173,0.06918146030415845,-0.07341857465214599,0.3374908290535583,1.4287019756752724,0.3939393939393939,-24.08110113054334
flow_eff,0.9860497618100217,1,1553,0.45797699793571217,0.06856408284997197,-0.07403595210633247,0.3161622665808113,1.6133336464546433,0.4393939393939394,-21.953621711209234
dq,-0.003708863463779115,1,1362,0.40165143025656147,0.067584112452975,-0.07501592250332943,0.3370044052863436,1.3946903206204846,0.3787878787878788,-24.08110113054334
ats_z96,0.5668446319463135,-1,1254,0.36980241816573284,0.06689981692823592,-0.07570021802806852,0.3038277511961722,1.2710965216364825,0.3939393939393939,-17.74921074094184
to_hi96,8.348461741199017,1,732,0.2158655263933943,0.06633731465606085,-0.07626272030024359,0.34289617486338797,0.7587330363786959,0.203125,-18.386430695257218
dn_wick,0.05863039435447296,-1,604,0.1781185491005603,0.06631333666869701,-0.07628669828760742,0.34105960264900664,0.6068675052711061,0.4393939393939394,-14.355362252682346
absorb_z,0.09804453362668711,1,1660,0.4895311117664406,0.06578090238055162,-0.07681913257575282,0.327710843373494,1.6544893629047832,0.5,-27.85180312205046
ats_z96,0.4018794646085375,-1,1114,0.32851666175169564,0.06443542426925655,-0.07816461068704789,0.3016157989228007,1.0875918581204822,0.3787878787878788,-19.545926782924795
ats_z96,0.244015144885692,-1,979,0.28870539663815986,0.0643483516253111,-0.07825168333099333,0.2972420837589377,0.9545005491087813,0.36363636363636365,-15.483276783878646
absorb_z,0.12041437863045543,1,1463,0.4314361545266883,0.06428138016055134,-0.0783186547957531,0.3267259056732741,1.4249039268922215,0.48484848484848486,-27.85180312205046
tbi_z24,0.13192643676761087,1,1592,0.4694780300796225,0.06413995354433172,-0.07846008141197272,0.3316582914572864,1.547133424887517,0.4090909090909091,-24.079646539372167
atr_pct,0.04231207241335986,1,610,0.1798879386611619,0.0635527353307478,-0.07904729962555664,0.28852459016393445,0.6252769121250995,0.2903225806451613,-19.054679543849193
wick_skew,0.18604651162791358,1,810,0.238867590681215,0.06343194659547689,-0.07916808836082755,0.32469135802469135,0.7784829809444894,0.4090909090909091,-12.682027116831478
close_loc,0.2875000000000052,-1,877,0.25862577410793275,0.06330669675550066,-0.07929333820080378,0.31014823261117447,0.8412117129480919,0.3484848484848485,-11.421017007935085
ats_z96,-0.048899266731479464,-1,756,0.22294308463580065,0.06260394220862169,-0.07999609274768275,0.29365079365079366,0.7170997016623937,0.3939393939393939,-15.413953660204818
flow_eff,0.7632096607210583,1,1801,0.531111766440578,0.057965992181100476,-0.08463404277520396,0.31538034425319267,1.581768968456999,0.45454545454545453,-24.277470707490316
absorb,0.01035851441944673,1,739,0.21792981421409613,0.05726001670060194,-0.0853400182557025,0.3301759133964817,0.641138671844619,0.3939393939393939,-15.47139111301152
tbi,0.011055956508045337,1,695,0.20495429076968447,0.0551049001569721,-0.08749513479933234,0.3381294964028777,0.5802712971075096,0.36363636363636365,-15.4537341992753
dq,0.022254840617922947,1,698,0.20583898554998525,0.05463887900419392,-0.08796115595211051,0.33810888252148996,0.5778475385595054,0.3787878787878788,-15.4537341992753
range_z,0.8362595496028876,-1,589,0.17369507519905633,0.054129685954504764,-0.08847034900179968,0.31069609507640067,0.4830664398061106,0.4090909090909091,-10.289581084444848
hi_pos,0.07531380753138076,-1,787,0.23208493069890887,0.05407660744125488,-0.08852342751504956,0.31003811944091486,0.6448225766101147,0.3787878787878788,-15.399532692101356
flow_eff,1.327593285125625,1,1233,0.36360955470362727,0.04704406925052261,-0.09555596570578183,0.308191403081914,0.8788687482711269,0.42424242424242425,-16.531952197756215
ats_z96,-0.19702197709504743,-1,668,0.1969920377469773,0.04052380241772466,-0.10207623253857978,0.2874251497005988,0.4101500002278796,0.36363636363636365,-15.379842962609313
ats_z96,0.09767057150788923,-1,855,0.2521380123857269,0.03841205607406318,-0.10418797888224127,0.28654970760233917,0.4976107264140008,0.3787878787878788,-16.428708289196425
close_loc,0.23981822855023202,-1,721,0.21262164553229135,0.03413472465650309,-0.10846531029980135,0.30374479889042993,0.3728960072324049,0.3333333333333333,-10.248146987739908
extreme_late,0.39748953974895396,-1,603,0.17782365084046003,0.03404458376939024,-0.1085554511869142,0.3018242122719735,0.3110436971657928,0.42424242424242425,-11.440718481141587
ats_z96,-0.3377931794013401,-1,573,0.16897670303745208,0.030181204112113832,-0.1124188308441906,0.2774869109947644,0.2660589224037115,0.3384615384615385,-15.26128366207563
ats_z96,-0.4796815821575044,-1,511,0.15069301091123563,0.012887289387752281,-0.12971274556855217,0.26614481409001955,0.10131392118679096,0.3076923076923077,-14.684121095597297
hi_pos,0.04184100418410042,-1,641,0.18902978472427012,-0.009069251662208592,-0.15166928661851303,0.29017160686427457,-0.08943677408424144,0.27692307692307694,-14.358104220639785
close_loc,0.19230769230769312,-1,546,0.1610144500147449,-0.013948763516447386,-0.15654879847275183,0.2838827838827839,-0.117169613538158,0.36923076923076925,-8.84205226885449
dow,0.0,-1,652,0.19227366558537304,-0.040130517388300264,-0.1827305523446047,0.3113496932515337,-0.4025399590334117,0.4153846153846154,-16.805375448691056
dow,1.0,-1,1206,0.35564730168092007,-0.04087021423424022,-0.18347024919054467,0.3034825870646766,-0.7582996671768262,0.3076923076923077,-20.563621295224458
