feature,side,bin,lo,hi,n,exp_r,lift,wr,n_test,exp_r_test
atr_pct,short,9,0.007703173336905255,inf,14017,-0.07428474256635775,0.18485368356184018,0.33195405578939857,1303,-0.13387167139154957
to_hi480,long,0,-inf,2.8324595256111467,13970,-0.08987292237983528,1.1853971836837476,0.3634216177523264,5309,-0.2585347701549204
tbi_ma96,long,9,0.00710888421246695,inf,13959,-0.09298608866093966,1.1822840174026432,0.38312200014327674,7006,-0.35203081092799365
vol_of_vol,short,9,1.3811806377779712,inf,13967,-0.09633572730496238,0.16280269882323556,0.3490370158230114,5420,-0.2229007216720905
atr_pct,long,8,0.006008456495269204,0.007703136427696833,14017,-0.10053046280895164,1.1747396432546313,0.33944495969180283,2012,-0.21589500424870406
kyle,long,9,5.760381533967836e-07,inf,14016,-0.1053140793944725,1.1699560266691105,0.3339754566210046,680,-0.183278429603257
atr_rank,long,9,0.9125,inf,14161,-0.1094740603190652,1.1657960457445178,0.3344396582162277,5559,-0.22152617420070608
pos480,long,9,0.8871282312748615,inf,13970,-0.11021701435545524,1.1650530917081277,0.3637795275590551,5275,-0.33775457560616046
kyle,short,9,5.761383404296583e-07,inf,14015,-0.11249833253650726,0.14664009359169067,0.32665001783803066,681,-0.058546539421986704
disp24,long,9,3.6049310974061965,inf,14015,-0.11323770814254291,1.16203239792104,0.36660720656439527,5649,-0.3234755413928596
persist96,long,9,0.2259267688702383,inf,14008,-0.1158973658766126,1.1593727401869702,0.35322672758423757,4470,-0.30547263023521753
atr_pct,long,9,0.007703136427696833,inf,14018,-0.12261184424401673,1.1526582618195662,0.3187330574975032,1303,-0.07929692526273524
pos96,short,1,0.1704130966426945,0.2586447824302103,14007,-0.12288468159849814,0.1362537445296998,0.37052902120368386,4941,-0.25664787351120644
to_lo480,short,0,-inf,3.455808553641158,13969,-0.12301840034298676,0.13612002578521115,0.3434032500536903,6070,-0.17041259207373466
atr_rank,short,9,0.9125,inf,14163,-0.1244602324077379,0.13467819372046003,0.3307208924662854,5559,-0.1292557940318147
to_lo24,long,9,4.904017338649001,inf,14015,-0.1294171629114925,1.1458529431520905,0.360328219764538,5375,-0.32219659565903613
disp24,short,0,-inf,-3.2964913984025603,14014,-0.13100056792386497,0.12813785820433296,0.353717710860568,6499,-0.25602176492793227
avg_trade_usd,short,9,5172.948835086905,inf,14015,-0.1354065919031418,0.12373183422505613,0.35155190866928293,11435,-0.35640469303042804
since_lo480,short,0,-inf,31.0,13931,-0.13644049748652246,0.12269792864167547,0.336946378580145,5860,-0.10201387118798805
flow_eff,short,9,0.13412894148900978,inf,14015,-0.14013470521409152,0.11900372091410641,0.33014627185158757,2896,-0.1668016682043317
to_hi24,short,9,4.567032422929668,inf,14014,-0.14353247378902245,0.11560595233917548,0.3535749964321393,6163,-0.2838778604952468
to_lo96,short,1,1.6449400401243328,2.543524346547266,14007,-0.1442616526086905,0.11487677351950742,0.3588205897051474,5109,-0.31389976510206014
pos480,short,0,-inf,0.15613205971733518,13969,-0.14835580091852463,0.1107826252096733,0.34583721096714154,6216,-0.19289662303143468
atr_pct,long,7,0.005087931901259974,0.006008456495269204,14016,-0.14957088651877506,1.125699219544808,0.3300513698630137,2468,-0.11018754144545473
flow_eff,long,9,0.13414511269650747,inf,14016,-0.1507306627344735,1.1245394433291094,0.3308361872146119,2896,-0.24016609003633893
range_per_trade,short,9,2.0258479914205933e-07,inf,14015,-0.15141287958081087,0.10772554654738706,0.33371387798787017,306,-0.3721891517228078
pos96,long,9,0.8664552247610466,inf,14008,-0.15335453149986825,1.1219155745637146,0.34980011422044544,5926,-0.40880215647128765
since_hi480,long,0,-inf,24.0,13943,-0.15451347012260547,1.1207566359409775,0.33952520978268663,5025,-0.35083253334805026
to_hi96,long,1,1.4198714596163398,2.2600579717380134,14007,-0.15497308963924802,1.1202970164243349,0.35839223245520097,5235,-0.3231654882867473
atr_rank,long,8,0.8083333333333333,0.9125,13940,-0.15608192331643594,1.119188182747147,0.3332137733142037,5083,-0.21791789116741578
pos96,long,8,0.7852123922069616,0.8664552247610466,14008,-0.15641690289748986,1.1188532031660932,0.35993717875499714,5016,-0.29786229441093703
atr_pct,short,7,0.005088189110848681,0.006008275883744218,14016,-0.15643982038904608,0.10269860573915185,0.3270547945205479,2467,-0.1401413331305605
gap,short,2,-0.0002404713405589114,0.0,8256,-0.1596170423520547,0.09952138377614322,0.327156007751938,1838,-0.002968354197259425
disp96,long,2,-4.66473908887788,-2.8497661490632575,14008,-0.16268864689436,1.112581459169223,0.3576527698458024,4922,-0.3133254183335813
disp96,long,9,8.335625828814472,inf,14008,-0.16318736551990676,1.1120827405436762,0.35215591090805254,5047,-0.38553717290003225
trade_intensity,short,9,1.8618869314542148,inf,14007,-0.16388967829645665,0.09524874783174128,0.34268579995716425,5897,-0.24065135120480013
range_z,short,9,1.2001701714283386,inf,13958,-0.16420512680749905,0.09493329932069888,0.34904714142427284,5846,-0.26962852750981653
range_rank,long,9,0.90625,inf,13849,-0.16434873226543809,1.110921373798145,0.3338147158639613,5225,-0.247826695679428
to_lo480,short,1,3.455808553641158,5.7557661824489035,13968,-0.16603526372561578,0.09310316240258215,0.34328465063001146,4952,-0.2392237542796178
to_hi96,long,0,-inf,1.4198714596163398,14008,-0.16611754643465265,1.1091525596289302,0.3460165619645917,6025,-0.3819716992409432
kyle,short,8,4.6469786774120726e-07,5.761383404296583e-07,14015,-0.1669419312260386,0.09219649490215934,0.3294327506243311,1994,-0.16801933944073316
since_lo96,short,0,-inf,7.0,13344,-0.1676942369933191,0.09144418913487884,0.33797961630695444,5763,-0.2321182957128903
range_rank,short,9,0.90625,inf,13851,-0.16779988880129315,0.09133853732690478,0.33304454552017904,5223,-0.23142326498392046
kyle,long,8,4.646508208306363e-07,5.760381533967836e-07,14015,-0.16815908588696904,1.107111020176614,0.32672136996075635,1994,-0.17267014829255753
flow_eff,long,8,0.07120671785040489,0.13414511269650747,14015,-0.16893406210819467,1.1063360439553882,0.3307884409561184,3023,-0.2305239903228199
disp6,long,9,1.7052749024571368,inf,14017,-0.16928050875675282,1.10598959730683,0.3544267674966113,5763,-0.3076494820306492
flow_eff,short,8,0.07120358315130226,0.13412894148900978,14015,-0.17024883439862157,0.08888959172957636,0.3286478772743489,3024,-0.21808858176217163
atr_pct,short,6,0.004428744146482305,0.005088189110848681,14016,-0.17225493288149896,0.08688349324669897,0.3304794520547945,3099,-0.1643073338709858
since_hi480,long,7,382.0,431.0,14025,-0.1728393515059371,1.1024307545576457,0.3623529411764706,5219,-0.27240931552087877
gap,long,2,-0.00024049429671831437,0.0,8261,-0.17286145073040107,1.1024086553331818,0.32405277811402977,1839,-0.2580575250434954
persist96,short,7,0.13718569794022786,0.17301769694039237,14006,-0.17457597200823718,0.08456245411996074,0.34513779808653433,5645,-0.2565108076693083
dow,long,0,-inf,1.0,20055,-0.17636559532434248,1.0989045107392403,0.3482423335826477,7296,-0.2715602680195322
atr_pct,short,5,0.0038758487209130405,0.004428744146482305,14017,-0.17669184595574122,0.08244658017245671,0.341085824356139,4068,-0.1797004893754166
range_per_trade,long,9,2.025880808256588e-07,inf,14016,-0.1769103315025108,1.098359774561072,0.3245576484018265,305,-0.32537984973897266
to_lo96,short,0,-inf,1.6449400401243328,14007,-0.17960048323532396,0.07953794289287397,0.3357606910830299,6704,-0.22751816068380012
since_hi480,short,0,-inf,24.0,13938,-0.1803102640099244,0.07882816211827354,0.33067872004591764,5024,-0.18059676640955372
vol_of_vol,long,9,1.3812204406206545,inf,13967,-0.1805988870099537,1.0946712190536292,0.31681821436242574,5421,-0.24578165900599133
gap,long,4,0.00026311033559758184,0.0011251655999133389,14017,-0.18065497594729527,1.0946151301162876,0.3441535278590283,9728,-0.35425538370509524
disp96,long,3,-2.8497661490632575,-1.287098859393662,14007,-0.18180711057403917,1.0934629954895438,0.36103376882987076,4681,-0.2895188036067764
dow,short,3,3.0,4.0,19956,-0.18249408895802943,0.0766443371701685,0.34115053116857086,7389,-0.13074129214094632
dow,long,2,2.0,3.0,19949,-0.1829477237506533,1.0923223823129296,0.3430247130181964,7386,-0.239162603890077
atr_pct,long,6,0.0044286155396200105,0.005087931901259974,14017,-0.1839223547225879,1.091347751340995,0.3284583006349433,3101,-0.23881161390850775
minofday,short,6,855.0,1005.0,14601,-0.1842632727422522,0.07487515338594572,0.3413464831175947,5367,-0.282289477060036
flow_eff,short,7,0.0453296144918165,0.07120358315130226,14014,-0.18496120284129255,0.07417722328690537,0.3314542600256886,3509,-0.20432131316718236
since_lo480,long,0,-inf,31.0,13925,-0.1853187711106458,1.089951334952937,0.3210771992818671,5860,-0.26703745920739563
flow_eff,long,7,0.045331139723442694,0.07120671785040489,14015,-0.18547865743284322,1.0897914486307396,0.3330003567606136,3509,-0.3006769576074809
range_rank,short,8,0.8083333333333333,0.90625,13635,-0.18571440669803554,0.07342401943016238,0.33443344334433445,5179,-0.1933990571850354
minofday,long,7,1005.0,1140.0,13141,-0.1863423757203023,1.0889277303432807,0.340765542957157,4831,-0.29095274493560186
since_hi96,long,9,94.0,inf,14769,-0.18634988001188876,1.0889202260516941,0.35215654411266845,5903,-0.3668027915566577
persist24,long,9,0.4016930096657836,inf,14015,-0.18745127983512883,1.087818826228454,0.33007491972886194,5151,-0.38145115665215534
kyle,short,7,4.0455602731677725e-07,4.6469786774120726e-07,14015,-0.1875455278365713,0.07159289829162663,0.3263646093471281,2812,-0.18013710730018961
hour,short,6,14.0,16.0,11679,-0.18777114036161893,0.071367285766579,0.34240945286411506,4292,-0.3001951548369158
vol_of_vol,long,8,0.6363618736085868,1.3812204406206545,13967,-0.18802182678092624,1.0872482792826568,0.33364358845850933,5643,-0.2381876823201168
disp6,short,0,-inf,-1.6728991578413475,14016,-0.18927841098034165,0.06986001514785628,0.3411101598173516,6137,-0.25797226674997437
hour,long,7,16.0,19.0,17523,-0.1893014497856293,1.0859686562779536,0.3396678650915939,6442,-0.29954163247148125
disp96,short,0,-inf,-7.161374516030338,14007,-0.1898053024218903,0.06933312370630762,0.33940172770757476,6473,-0.20971354940280948
dow,long,4,4.0,5.0,20046,-0.19025762427752466,1.0850124817860582,0.3359772523196648,7385,-0.2910233783608487
pos480,long,7,0.7329238544554897,0.8152938669174167,13969,-0.19135960597406879,1.0839105000895142,0.3575059059345694,3870,-0.3732462640915817
to_lo480,long,0,-inf,3.457930459649429,13970,-0.19231082479860928,1.0829592812649738,0.3201861130994989,6073,-0.27510595907593377
kyle,long,7,4.045312665332825e-07,4.646508208306363e-07,14016,-0.19236121139275156,1.0829088946708314,0.3257705479452055,2813,-0.23710266558914972
to_hi480,short,6,13.041168681931754,15.772787148530323,13969,-0.1933492140345404,0.06578921209365754,0.3475553010236953,5189,-0.2829609902144615
avg_trade_usd,long,8,4628.707281566427,5172.971426887911,14015,-0.19356271239208137,1.0817073936715016,0.3317160185515519,5537,-0.362557982633256
pos96,short,2,0.2586447824302103,0.3442235045381451,14007,-0.19393457664067554,0.06520384948752239,0.35139573070607555,4465,-0.32052128979374567
since_hi96,short,0,-inf,6.0,12922,-0.1945321187147222,0.06460630741347573,0.3315276273022752,5114,-0.24195719955479233
avg_trade_usd,short,7,4248.305998891608,4628.725017655865,14015,-0.19508259510907414,0.0640558310191238,0.3300035676061363,4392,-0.30345915566558124
minofday,long,8,1140.0,1290.0,14604,-0.19564104807044114,1.0796290579931418,0.33805806628321006,5368,-0.3347365297193096
hour,long,8,19.0,21.0,11685,-0.19610869683942073,1.0791614092241621,0.3377834830979889,4295,-0.32786948809305083
accel,short,0,-inf,-1.5789841439101122,14014,-0.1961172177381271,0.06302120839007083,0.3370914799486228,5730,-0.2657814090614537
to_hi480,long,2,4.785401386079122,6.732620719501043,13969,-0.19678387481236398,1.078486231251219,0.3436895983964493,4562,-0.3484995694499571
to_lo96,long,9,11.301422438990805,inf,14008,-0.19686386377379217,1.0784062422897907,0.35701027984009137,5332,-0.39012112060271154
since_lo96,short,2,18.0,30.0,13739,-0.19689615585678172,0.06224227027141621,0.34180071329791106,4837,-0.2754726861518893
disp96,short,1,-7.161374516030338,-4.665614344967357,14007,-0.1972139333486979,0.06192449277950002,0.3364032269579496,5272,-0.18962746565655042
since_hi96,long,0,-inf,6.0,12927,-0.19799954302295136,1.0772705630406316,0.33557669993037825,5117,-0.3816852242905631
to_lo96,short,2,2.543524346547266,3.3943844762559667,14007,-0.1989230272554289,0.06021539887276903,0.3453987292068252,4770,-0.31425605337640744
avg_trade_usd,long,5,3636.424511519627,3932.495118448167,14016,-0.19913143107620504,1.0761386749873778,0.3395405251141553,3672,-0.38065014065221625
atr_pct,short,4,0.0033989450092214127,0.0038758487209130405,14016,-0.19945896206209718,0.05967946406610075,0.337685502283105,4895,-0.22149680386944026
hour,long,1,2.0,4.0,11687,-0.19952765368524347,1.0757424523783394,0.346795584837854,4295,-0.3085149051613143
dq_cum24,short,1,-0.9158466167053954,-0.6336260817627405,14001,-0.1997777668344063,0.05936065929379164,0.34818941504178275,4921,-0.2548930761488834
tbi_ma24,short,1,-0.019118992869875923,-0.013243888751463229,14001,-0.19979323095181478,0.05934519517638315,0.34811799157203055,4917,-0.25716511822116267
pos480,short,5,0.5288266065755485,0.6337434301290734,13968,-0.19989536268883987,0.05924306343935806,0.3518757159221077,5833,-0.335385676032796
since_hi24,long,7,20.0,22.0,11203,-0.20074911713242624,1.0745209889311567,0.3487458716415246,4066,-0.378683043880752
persist24,short,8,0.3099593986698207,0.40168975666937445,14014,-0.2008841309870739,0.05825429514112404,0.33423719138004854,5521,-0.3167583732168287
accel,long,9,1.5789575225368897,inf,14015,-0.20114314669349043,1.0741269593700924,0.33920799143774527,5635,-0.3110977688966685
since_lo96,short,1,7.0,18.0,14621,-0.20196947514671099,0.05716895098148694,0.33150947267628755,5539,-0.24133499445224138
absorb,long,5,-0.008863391044743606,0.04537503982596455,14003,-0.2020906391182808,1.073179466945302,0.33707062772263086,4718,-0.3119101296090191
atr_rank,short,8,0.8083333333333333,0.9125,13942,-0.20250353468494467,0.05663489144325326,0.317960120499211,5081,-0.23281932301453573
range_z,short,8,0.5189097831421345,1.2001701714283386,13958,-0.2026288900115291,0.05650953611666884,0.3350766585470698,5466,-0.2594307001122434
flow_eff,short,0,-inf,-0.0265187321343402,14015,-0.2039339547186493,0.05520447140954862,0.3289332857652515,4899,-0.2114902849218602
minofday,long,1,135.0,285.0,14609,-0.20436494754953347,1.0709051585140494,0.3467725374768978,5369,-0.31279786349140787
atr_rank,short,7,0.7,0.8083333333333333,13909,-0.20443939407014106,0.05469903205805687,0.32568840319217773,5230,-0.24091424477298712
absorb,short,5,-0.008954280613520861,0.04533994814295983,14003,-0.20480158364405726,0.05433684248414067,0.3327144183389274,4721,-0.2504439863009291
atr_pct,long,5,0.003875723410610083,0.0044286155396200105,14018,-0.20486046284064205,1.0704096432229409,0.32793551148523326,4066,-0.2031257149426655
range_rank,long,7,0.7041666666666667,0.8083333333333333,13963,-0.2051488758225512,1.0701212302410317,0.3319487216214281,5362,-0.30913435249745275
gap,long,1,-0.001097294371219905,-0.00024049429671831437,14017,-0.20535701698851686,1.069913089075066,0.3323821074409645,10058,-0.3816594664224953
dn_wick,long,2,0.07529147731442874,0.1303509191429681,14016,-0.20552456503125707,1.0697455410323258,0.3453909817351598,5328,-0.35537764175394515
atr_pct,short,8,0.006008275883744218,0.007703173336905255,14016,-0.20554940111116582,0.05358902501703211,0.3019406392694064,2012,0.07304034717469775
wick_skew,long,8,0.27883076610452817,0.4385609957172965,14015,-0.2056887956952929,1.06958131036829,0.3492686407420621,5126,-0.3429498919108768
range_per_trade,long,8,1.6481608059263098e-07,2.025880808256588e-07,14015,-0.2060471578516957,1.0692229482118871,0.33221548341063145,1496,-0.4524664407215136
hour,short,0,-inf,2.0,11686,-0.20617849658519177,0.05295992954300616,0.3410063323635119,4296,-0.28032212640191184
range_per_trade,long,7,1.4282159017412843e-07,1.6481608059263098e-07,14016,-0.2063495043160077,1.0689206017475752,0.3389697488584475,2851,-0.3810632665472451
trade_intensity,short,7,1.0507742097188832,1.3135444981422806,14007,-0.20678736007558418,0.05235106605261375,0.33868779895766404,4889,-0.29653060658512853
rv_vs_range,short,0,-inf,0.4604315608001059,14015,-0.20684918883051953,0.0522892372976784,0.33828041384231183,4350,-0.27497349341396937
since_hi96,short,1,6.0,16.0,14945,-0.20714874478264667,0.051989681345551264,0.3361659417865507,5551,-0.23455828603861836
to_hi96,short,2,2.261395316609395,3.0638118874746594,14007,-0.2072599691625301,0.05187845696566784,0.3415435139573071,5046,-0.3143368894356723
vol_per_trade_z,short,8,0.851910273388845,1.37550279759591,13958,-0.20730402264397077,0.05183440348422716,0.34059320819601663,4512,-0.2881684808845973
since_lo96,long,0,-inf,7.0,13340,-0.2080104234124561,1.067259682651127,0.3194152923538231,5762,-0.2964112858678848
flow_eff,short,6,0.03054341328706755,0.0453296144918165,14014,-0.2084736490164077,0.05066477711179024,0.3308834023119737,4053,-0.24540522958536995
kyle,short,6,3.617248392287391e-07,4.0455602731677725e-07,14014,-0.20858675699178159,0.050551669136416344,0.3289567575281861,3273,-0.1828177764752809
since_lo24,long,3,8.0,11.0,12583,-0.20859665783569303,1.06667344822789,0.3435587697687356,4565,-0.3188144789203385
trade_intensity,short,8,1.3135444981422806,1.8618869314542148,14007,-0.20860503326473426,0.05053339286346367,0.3384736203326908,5110,-0.2814578504366795
trade_intensity,long,9,1.8618509830963998,inf,14008,-0.20867090959947585,1.066599196464107,0.33123929183323814,5897,-0.2984735631031662
to_lo24,long,3,1.6011303606601537,1.9690197974174553,14014,-0.20902528137682083,1.0662448246867622,0.3470814899386328,4560,-0.29814962553804675
avg_trade_usd,short,8,4628.725017655865,5172.948835086905,14015,-0.20908657407056525,0.050051852057632684,0.3247235105244381,5536,-0.3180755950933933
absorb,short,4,-0.05858870009045501,-0.008954280613520861,14002,-0.20912605700633224,0.050012369121865685,0.3325953435223539,4616,-0.29306347937224037
tbi_ma8,short,3,-0.013904659913368677,-0.007966954248855913,14010,-0.20921034198525162,0.049928084142946305,0.337615988579586,3874,-0.29083627622510905
kyle_z,short,8,0.7763344334518952,1.321506298378417,13958,-0.20921542010234254,0.04992300602585539,0.33521994555093854,5504,-0.27561948519886714
to_lo480,short,4,10.498400462213171,13.04754127820948,13968,-0.20951175092710422,0.049626675201093706,0.34170962199312716,5485,-0.23782633549841437
tbi_ma96,short,1,-0.011975481988466043,-0.008730351014881609,13958,-0.20956523549879022,0.04957319062940771,0.3431723742656541,5127,-0.2643747769590245
minofday,short,0,-inf,135.0,13146,-0.20958321873566166,0.04955520739253627,0.3396470409249962,4833,-0.27648490071518783
pos24,long,9,0.8624044475330149,inf,14015,-0.2097702478521048,1.065499858211478,0.3414912593649661,6272,-0.3597700105325377
dq_cum24,long,9,0.6713955952125215,inf,14002,-0.21001237183510155,1.0652577342284815,0.3607341808313098,8747,-0.3781768755252034
tbi_ma24,long,9,0.013944643677421754,inf,14002,-0.21006161400050527,1.0652084920630775,0.3608770175689187,8761,-0.3780063458753821
persist6,long,9,0.770002493049143,inf,14017,-0.21009598745922087,1.0651741186043622,0.33816080473710497,5460,-0.3583548032321222
to_lo480,short,2,5.7557661824489035,8.110559009199784,13968,-0.21010384791084338,0.049034578217354546,0.33440721649484534,4970,-0.33747202081762484
kyle_z,short,9,1.321506298378417,inf,13958,-0.210379837533102,0.048758588595095936,0.33543487605674166,5596,-0.26454240789014744
to_hi480,short,7,15.772787148530323,19.699545308023268,13968,-0.21049938586950145,0.048639040258696475,0.34213917525773196,5760,-0.3065893119741726
absorb_z,long,3,-0.11122244547977242,-0.0470671365506052,12945,-0.21050767277468288,1.0647624332889,0.34051757435303204,5682,-0.32538908831432617
avg_trade_usd,long,6,3932.495118448167,4248.256148754439,14015,-0.21051145115737205,1.064758654906211,0.3295754548697824,3840,-0.3595810975711693
ats_rank480,short,8,0.8104166666666667,0.9083333333333333,13585,-0.2106975372224201,0.04844088890577783,0.3355907250644093,5056,-0.29702375915274754
pos480,short,2,0.24514219042354396,0.3403448526883389,13968,-0.21114567450144286,0.047992751626755065,0.3502290950744559,5364,-0.29608023221781243
since_hi24,long,8,22.0,24.0,15049,-0.2112406056192543,1.0640295004443285,0.3439431191441292,5481,-0.3493326870943594
to_lo480,long,7,19.012853805514823,23.14962496965701,13969,-0.21173895590977543,1.0635311501538074,0.34619514639559024,4522,-0.35658358426219616
avg_trade_usd,long,4,3335.671043448776,3636.424511519627,14015,-0.21194518519667063,1.0633249208669122,0.3414199072422405,3753,-0.3619056192484459
persist96,short,8,0.17301769694039237,0.22593164534379606,14007,-0.21198910805152532,0.04714931807667261,0.332048261583494,5185,-0.19709627261408058
pos24,long,3,0.34843218846791446,0.43491278257072835,14014,-0.21204237884351562,1.0632277272200672,0.3445126302269159,4371,-0.34281250361641524
to_lo96,long,1,1.6461646683671702,2.544808793095455,14007,-0.2121247620278966,1.0631453440356864,0.3306917969586635,5114,-0.30081773196870926
to_hi24,long,6,2.559107021104845,3.0339089370107075,14014,-0.2123897201680114,1.0628803858955715,0.34808049093763377,4727,-0.3159553787047
absorb_z,long,4,-0.0470671365506052,0.025667206705233023,12945,-0.2131802244355938,1.0620898816279891,0.3405948242564697,5135,-0.3476295766504281
to_hi24,long,5,2.155435617544831,2.559107021104845,14015,-0.2136358653028315,1.0616342407607515,0.3496254013556903,4621,-0.33096354937861644
tbi,short,5,-0.0025436609219689765,0.015593393459371174,14015,-0.2136658659786176,0.04547256014958034,0.33271494826971104,4132,-0.2447372025103208
ats_rank480,short,7,0.70625,0.8104166666666667,13990,-0.2138480830330047,0.045290343095193225,0.33738384560400286,5316,-0.32654930921473874
wick_skew,long,7,0.164083383828898,0.27883076610452817,14016,-0.21390558801729634,1.0613645180462865,0.3436786529680365,5256,-0.3433638845266305
since_lo24,short,0,-inf,2.0,10694,-0.21404648335662654,0.045091942771571386,0.3371049186459697,4735,-0.29341112495879035
disp24,long,3,-1.2872694758210321,-0.5802912703475717,14015,-0.2141962492101905,1.0610738568533924,0.34812700677845165,4813,-0.3228460791993601
sess_us,long,1,1.0,inf,46717,-0.21438799962352395,1.0608821064400589,0.3356379904531541,17174,-0.32081248924821004
dq,short,5,-0.004972700637300688,0.03129996686963383,14015,-0.2145342629648124,0.04460416316338553,0.3325008919015341,4130,-0.24410342355163547
dq_cum24,long,8,0.3958112518831991,0.6713955952125215,14002,-0.2145389945448716,1.0607311115187112,0.34245107841736894,4448,-0.35582744964737656
tbi_ma24,long,8,0.008202880343893215,0.013944643677421754,14002,-0.21455199460931043,1.0607181114542725,0.3425224967861734,4456,-0.35370337887964043
ats_z96,long,8,0.8542796379330873,1.382364735258838,13958,-0.21490359172581933,1.0603665143377636,0.33822897263218227,4549,-0.33960384859478243
to_hi96,long,2,2.2600579717380134,3.063145552888624,14008,-0.21501892553647017,1.0602511805271129,0.3405910908052541,5054,-0.28591338919037373
since_hi24,short,3,7.0,11.0,17327,-0.2150223722462542,0.04411605388194373,0.3414901598661049,6103,-0.2973010318435096
kyle_z,short,7,0.41136943888750743,0.7763344334518952,13958,-0.21518531242027325,0.04395311370792468,0.33658117208769167,5126,-0.30320595585281757
range_rank,short,6,0.6020833333333333,0.7041666666666667,13619,-0.21520589184933342,0.04393253427886451,0.3330641016227329,5045,-0.2710826317918425
since_hi480,short,9,466.0,inf,14180,-0.21525940158344462,0.043879024544753314,0.33829337094499295,5948,-0.1452281359637843
updn_ratio,long,4,0.4666666666666667,0.5,25463,-0.2155762625699562,1.0596938434936267,0.33205042610847113,8561,-0.3350774066936891
dow,short,0,-inf,1.0,20060,-0.21569396173636604,0.04344446439183189,0.33649052841475574,7295,-0.26914677433917605
pos96,short,0,-inf,0.1704130966426945,14007,-0.2160172142334361,0.04312121189476184,0.32355250945955594,7300,-0.2569301645732281
tbi_ma8,long,9,0.026268263687462507,inf,14012,-0.21613110579038547,1.0591390002731975,0.3635455324007993,8925,-0.36589340755818234
atr_rank,short,6,0.5916666666666667,0.7,14070,-0.21613369885880765,0.04300472726939028,0.3316986496090974,5390,-0.26109839502948107
dq,long,6,0.03135583097929944,0.07012020177971123,14015,-0.21617868458028996,1.059091421483293,0.3339279343560471,4239,-0.37299367432462116
minofday,long,6,855.0,1005.0,14602,-0.21634052540537035,1.0589295806582126,0.3354335022599644,5370,-0.29517500296778054
since_hi24,short,2,4.0,7.0,14625,-0.21669860169441046,0.042439824433787465,0.3392820512820513,5286,-0.3190817161696469
range_rank,short,7,0.7041666666666667,0.8083333333333333,13956,-0.21690060844873657,0.04223781767946136,0.3272427629693322,5361,-0.22324732828308463
vol_per_trade_z,short,7,0.49042303123008346,0.851910273388845,13958,-0.21717138011825263,0.0419670460099453,0.3365095285857573,4723,-0.2938042435483094
to_hi480,long,4,8.742911942368442,10.759022358597939,13969,-0.21720862619614043,1.0580614798674426,0.3361013673133367,4671,-0.3735519819854606
flow_eff,long,0,-inf,-0.02652549215181598,14016,-0.21732482757653354,1.0579452784870493,0.3261986301369863,4897,-0.31065789496259827
disp96,long,8,5.459478827638739,8.335625828814472,14007,-0.21773440191057458,1.0575357041530085,0.3373313343328336,5352,-0.4071967088998597
tbi,long,6,0.015619430883850404,0.03500363472191106,14015,-0.217783971260503,1.05748613480308,0.3333571173742419,4235,-0.37260574253282375
tbi_ma8,long,8,0.016117273248382327,0.026268263687462507,14011,-0.21784991967672412,1.0574201863868589,0.34258796659767327,4787,-0.41752646313014885
atr_rank,long,7,0.7,0.8083333333333333,13912,-0.2182505357836394,1.0570195702799436,0.3229585968947671,5229,-0.23517387516811564
persist6,long,8,0.6224576050217369,0.770002493049143,14016,-0.2184295051813843,1.0568406008821987,0.337685502283105,5283,-0.36601743299400374
tbi_ma24,short,6,0.000806052241266576,0.004225279888668733,14001,-0.21849023325573513,0.040648192872462796,0.3346903792586244,3761,-0.27134173833301367
tbi_ma8,short,1,-0.03147566513947565,-0.021120217641807285,14010,-0.21854335758899143,0.0405950685392065,0.34104211277658814,5047,-0.28737769373945293
ats_z96,short,7,0.4888859152441898,0.8542232187011322,13958,-0.21876803005984513,0.0403703960683528,0.3369393895973635,4800,-0.2710776643173451
absorb,long,4,-0.05853751873216479,-0.008863391044743606,14003,-0.2187686520179971,1.056501454045586,0.3300721274012712,4618,-0.30352786441438084
tbi_ma8,long,5,-0.0024144065571653425,0.0031175625968325915,14012,-0.2190681109482641,1.0562019951153188,0.33421353125892095,3754,-0.3224289047121754
absorb,long,7,0.09140961231022182,0.15360264196877746,14003,-0.21930257139175646,1.0559675346718265,0.3397129186602871,4709,-0.36590266770271596
dq_z96,long,3,-0.5649229972456685,-0.2793843188276325,13958,-0.21936491541145497,1.055905190652128,0.3392319816592635,5122,-0.3389831432944064
body_frac,long,9,0.695652173913071,inf,14016,-0.2194039471736056,1.0558661588899774,0.3466038812785388,6085,-0.3183699147014405
updn_ratio,short,4,0.4666666666666667,0.5,25465,-0.21947234206667987,0.03966608406151806,0.3291183978009032,8562,-0.23298915232819098
range_z,long,7,0.1549821750554394,0.5188696694300166,13959,-0.21952842667879865,1.0557416793847842,0.33283186474675835,5110,-0.3211244970741738
dq_cum24,short,6,0.04066564285230842,0.20475963114565116,14001,-0.21955919077115504,0.039579235357042886,0.33433326190986357,3757,-0.271009549050032
dn_wick,long,3,0.1303509191429681,0.18673369101942097,14015,-0.21957424000563242,1.0556958660579505,0.34056368176953267,5263,-0.32889536524477525
absorb_z,long,5,0.025667206705233023,0.08957280014556913,12945,-0.2196194707074644,1.0556506353561186,0.3382000772499034,4890,-0.3663922355776332
up_wick,long,8,0.45626242539204936,0.5782850663205327,14015,-0.21988569455949714,1.0553844115040858,0.34199072422404564,4892,-0.3382477850386292
kyle,long,6,3.616932151028997e-07,4.045312665332825e-07,14015,-0.21990283928053755,1.0553672667830454,0.3247235105244381,3276,-0.22716131242579504
pos24,long,4,0.43491278257072835,0.5223853655908175,14015,-0.21996144801345335,1.0553086580501296,0.3462004994648591,4503,-0.33843103972113625
pos480,long,0,-inf,0.15618238949366353,13970,-0.21996590100303906,1.055304205060544,0.3239799570508232,6218,-0.31319749240121303
range_z,short,5,-0.2779375795124852,-0.08905302444466669,13958,-0.2201205933382472,0.03901783278995072,0.33794239862444475,4709,-0.28696755742751084
ats_rank480,long,9,0.9083333333333333,inf,13874,-0.22032539831377837,1.0549447077498046,0.33097880928355194,5063,-0.382036388697855
vol_per_trade_z,long,8,0.8519391808476117,1.3753346727980356,13958,-0.22036094279042062,1.0549091632731624,0.33636624158188855,4518,-0.34133256809403356
tbi_z96,long,3,-0.5650285723001455,-0.2794242150986511,13958,-0.22043489759689971,1.0548352084666832,0.33880212064765725,5124,-0.33741756723997646
m1_jump,long,1,0.19187568448532866,0.22568304242308604,14017,-0.22046319411610177,1.0548069119474812,0.33687664978240706,4498,-0.33028324296496026
ats_z96,short,8,0.8542232187011322,1.3823704583441403,13958,-0.22054737979610897,0.03859104633208896,0.33550651955867605,4544,-0.31417723610743487
efficiency,long,6,0.26962995836085835,0.3257978895898522,14015,-0.22079741970123276,1.0544726863623501,0.3407777381377096,4985,-0.34769558431272685
since_lo24,long,2,5.0,8.0,13316,-0.22116204808999937,1.0541080579735835,0.33666266145989787,4957,-0.33766561229244874
tbi,long,5,-0.0025162818561282885,0.015619430883850404,14016,-0.22124931655417054,1.0540207895094125,0.3313356164383562,4126,-0.31793542214257103
persist6,short,8,0.6224409208197836,0.7699481992721544,14016,-0.2212541261783754,0.037884299949822536,0.3334760273972603,5282,-0.2513981254322437
body_frac,long,2,-0.5180730090964457,-0.36111111111123073,14016,-0.22129886455321704,1.053971241510366,0.3396118721461187,4767,-0.30592574066918393
to_lo480,short,3,8.110559009199784,10.498400462213171,13969,-0.2217242694271554,0.037414156701042534,0.33388216765695466,5491,-0.26365860964247756
tbi_ma96,short,4,-0.004398627980764106,-0.0025626455999295046,13958,-0.22186019890692013,0.0372782272212778,0.3411663562114916,4159,-0.34676931815300205
dq,long,5,-0.004901203397107932,0.03135583097929944,14016,-0.22186201486963647,1.0534080911939465,0.3310502283105023,4126,-0.31921802073054684
pos24,short,1,0.16528058818052813,0.2604166666666675,14014,-0.22244640387077808,0.036692022257419854,0.33816183816183815,5191,-0.24295013590002035
rv_vs_range,long,0,-inf,0.4604476445036602,14016,-0.2225653369692155,1.0527047690943674,0.3349743150684932,4354,-0.32154797022661935
hour,short,7,16.0,19.0,17522,-0.2225960078152731,0.03654241831292482,0.3271886770916562,6442,-0.25718368181788687
hi_pos,long,2,0.14285714285714285,0.21428571428571427,8652,-0.22273446679979797,1.052535639263785,0.3422330097087379,3082,-0.2899528773773721
since_hi480,long,6,322.0,382.0,13879,-0.2228220231504844,1.0524480829130984,0.34959291015202826,4747,-0.3284873784741989
range_z,long,9,1.2001165413150772,inf,13959,-0.2228974984881624,1.0523726075754205,0.3280320939895408,5847,-0.28920512682179
atr_rank,short,3,0.2604166666666667,0.375,14098,-0.22294328627516496,0.036195139853032965,0.3450134770889488,5242,-0.19694068189583375
persist96,long,5,0.0861492861181534,0.10973027857277906,14008,-0.22313706126839467,1.0521330447951882,0.3390919474585951,5552,-0.42853305924117757
up_wick,long,7,0.36863637137978456,0.45626242539204936,14016,-0.2231968446976089,1.052073261365974,0.3409674657534247,4795,-0.3503609763044905
pos96,long,7,0.700906153296013,0.7852123922069616,14007,-0.22327578577305154,1.0519943202905313,0.34425644320696797,5278,-0.35474681588413365
atr_pct,short,3,0.0029092158939118557,0.0033989450092214127,14016,-0.2235030929937463,0.035635333134451636,0.3403966894977169,6426,-0.2199378827048975
absorb_z,long,8,0.2328029282698889,0.4385431429519766,12945,-0.2238193093408172,1.0514507967227658,0.3382773271533411,4393,-0.4102913143326988
tbi,short,2,-0.06257588270343735,-0.040291791192652006,14015,-0.2238713898352603,0.03526703629293762,0.33349982161969316,4342,-0.31499263109717607
avg_trade_usd,short,6,3932.564480086221,4248.305998891608,14014,-0.22392970570027437,0.03520872042792356,0.32774368488654204,3841,-0.33056452193135866
kyle_z,long,8,0.7759837324260654,1.321079338335075,13958,-0.22393727458642224,1.0513328314771606,0.33178105745808856,5510,-0.32997992612598137
dq,short,2,-0.1250773429768977,-0.08048471117991188,14015,-0.22407742259102528,0.03506100353717265,0.33349982161969316,4351,-0.31377166765604
since_lo96,long,8,88.0,94.0,13284,-0.2241152594975513,1.0511548465660316,0.34199036434808794,4850,-0.4417455616763301
vol_of_vol,short,8,0.6363920579196454,1.3811806377779712,13966,-0.22431362486897555,0.03482480125922238,0.3209938421881713,5642,-0.21222885753322332
tbi_ma8,short,2,-0.021120217641807285,-0.013904659913368677,14011,-0.22448441679658818,0.03465400933160975,0.3360216972378845,4325,-0.2504188266737726
sess_us,short,1,1.0,inf,46712,-0.22455812576929357,0.03458030035890436,0.3304718273676999,17173,-0.27811117145856934
absorb,long,6,0.04537503982596455,0.09140961231022182,14004,-0.22475858375023675,1.050511522313346,0.3319051699514424,4270,-0.34672696921801155
hour,long,6,14.0,16.0,11680,-0.22507049014449673,1.0501996159190863,0.3352739726027397,4296,-0.28581190892814423
kyle,short,5,3.2658207320427577e-07,3.617248392287391e-07,14015,-0.2253948136992412,0.03374361242895674,0.32800570816981806,3804,-0.1944142811452229
extreme_late,long,2,0.42857142857142855,0.5714285714285714,14174,-0.22553401732626158,1.0497360887373213,0.3392126428672217,5576,-0.3302154325178657
range_z,short,6,-0.08905302444466669,0.15511007037536947,13957,-0.22565953603386008,0.033478890094337854,0.3330945045496883,4834,-0.2901342453287271
absorb_z,long,6,0.08957280014556913,0.14202380440212758,12945,-0.22567775478089003,1.0495923512826928,0.3324063344920819,4998,-0.3460061370998062
absorb,short,3,-0.10685822392488817,-0.05858870009045501,14003,-0.22568489573456613,0.0334535303936318,0.3317860458473184,4321,-0.2756950491367828
ats_rank480,long,7,0.7083333333333334,0.8104166666666667,13718,-0.22581466161993127,1.0494554444436517,0.33481557078291296,5201,-0.31642492653594356
up_wick,long,4,0.17676861804845104,0.23357526628333303,14015,-0.22597542316878455,1.0492946828947984,0.33571173742418836,4972,-0.3454434836258178
since_hi480,short,5,254.0,322.0,13990,-0.22626542931837682,0.032872996809821114,0.3440314510364546,4881,-0.3650919647431829
persist96,short,6,0.10972942217892816,0.13718569794022786,14007,-0.22654801144872153,0.032590414679476404,0.33233383308345826,5605,-0.2461111346507082
close_loc,long,1,0.09583948043726527,0.19565217391304277,14015,-0.22684373644327135,1.0484263696203115,0.3394220478059222,5193,-0.3379930419821273
range_per_trade,short,8,1.648169953907276e-07,2.0258479914205933e-07,14015,-0.22684738689148456,0.032291039236713365,0.32244024259721726,1496,-0.30640137704592346
rpt_z,long,3,-0.6028727171343597,-0.3507413004009038,13958,-0.22687007715452948,1.0484000289090534,0.3398051296747385,5406,-0.31435322391840553
vol_of_vol,long,5,-0.2810253203654729,-0.05957358320970294,13967,-0.22710970820005955,1.0481603978635234,0.33271282308298133,4665,-0.35056613306096085
rv_vs_range,long,1,0.4604476445036602,0.5158743902535146,14015,-0.2271277396296862,1.0481423664338967,0.33357117374241885,4679,-0.321217044888227
ats_rank480,short,9,0.9083333333333333,inf,13879,-0.22721586006316155,0.03192256606503638,0.3343900857410476,5063,-0.3047000424434508
dq,short,3,-0.08048471117991188,-0.04189514287006012,14014,-0.2275288534328238,0.03160957269537412,0.331525617239903,4159,-0.29925071954267296
dn_wick,short,4,0.1867312871432267,0.24644356732183775,14015,-0.22757936942196408,0.03155905670623385,0.33792365322868356,5120,-0.27325435227863004
rv_vs_range,short,2,0.5158526215707813,0.5612809063884316,14015,-0.22758604051122092,0.03155238561697701,0.3336425258651445,4731,-0.3004174600064904
absorb_z,short,9,0.43850573154978184,inf,12945,-0.22780442999377434,0.031333996134423586,0.336655079181151,4432,-0.2618631071720685
to_hi24,long,4,1.7860576785087448,2.155435617544831,14015,-0.2278061464478161,1.0474639596157669,0.3458437388512308,4624,-0.3182478804956072
up_wick,short,1,0.01941644762319262,0.07092157726565114,14015,-0.22783472064256258,0.03130370548563535,0.33792365322868356,5383,-0.26940721339433
tbi,short,3,-0.040291791192652006,-0.020997239828644907,14014,-0.22786025792186684,0.031278168206331086,0.3313115455972599,4160,-0.29672734808892437
vol_of_vol,short,7,0.22867444991554717,0.6363920579196454,13965,-0.2279346987910909,0.031203727337107023,0.3289652703186538,5291,-0.2220903953535361
ats_z96,long,9,1.382364735258838,inf,13959,-0.22804637360007055,1.0472237324635123,0.33605559137474034,5076,-0.38590076108174
tbi,short,6,0.015593393459371174,0.034983598825310276,14014,-0.22840882028130302,0.03072960584689491,0.3269587555301841,4231,-0.23237171713247246
persist24,long,1,0.028805042983925052,0.05836872808760448,14015,-0.22841968683302147,1.0468504192305614,0.348269711023903,4942,-0.3506401435701307
to_hi24,long,3,1.4335522150459181,1.7860576785087448,14014,-0.22857784668811934,1.0466922593754635,0.3435849864421293,4808,-0.31841230533299786
close_loc,long,2,0.19565217391304277,0.294804847530813,14016,-0.22867490787741002,1.046595198186173,0.3349743150684932,5006,-0.3274382972898614
dq,short,6,0.03129996686963383,0.07005538419612165,14014,-0.228678521423426,0.030459904704771917,0.326744683887541,4235,-0.23235151705534593
is_weekend,short,0,-inf,1.0,100047,-0.22892699895458798,0.030211427173609945,0.3271062600577728,36746,-0.23358689594644685
vol_per_trade_z,short,9,1.37550279759591,inf,13958,-0.22914446614405012,0.029993959984147806,0.3370110330992979,5114,-0.301127040072159
disp24,long,2,-2.1249572278517754,-1.2872694758210321,14014,-0.22946377082876462,1.0458063352348184,0.34094476951619807,4896,-0.3521641845613292
tbi_ma8,short,4,-0.007966954248855913,-0.0024224741490874724,14011,-0.22967711378314454,0.029461312345053392,0.3281707230033545,3667,-0.289587736118352
up_wick,long,6,0.2966126099742543,0.36863637137978456,14015,-0.22978432308508392,1.045485782978499,0.33656796289689617,5065,-0.34530614000846177
dn_wick,long,1,0.021111191404075667,0.07529147731442874,14015,-0.22986100292326078,1.045409103140322,0.3396361041740992,5493,-0.33340220268884574
dq_cum24,short,2,-0.6336260817627405,-0.435442694739104,14001,-0.2299171102957345,0.02922131583246343,0.333619027212342,4389,-0.309008911288263
tbi_ma8,long,7,0.009029364818807822,0.016117273248382327,14011,-0.23000137216993366,1.0452687338936493,0.3332381700092784,3985,-0.32789079407805943
kyle,short,4,2.948299496942658e-07,3.2658207320427577e-07,14015,-0.23001864477111175,0.029119781357086177,0.33399928647877275,4471,-0.21897877462006274
gap,short,1,-0.0010978402617079534,-0.0002404713405589114,14016,-0.23006346497386992,0.029074961154328005,0.3289098173515982,10055,-0.3057926145077039
range_z,short,7,0.15511007037536947,0.5189097831421345,13958,-0.23023105977607305,0.028907366352124875,0.3304914744232698,5105,-0.2865992261331468
range_z,long,6,-0.0891689878135539,0.1549821750554394,13958,-0.23028797238150817,1.0449821336820748,0.3316377704542198,4838,-0.3331891283855794
dq,short,4,-0.04189514287006012,-0.004972700637300688,14015,-0.2303536591317345,0.02878476699646343,0.32622190510167676,4227,-0.25020636553873193
tbi_ma24,short,2,-0.013243888751463229,-0.009112446644050516,14001,-0.23044811988378663,0.028690306244411296,0.3332619098635812,4390,-0.3080783278259264
persist24,short,7,0.24789526300323517,0.3099593986698207,14014,-0.2304568394379726,0.02868158669022533,0.33223918938204655,5524,-0.3156133775041788
since_lo24,long,4,11.0,15.0,16754,-0.23060133265760493,1.044668773405978,0.3401575743106124,6068,-0.34723671360682884
m1_jump,long,2,0.22568304242308604,0.2535931135349437,14017,-0.23081906637257843,1.0444510396910045,0.3320967396732539,4508,-0.35371799436142337
tbi,long,8,0.05762518121223366,0.08883858302980978,14015,-0.2308699858475817,1.0444001202160011,0.33870852657866574,5014,-0.35167612968674716
tbi_z96,long,8,0.8814978914422796,1.3092861799816025,13958,-0.23095433732065207,1.0443157687429308,0.33994841667860726,5140,-0.3618844883171369
tbi_ma24,long,7,0.004227317404500144,0.008202880343893215,14001,-0.23108955439296955,1.0441805516706133,0.3341904149703593,3874,-0.3482007629821776
dq_z96,long,8,0.8816278227690416,1.3090323448104957,13958,-0.23110603591897796,1.0441640701446049,0.33987677317667286,5139,-0.36174226605493925
since_lo96,long,1,7.0,18.0,14623,-0.2311984182142269,1.0440716878493561,0.3210695479723723,5539,-0.2702749202410132
tbi,short,4,-0.020997239828644907,-0.0025436609219689765,14015,-0.23123964582023776,0.02789878030796017,0.3260792008562255,4227,-0.250327657033414
dq,long,8,0.11533542952702397,0.1777093128897482,14015,-0.23126609646929824,1.0440040095942846,0.3384944702104888,5011,-0.35104039744311233
kyle,long,4,2.9482800890683477e-07,3.265747859958165e-07,14015,-0.23134661055591024,1.0439234955076726,0.33606849803781663,4472,-0.2980136107047355
to_hi480,long,1,2.8324595256111467,4.785401386079122,13969,-0.23139050377316714,1.0438796022904158,0.32400314983177037,4641,-0.3543153590733912
tbi_ma8,long,4,-0.007954105555631403,-0.0024144065571653425,14011,-0.23139985027340387,1.0438702557901791,0.3298122903433017,3665,-0.30518576224062727
body_frac,long,1,-0.6838956644746642,-0.5180730090964457,14015,-0.23163151666012308,1.0436385894034599,0.335997145915091,5138,-0.31239708669571253
dq_cum24,long,7,0.2050182288947727,0.3958112518831991,14001,-0.2317808097814622,1.0434892962821207,0.3339047210913506,3871,-0.3451991407266756
dq_z96,short,4,-0.2799169813038443,-0.001767565468777754,13958,-0.23179624845819544,0.027342177670002493,0.33450351053159477,5379,-0.2903407226086673
tbi_z8,long,1,-1.3274637088865917,-0.935090554833331,14011,-0.2318165497400663,1.0434535563235166,0.34016130183427307,5121,-0.34627134077634664
dn_wick,long,5,0.246445497630362,0.31095562849051295,14016,-0.23191581449438986,1.0433542915691931,0.332976598173516,4917,-0.35537212510920124
tbi_z96,short,4,-0.2800884226638891,-0.002018527874453294,13958,-0.23192760246425478,0.027210823663943146,0.33450351053159477,5379,-0.2914876331148558
to_lo24,short,4,1.968396047874495,2.3572312353525007,14014,-0.23198419136661264,0.027154234761585294,0.3410161267304124,4637,-0.24568992855933655
close_loc,long,3,0.294804847530813,0.3996521735183718,14015,-0.2320789662937616,1.0431911397698213,0.33649661077417053,4805,-0.3437663551929235
rpt_rank,long,0,-inf,0.09791666666666667,13725,-0.23223466022430445,1.0430354458392785,0.33581056466302367,5098,-0.33828503195176185
to_lo24,short,2,1.219545618217237,1.6003688938351373,14014,-0.23227682743215272,0.026861598696045208,0.3405879834451263,4920,-0.2506540953801399
range_rank,long,6,0.6020833333333333,0.7041666666666667,13620,-0.23239877855136998,1.042871327512213,0.3265785609397944,5045,-0.30908222912871763
extreme_late,long,0,-inf,0.21428571428571427,10746,-0.23251035672463147,1.0427597493389515,0.33677647496742974,3634,-0.3897968409759917
vol_per_trade_z,short,6,0.18559889457631362,0.49042303123008346,13957,-0.2326375742696843,0.02650085185851364,0.33352439636024933,5139,-0.2692241273702671
close_loc,long,5,0.507865168539334,0.6173576806025555,14016,-0.23268394297762898,1.0425861630859539,0.3356164383561644,4889,-0.3533623014998815
up_wick,long,5,0.23357526628333303,0.2966126099742543,14016,-0.2327953835987022,1.0424747224648807,0.3349743150684932,4866,-0.32177362117096253
accel,long,0,-inf,-1.5784260096263005,14015,-0.23288461218608442,1.0423854938774986,0.3300035676061363,5727,-0.33566214713560655
body_frac,long,3,-0.36111111111123073,-0.1918966200419177,14015,-0.23289491810218507,1.0423751879613978,0.33656796289689617,4748,-0.3451772133227558
wick_skew,long,6,0.07026116749297882,0.164083383828898,14015,-0.23296524703631488,1.042304859027268,0.3353549768105601,5381,-0.34328452132105114
since_lo480,long,1,31.0,82.0,13926,-0.23299814416581785,1.0422719618977652,0.3369955478960218,5246,-0.35096075721104847
persist24,short,9,0.40168975666937445,inf,14014,-0.23303204017798967,0.026106385950208255,0.3178963893249607,5153,-0.25071445142052584
trade_intensity,long,8,1.3134575118099352,1.8618509830963998,14008,-0.23306326354934478,1.0422068425142381,0.326956025128498,5112,-0.28819062906350845
dq_z96,long,6,0.27219530458703467,0.5565705540464609,13958,-0.23308982027781758,1.0421802857857654,0.3347184410373979,5304,-0.38306523551800437
hi_pos,long,1,0.0,0.14285714285714285,40960,-0.23311648832195414,1.0421536177416288,0.337158203125,14590,-0.35370309471289757
wick_skew,short,4,-0.09221479732514648,-0.008493337368199863,14015,-0.23323036359668844,0.025908062531509485,0.3372814841241527,5244,-0.2728337937869194
ats_rank480,long,3,0.29375,0.3958333333333333,13618,-0.23326222735991184,1.042007878703671,0.3385959759142312,5090,-0.3328734894519733
ats_z96,long,7,0.4890756595312535,0.8542796379330873,13959,-0.23351266474981347,1.0417574413137696,0.3330467798552905,4801,-0.3568448062815184
efficiency,long,5,0.21942325410817082,0.26962995836085835,14016,-0.23386029045811624,1.0414098156054667,0.3358304794520548,4947,-0.3223083131037181
dq_cum24,long,4,-0.26871545282940557,-0.11276819865206643,14001,-0.23389040089540922,1.0413797051681737,0.3341189915006071,4030,-0.3089851046436124
minofday,short,9,1290.0,inf,14604,-0.23392210482082199,0.025216321307375944,0.331826896740619,5367,-0.24832235409253378
rpt_rank,long,8,0.8020833333333334,0.9041666666666667,13817,-0.23406429971454537,1.0412058063490375,0.340015922414417,5307,-0.38263036763632374
since_lo480,long,9,470.0,inf,14516,-0.23413505268820334,1.0411350533753796,0.3339074125103334,4978,-0.37950918049059906
persist24,long,8,0.3099459718768158,0.4016930096657836,14015,-0.23420023182623984,1.0410698742373432,0.3276489475561898,5525,-0.36187119462142636
updn_ratio,long,8,0.6,0.6666666666666666,21029,-0.23421970585690643,1.0410504002066765,0.3347757858195825,7612,-0.37663958220646504
tbi_ma24,long,4,-0.005640188353362,-0.002389069339234826,14001,-0.23423677785571298,1.0410333282078699,0.33404756803085495,4024,-0.30632637385805234
rv_vs_range,short,3,0.5612809063884316,0.6042572543156807,14014,-0.2343571784614286,0.02478124766676934,0.3321678321678322,4884,-0.2989400381223971
since_lo96,short,9,94.0,inf,16236,-0.23436008338277725,0.02477834274542068,0.34595959595959597,5871,-0.2983471885813498
trade_intensity,long,5,0.7658597577114359,0.8870540291097073,14007,-0.23447204349668435,1.0407980625668987,0.3353323338330835,4597,-0.35503473058601287
to_hi24,short,3,1.4339651436043819,1.786661199106068,14014,-0.23456294401936534,0.02457548210883259,0.3375909804481233,4805,-0.3084183882117484
tbi_z96,long,6,0.2719426370031324,0.5564060994382799,13958,-0.23471608181300574,1.0405540242505773,0.3341452930219229,5302,-0.3832911946047976
rpt_z,long,1,-1.2305791461011988,-0.8793819643314953,13958,-0.23478935710103627,1.0404807489625467,0.3386588336437885,5460,-0.3650197312448619
close_loc,short,7,0.7212528136659395,0.8191431818508692,14015,-0.23500179074314356,0.024136635385054367,0.33093114520156974,4961,-0.2323046158964868
tbi_ma96,short,5,-0.0025626455999295046,-0.0007389142340529623,13958,-0.235030873189039,0.02410755293915892,0.3332855709987104,4201,-0.2903419137204811
tbi,short,7,0.034983598825310276,0.05760491047959276,14015,-0.23523282430945905,0.02390560181873888,0.3316446664288263,4434,-0.277903189285854
atr_rank,long,2,0.14583333333333334,0.2604166666666667,13856,-0.23533627663035397,1.039933829433229,0.34894630484988454,4343,-0.3601759208142787
ats_rank480,long,8,0.8104166666666667,0.9083333333333333,13595,-0.23542917824627518,1.0398409278173077,0.33004781169547626,5063,-0.3583184794736636
atr_rank,long,5,0.48125,0.5916666666666667,13970,-0.2354758728725766,1.0397942331910064,0.3304939155332856,5172,-0.33653660591926604
to_hi480,short,1,2.834413755969932,4.786681778179745,13968,-0.2354873421596771,0.023651083968520836,0.3259593356242841,4637,-0.18180448151054676
tbi,long,4,-0.02096278799700303,-0.0025162818561282885,14015,-0.23552278826884807,1.039747317794735,0.32536567962896895,4232,-0.2970492755630645
trade_intensity,short,5,0.7659181899216034,0.8870566561421946,14007,-0.23555130621709489,0.023587119911103044,0.3351181552081102,4594,-0.27501665139091014
dq,short,7,0.07005538419612165,0.11529950701330832,14015,-0.2356405614992099,0.023497864628988036,0.3316446664288263,4426,-0.27845771263484903
close_loc,short,8,0.8191431818508692,0.9146126533335953,14015,-0.2358329216743846,0.023305504453813325,0.33342846949696753,5137,-0.27660412306100857
vol_per_trade_z,long,7,0.49060371898437777,0.8519391808476117,13959,-0.23590587759683637,1.0393642284667466,0.33139909735654416,4720,-0.35027811735931846
tbi_z96,long,5,-0.001583560390582985,0.2719426370031324,13959,-0.23590890836374281,1.03936119769984,0.33283186474675835,5247,-0.3418838856441632
ats_z96,short,9,1.3823704583441403,inf,13958,-0.2359567104520456,0.02318171567615232,0.33550651955867605,5074,-0.294208140645484
rpt_z,long,0,-inf,-1.2305791461011988,13959,-0.23600198032388356,1.0392681257396994,0.3369868901783795,4666,-0.35699725598346793
tbi,long,7,0.03500363472191106,0.05762518121223366,14016,-0.2360154304104784,1.0392546756531045,0.3307648401826484,4433,-0.36191170547553453
tbi_ma24,short,5,-0.0023931230203655244,0.000806052241266576,14001,-0.23618624082167017,0.02295218530652776,0.33111920577101633,3808,-0.2774722561673449
hour,short,9,21.0,inf,17524,-0.2362310254879254,0.022907400640272524,0.3304610819447615,6438,-0.24937952724941895
dq_cum24,short,5,-0.11289914683514485,0.04066564285230842,14001,-0.236242527159948,0.022895898968249923,0.33097635883151205,3808,-0.2778678766853347
since_lo96,long,6,69.0,80.0,14247,-0.23626753714653637,1.0390025689170466,0.34821365901593315,5004,-0.36419928292866915
dq,long,4,-0.04182480328815244,-0.004901203397107932,14015,-0.2363112972735479,1.038958808790035,0.32508027113806637,4228,-0.2969996197084325
to_lo24,short,8,3.907419132487673,4.9031535211541035,14014,-0.23635581646215864,0.02278260966603929,0.333737690880548,5442,-0.34664859278820015
tbi_z8,long,4,-0.30946707349237823,-0.004513604189820866,14011,-0.2364225114482897,1.0388475946152933,0.3353793448005139,5287,-0.34651388168085356
body_frac,short,7,0.36751493022473697,0.5254174074510747,14015,-0.23646256924865913,0.022675856879538797,0.3320014270424545,4825,-0.24395819579726843
vol_of_vol,short,3,-0.6336065789969789,-0.46380008586205546,13965,-0.23653994635409556,0.02259847977410237,0.33741496598639453,4547,-0.31129768092152693
since_hi24,long,0,-inf,2.0,11368,-0.23656371225523873,1.0387063938083443,0.33603096410978184,4616,-0.3481397585976029
dq,long,7,0.07012020177971123,0.11533542952702397,14016,-0.23656948324144042,1.0387006228221425,0.3306221461187215,4422,-0.3615480587766342
m1_jump,long,4,0.28123888580488743,0.3110449355524476,14017,-0.2367007742028071,1.0385693318607758,0.3352357851180709,5125,-0.3530970237236483
tbi_ma24,long,2,-0.013238972930851628,-0.009108557400176149,14001,-0.23676141721286503,1.038508688850718,0.3334047568030855,4391,-0.3291589054143704
m1_jump,long,0,-inf,0.19187568448532866,14017,-0.2367690996386305,1.0385010064249525,0.3313833202539773,4174,-0.32984503040159446
trade_intensity,long,3,0.5854463147564563,0.6681848911623578,14007,-0.2368682489907478,1.038401857072835,0.33804526308274435,4577,-0.37686835257361834
to_hi480,long,5,10.759022358597939,13.040976515034913,13969,-0.23687509462859066,1.0383950114349922,0.3303028133724676,4611,-0.29245611453008447
tbi_z8,long,0,-inf,-1.3274637088865917,14012,-0.23689929729815676,1.0383708087654262,0.3381387382243791,5342,-0.32564440750721696
lo_pos,short,3,0.2857142857142857,0.35714285714285715,7256,-0.2369194530778573,0.022218973050340624,0.33379272326350606,2535,-0.28512389182064335
atr_pct,long,4,0.003398933560455625,0.003875723410610083,14017,-0.23692994965144631,1.0383401564121366,0.32710280373831774,4894,-0.2719188243214041
to_lo24,long,0,-inf,0.7893940669795814,14015,-0.23699269462916892,1.038277411434414,0.3394220478059222,6876,-0.3766467747796189
lo_pos,long,5,0.5714285714285714,0.7142857142857143,12520,-0.2369954046806077,1.0382747013829752,0.33825878594249204,4471,-0.33547676029813095
dq_z96,long,5,-0.0014151549737735113,0.27219530458703467,13959,-0.2370271484870308,1.0382429575765522,0.3324020345296941,5245,-0.34205959619124093
up_wick,short,3,0.12388264573070194,0.17677926589356183,14014,-0.23711532329739166,0.022023102830806274,0.3315969744541173,4976,-0.2809695612982833
trade_intensity,long,4,0.6681848911623578,0.7658597577114359,14008,-0.237253821580864,1.038016284482719,0.3355225585379783,4568,-0.3498229983076922
absorb_z,long,7,0.14202380440212758,0.2328029282698889,12945,-0.2372851640929219,1.037984941970661,0.33186558516801856,4600,-0.3843618169834539
since_hi96,long,8,87.0,94.0,13699,-0.23740719392274523,1.0378629121408376,0.3400978173589313,5352,-0.337840336517455
lo_pos,long,6,0.7142857142857143,0.8571428571428571,13272,-0.2374449421252915,1.0378251639382914,0.33581977094635324,5144,-0.3490292245454889
tbi_ma96,short,0,-inf,-0.011975481988466043,13958,-0.2375267342715752,0.021611691856622733,0.3386588336437885,8706,-0.33122698753645385
tbi_z24,long,5,-0.003444819622059794,0.2799586567430795,14002,-0.23757190014028087,1.037698205923302,0.3356663333809456,5306,-0.3452962668121195
tbi_ma96,long,7,0.0012957016688947345,0.003766207621266117,13959,-0.23759846991537883,1.0376716361482041,0.3365570599613153,4674,-0.3462749770706531
since_lo96,long,4,43.0,56.0,13642,-0.2376065098462485,1.0376635962173344,0.3504618091188975,4955,-0.36542791038458566
to_lo480,long,1,3.457930459649429,5.7588430256955885,13969,-0.23766092846276687,1.037609177600816,0.3179182475481423,4949,-0.2387642034080783
persist96,long,3,0.047768848681914576,0.06594164375885603,14007,-0.2377015460629762,1.0375685600006068,0.34518455058185193,5068,-0.30330211657835127
updn_ratio,short,2,0.4,0.42857142857142855,19930,-0.23785602073019368,0.021282405398004245,0.3261414952333166,6764,-0.2621746672440327
dow,short,2,2.0,3.0,19947,-0.23785679871049495,0.02128162741770298,0.322855567253221,7385,-0.3278246552035683
ats_z96,short,5,-0.08442158794069186,0.1866472808997088,13958,-0.2378859313952218,0.021252494732976135,0.33428858002579165,5280,-0.273351567793963
rpt_z,long,8,0.839351610586259,1.3771431182654135,13958,-0.23789955614361227,1.0373705499199706,0.3350766585470698,4916,-0.337281946703376
updn_ratio,long,9,0.6666666666666666,inf,18491,-0.2379146041397841,1.0373555019237988,0.3362716997458223,7157,-0.3441238270982203
accel,long,1,-1.5784260096263005,-1.0521625015934049,14015,-0.23834818541002217,1.0369219206535607,0.33706742775597576,5091,-0.36520614833200915
dq_cum24,long,2,-0.6334881958489021,-0.4352222043674483,14001,-0.23838752435080196,1.036882581712781,0.33297621598457255,4394,-0.3288262630621922
to_hi480,short,3,6.733435015788208,8.743121622115664,13969,-0.23846052284949887,0.02067790327869906,0.3265086978309113,4797,-0.3063286865942576
ats_z96,short,6,0.1866472808997088,0.4888859152441898,13957,-0.23849274740805798,0.02064567872013995,0.3318764777530988,5034,-0.2947700983173321
since_hi24,short,1,2.0,4.0,12207,-0.23851531876829285,0.02062310735990508,0.3301384451544196,4641,-0.3309392704849445
m1_jump,short,0,-inf,0.19186379516398447,14017,-0.2385338961922357,0.020604529935962235,0.33109795248626667,4172,-0.27093207762621463
body_frac,short,6,0.19919023094613772,0.36751493022473697,14014,-0.23861909395184913,0.020519332176348798,0.3303125445982589,4847,-0.233634053231523
wick_skew,short,2,-0.29802629013985615,-0.18571033257620534,14015,-0.23865173993673222,0.02048668619146571,0.33692472351052444,5020,-0.2881187776422018
lo_pos,short,2,0.14285714285714285,0.2857142857142857,16683,-0.23872914049757837,0.020409285630619556,0.3327938620152251,6207,-0.24428219471162016
tbi_ma8,short,6,0.003106790670695101,0.009018135497671416,14010,-0.2387342834031373,0.020404142725060637,0.3256959314775161,3785,-0.2816960034367616
minofday,short,7,1005.0,1140.0,13140,-0.2388606301876457,0.020277795940552235,0.3222983257229833,4831,-0.26455105600391204
lo_pos,long,7,0.8571428571428571,1.0,16178,-0.23889779389617527,1.0363723121674076,0.3350846829027074,6007,-0.34259822243096244
dq_cum24,long,5,-0.11276819865206643,0.040793001916050106,14002,-0.2389411128269895,1.0363289932365936,0.33023853735180686,3806,-0.31251629372238215
gap,short,4,0.0002630573746291105,0.001125057142890557,14016,-0.23894999086271224,0.020188435265485694,0.3227739726027397,9730,-0.3419394097991241
wick_skew,long,5,-0.008489564909803377,0.07026116749297882,14016,-0.23895175072981223,1.0363183553337707,0.3387557077625571,5594,-0.3422954478266978
kyle_z,long,6,0.12267155331924229,0.4110696041568943,13958,-0.23898288769805803,1.036287218365525,0.3303481874194011,4996,-0.34445941841727096
dq_cum24,long,6,0.040793001916050106,0.2050182288947727,14002,-0.2390417787816741,1.0362283272819088,0.33109555777746036,3757,-0.3352116036702758
to_hi96,long,6,5.537788275008519,6.549961786831018,14008,-0.23908745494086167,1.0361826511227212,0.3396630496858938,4484,-0.36320011781797146
tbi_z24,long,3,-0.5796387613946519,-0.29130803377813563,14002,-0.23910512557189895,1.036164980491684,0.33395229252963865,5049,-0.342056288712422
rpt_rank,short,6,0.6,0.7020833333333333,13572,-0.2391304068682956,0.020008019259902338,0.3341438255231359,5092,-0.2963508475641695
dn_wick,short,7,0.38338877615608685,0.46967043068644754,14015,-0.23915442808678902,0.019983998041408907,0.33193007491972887,4677,-0.28531034728603166
tbi_ma8,short,5,-0.0024224741490874724,0.003106790670695101,14011,-0.2392172630140622,0.01992116311413572,0.32488758832346015,3753,-0.2706272631545616
tbi_ma24,long,5,-0.002389069339234826,0.0008083841556342159,14002,-0.2393459738680948,1.0359241321954882,0.33016711898300244,3805,-0.31338498495952427
vol_per_trade_z,long,9,1.3753346727980356,inf,13959,-0.2394137564618614,1.0358563496017215,0.3315423740955656,5117,-0.3832518744503886
flow_eff,long,5,0.02049262262985709,0.0305443462653962,14016,-0.23947568956454943,1.0357944164990336,0.33162100456621,4994,-0.3491810661835724
trade_intensity,long,6,0.8870540291097073,1.0506617153621143,14008,-0.23956959377691106,1.0357005122866718,0.3307395773843518,4711,-0.3156844727078618
tbi_ma96,short,2,-0.008730351014881609,-0.006364197789576141,13958,-0.23982888679235986,0.019309539335838066,0.3347900845393323,4447,-0.22503682941768183
absorb,short,6,0.04533994814295983,0.09137439838486086,14003,-0.23983114026538166,0.01930728586281627,0.3308576733557095,4265,-0.24110484828599216
updn_ratio,long,6,0.5333333333333333,0.5454545454545454,25738,-0.23990780372367923,1.0353623023399037,0.3271815991918564,9135,-0.3106971248751945
tbi_ma24,long,6,0.0008083841556342159,0.004227317404500144,14002,-0.23991370912140209,1.0353563969421808,0.33080988430224256,3761,-0.33548423489426
tbi_z24,long,6,0.2799586567430795,0.5727534166749915,14002,-0.24000812045220374,1.0352619856113792,0.3336666190544208,5215,-0.37757727389023077
rpt_rank,long,3,0.29583333333333334,0.39791666666666664,13780,-0.24002438518442507,1.035245720879158,0.3346153846153846,5214,-0.3115091638787777
absorb_z,short,5,0.025578373507418928,0.08956596332268221,12945,-0.24013748615176883,0.0190009399764291,0.32784859018926227,4889,-0.29797661224365074
up_wick,short,5,0.23355990626489137,0.2966101694915228,14015,-0.2401453387354715,0.018993087392726427,0.3275062433107385,4866,-0.2825056272708059
range_per_trade,short,7,1.4282497897886982e-07,1.648169953907276e-07,14015,-0.2402055680367641,0.01893285809143383,0.3279343560470924,2851,-0.3235701667292921
to_hi96,short,1,1.4207182424824405,2.261395316609395,14007,-0.24024933892707084,0.018889087201127086,0.3233383308345827,5235,-0.3089685754393155
to_hi96,long,5,4.652841262114922,5.537788275008519,14007,-0.24027406885538613,1.0349960372081968,0.340544013707432,4418,-0.3873850370177702
vol_of_vol,long,4,-0.463797330917595,-0.2810253203654729,13966,-0.24028417236788693,1.034985933695696,0.33051696978376055,4346,-0.3195445949457341
m1_jump,long,5,0.3110449355524476,0.34561285309473083,14018,-0.24034106573138583,1.0349290403321971,0.33642459694678273,5367,-0.33079592016663545
vol_per_trade_z,short,5,-0.08167277240268336,0.18559889457631362,13958,-0.24036236750714812,0.018776058621049807,0.3333572145006448,5262,-0.2869919467430921
pos480,short,4,0.43819778738219156,0.5288266065755485,13968,-0.2403656625511114,0.018772763577086543,0.34507445589919816,5164,-0.4182396662516211
tbi_z24,long,1,-1.3074953857454958,-0.8988560853928411,14002,-0.24038215941554683,1.034887946648036,0.3365947721754035,4993,-0.36474450572407907
tbi_z8,long,6,0.3000287232200944,0.6125419218073689,14011,-0.2404480240905862,1.0348220819729967,0.33423738491185495,5219,-0.3834570211773697
to_lo24,long,4,1.9690197974174553,2.357781679065133,14015,-0.24086733421808537,1.0344027718454976,0.3362825544059936,4643,-0.35786788187534035
dq_z96,short,2,-0.88199968419559,-0.5655802987066567,13958,-0.24086852415662027,0.018269901971577657,0.33342885800257915,4919,-0.3512041180442872
since_hi24,long,6,17.0,20.0,14298,-0.2410895032429841,1.0341806028205989,0.3368303259197091,5145,-0.34325182880062716
m1_jump,short,8,0.4515810689996942,0.5677524767692086,14016,-0.24114167413747292,0.017996751990725007,0.3383989726027397,5963,-0.3268670991720597
to_hi480,short,0,-inf,2.834413755969932,13969,-0.24125585836956823,0.017882567758629703,0.314410480349345,5312,-0.2697820124227481
sess_eu,short,0,-inf,1.0,93473,-0.2412994216664137,0.01783900446178424,0.32912177848148666,34354,-0.2733968638271881
range_rank,long,5,0.49583333333333335,0.6020833333333333,13804,-0.241393551403726,1.033876554659857,0.327079107505071,5285,-0.33247669113862943
range_z,long,5,-0.27795922589200417,-0.0891689878135539,13959,-0.2414095631020485,1.0338605429615344,0.3308976287699692,4706,-0.349710715061329
pos24,short,2,0.2604166666666675,0.3483081153795784,14014,-0.24141730570076256,0.017721120427435372,0.33552162123590695,4704,-0.24442022119536364
to_hi24,long,2,1.0801084345681444,1.4335522150459181,14015,-0.24142883597915182,1.033841270084431,0.33920799143774527,4905,-0.34195476428655575
dq_z96,short,5,-0.001767565468777754,0.2717592648941303,13958,-0.24147410792963808,0.017664318198559847,0.32891531738071356,5249,-0.24721685590025977
dn_wick,short,9,0.5902001146313777,inf,14015,-0.24149740320259808,0.017641022925599853,0.3389939350695683,4738,-0.2916369560660357
to_hi96,short,7,6.55069340236143,7.869216837742908,14007,-0.24152139893344096,0.017617027194756968,0.3343328335832084,4971,-0.2663309762420759
persist6,long,6,0.42615290659302707,0.5153296712027556,14017,-0.24166935820804245,1.0336007478555405,0.3350931012342156,5013,-0.31946254810108843
tbi_z96,short,5,-0.002018527874453294,0.2715975459479143,13958,-0.2416819540320847,0.01745647209611323,0.3287720303768448,5245,-0.2463218232904747
absorb_z,short,2,-0.20421510473908877,-0.11128898825009818,12944,-0.24168808315012158,0.01745034297807635,0.3290327564894932,5695,-0.322639617937948
tbi_z96,short,2,-0.8818042530457648,-0.5654793306903926,13958,-0.2417067966590414,0.017431629469156523,0.3331422839948417,4922,-0.34992277603743077
close_loc,short,2,0.19554574591030469,0.2946713017365185,14015,-0.2417909940538195,0.017347432074378416,0.3293613985016054,5004,-0.3151006667206194
extreme_late,long,3,0.5714285714285714,0.6428571428571429,7923,-0.24181934762879562,1.0334507584347874,0.3367411334090622,3061,-0.3701152835016355
pos480,long,8,0.8152938669174167,0.8871282312748615,13969,-0.24185227991187594,1.033417826151707,0.33123344548643424,4407,-0.2613876950519792
to_lo96,long,7,7.403789663854597,8.948271308853931,14007,-0.24186014149269675,1.033409964570886,0.339615906332548,5126,-0.3488334809800529
vol_of_vol,short,6,-0.05951514734760017,0.22867444991554717,13966,-0.2419156911378371,0.01722273499036084,0.3281540885006444,5144,-0.195075107645145
trade_intensity,short,6,0.8870566561421946,1.0507742097188832,14006,-0.24195578496299547,0.01718264116520246,0.3291446522918749,4712,-0.2992480548515579
updn_ratio,short,6,0.5333333333333333,0.5454545454545454,25737,-0.24227474380045289,0.016863682327745044,0.3282822395772623,9133,-0.26928931696815933
wick_skew,long,3,-0.18571384391076207,-0.09220095949780138,14015,-0.24231446320937075,1.0329556428542122,0.33178737067427755,5164,-0.35092236614227157
body_frac,long,7,0.36772767188902067,0.52556476418317,14016,-0.24241914922312605,1.032850956840457,0.3326912100456621,4820,-0.3818653440561183
pos24,long,5,0.5223853655908175,0.6093361575411419,14015,-0.24247810231692704,1.0327920037466558,0.33749554049232966,4655,-0.2885597508667965
persist6,short,9,0.7699481992721544,inf,14016,-0.2425543321136462,0.016584094014551742,0.3263413242009132,5459,-0.2769652340768188
since_hi24,short,4,11.0,14.0,12690,-0.24273626326484485,0.01640216286335308,0.33396375098502756,4548,-0.2849073668486452
hi_pos,long,3,0.21428571428571427,0.35714285714285715,14367,-0.24279178124497977,1.0324783248186031,0.3333333333333333,5284,-0.2951570657718918
tbi_ma8,long,6,0.0031175625968325915,0.009029364818807822,14011,-0.2428493079873549,1.032420798076228,0.3266005281564485,3790,-0.3542081199487997
persist96,long,4,0.06594164375885603,0.0861492861181534,14007,-0.24285186674248785,1.032418239321095,0.3385450132076819,5262,-0.33440175987182214
rv_vs_range,short,1,0.4604315608001059,0.5158526215707813,14015,-0.24285911331322108,0.016279312814976854,0.326792722083482,4677,-0.2913429800828422
since_lo24,long,1,2.0,5.0,16709,-0.24302230065425387,1.0322478054093291,0.3290442276617392,6422,-0.35850449451406435
tbi_z24,long,0,-inf,-1.3074953857454958,14002,-0.24305412056989933,1.0322159854936837,0.33752321096986143,5259,-0.31169786627968543
accel,short,8,1.0409380833920394,1.5784399252843553,14014,-0.24310515280087375,0.016033273327324182,0.3352361923790495,5233,-0.29288587175057357
dn_wick,long,7,0.3833831279022,0.46968861157054537,14016,-0.2431886688757533,1.0320814371878297,0.3284103881278539,4680,-0.3621626248076503
tbi_z8,short,5,-0.00472333752994392,0.2996251994117216,14011,-0.243240008755445,0.015898417372752938,0.33202483762757834,5185,-0.30221952585533074
tbi_z96,short,6,0.2715975459479143,0.5559764351710274,13957,-0.2432966612711763,0.01584176485702163,0.3301569105108548,5301,-0.2567999859297417
rpt_rank,short,0,-inf,0.09791666666666667,13720,-0.24332163382445707,0.015816792303740862,0.3311224489795918,5097,-0.23861917006646555
rpt_z,short,0,-inf,-1.2304024055399385,13958,-0.24333587139498436,0.01580255473321357,0.3320676314658261,4667,-0.28532177680040244
absorb_z,short,1,-0.431425891486943,-0.20421510473908877,12944,-0.2434412144915669,0.015697211636631042,0.33073238566131025,4514,-0.28717658865270845
vol_per_trade_z,long,2,-0.8950212429779761,-0.6062844441922332,13959,-0.2434504040031574,1.0318197020604256,0.33849129593810445,5857,-0.3610815872055892
disp6,short,1,-1.6728991578413475,-1.0561679785397846,14016,-0.24347395542566436,0.015664470702533573,0.3321917808219178,5264,-0.2867467010297418
absorb,short,2,-0.17671124028304216,-0.10685822392488817,14002,-0.24348758338732215,0.015650842740875776,0.3303813740894158,4975,-0.3407225760379501
tbi,long,2,-0.06253726644241904,-0.040257449016849085,14016,-0.24355679932796176,1.0317133067356212,0.3262699771689498,4348,-0.32194687584024
hi_pos,short,2,0.14285714285714285,0.21428571428571427,8653,-0.24357035083855302,0.015568075289644906,0.32878770368658267,3081,-0.3079188822241355
dq_cum24,short,7,0.20475963114565116,0.3957009851986975,14001,-0.24363611100943153,0.015502315118766402,0.3302621241339904,3872,-0.2530282764705552
accel,long,8,1.0415245598106737,1.5789575225368897,14015,-0.24383989880692644,1.0314302072566566,0.33050303246521584,5235,-0.3510491961188059
m1_jump,short,3,0.2535950515322754,0.28124988945488744,14016,-0.24397088098104508,0.01516754514715285,0.3291238584474886,4764,-0.310484140572014
tbi_ma24,short,3,-0.009112446644050516,-0.005644605459318816,14001,-0.24410097936260186,0.015037446765596069,0.32790514963216916,3983,-0.31845095824376457
tbi_ma24,short,7,0.004225279888668733,0.008201262556535594,14001,-0.24422523851884131,0.014913187609356615,0.3301907006642383,3874,-0.2535048091125503
up_wick,short,6,0.2966101694915228,0.3686460157529515,14014,-0.24425648673298156,0.01488193939521637,0.32738689881547023,5064,-0.3020921675643001
absorb_z,short,4,-0.04711859523456416,0.025578373507418928,12944,-0.24430047874473415,0.014837947383463779,0.3277194066749073,5134,-0.2939477677790525
efficiency,long,3,0.12997670627080635,0.17336241572617817,14015,-0.24435935067918216,1.0309107553844008,0.33193007491972887,4902,-0.3339954772301947
rpt_rank,long,1,0.09791666666666667,0.19583333333333333,13643,-0.2443813698450373,1.0308887362185457,0.33343106354907276,5082,-0.3566359275626105
hour,long,9,21.0,inf,17524,-0.24438219587519866,1.0308879101883843,0.3253823328007304,6440,-0.36783351963384825
dq,long,2,-0.1249955782499972,-0.08041343583857341,14016,-0.24438830753643367,1.0308817985271492,0.3261986301369863,4353,-0.32109119610651166
dq_z96,short,6,0.2717592648941303,0.5561286830896927,13957,-0.2444141548706301,0.01472427125756784,0.32979866733538726,5300,-0.2565057009951533
pos96,short,6,0.6133874848472888,0.7008070010091464,14006,-0.24451334950016174,0.014625076628036193,0.34099671569327433,4942,-0.3023720192851036
dq_cum24,short,3,-0.435442694739104,-0.26892406905632843,14001,-0.24456648831682876,0.014571937811369173,0.3276908792229126,3987,-0.31938094903471914
extreme_late,long,5,0.7857142857142857,0.8571428571428571,11114,-0.24478887381180972,1.0304812322517731,0.33453302141443225,4411,-0.3586035326811484
rpt_rank,long,2,0.19583333333333333,0.29583333333333334,13589,-0.244957740558519,1.0303123655050639,0.33188608433291633,5102,-0.33248313848874955
body_frac,short,4,-0.19220093815856196,0.002908789827393731,14015,-0.24497156223713507,0.014166863891062864,0.33342846949696753,4807,-0.311182249853483
hour,short,1,2.0,4.0,11686,-0.24497374541755843,0.014164680710639505,0.3303097723772035,4295,-0.24682741334695393
rv_vs_range,long,3,0.5613102164911643,0.6042745423252961,14015,-0.24500044932589762,1.0302696567376852,0.32964680699250803,4878,-0.34471824074278756
dn_wick,long,4,0.18673369101942097,0.246445497630362,14015,-0.24500636001122944,1.0302637460523534,0.32772029967891547,5122,-0.33806180975523054
extreme_late,short,6,0.8571428571428571,0.9285714285714286,13177,-0.24504525462312238,0.014093171505075552,0.3320179099946877,5023,-0.3146904311767735
disp6,long,7,0.6825850593694995,1.0899957333929247,14017,-0.24504675710753562,1.0302233489560473,0.3328815010344582,4936,-0.3694626736392523
rv_vs_range,long,8,0.8116673570361881,0.9128119560834895,14015,-0.24506319061362966,1.0302069154499534,0.3392793435604709,5813,-0.37147895097942696
close_loc,long,4,0.3996521735183718,0.507865168539334,14015,-0.24511015521418034,1.0301599508494026,0.3294327506243311,4724,-0.36971132321507255
persist6,short,4,0.2718978203218054,0.3451241850632631,14015,-0.24522645381298502,0.013911972315212906,0.3342133428469497,4973,-0.321797645463798
atr_rank,short,4,0.375,0.48125,13871,-0.24523454065604636,0.013903885472151573,0.3353759642419436,5114,-0.26858130168270833
rpt_z,short,5,-0.09714922009797568,0.1739774142972933,13958,-0.24532168326981624,0.013816742858381692,0.3333572145006448,5299,-0.28986488630986795
tbi_z8,long,3,-0.611207396350878,-0.30946707349237823,14011,-0.245373718232958,1.0298963878306249,0.33202483762757834,4904,-0.3368631914567796
tbi_z24,long,9,1.3200698871390983,inf,14002,-0.24538346025012944,1.0298866458134535,0.33095272103985146,5165,-0.38596812642184086
disp6,long,1,-1.6720828767171931,-1.0554277466665019,14016,-0.2453936334336528,1.02987647262993,0.3345462328767123,5265,-0.3723497885922958
tbi_z24,long,8,0.899531551811282,1.3200698871390983,14002,-0.24549845662842407,1.0297716494351588,0.33602342522496786,5088,-0.37371224461561675
rv_vs_range,long,4,0.6042745423252961,0.6466693968329329,14015,-0.24561085764942908,1.0296592484141538,0.33107384944702106,4843,-0.3281404004116819
disp24,short,4,-0.5813458603424289,0.058473884890275274,14013,-0.24564722040317138,0.013491205725026545,0.340112752444159,4521,-0.2600606416448067
persist24,long,2,0.05836872808760448,0.08961444534859345,14014,-0.24567258169018594,1.029597524373397,0.3393035535892679,4960,-0.36755614414474297
since_hi480,long,2,66.0,120.30000000000291,14003,-0.24568540860556864,1.0295846974580143,0.3342140969792187,5042,-0.26983822780036515
dq_z96,short,7,0.5561286830896927,0.8813029478166655,13958,-0.24571553724905834,0.013422888879139588,0.33271242298323545,5054,-0.2901646212348134
m1_jump,long,3,0.2535931135349437,0.28123888580488743,14017,-0.24575633985806322,1.0295137662055196,0.32988513947349646,4761,-0.34126518683573254
body_frac,short,8,0.5254174074510747,0.6955774128504119,14015,-0.24576152351934216,0.013376902608855767,0.33414199072422407,5159,-0.25493943620440773
efficiency,short,4,0.17336632311416963,0.21943784897009477,14015,-0.24576634866881725,0.013372077459380682,0.3307884409561184,5026,-0.26503489608016323
tbi_z24,short,7,0.5724677453013445,0.8992330235917725,14001,-0.24584752048505043,0.0132909056431475,0.3317620169987858,5188,-0.2726616506226631
kyle_z,short,6,0.1228315782383844,0.41136943888750743,13957,-0.24595077941082472,0.013187646717373214,0.32786415418786274,5000,-0.2594404637364495
close_loc,long,7,0.7213599408721566,0.8193168359750934,14016,-0.2459959518314442,1.0292741542321386,0.3291238584474886,4964,-0.35348169229191095
close_loc,long,6,0.6173576806025555,0.7213599408721566,14015,-0.24610171295830055,1.0291683931052824,0.3317160185515519,4936,-0.3495381051610535
up_wick,short,2,0.07092157726565114,0.12388264573070194,14015,-0.246241325702794,0.012897100425403929,0.3285051730288976,5186,-0.28219109968469674
ats_z96,long,2,-0.8952952927791975,-0.6087720432727113,13959,-0.2463041632608605,1.0289659428027225,0.33691525180886883,5847,-0.35356423843815205
to_hi96,short,9,9.994587922787629,inf,14007,-0.24631954926671282,0.012818876861485112,0.34197187120725353,6386,-0.29251110827077803
extreme_late,long,4,0.6428571428571429,0.7857142857142857,19232,-0.24634210131605316,1.0289280047475298,0.3336106489184692,7220,-0.3747548491307611
since_lo480,long,4,214.0,283.0,13988,-0.2464165626822777,1.0288535433813053,0.3387903917643695,5424,-0.32262567337627435
tbi_z96,long,0,-inf,-1.2985405164419805,13959,-0.246424703232068,1.0288454028315148,0.3394942331112544,5286,-0.3208345947150146
efficiency,long,7,0.3257978895898522,0.3962887105653856,14016,-0.24642492566367674,1.0288451803999061,0.3322631278538813,5161,-0.3736008451331303
tbi_z96,short,7,0.5559764351710274,0.8812156737806848,13958,-0.2464514950052038,0.012686931122994127,0.33242584897549793,5056,-0.2889219799137757
accel,long,7,0.6516537299131827,1.0415245598106737,14014,-0.2464743903134018,1.028795715750181,0.33302411873840443,4937,-0.3645408409580244
persist96,short,9,0.22593164534379606,inf,14007,-0.2466597360656161,0.012478690062581843,0.3116298993360463,4469,-0.1730605203933211
wick_skew,short,6,0.07022623665312687,0.16409558046477782,14014,-0.24671074517460312,0.01242768095359481,0.3258883973169687,5381,-0.27957695803081073
dq_z96,long,0,-inf,-1.29877136947145,13959,-0.24673342916712943,1.0285366768964535,0.3394225947417437,5283,-0.32078520067300365
tbi_ma96,short,3,-0.006364197789576141,-0.004398627980764106,13957,-0.24684805295029474,0.012290373177903186,0.3308733968617898,4226,-0.26601491826017837
kyle_z,long,7,0.4110696041568943,0.7759837324260654,13959,-0.2469637235080146,1.0283063825555683,0.3260262196432409,5123,-0.3235715918145245
rpt_rank,long,4,0.39791666666666664,0.4979166666666667,13728,-0.24704978544278278,1.0282203206208003,0.3327505827505827,5071,-0.31788771547677064
wick_skew,long,4,-0.09220095949780138,-0.008489564909803377,14015,-0.24726910501979601,1.028001001043787,0.32921869425615413,5244,-0.34764343146051685
rpt_rank,short,2,0.19583333333333333,0.29583333333333334,13591,-0.24729946599853664,0.011838960129661291,0.3285998086969318,5099,-0.28186365627896487
ats_rank480,short,6,0.6041666666666666,0.70625,13565,-0.24730155079942748,0.011836875328770452,0.32856616291927754,5129,-0.28756718532175524
tbi_z8,short,7,0.6122251403248089,0.9383909608199181,14010,-0.24730896439756556,0.011829461730632373,0.332762312633833,5090,-0.2425241268713026
tbi_z24,short,8,0.8992330235917725,1.3199801414402794,14001,-0.2473298967095969,0.011808529418601027,0.33604742518391545,5089,-0.28023127408596765
lo_pos,long,1,0.0,0.14285714285714285,39171,-0.24739193276337396,1.027878173300209,0.3329759260677542,14255,-0.3640017801399478
body_frac,short,5,0.002908789827393731,0.19919023094613772,14015,-0.247543782406081,0.011594643722116937,0.3281484124152694,4748,-0.2742199746804903
dn_wick,short,8,0.46967043068644754,0.5902001146313777,14015,-0.24769929718799666,0.01143912894020127,0.3312165536924723,4706,-0.27398839391415253
since_lo24,short,5,15.0,18.0,13438,-0.2477096408005808,0.011428785327617125,0.33353177556183955,4841,-0.2613357244921006
tbi_z8,short,2,-0.935299188068347,-0.6115244805990131,14011,-0.24779721295644522,0.011341213171752712,0.3310256227250018,4961,-0.32836428633148707
to_lo480,short,5,13.04754127820948,15.835804758075607,13968,-0.24795955926667881,0.011178866861519116,0.331758304696449,5540,-0.27984508942065284
body_frac,short,0,-inf,-0.6840015604682159,14015,-0.2479924345645785,0.011145991563619423,0.33528362468783446,6404,-0.2940553525315238
m1_jump,short,6,0.3456238290035476,0.3888365399087747,14016,-0.248044841228931,0.011093584899266928,0.3331906392694064,5442,-0.315251665738441
persist6,short,6,0.4261466668044632,0.515329786243748,14016,-0.2480592629719966,0.011079163156201333,0.3299086757990868,5015,-0.3194236219088197
updn_ratio,short,8,0.6,0.6666666666666666,21022,-0.2483199278612688,0.010818498266929127,0.329178955380078,7608,-0.2658301593027661
hi_pos,short,7,0.8571428571428571,1.0,16246,-0.24838488558731536,0.010753540540882567,0.3306044564815955,6079,-0.2518969035615633
range_per_trade,short,6,1.2729443320858555e-07,1.4282497897886982e-07,14014,-0.2484452941885317,0.010693131939666228,0.3259597545311831,3736,-0.33368528732677755
tbi_z8,long,7,0.6125419218073689,0.9385785682215192,14011,-0.24850726172893917,1.0267628443346437,0.33338091499536077,5093,-0.38414684168580154
trade_intensity,short,4,0.6681973532657445,0.7659181899216034,14007,-0.24856734914891307,0.01057107697928486,0.32997786820875274,4567,-0.30516385666950024
wick_skew,short,1,-0.4564383569580911,-0.29802629013985615,14015,-0.248722922137452,0.010415503990745922,0.33371387798787017,4822,-0.2965033906179597
disp96,short,6,1.6806000027278472,3.3433502729168625,14007,-0.24872995771018203,0.010408468418015904,0.3378310844577711,4950,-0.3448415353257717
pos24,short,0,-inf,0.16528058818052813,14014,-0.24876817467904985,0.010370251449148077,0.3251034679606108,7009,-0.31639920626103657
dow,short,1,1.0,2.0,20047,-0.24877350047554267,0.01036492565265526,0.32014765301541376,7293,-0.16649674171779177
pos24,short,6,0.6092054159695106,0.6929351541819286,14014,-0.24880741173802293,0.010331014390175003,0.3333095475952619,4752,-0.31703128101472555
to_lo480,long,5,13.049492601774123,15.83539985838341,13969,-0.24882504397018793,1.026445062093395,0.33330947097143676,5541,-0.4383222468425149
rpt_z,short,2,-0.879082461033222,-0.6027349615034153,13958,-0.2488377358668534,0.01030069026134453,0.33006161341166357,5360,-0.28491498202825644
disp6,short,8,1.0895306474297948,1.704325206153589,14016,-0.24884025696723072,0.010298169160967208,0.3348316210045662,5426,-0.24245625982626554
sess_asia,long,0,-inf,1.0,93431,-0.24900471824049578,1.0262653878230872,0.33084308206055807,34346,-0.3604254622338267
dn_wick,short,6,0.31094024780177415,0.38338877615608685,14014,-0.24902005291930804,0.010118373208889891,0.32988440131297275,4794,-0.30389496709013825
efficiency,short,5,0.21943784897009477,0.2696416838328714,14015,-0.2490483297033485,0.010090096424849426,0.3285765251516233,4948,-0.31237444055344565
efficiency,short,1,0.044683196189072516,0.08715364098361529,14015,-0.24917896991013527,0.009959456218062657,0.3295041027470567,4866,-0.3036954804681534
efficiency,long,2,0.08715225685021137,0.12997670627080635,14016,-0.2491807147993046,1.0260893912642783,0.33162100456621,5047,-0.38673792925967526
ats_z96,long,1,-1.2676742451293403,-0.8952952927791975,13958,-0.24926978870857658,1.0260003173550063,0.3365095285857573,5529,-0.3729796324246222
rv_vs_range,short,7,0.7452714663661008,0.8116571344399732,14015,-0.24929701114733266,0.00984141498086527,0.3332857652515162,5425,-0.273901164349611
hi_pos,long,6,0.7142857142857143,0.8571428571428571,13203,-0.2493035515627459,1.025966554500837,0.333712035143528,5101,-0.3777679178373375
since_lo96,long,7,80.0,88.0,12727,-0.24937686130931996,1.025893244754263,0.33778580969592203,4519,-0.37606065856660603
vol_of_vol,short,4,-0.46380008586205546,-0.2810253203654729,13966,-0.24965958151356082,0.009478844614637105,0.32822569096376913,4346,-0.2876385359869405
tbi_ma24,short,4,-0.005644605459318816,-0.0023931230203655244,14001,-0.2497505076854212,0.009387918442776727,0.3269052210556389,4020,-0.26978275683473707
ats_rank480,long,6,0.6041666666666666,0.7083333333333334,13838,-0.24980249577276234,1.0254676102908207,0.32764850411909235,5240,-0.31325428535463506
hi_pos,short,3,0.21428571428571427,0.35714285714285715,14370,-0.24982960774835133,0.009308818379846595,0.3301322199025748,5285,-0.3259810624486254
since_lo24,short,2,5.0,8.0,13312,-0.24985433881354616,0.009284087314651773,0.32925180288461536,4955,-0.28542784258676723
tbi_z8,short,6,0.2996251994117216,0.6122251403248089,14010,-0.24995779793093642,0.009180628197261509,0.3293361884368308,5219,-0.24745501093110148
dq_cum24,short,4,-0.26892406905632843,-0.11289914683514485,14001,-0.24995829700884054,0.009180129119357394,0.3268337975858867,4028,-0.2684606982482721
rpt_rank,short,1,0.09791666666666667,0.19583333333333333,13638,-0.25003893596685123,0.009099490161346702,0.33003372928581903,5082,-0.2642352294284783
tbi_z24,short,6,0.27942469263548153,0.5724677453013445,14001,-0.250042483486013,0.00909594264218494,0.3306906649525034,5217,-0.26192895501372065
rpt_z,short,4,-0.3506805856240398,-0.09714922009797568,13958,-0.25010320776566836,0.009035218362529573,0.33156612695228543,5238,-0.31391454893329346
since_lo24,short,1,2.0,5.0,16708,-0.2501516242966029,0.008986801831595004,0.33050035910940867,6420,-0.2623684246031795
hour,long,2,4.0,7.0,17526,-0.25017785474571214,1.0250922513178709,0.3396097226977063,6444,-0.3143535282780461
efficiency,short,2,0.08715364098361529,0.12997655234598282,14015,-0.250242265953452,0.008896160174745926,0.32871922939707454,5047,-0.24782688185448778
pos24,long,6,0.6093361575411419,0.6930162098242207,14014,-0.2503079391682088,1.0249621668953741,0.3356643356643357,4747,-0.31677497341871436
rpt_rank,short,4,0.39791666666666664,0.4979166666666667,13727,-0.2503874477492775,0.008750978378920415,0.33029795293946235,5068,-0.32848788588480393
accel,long,2,-1.0521625015934049,-0.6673852506524675,14014,-0.2507042967215693,1.0245658093420136,0.33466533466533466,4862,-0.38799247413240723
tbi_z24,short,1,-1.3076305693980015,-0.8992914907981991,14001,-0.2507143253608121,0.008424100767385811,0.32983358331547746,4984,-0.29852235481149464
since_lo24,long,0,-inf,2.0,10684,-0.2507205671548058,1.024549538908777,0.32918382628229126,4730,-0.3529221044007961
since_lo480,short,5,283.0,345.0,13896,-0.2507373798891691,0.00840104623902882,0.3360679332181923,5132,-0.21285766703455117
rv_vs_range,long,2,0.5158743902535146,0.5613102164911643,14016,-0.2507663222423583,1.0245037838212245,0.3280536529680365,4735,-0.3065887136349309
wick_skew,short,3,-0.18571033257620534,-0.09221479732514648,14014,-0.2507896929057554,0.008348733222442506,0.329741686884544,5162,-0.2665359561528538
rv_vs_range,long,6,0.6924960354208828,0.7452705331720421,14015,-0.25079810520328427,1.0244720008602988,0.3324295397788084,5290,-0.38124306504328687
extreme_late,short,3,0.5714285714285714,0.6428571428571429,7921,-0.250805964764303,0.008332461363894927,0.33240752430248705,3063,-0.2745753213551238
up_wick,long,2,0.07094034156736076,0.12390005854488913,14016,-0.2508470384861507,1.0244230675774322,0.3273401826484018,5188,-0.35461424883932435
persist6,long,7,0.5153296712027556,0.6224576050217369,14016,-0.2508494726092061,1.0244206334543768,0.3299800228310502,5119,-0.37451480128943204
vol_per_trade_z,short,3,-0.6065478516636935,-0.34231596820531934,13957,-0.2509752182870845,0.008163207841113407,0.33259296410403383,5768,-0.30057621890552616
range_per_trade,long,4,1.0324483784248024e-07,1.1458675502453218e-07,14015,-0.2510116046526245,1.0242585014109584,0.33399928647877275,5493,-0.33729833287186506
absorb_z,short,7,0.1419994091864693,0.23278124572234518,12944,-0.25111702343109277,0.008021402697105162,0.332663782447466,4600,-0.28757866229719975
pos96,long,0,-inf,0.17047617584330937,14008,-0.2511222119623578,1.0241478941012252,0.31267846944603084,7299,-0.35197707628343666
efficiency,long,4,0.17336241572617817,0.21942325410817082,14015,-0.25117904847442857,1.0240910575891544,0.3307170888333928,5028,-0.3530097766976948
to_lo96,long,0,-inf,1.6461646683671702,14008,-0.2514597221547406,1.0238103839088424,0.3106796116504854,6709,-0.32703839542958985
vol_per_trade_z,long,0,-inf,-1.2705680517692637,13959,-0.2514910496855079,1.023779056378075,0.33361988681137617,4018,-0.3550495357218185
lo_pos,long,4,0.35714285714285715,0.5714285714285714,19621,-0.2515052083565066,1.0237648977070763,0.32964680699250803,7385,-0.3318322171734622
pos24,short,5,0.5222619063111754,0.6092054159695106,14014,-0.251572014430461,0.007566411697736919,0.3324532610246896,4655,-0.31407563910368164
vol_per_trade_z,long,6,0.18575042142248377,0.49060371898437777,13958,-0.2516781113071782,1.0235919947564047,0.33013325691359796,5137,-0.3375719892431001
tbi_z8,long,8,0.9385785682215192,1.3363409827262567,14011,-0.25175260016661155,1.0235175058969714,0.33259581757190776,5087,-0.33869087488556343
persist24,long,3,0.08961444534859345,0.12286389667407822,14015,-0.2518035351859113,1.0234665708776716,0.3363539065287192,5066,-0.31457222136451657
minofday,short,5,705.0,855.0,14560,-0.2519378353464969,0.007200590781701044,0.33688186813186816,5353,-0.28510949650362044
body_frac,long,6,0.19955669694812278,0.36772767188902067,14015,-0.25199373448384693,1.023276371579736,0.3295754548697824,4842,-0.37675089967042874
disp96,short,8,5.457844589941878,8.335548606843075,14007,-0.25201518036548337,0.0071232457627145584,0.3289069750838866,5355,-0.25262055542428685
tbi_z8,long,9,1.3363409827262567,inf,14012,-0.2520429613679142,1.0232271446956687,0.3288609763060234,5323,-0.3652579087645551
range_rank,short,5,0.49583333333333335,0.6020833333333333,13809,-0.25231630775032293,0.006822118377874997,0.3237743500615541,5283,-0.2516148346615032
since_hi24,long,4,11.0,14.0,12691,-0.2523658219787393,1.0229042840848437,0.33519817193286583,4549,-0.33769274427442997
pos480,short,1,0.15613205971733518,0.24514219042354396,13968,-0.25240867245778353,0.006729753670414396,0.33412084765177547,5008,-0.20895969256590508
efficiency,long,8,0.3962887105653856,0.49702313397824327,14015,-0.25243950021320116,1.0228306058503818,0.33135925793792365,5469,-0.35020968748034875
flow_div,short,2,1.0,inf,26808,-0.2525076662457872,0.006630759882410742,0.329006266786034,11856,-0.2732336916774263
extreme_late,short,1,0.21428571428571427,0.42857142857142855,16775,-0.25255550428841617,0.0065829218397817635,0.3302533532041729,6041,-0.29711533117160494
disp24,short,8,2.3127891494416386,3.6048017244465864,14014,-0.2525616845348509,0.006576741593347035,0.3294562580276866,5607,-0.3459260539264916
dn_wick,long,8,0.46968861157054537,0.5902145444413425,14015,-0.25261887046226195,1.0226512356013209,0.32586514448804854,4705,-0.345930456984041
accel,short,1,-1.5789841439101122,-1.0526192196826816,14014,-0.25265212383068175,0.006486302297516178,0.32638789781646926,5086,-0.2953397874053465
hi_pos,short,6,0.7142857142857143,0.8571428571428571,13204,-0.2526599791525592,0.0064784469756387075,0.32785519539533475,5102,-0.26924011987471325
disp6,short,7,0.6820919217769237,1.0895306474297948,14015,-0.2527175282993487,0.006420897828849248,0.3307884409561184,4941,-0.283590288088847
hi_pos,long,8,1.0,inf,15730,-0.25276179503040724,1.0225083110331756,0.32790845518118245,5249,-0.3651655681493546
vol_per_trade_z,long,4,-0.3422648164401173,-0.08156923067903414,13958,-0.25278459287301847,1.0224855131905644,0.3347900845393323,5522,-0.3177273751598217
tbi_ma8,short,7,0.009018135497671416,0.01610902893851087,14010,-0.2528160209817991,0.006322405146398813,0.32833690221270523,3991,-0.23851288758880018
dn_wick,short,5,0.24644356732183775,0.31094024780177415,14015,-0.25283112336730706,0.006307302760890865,0.3260792008562255,4915,-0.2795537102023755
up_wick,long,3,0.12390005854488913,0.17676861804845104,14015,-0.2528564927762629,1.02241361328732,0.3265073135925794,4973,-0.3252236114437346
since_lo480,short,8,443.0,470.0,13678,-0.25286518410602926,0.006273242022168668,0.33667202807427987,4615,-0.39270455381808655
disp24,long,4,-0.5802912703475717,0.059469672844530634,14014,-0.2528899456442852,1.0223801604192977,0.3393035535892679,4522,-0.3419897781970057
close_loc,short,4,0.3995577122573272,0.5077079186741781,14015,-0.2529547765973058,0.006183649530892121,0.32707813057438456,4721,-0.26210396685311105
to_lo96,long,3,3.395206352736428,4.263765923021641,14007,-0.25297999907465024,1.0222901069889327,0.3339044763332619,4676,-0.31448401106090296
range_rank,long,4,0.39166666666666666,0.49583333333333335,13514,-0.252996327445458,1.0222737786181249,0.32965813230723695,5049,-0.33406720627278963
close_loc,short,6,0.6172195348979029,0.7212528136659395,14014,-0.2530827796449898,0.00605564648320811,0.3259597545311831,4940,-0.28337636636244107
to_lo24,short,7,3.2726036784156,3.907419132487673,14014,-0.253205864514972,0.005932561613225917,0.33052661624090196,5107,-0.32256532353302375
to_lo96,long,2,2.544808793095455,3.395206352736428,14008,-0.2532076726298072,1.0220624334337758,0.32581382067390063,4759,-0.3226145506314446
accel,short,9,1.5784399252843553,inf,14014,-0.2532388885875642,0.005899537540633715,0.3233195376052519,5636,-0.28639142122575534
range_per_trade,short,5,1.1458523829280525e-07,1.2729443320858555e-07,14015,-0.2533006089711551,0.005837817157042846,0.33014627185158757,4608,-0.31164068225967095
tbi_z96,short,1,-1.298865030677558,-0.8818042530457648,13958,-0.25333710662707865,0.005801319501119284,0.3299899699097292,4964,-0.2897181468835493
since_hi24,short,0,-inf,2.0,11360,-0.2533539575859434,0.005784468542254506,0.32640845070422536,4609,-0.3143236491479275
tbi_ma8,long,3,-0.013897413464642757,-0.007954105555631403,14011,-0.2533617002875946,1.0219084057759884,0.32331739347655414,3878,-0.3218383822220459
up_wick,short,4,0.17677926589356183,0.23355990626489137,14015,-0.25352963013485863,0.0056087959933392995,0.3265073135925794,4966,-0.26883475056521644
tbi_z96,long,7,0.5564060994382799,0.8814978914422796,13959,-0.2535422043867338,1.021727901676849,0.33061107529192635,5053,-0.351317621552427
tbi_ma96,long,8,0.003766207621266117,0.00710888421246695,13958,-0.2535479170654384,1.0217221889981445,0.3322109184696948,4721,-0.2961553055795775
vol_of_vol,long,6,-0.05957358320970294,0.22845079392033696,13967,-0.25359055401193326,1.0216795520516497,0.32369155867401733,5138,-0.38583976689099003
since_hi96,long,2,16.0,27.0,13594,-0.2536157689538455,1.0216543371097373,0.32565837869648373,4803,-0.3331711744613184
atr_pct,long,3,0.0029091894450059743,0.003398933560455625,14017,-0.25364963734230184,1.021620468721281,0.3328815010344582,6426,-0.32351446165096204
dn_wick,short,3,0.13035415003990136,0.1867312871432267,14014,-0.25365693201622636,0.005481494111971574,0.3261738261738262,5263,-0.27087183848711227
tbi_z8,short,8,0.9383909608199181,1.3361688430211278,14011,-0.25374053106118344,0.005397895067014491,0.32931268289201343,5082,-0.32902051215629347
dq_z96,short,1,-1.2989814921316698,-0.88199968419559,13958,-0.2538931833463108,0.005245242781887149,0.32977503940392605,4966,-0.28774877861671755
dn_wick,long,6,0.31095562849051295,0.3833831279022,14015,-0.2539548416684014,1.0213152643951815,0.3279343560470924,4793,-0.33997590597455274
rpt_z,short,3,-0.6027349615034153,-0.3506805856240398,13957,-0.25404614365644573,0.005092282471752196,0.32944042415991975,5401,-0.28191234754542327
rv_vs_range,short,4,0.6042572543156807,0.6466618246267175,14015,-0.25406459559733846,0.005073830530859469,0.3261505529789511,4843,-0.2840741636716929
kyle,long,3,2.648037629302417e-07,2.9482800890683477e-07,14015,-0.25408739492486787,1.021182711138715,0.33385658223332143,5147,-0.32966395301188484
kyle_z,long,5,-0.1297062140229351,0.12267155331924229,13959,-0.25414691712469534,1.0211231889388876,0.32910666953220147,4887,-0.3397413581673543
to_lo96,short,3,3.3943844762559667,4.2628396957320485,14006,-0.254167203734741,0.004971222393456931,0.332928744823647,4671,-0.28564171309753705
rpt_rank,short,3,0.29583333333333334,0.39791666666666664,13778,-0.2543231870070492,0.004815239121148729,0.32958339381622875,5215,-0.27833784820712737
tbi,short,1,-0.09366682770762468,-0.06257588270343735,14015,-0.2543310435949705,0.004807382533227433,0.32929004637887976,5142,-0.29114351527014415
since_hi24,long,9,24.0,inf,18248,-0.2543434407630798,1.0209266653005031,0.32474791758000876,6943,-0.37206870693227395
persist6,long,2,0.1321580838242129,0.20180876488702612,14016,-0.2544109259562928,1.0208591801072902,0.3337614155251142,5211,-0.3321980037146485
minofday,short,1,135.0,285.0,14608,-0.2544381592438517,0.004700266884346216,0.3289978094194962,5368,-0.25996040735768605
dq_z96,long,7,0.5565705540464609,0.8816278227690416,13959,-0.25445078629910645,1.0208193197644766,0.3303245218138835,5053,-0.3505903160116363
minofday,long,9,1290.0,inf,14605,-0.2544979018873598,1.020772204176223,0.32262923656282094,5367,-0.368955026321666
to_lo24,short,1,0.7889609391638851,1.219545618217237,14014,-0.2545246569341103,0.004613769194087625,0.33052661624090196,5160,-0.23824158866632023
rpt_z,short,6,0.1739774142972933,0.47027555344298616,13957,-0.2545882823244728,0.0045501438037251485,0.32879558644407825,5131,-0.3109307795442312
rpt_z,long,9,1.3771431182654135,inf,13959,-0.2547051026384709,1.0205650034251121,0.3281037323590515,5183,-0.38919316493304834
absorb_z,short,0,-inf,-0.431425891486943,12945,-0.2547181712260871,0.004420254902110843,0.32638084202394746,4499,-0.31052755973615026
range_per_trade,long,5,1.1458675502453218e-07,1.2729452794842259e-07,14016,-0.2549200459654569,1.0203500600981261,0.3294805936073059,4610,-0.3538965005310269
pos24,long,8,0.7757427578232128,0.8624044475330149,14015,-0.25495508541703477,1.020315020646548,0.3290759900107028,5176,-0.33981393042327723
to_lo24,short,3,1.6003688938351373,1.968396047874495,14014,-0.25503927940869636,0.004099146719501567,0.33338090480947624,4562,-0.25180354726380655
body_frac,long,8,0.52556476418317,0.695652173913071,14015,-0.2550891292606841,1.0201809768028989,0.32964680699250803,5164,-0.3879025032605822
avg_trade_usd,long,9,5172.971426887911,inf,14016,-0.2551039708940782,1.0201661351695046,0.3147831050228311,11442,-0.3619689133646626
updn_ratio,long,1,0.3333333333333333,0.4,13449,-0.25520763688996567,1.0200624691736173,0.33526656256970777,4921,-0.3593744646175074
avg_trade_usd,short,4,3335.6397541458327,3636.4270338415317,14015,-0.2552726093262452,0.0038658168019527483,0.32622190510167676,3755,-0.3054920604628482
body_frac,short,1,-0.6840015604682159,-0.5183093662186974,14015,-0.2553184799791387,0.003819946149059228,0.32586514448804854,5134,-0.3302601396950445
hi_pos,short,4,0.35714285714285715,0.5714285714285714,19017,-0.2553744952967734,0.0037639308314245112,0.3286533101961403,7506,-0.3041533351927235
disp6,short,2,-1.0561679785397846,-0.6430471011011258,14015,-0.2553769859962073,0.0037614401319906454,0.33093114520156974,4981,-0.31176552724358303
lo_pos,long,2,0.14285714285714285,0.2857142857142857,16687,-0.25547677347906106,1.0197933325845219,0.3286390603463774,6207,-0.39870883733287044
close_loc,short,5,0.5077079186741781,0.6172195348979029,14015,-0.25560947004776624,0.003528956080431689,0.32978951123795935,4886,-0.2600634125468903
tbi_z24,short,5,-0.003923602504555582,0.27942469263548153,14001,-0.25561717790255645,0.0035212482256414823,0.32754803228340834,5310,-0.27956863503543683
extreme_late,short,4,0.6428571428571429,0.7857142857142857,19228,-0.2556393789402405,0.0034990471879574048,0.3288953609319742,7220,-0.2823777947071443
dq,short,1,-0.18725669768027833,-0.1250773429768977,14015,-0.25567843982657085,0.0034599863016270826,0.32886193364252586,5141,-0.2915186853246843
atr_rank,short,5,0.48125,0.5916666666666667,13970,-0.25584189607677177,0.003296530051426161,0.325697924123121,5172,-0.21993863141389886
extreme_late,long,6,0.8571428571428571,0.9285714285714286,13175,-0.25589624153803,1.019373864525553,0.3296394686907021,5026,-0.3353403200844724
trade_intensity,long,2,0.5049103020177091,0.5854463147564563,14008,-0.25600166590509316,1.0192684401584897,0.3355225585379783,4685,-0.3416422537219604
pos480,long,3,0.3404176717327688,0.43822448389904306,13969,-0.25601022387149514,1.0192598821920877,0.33137661965781373,5159,-0.22594722981115836
kyle_z,long,2,-0.8662572002226001,-0.6031081314403918,13959,-0.2560320272799011,1.0192380787836819,0.3346944623540368,5067,-0.39549989603733815
disp6,long,6,0.3419284022054071,0.6825850593694995,14016,-0.2560400082144599,1.019230097849123,0.3319063926940639,4810,-0.33145386559784584
range_z,long,4,-0.4339989964939602,-0.27795922589200417,13958,-0.25610509111020957,1.0191650149533733,0.33013325691359796,4596,-0.367332945601619
updn_ratio,short,1,0.3333333333333333,0.4,13456,-0.2561920262259113,0.0029463999022866227,0.33167360285374553,4922,-0.32811599181769896
pos24,long,0,-inf,0.16536809384487447,14015,-0.25620072471483435,1.0190693813487486,0.3269354263289333,7011,-0.3899195629566843
rpt_rank,long,9,0.9041666666666667,inf,13859,-0.25623601525177764,1.0190340908118052,0.3312648820261202,5247,-0.4131182102227413
extreme_late,short,5,0.7857142857142857,0.8571428571428571,11113,-0.25635309719319527,0.002785328935002662,0.3272743633582291,4410,-0.2648829272021183
tbi_z24,short,2,-0.8992914907981991,-0.5801651191457671,14001,-0.2564202170587412,0.002718209069456745,0.33004785372473394,5035,-0.3054114396143103
vol_per_trade_z,long,1,-1.2705680517692637,-0.8950212429779761,13958,-0.2564376763733305,1.0188324296902525,0.33550651955867605,5617,-0.36216986142786095
since_lo24,long,8,22.0,24.0,15670,-0.2564597278424883,1.0188103782210947,0.3316528398213146,5495,-0.3692260327407076
rpt_z,long,2,-0.8793819643314953,-0.6028727171343597,13959,-0.25646642832058364,1.0188036777429992,0.3295364997492657,5369,-0.36047721287007245
tbi_ma8,long,2,-0.021112485433575297,-0.013897413464642757,14011,-0.2566347013910261,1.0186354046725568,0.3250303333095425,4324,-0.32930056281722986
since_lo24,short,6,18.0,20.0,10071,-0.25664996068343365,0.0024884654447642762,0.3339291033661007,3514,-0.27612783548298386
hi_pos,short,5,0.5714285714285714,0.7142857142857143,11986,-0.2566782571016796,0.002460169026518355,0.3297180043383948,4634,-0.24245790253222557
persist96,short,4,0.06594249406248755,0.08614860025860259,14006,-0.2567588412429848,0.002379584885213115,0.332928744823647,5261,-0.2667124557498809
disp6,long,0,-inf,-1.6720828767171931,14017,-0.25686299099851045,1.0184071150650724,0.32096739673253905,6137,-0.3588624478478931
persist96,long,2,0.031086252701648404,0.047768848681914576,14008,-0.25686549193573677,1.0184046141278462,0.3405910908052541,4917,-0.33495347507721945
efficiency,short,3,0.12997655234598282,0.17336632311416963,14014,-0.25687037729275336,0.0022680488354445694,0.3258883973169687,4903,-0.307664584527215
wick_skew,short,0,-inf,-0.4564383569580911,14015,-0.25688517048724835,0.0022532556409495808,0.337210132001427,4790,-0.2855540866391155
pos96,long,4,0.43413729128014844,0.5242724024136655,14008,-0.2569587401076534,1.0183113659559295,0.34515990862364365,4445,-0.34215971409711027
wick_skew,long,1,-0.4565207547687722,-0.2980312621695495,14015,-0.25699704491043107,1.0182730611531519,0.32622190510167676,4825,-0.37605064271144106
efficiency,short,7,0.32581218923150057,0.39630287847455425,14015,-0.25701519133938805,0.00212323478880988,0.325151623260792,5162,-0.26572910742281103
pos24,short,4,0.4348000088351778,0.5222619063111754,14014,-0.2570605804457326,0.002077845682465329,0.3330954759526188,4497,-0.2342361706054066
pos24,short,7,0.6929351541819286,0.7756179834621802,14014,-0.2571405996072503,0.0019978265209476542,0.3289567575281861,4896,-0.3225576683509896
persist6,short,1,0.06565219337156197,0.13215736443427786,14016,-0.2571562369596105,0.001982189168587445,0.330550799086758,4921,-0.2799100339872243
disp24,short,3,-1.2881230186980468,-0.5813458603424289,14014,-0.25718329184153016,0.00195513428666777,0.33124018838304553,4806,-0.28587038197629583
disp6,long,2,-1.0554277466665019,-0.6424280523537502,14017,-0.2572129970411077,1.0180571090224753,0.3340943140472284,4991,-0.3590288349423349
avg_trade_usd,long,3,3031.9468501272395,3335.671043448776,14015,-0.2572214039733118,1.018048702090271,0.33528362468783446,3846,-0.354708254466095
flow_div,long,2,1.0,inf,26813,-0.25729282502552314,1.0179772810380598,0.32819900794390783,11856,-0.3782529635433372
persist96,long,6,0.10973027857277906,0.13718124323753067,14007,-0.25729438360769524,1.0179757224558876,0.3230527593346184,5608,-0.4173089415331876
minofday,short,8,1140.0,1290.0,14604,-0.25730480887009083,0.0018336172581071009,0.3191591344837031,5367,-0.2764867346013681
accel,short,7,0.651052104013634,1.0409380833920394,14014,-0.25730504897844336,0.001833377149754567,0.3299557585271871,4938,-0.27903402132668687
ats_rank480,long,4,0.3958333333333333,0.5,13832,-0.25735399607783677,1.017916109985746,0.3302486986697513,5345,-0.3529243299780123
range_rank,short,4,0.39166666666666666,0.49583333333333335,13510,-0.25737297883037114,0.0017654472978267943,0.3304219096965211,5051,-0.28919482453075823
tbi_ma24,short,0,-inf,-0.019118992869875923,14001,-0.25749504589971656,0.0016433802284813726,0.345189629312192,9548,-0.31796202855575334
to_hi480,short,4,8.743121622115664,10.759022358597939,13968,-0.25750895179898,0.0016294743292179503,0.32373997709049257,4674,-0.22473882230991188
range_z,long,0,-inf,-0.9189593740207151,13959,-0.257527444152172,1.017742661911411,0.34271795973923636,6072,-0.4206551540118629
rpt_rank,long,6,0.6,0.7020833333333333,13568,-0.25758575948433365,1.0176843465792493,0.32937794811320753,5092,-0.3646634176225362
sess_asia,short,0,-inf,1.0,93418,-0.25762206769137225,0.0015163584368256822,0.3267999743090197,34339,-0.28837340907685693
to_lo24,short,5,2.3572312353525007,2.777303103776838,14014,-0.25766604757157946,0.00147237855661847,0.33202511773940346,4648,-0.3159666822642347
m1_jump,long,9,0.567755238390237,inf,14018,-0.25780082230660667,1.0174692837569763,0.33792267085176203,5933,-0.3760447049899415
rpt_z,short,7,0.47027555344298616,0.8393890581001806,13958,-0.2578827546738251,0.001255671454372831,0.32647943831494486,4856,-0.2793413473169252
dq_cum24,short,0,-inf,-0.9158466167053954,14001,-0.2581993656293948,0.000939060498803157,0.34511820584243985,9563,-0.31911718648835363
dq_z96,long,9,1.3090323448104957,inf,13959,-0.25821933716787776,1.0170507688957051,0.33276022637724767,5116,-0.39032582399829574
since_hi96,long,6,66.0,77.0,13326,-0.2583018109411831,1.0169682951223997,0.33610986042323276,4611,-0.35055696659561114
disp6,long,8,1.0899957333929247,1.7052749024571368,14016,-0.25834448790925924,1.0169256181543238,0.3284103881278539,5431,-0.3418345607303676
since_hi480,short,4,185.0,254.0,13963,-0.25834954600173116,0.0007888801264667733,0.33187710377426055,5298,-0.2606134237451072
updn_ratio,short,9,0.6666666666666666,inf,18480,-0.25840771375237326,0.0007307123758246714,0.3299242424242424,7153,-0.2819687692538726
tbi_z96,long,9,1.3092861799816025,inf,13959,-0.25848994685744825,1.0167801592061347,0.33268858800773693,5117,-0.38989002540896367
extreme_late,short,7,0.9285714285714286,1.0,16456,-0.25855257662629305,0.0005858495019048782,0.3267501215362178,5997,-0.2914405430876878
absorb_z,short,6,0.08956596332268221,0.1419994091864693,12944,-0.25857741899569225,0.0005610071325056754,0.3228522867737948,4995,-0.2689959168540295
to_lo96,long,8,8.948271308853931,11.301422438990805,14008,-0.25873769108302463,1.0165324149805584,0.32952598515134207,5330,-0.43138443011024846
tbi_z24,short,4,-0.2918294187629269,-0.003923602504555582,14001,-0.2587721398873345,0.00036628624086343375,0.3281908435111778,5231,-0.30008601073689334
persist6,long,1,0.06565814835957384,0.1321580838242129,14016,-0.2588929402270537,1.0163771658365293,0.3301940639269406,4923,-0.36388489764542337
flow_eff,long,4,0.013078942701263916,0.02049262262985709,14015,-0.2589564007858725,1.0163137052777105,0.3364252586514449,5825,-0.33696670276239404
since_hi480,long,9,466.0,inf,14182,-0.2589718762322966,1.0162982298312864,0.3259765900437174,5947,-0.43270378711424684
range_per_trade,long,3,9.23642774649119e-08,1.0324483784248024e-07,14015,-0.25915701988909695,1.016113086174486,0.3347841598287549,6337,-0.32395352258938165
to_hi96,short,8,7.869216837742908,9.994587922787629,14007,-0.2593438388499844,-0.00020541272178647985,0.3263368315842079,5646,-0.28170895922860123
gap,short,3,0.0,0.0002630573746291105,75840,-0.2594113246722797,-0.0002728985440817455,0.3268196202531646,28712,-0.2746766875429878
since_hi480,long,8,431.0,466.0,13829,-0.2594596745710854,1.0158104314924976,0.3348759852483911,5243,-0.3048551998697293
dow,long,3,3.0,4.0,19949,-0.25953283930773685,1.015737266755846,0.31675773221715375,7390,-0.40852241554810015
since_lo480,long,2,82.0,145.0,13973,-0.25959071714034404,1.015679388923239,0.3290631933013669,5007,-0.27522669119285254
absorb_z,long,0,-inf,-0.43126967169739416,12945,-0.25959637743064296,1.01567372863294,0.3257628427964465,4500,-0.2767250013002929
dq,long,1,-0.18720086658629953,-0.1249955782499972,14015,-0.2596587181824611,1.0156113878811217,0.331287905815198,5140,-0.3734342524849739
persist6,short,5,0.3451241850632631,0.4261466668044632,14016,-0.25966555520466905,-0.0005271290764711223,0.3272688356164384,5300,-0.31370060504404024
dow,short,4,4.0,5.0,20037,-0.25967433372362553,-0.0005359075954275982,0.3149174028048111,7384,-0.2733836858055508
hour,short,8,19.0,21.0,11684,-0.2596854978510515,-0.0005470717228535649,0.31804176651831567,4296,-0.2819238786285876
to_hi24,long,1,0.6858446966557207,1.0801084345681444,14015,-0.25975433855744756,1.0155157675061353,0.3285765251516233,5202,-0.34632708530233336
persist24,long,7,0.24786931004137447,0.3099459718768158,14014,-0.2597677235103502,1.0155023825532328,0.32424718139003855,5527,-0.3121977938248647
kyle_z,short,5,-0.12963510461763217,0.1228315782383844,13958,-0.2598856201645855,-0.0007471940363875662,0.32812723885943545,4890,-0.2840038326544121
disp6,short,4,-0.2956679849847534,0.022734548568000033,14015,-0.25991739383269924,-0.0007789677045013099,0.33057438458794147,4770,-0.27219140440034134
since_lo480,short,6,345.0,401.0,14043,-0.2599383089863801,-0.000799882858182166,0.33347575304422133,5132,-0.33091986172571186
close_loc,long,8,0.8193168359750934,0.9146341463414597,14015,-0.2599533077555663,1.0153167983080167,0.32493756689261505,5137,-0.34910698498814097
to_lo480,long,8,23.14962496965701,29.73546475386686,13969,-0.25995511737432014,1.0153149886892627,0.3393943732550648,4680,-0.39193698426842766
to_hi480,short,2,4.786681778179745,6.733435015788208,13968,-0.26002260422295664,-0.0008841780947587141,0.32023195876288657,4560,-0.3331701413711329
extreme_late,long,7,0.9285714285714286,1.0,16459,-0.26005400207187923,1.0152161039917038,0.3289385746400146,5998,-0.36445939152536216
to_hi24,short,7,3.0347468409130633,3.6335178796426892,14014,-0.26006129122349914,-0.0009228650953012063,0.32774368488654204,4901,-0.2640682662070088
accel,long,4,-0.32962230565506756,-0.0066167831746665184,14014,-0.26006456392296223,1.0152055421406208,0.33380904809476236,5071,-0.3446518174537669
tbi,long,1,-0.09365045706275775,-0.06253726644241904,14015,-0.2600805147409211,1.0151895913226618,0.3311452015697467,5141,-0.3735620358661215
range_rank,long,3,0.28541666666666665,0.39166666666666666,13836,-0.2600859079280307,1.0151841981355523,0.33232148019658864,5033,-0.3797215222070703
ats_z96,short,3,-0.6089521001875048,-0.3429046543858548,13957,-0.26011069498266376,-0.0009722688544658298,0.3298703159704808,5795,-0.29322204549168257
ats_rank480,short,4,0.3958333333333333,0.5,13833,-0.2601213554416567,-0.0009829293134587802,0.3277669341429914,5344,-0.2750060280548554
absorb_z,long,1,-0.43126967169739416,-0.2041768859967334,12945,-0.2601896011151614,1.0150805049484215,0.3284665894167632,4515,-0.34001837884422853
efficiency,short,0,-inf,0.044683196189072516,14015,-0.260319039782929,-0.0011806136547310442,0.32665001783803066,5018,-0.2883863101939016
lo_pos,short,4,0.35714285714285715,0.5714285714285714,19621,-0.26050423444122484,-0.001365808313026906,0.3280159013302074,7384,-0.28985628242559885
m1_jump,short,7,0.3888365399087747,0.4515810689996942,14016,-0.2605501693322194,-0.0014117432040214872,0.3309075342465753,5751,-0.2686596751152046
close_loc,short,1,0.09576097809539005,0.19554574591030469,14015,-0.26056327381011496,-0.0014248476819170297,0.3229397074562968,5192,-0.3047349581483529
flow_div,short,0,-inf,0.0,113218,-0.2605837010551513,-0.0014452749269533438,0.3278983907152573,39635,-0.29531343509558783
to_lo24,long,5,2.357781679065133,2.777830820308946,14015,-0.26070633580985464,1.0145637702537282,0.3302889760970389,4646,-0.31472128002502103
since_hi24,long,1,2.0,4.0,12207,-0.26082452139900325,1.0144455846645797,0.32825428033095766,4643,-0.31426137461388504
ats_rank480,long,1,0.09166666666666666,0.18958333333333333,13624,-0.26092249748644014,1.0143476085771428,0.3355842630651791,5017,-0.35327424068467606
kyle_z,long,4,-0.36294420256277876,-0.1297062140229351,13958,-0.2609429700266111,1.0143271360369719,0.32784066485169794,4853,-0.3540788801605476
to_hi24,long,0,-inf,0.6858446966557207,14015,-0.261288312230033,1.0139817938335498,0.326578665715305,6271,-0.36359084306278777
ats_rank480,short,5,0.5,0.6041666666666666,13728,-0.2613149790575638,-0.0021765529293658603,0.3246649184149184,5086,-0.2854986146509479
since_hi96,long,1,6.0,16.0,14946,-0.2614086346734607,1.0138614713901222,0.3166064498862572,5551,-0.38039209659421697
lo_pos,short,8,1.0,inf,15475,-0.26144319275903,-0.002304766630832067,0.32368336025848143,5527,-0.305696733478931
ats_z96,long,0,-inf,-1.2676742451293403,13959,-0.26152616385084626,1.0137439422127366,0.3301096067053514,4101,-0.3471502262259905
dq_z96,long,1,-1.29877136947145,-0.8815521575375164,13958,-0.26154591053464354,1.0137241955289393,0.33170941395615416,4968,-0.3679789341645593
since_lo480,short,1,31.0,82.0,13926,-0.2615567224307868,-0.002418296302588885,0.321556800229786,5244,-0.21400007703704396
up_wick,short,7,0.3686460157529515,0.45628336364216476,14015,-0.26158966070497924,-0.0024512345767813137,0.3238672850517303,4794,-0.28092032339723716
persist6,long,5,0.3451442575178503,0.42615290659302707,14016,-0.26160778081383596,1.013662325249747,0.3292665525114155,5298,-0.358115016106104
persist6,long,0,-inf,0.06565814835957384,14017,-0.26161436719642966,1.0136557388671532,0.33109795248626667,5132,-0.35148364992593234
rv_vs_range,long,7,0.7452705331720421,0.8116673570361881,14016,-0.26164902799615536,1.0136210780674275,0.3292665525114155,5431,-0.35016226826379965
tbi_z96,long,1,-1.2985405164419805,-0.8813170273406087,13958,-0.26167767078899945,1.0135924352745835,0.33170941395615416,4971,-0.3673501972184418
body_frac,long,5,0.0034032898468026574,0.19955669694812278,14016,-0.26172886711749055,1.0135412389460923,0.3278396118721461,4747,-0.35864545555293126
range_z,long,1,-0.9189593740207151,-0.7297907276783948,13958,-0.2617363806527054,1.0135337254108776,0.34195443473276976,5441,-0.4040183195025907
lo_pos,short,5,0.5714285714285714,0.7142857142857143,12513,-0.2618241614635078,-0.002685735335309858,0.3281387357148565,4470,-0.30795158262019307
to_hi24,short,8,3.6335178796426892,4.567032422929668,14014,-0.2618918244166212,-0.0027533982884232477,0.32560296846011133,5304,-0.24094278761599838
tbi_z8,short,1,-1.3277026385238186,-0.935299188068347,14010,-0.2619560588214333,-0.0028176326932353724,0.3262669521770164,5122,-0.3102709838966004
kyle_z,long,3,-0.6031081314403918,-0.36294420256277876,13958,-0.26196325876377846,1.0133068472998046,0.32991832640779484,4857,-0.34099784653384096
absorb_z,short,8,0.23278124572234518,0.43850573154978184,12944,-0.2619952441509129,-0.0028568180227149798,0.32331582200247216,4391,-0.2154226520860907
since_hi96,long,7,77.0,87.0,14469,-0.262105123277323,1.0131649827862599,0.3345773723132214,5253,-0.3566591441892638
sess_asia,short,1,1.0,inf,46745,-0.26216880739788184,-0.0030303812696839127,0.3308803080543374,17180,-0.2942260096633747
m1_jump,short,1,0.19186379516398447,0.2256837807233743,14016,-0.26227962026769336,-0.003141194139495429,0.3202768264840183,4498,-0.25156587275123504
extreme_late,short,0,-inf,0.21428571428571427,10742,-0.2623018442519756,-0.0031634181237776837,0.3253584062558183,3632,-0.3233693400120238
ats_rank480,long,2,0.18958333333333333,0.29375,13810,-0.2623694720920532,1.0129006339715296,0.3314989138305576,5293,-0.39814879411197834
tbi_ma96,long,6,-0.0007373306413713018,0.0012957016688947345,13958,-0.26237139443382534,1.0128987116297576,0.32698094282848544,4257,-0.3573201315824256
tbi_ma96,short,7,0.0012944152761233895,0.003765380563960201,13958,-0.2623901956177368,-0.0032517694895388694,0.32619286430720734,4670,-0.29344114234764795
minofday,long,2,285.0,420.0,13144,-0.2624290312839229,1.0128410747796601,0.3373402312842362,4833,-0.3100759146255043
rpt_rank,short,5,0.4979166666666667,0.6,13884,-0.2626459870893276,-0.0035075609611296965,0.3261307980409104,5163,-0.25761788127993507
since_hi96,short,8,87.0,94.0,13697,-0.2627563018595698,-0.0036178757313718446,0.32649485288749364,5351,-0.3268489308575365
tbi_z8,short,9,1.3361688430211278,inf,14011,-0.2627676872846026,-0.0036292611564046617,0.33388052244664906,5324,-0.24963034763588712
wick_skew,short,5,-0.008493337368199863,0.07022623665312687,14015,-0.2628529475686073,-0.0037145214404093463,0.32629325722440244,5592,-0.33666705279681225
efficiency,long,9,0.49702313397824327,inf,14016,-0.262921524059241,1.0123485820043419,0.3378995433789954,6106,-0.3428004647550664
since_lo24,long,7,20.0,22.0,11692,-0.2630433679699182,1.0122267380936647,0.3309955525145399,4113,-0.34958706072386797
since_lo24,short,4,11.0,15.0,16753,-0.26310333772120537,-0.003964911593007436,0.32746373783799915,6063,-0.2543253015913052
lo_pos,short,1,0.0,0.14285714285714285,39157,-0.26313565136092004,-0.0039972252327221125,0.3296217789922619,14248,-0.28150564436929076
kyle_z,short,3,-0.6030400687109707,-0.36286606057107523,13957,-0.2631374413409551,-0.003999015212757195,0.3280791000931432,4857,-0.29167736353116086
since_lo480,long,5,283.0,345.0,13898,-0.26322051282453635,1.0120495932390465,0.33148654482659373,5132,-0.46490949244482904
to_hi96,long,4,3.8416738344822,4.652841262114922,14008,-0.26325583177736356,1.0120142742862193,0.33059680182752715,4528,-0.31717577948638115
extreme_late,long,1,0.21428571428571427,0.42857142857142855,16773,-0.2632808010632881,1.0119893050002948,0.32617897811959695,6042,-0.32879721041258086
dn_wick,short,1,0.02112361520248357,0.07530165530484363,14015,-0.2633458491284889,-0.004207423000290977,0.3230110595790225,5493,-0.26099903137057956
tbi_ma96,long,1,-0.011975525269555906,-0.00872966984012583,13958,-0.2633936177317812,1.0118764883318017,0.32612122080527295,5128,-0.36081548137713726
persist24,long,5,0.15937313764939942,0.19948450220503133,14015,-0.2635414375102084,1.0117286685533746,0.3308597930788441,5100,-0.36399926782174113
rv_vs_range,short,5,0.6466618246267175,0.6924929363968645,14015,-0.2636652097967542,-0.004526783668556245,0.3261505529789511,5041,-0.2657054164284998
rpt_z,long,5,-0.09724935955232474,0.1738716175317478,13959,-0.2636819326262471,1.0115881734373358,0.32710079518590157,5299,-0.34766161356090236
absorb,long,1,-0.3296159773165532,-0.17669821925636647,14003,-0.26369167977799446,1.0115784262855885,0.3376419338713133,5423,-0.35892526534810965
since_hi480,short,6,322.0,382.0,13880,-0.26375448416189956,-0.004616058033701631,0.3318443804034582,4746,-0.32953772445697316
kyle_z,long,0,-inf,-1.2000293074331874,13959,-0.2637591503681652,1.0115109556954178,0.34565513288917543,5504,-0.41584328463522535
up_wick,long,1,0.019429423111337725,0.07094034156736076,14015,-0.2638386591290835,1.0114314469344994,0.3217980734926864,5381,-0.3516175991334093
persist24,short,3,0.089640273572342,0.12288935883065026,14014,-0.26402718961314237,-0.004888763484944436,0.3299557585271871,5064,-0.28328895343340643
persist24,short,2,0.0583853912964117,0.089640273572342,14014,-0.26405603220490215,-0.004917606076704217,0.3315969744541173,4963,-0.29230409116535894
disp96,long,4,-1.287098859393662,0.2073133488456728,14007,-0.26407775161762836,1.0111923544459547,0.33497536945812806,4691,-0.26258164518770666
to_lo480,long,4,10.499117557007835,13.049492601774123,13969,-0.264112797950816,1.011157308112767,0.3267234590879805,5485,-0.3494889081105259
avg_trade_usd,short,5,3636.4270338415317,3932.564480086221,14015,-0.26417990011251946,-0.005041473984321532,0.3180164109882269,3673,-0.28132336120936724
range_rank,long,2,0.18125,0.28541666666666665,13726,-0.2642225548869801,1.0110475511766028,0.33870027684686,4853,-0.4121189646143448
to_hi96,long,7,6.549961786831018,7.868547489663787,14007,-0.26428242242225825,1.0109876836413247,0.32540872420932393,4970,-0.34450953265598355
dn_wick,short,2,0.07530165530484363,0.13035415003990136,14015,-0.26434412667707136,-0.0052057005488734265,0.3193007491972886,5325,-0.277175835070515
absorb,long,2,-0.17669821925636647,-0.10684773674066683,14003,-0.2643767851885816,1.0108933208750013,0.3263586374348354,4975,-0.34448790053707307
tbi_ma96,long,3,-0.006363445656009976,-0.004397692461604324,13958,-0.2647909601065255,1.0104791459570575,0.3267660123226823,4230,-0.3205940684780557
tbi_z24,long,7,0.5727534166749915,0.899531551811282,14001,-0.2649326457401094,1.0103374603234736,0.32676237411613457,5192,-0.3274987443754974
vol_of_vol,long,3,-0.63357637132611,-0.463797330917595,13967,-0.2649693944378723,1.0103007116257106,0.33049330564902984,4549,-0.3581311339292402
to_hi96,long,3,3.063145552888624,3.8416738344822,14007,-0.2650833331164494,1.0101867729471334,0.3294781180838152,4779,-0.3040380317571293
since_hi96,short,4,40.0,53.0,13715,-0.2652233793169689,-0.006084953188770947,0.33751367116296027,4891,-0.29192545962271227
rpt_z,long,4,-0.3507413004009038,-0.09724935955232474,13958,-0.265500444250682,1.0097696618129008,0.32784066485169794,5236,-0.32675777116765536
lo_pos,short,7,0.8571428571428571,1.0,16187,-0.26560302039087624,-0.006464594262678314,0.3245196762834373,6006,-0.3352416131029857
m1_jump,short,4,0.28124988945488744,0.31104852456458454,14016,-0.2656795007254761,-0.0065410745972781514,0.3235587899543379,5124,-0.25615066934174785
pos24,long,7,0.6930162098242207,0.7757427578232128,14015,-0.2656978432685557,1.0095722627950272,0.32843382090617196,4903,-0.32715427849126044
since_lo480,long,3,145.0,214.0,14028,-0.26570372733251607,1.009566378731067,0.33632734530938124,5197,-0.33390775752743124
since_lo24,short,7,20.0,22.0,11690,-0.26578615797573535,-0.006647731847537419,0.32677502138579984,4112,-0.28878520098730087
tbi_ma96,long,0,-inf,-0.011975525269555906,13959,-0.2657994771022586,1.0094706289613242,0.3274589870334551,8709,-0.38493146700014985
rpt_rank,short,7,0.7020833333333333,0.8020833333333334,13686,-0.265810653640208,-0.006672227512010076,0.32624579862633346,5072,-0.3265479876027135
disp6,long,4,-0.2951071251357147,0.02317042498073481,14016,-0.26588301742761383,1.009387088635969,0.3292665525114155,4771,-0.37072295630949265
since_lo480,long,8,443.0,470.0,13675,-0.26594543814764915,1.0093246679159338,0.33016453382084093,4616,-0.34065186324627644
m1_jump,long,7,0.38882182242881713,0.45158236265466817,14016,-0.26597174169172155,1.0092983643718614,0.3289098173515982,5756,-0.3760041574874362
ats_z96,long,6,0.18676398025578364,0.4890756595312535,13958,-0.2661985463305506,1.0090715597330324,0.32526149878206045,5028,-0.32309595194222557
rpt_rank,long,5,0.4979166666666667,0.6,13883,-0.266525168112485,1.008744937951098,0.32723474753295395,5165,-0.33430188566210356
disp24,short,6,0.7108037412894674,1.436543338976397,14014,-0.2665260694086928,-0.007387643280494849,0.3315969744541173,4729,-0.32109712559033227
to_lo480,long,2,5.7588430256955885,8.112841005605098,13969,-0.2666219379127601,1.0086481681508228,0.316343331662968,4979,-0.2867560302946649
pos480,short,8,0.8152648031556757,0.8870967030558902,13968,-0.26665434468676974,-0.00751591855857181,0.3197308132875143,4408,-0.3378581837169443
ats_z96,long,3,-0.6087720432727113,-0.3427854864102652,13958,-0.26667855989346506,1.0085915461701178,0.32819888236136985,5796,-0.3655913824688498
up_wick,short,8,0.45628336364216476,0.5782870209045914,14015,-0.2667219627753205,-0.00758353664712258,0.3217267213699608,4892,-0.2562195459012926
efficiency,long,0,-inf,0.04468413353157346,14016,-0.26677279969082335,1.0084973063727596,0.3244149543378995,5018,-0.33961317003423763
kyle,short,3,2.6480612050981903e-07,2.948299496942658e-07,14014,-0.26690070706785746,-0.007762280939659527,0.3295989724561153,5149,-0.23703911624691354
disp24,long,5,0.059469672844530634,0.7115016129738835,14015,-0.2669818497737737,1.0082882562898092,0.33457010346057797,4657,-0.30432674336337007
tbi_z24,short,3,-0.5801651191457671,-0.2918294187629269,14001,-0.26698332809105385,-0.007844901962855921,0.32333404756803086,5044,-0.3210122507215315
range_rank,short,3,0.28541666666666665,0.39166666666666666,13835,-0.2670170179363137,-0.007878591808115787,0.3285146367907481,5031,-0.2772472439471121
persist6,long,4,0.2719219180443164,0.3451442575178503,14016,-0.2670892932393579,1.0081808128242251,0.3274828767123288,4976,-0.3263221604260734
ats_z96,long,4,-0.3427854864102652,-0.08427860523262468,13958,-0.2670894401670461,1.0081806658965369,0.3295601088981229,5519,-0.31364055033733634
since_lo480,short,2,82.0,145.0,13970,-0.26732052539966134,-0.008182099271463406,0.3241947029348604,5006,-0.28123461466523075
persist24,short,0,-inf,0.028813498331029495,14014,-0.2677210474033112,-0.008582621275113278,0.33666333666333664,4797,-0.28400812234689515
persist24,short,1,0.028813498331029495,0.0583853912964117,14014,-0.2677869775003267,-0.008648551372128777,0.3340944769516198,4941,-0.2780533168426996
wick_skew,long,2,-0.2980312621695495,-0.18571384391076207,14016,-0.26783455458602656,1.0074355514775564,0.3213470319634703,5023,-0.34000437345990736
disp96,long,7,3.344112263648093,5.459478827638739,14008,-0.2678760200829007,1.0073940859806823,0.32724157624214734,5632,-0.4080172208669696
to_hi24,short,6,2.5595919256077173,3.0347468409130633,14014,-0.26799389366649246,-0.008855467538294526,0.32731554160125587,4730,-0.2940149041997564
to_lo96,short,4,4.2628396957320485,5.193435753309625,14007,-0.26805417109822655,-0.008915744970028616,0.33004926108374383,4808,-0.317875398237761
rpt_z,long,6,0.1738716175317478,0.4702659042883246,13958,-0.2680968344828018,1.007173271580781,0.32612122080527295,5136,-0.3535861055484703
hi_pos,long,5,0.5714285714285714,0.7142857142857143,11987,-0.2681172104851144,1.0071528955784685,0.32693751564194545,4632,-0.4049744732878752
accel,long,3,-0.6673852506524675,-0.32962230565506756,14015,-0.26826848022705024,1.0070016258365326,0.33135925793792365,5094,-0.3516535765174294
efficiency,short,8,0.39630287847455425,0.49705128864370113,14015,-0.2683325938712784,-0.009194167743080461,0.33064573671066716,5466,-0.26764920846048357
since_hi480,short,3,121.0,185.0,13919,-0.2684796995525343,-0.009341273424336383,0.3352252316976794,5057,-0.318280051644512
since_lo96,short,3,30.0,43.0,13773,-0.2684838874178625,-0.00934546128966457,0.32737965584839906,4981,-0.2953170114108758
ats_z96,short,2,-0.8953873133514436,-0.6089521001875048,13958,-0.2685664200954901,-0.009427993967292159,0.3275540908439605,5844,-0.2860985271689947
since_lo480,short,9,470.0,inf,14513,-0.2685677970513036,-0.009429370923105695,0.32370977744091506,4977,-0.3438482992508696
extreme_late,short,8,1.0,inf,30576,-0.2686826048879749,-0.009544178759776978,0.32800235478806905,10557,-0.28200834379108575
disp24,short,7,1.436543338976397,2.3127891494416386,14014,-0.2687259959492003,-0.009587569821002395,0.32952761524190094,4906,-0.25618383617345003
close_loc,short,3,0.2946713017365185,0.3995577122573272,14014,-0.2687318518246972,-0.009593425696499291,0.32253460824889396,4808,-0.29930938766783854
kyle_z,long,1,-1.2000293074331874,-0.8662572002226001,13958,-0.26873471267465215,1.0065353933889307,0.3359363805702823,5128,-0.3808869319141517
hi_pos,short,1,0.0,0.14285714285714285,40970,-0.26875715337483885,-0.009618727246640923,0.32413961435196487,14590,-0.3154756728692374
since_hi24,short,5,14.0,17.0,13131,-0.2687913302177825,-0.00965290408958458,0.3312771304546493,4698,-0.28992494622045206
since_hi96,short,2,16.0,27.0,13593,-0.2689263388463011,-0.009787912718103198,0.32612374016037665,4801,-0.251956596867652
rpt_z,short,1,-1.2304024055399385,-0.879082461033222,13958,-0.2690535265444422,-0.009915100416244271,0.3248316377704542,5469,-0.2631482892776296
disp6,long,5,0.02317042498073481,0.3419284022054071,14017,-0.26908533962703396,1.006184766436549,0.3270314617963901,4649,-0.3664304037924891
vol_per_trade_z,long,3,-0.6062844441922332,-0.3422648164401173,13958,-0.269173846434437,1.006096259629146,0.3265510818168792,5760,-0.3541718915625204
avg_trade_usd,short,3,3031.7715112776978,3335.6397541458327,14014,-0.26925864756811135,-0.010120221439913424,0.3306693306693307,3851,-0.25397910123705625
extreme_late,short,2,0.42857142857142855,0.5714285714285714,14175,-0.26931163199709685,-0.010173205868898916,0.3235273368606702,5576,-0.2931060845799274
since_lo96,long,3,30.0,43.0,13775,-0.2693529968294378,1.005917109234145,0.3313974591651543,4984,-0.3559722063477693
body_frac,short,3,-0.3613985218096781,-0.19220093815856196,14014,-0.26936603927920383,-0.010227613151005899,0.3231054659626088,4749,-0.31774242330090496
persist24,long,4,0.12286389667407822,0.15937313764939942,14014,-0.2694311466309549,1.005838959432628,0.3293849008134722,5016,-0.36218090574051437
to_lo96,long,4,4.263765923021641,5.1944312490788604,14008,-0.26967989211041465,1.0055902139531683,0.3316676185037122,4809,-0.31950580695162173
absorb_z,short,3,-0.11128898825009818,-0.04711859523456416,12944,-0.2696852481462771,-0.01054682201807916,0.3197620519159456,5682,-0.29147061811695607
to_hi24,long,8,3.6324762421150125,4.565717627694656,14015,-0.2698581563553486,1.0054119497082343,0.320442383160899,5313,-0.35052380829345364
accel,short,6,0.31158940941692864,0.651052104013634,14014,-0.2698850931306187,-0.010746667002420773,0.3319537605251891,4976,-0.29184647840002986
persist6,short,0,-inf,0.06565219337156197,14016,-0.26999048013040655,-0.010852054002208622,0.3284103881278539,5131,-0.28478991906574913
tbi_z24,long,2,-0.8988560853928411,-0.5796387613946519,14001,-0.27001380101107436,1.0052563050525085,0.32604813941861294,5033,-0.32300425207697747
lo_pos,short,6,0.7142857142857143,0.8571428571428571,13271,-0.2700250096628568,-0.010886583534658878,0.3248436440358677,5142,-0.28927011532778807
tbi_ma96,short,8,0.003765380563960201,0.007109173788484048,13958,-0.2702273619908285,-0.011088935862630545,0.3240435592491761,4719,-0.3188309128433915
disp96,short,4,-1.2879362081048795,0.20592146473901207,14006,-0.27024502484576707,-0.011106598717569138,0.33364272454662286,4692,-0.4185796113233857
since_lo24,long,5,15.0,18.0,13441,-0.27040599547375654,1.0048641105898264,0.32824938620638344,4841,-0.37571835692146566
to_hi96,short,3,3.0638118874746594,3.8423840713097817,14006,-0.27055337688359354,-0.011414950755395614,0.3257889475938883,4780,-0.28464505794026196
range_per_trade,long,2,8.105362319072469e-08,9.23642774649119e-08,14016,-0.2705667142061845,1.0047033918573984,0.3351170091324201,7605,-0.3395180241778434
tbi_z96,long,2,-0.8813170273406087,-0.5650285723001455,13959,-0.2705770857819306,1.0046930202816524,0.32387706855791965,4918,-0.33428194866062655
since_hi96,short,5,53.0,66.0,14282,-0.27067694978823265,-0.011538523660034716,0.3347570368295757,4945,-0.3522232062245634
efficiency,short,6,0.2696416838328714,0.32581218923150057,14014,-0.2706860219898862,-0.011547595861688298,0.32424718139003855,4980,-0.2955438074926282
tbi_z8,short,3,-0.6115244805990131,-0.3098199366813138,14010,-0.27070013154987493,-0.011561705421677004,0.32369735902926483,4903,-0.3015465902536657
since_hi24,short,9,24.0,inf,18248,-0.270824167153829,-0.01168574102563108,0.32332310390179747,6942,-0.23410010507044524
since_hi24,long,3,7.0,11.0,17327,-0.2711284763221712,1.0041416297414116,0.32550354937380965,6101,-0.36235937694834186
to_hi480,short,5,10.759022358597939,13.041168681931754,13968,-0.2711817305528404,-0.012043304424642465,0.31937285223367695,4610,-0.2657775292364456
m1_jump,long,6,0.34561285309473083,0.38882182242881713,14017,-0.27119856708265777,1.0040715389809252,0.32574730684169223,5442,-0.33271025248407265
dq_z96,long,2,-0.8815521575375164,-0.5649229972456685,13959,-0.27130988891118807,1.003960217152395,0.3235905150798768,4925,-0.3324617115958649
body_frac,short,2,-0.5183093662186974,-0.3613985218096781,14015,-0.2713277373458176,-0.01218931121761968,0.32244024259721726,4766,-0.3163061331217008
kyle_z,short,4,-0.36286606057107523,-0.12963510461763217,13958,-0.27133797778319196,-0.012199551654994034,0.32561971629173236,4851,-0.30479430041704414
vol_of_vol,long,2,-0.8026349653697727,-0.63357637132611,13967,-0.27151012047668577,1.003759985586897,0.3352187298632491,4555,-0.38185144734515875
m1_jump,short,5,0.31104852456458454,0.3456238290035476,14017,-0.27166686565344694,-0.012528439525249013,0.3228222872226582,5368,-0.2786227822239088
since_hi96,short,9,94.0,inf,14766,-0.2716920270667939,-0.012553600938595977,0.3141676825138833,5902,-0.22368481446343916
since_hi96,short,7,77.0,87.0,14469,-0.2717618860780606,-0.012623459949862692,0.32669845877393044,5253,-0.3237764894815499
tbi_z96,short,3,-0.5654793306903926,-0.2800884226638891,13957,-0.271910395188416,-0.012771969060218047,0.3220606147452891,5114,-0.30423442349108376
pos24,short,3,0.3483081153795784,0.4348000088351778,14014,-0.27202016267657864,-0.012881736548380707,0.32859997145711434,4366,-0.2836245378225861
accel,long,6,0.31189703126757096,0.6516537299131827,14015,-0.272052074841873,1.00321803122171,0.32550838387442027,4983,-0.3600785779886704
to_hi480,long,6,13.040976515034913,15.772584343388942,13969,-0.27211310261693655,1.0031570034466464,0.3222134726895268,5189,-0.3096042237971445
tbi_z8,short,0,-inf,-1.3277026385238186,14011,-0.2721235464187819,-0.012985120290583962,0.32110484619227747,5341,-0.2912884380049052
hi_pos,long,7,0.8571428571428571,1.0,16258,-0.27236017017713865,1.0029099358864442,0.32519375076885226,6082,-0.37502702115901926
dq_z96,short,3,-0.5655802987066567,-0.2799169813038443,13957,-0.27253540092200795,-0.013396974793810024,0.3218456688400086,5120,-0.30425036908499115
tbi_ma96,long,5,-0.00256102151449262,-0.0007373306413713018,13959,-0.27286771474483007,1.002402391318753,0.3238054301884089,4196,-0.3358583205511311
since_hi24,long,2,4.0,7.0,14626,-0.2729123574218076,1.0023577486417754,0.323943661971831,5287,-0.3360545597902155
flow_eff,short,5,0.020491049189797217,0.03054341328706755,14015,-0.2729451293771262,-0.013806703248928298,0.3295754548697824,4989,-0.23769079638022733
absorb,long,8,0.15360264196877746,0.2843316747451795,14003,-0.27297339271184035,1.0022967133517426,0.33142897950439193,5505,-0.37092381274338326
disp96,short,2,-4.665614344967357,-2.850881709776212,14006,-0.2729774919575125,-0.013839065829314545,0.31929173211480794,4922,-0.30863763407949324
pos96,long,2,0.2587079487942872,0.3442970840830522,14008,-0.273153403886573,1.0021167021770099,0.3249571673329526,4461,-0.3529505993998645
range_z,short,4,-0.4339230207114396,-0.2779375795124852,13958,-0.2731964291276057,-0.014058002999407793,0.3248316377704542,4594,-0.28899695645849377
to_hi96,short,6,5.53852565907049,6.55069340236143,14006,-0.2732698623710553,-0.014131436242857398,0.32778809081822075,4488,-0.3281498924620743
persist24,short,5,0.15943082807569178,0.19951860100895152,14014,-0.27345732762755476,-0.014318901499356829,0.32859997145711434,5091,-0.2945772601693892
dq,short,8,0.11529950701330832,0.17768498004287825,14015,-0.27413464536739585,-0.014996219239197917,0.3259364966107742,5013,-0.23997817139334643
hi_pos,short,8,1.0,inf,15717,-0.27413548106052393,-0.014997054932326004,0.3324425781001463,5242,-0.26163488350415887
since_lo24,short,8,22.0,24.0,15671,-0.2741929228544012,-0.015054496726203292,0.32352753493714503,5494,-0.33404774022545425
accel,short,3,-0.6679258765764233,-0.32993882094568183,14014,-0.27421262926346807,-0.015074203135270137,0.3263165406022549,5092,-0.3179377138402432
since_hi24,short,6,17.0,20.0,14302,-0.2742147949862279,-0.015076368858029987,0.3261781569011327,5144,-0.2929996348606484
kyle_z,short,2,-0.8662331818376948,-0.6030400687109707,13958,-0.2746100223020803,-0.015471596173882385,0.32647943831494486,5068,-0.27854666038798065
rpt_z,short,8,0.8393890581001806,1.3771648930247764,13958,-0.2746346174353946,-0.01549619130719665,0.3258346467975355,4913,-0.30520062800660314
to_lo24,long,8,3.907691871133623,4.904017338649001,14015,-0.27473934861989724,1.0005307574436857,0.3243667499108098,5447,-0.3217523834081419
range_z,short,3,-0.5777311293637579,-0.4339230207114396,13957,-0.27486889749735954,-0.015730471369161614,0.3272193164720212,4523,-0.2910101726366915
tbi_ma96,long,2,-0.00872966984012583,-0.006363445656009976,13959,-0.2750577410559919,1.0002123650075911,0.32416362203596244,4445,-0.40396102863542666
tbi_z24,short,9,1.3199801414402794,inf,14001,-0.27506594162193204,-0.015927515493734112,0.3277623026926648,5159,-0.2685728546028584
since_lo24,short,9,24.0,inf,19220,-0.2751926807906969,-0.01605425466249899,0.322372528616025,6821,-0.34982433700794563
up_wick,short,9,0.5782870209045914,inf,14015,-0.2752374087563691,-0.016098982628171166,0.3216553692472351,5088,-0.3233287189397449
pos480,short,9,0.8870967030558902,inf,13969,-0.27532104513295635,-0.016182619004758425,0.3113322356646861,5271,-0.2938200291285703
tbi,short,8,0.05760491047959276,0.08882499115024012,14015,-0.2755601853988044,-0.016421759270606462,0.3255797359971459,5017,-0.24134339929385698
vol_of_vol,long,1,-1.0122685326043628,-0.8026349653697727,13967,-0.27568912864925277,0.9995809774143302,0.345958330350111,5871,-0.4793638018277728
since_hi96,long,5,53.0,66.0,14278,-0.2757334234334918,0.9995366826300911,0.3305785123966942,4944,-0.319646404957004
vol_per_trade_z,short,2,-0.8950842822293982,-0.6065478516636935,13958,-0.27576506258669053,-0.016626636458492605,0.32554807278979797,5847,-0.274000574405416
to_lo96,short,6,6.198548750447776,7.403000028893097,14006,-0.2758948807031416,-0.01675645457494368,0.3265029273168642,5012,-0.2981077117138977
to_hi24,short,4,1.786661199106068,2.156131884959052,14014,-0.2759021849126257,-0.016763758784427762,0.32553161124589697,4629,-0.3183166939142476
persist24,long,0,-inf,0.028805042983925052,14015,-0.27590624682639153,0.9993638592371914,0.33193007491972887,4798,-0.31136279095840214
absorb,short,8,0.15357513302819506,0.28430489376215906,14003,-0.2760022232107804,-0.016863797082582455,0.32964364778975935,5507,-0.2817921447009512
lo_pos,long,3,0.2857142857142857,0.35714285714285715,7260,-0.2761143732464647,0.9991557328171182,0.3212121212121212,2536,-0.37575627634156333
disp96,short,5,0.20592146473901207,1.6806000027278472,14007,-0.2761284076366894,-0.01698998150849146,0.33361890483329765,4509,-0.35929356381700045
rv_vs_range,short,6,0.6924929363968645,0.7452714663661008,14014,-0.2763985347621348,-0.017260108633936844,0.3233195376052519,5288,-0.2558835064148383
sess_us,short,0,-inf,1.0,93451,-0.2764235808120979,-0.01728515468389996,0.3270055965158211,34346,-0.29643202098785754
disp6,short,5,0.022734548568000033,0.34139487052950596,14016,-0.27655531311330295,-0.017416886985105018,0.3249857305936073,4645,-0.2931052650649778
tbi_z24,short,0,-inf,-1.3076305693980015,14001,-0.27673735810216826,-0.017598931973970333,0.3192629097921577,5262,-0.31651726457042373
persist6,short,3,0.20180742240390204,0.2718978203218054,14016,-0.27681466809452454,-0.01767624196632661,0.3251997716894977,5112,-0.2792321698989786
ats_rank480,short,1,0.09166666666666666,0.18958333333333333,13624,-0.2768580784859705,-0.017719652357772564,0.3282442748091603,5017,-0.2841424787870061
tbi_z8,long,2,-0.935090554833331,-0.611207396350878,14011,-0.276936160527212,0.9983339455363709,0.32274641353222466,4966,-0.3422873500372876
m1_jump,short,2,0.2256837807233743,0.2535950515322754,14016,-0.27716214453117527,-0.01802371840297734,0.3193493150684932,4507,-0.25986991104636425
since_lo24,short,3,8.0,11.0,12583,-0.2771856693894856,-0.01804724326128765,0.3233728045776047,4564,-0.28110140752981577
disp24,short,5,0.058473884890275274,0.7108037412894674,14014,-0.2773800232185859,-0.018241597090387973,0.33352361923790497,4662,-0.3291786616747561
close_loc,short,0,-inf,0.09576097809539005,14015,-0.2774071185617111,-0.018268692433513145,0.32622190510167676,6257,-0.3326263334962031
tbi_ma96,short,6,-0.0007389142340529623,0.0012944152761233895,13957,-0.2774412195376349,-0.018302793409436968,0.3254281005946837,4258,-0.2043307272713894
ats_z96,short,4,-0.3429046543858548,-0.08442158794069186,13958,-0.27745213821351256,-0.018313712085314626,0.32475999426851987,5521,-0.2945931121570965
to_hi96,short,4,3.8423840713097817,4.653680553482482,14007,-0.2775911182001848,-0.018452692071986854,0.3262654387092168,4528,-0.3242344169729471
pos480,long,5,0.5288420328654713,0.6338160927572674,13969,-0.27777647916302173,0.9974936269005612,0.32686663325936,5835,-0.41630174663580505
accel,short,5,-0.007044453148281782,0.31158940941692864,14014,-0.2779961927183632,-0.018857766590165248,0.3252461823890395,4901,-0.2849625348154033
to_hi24,short,2,1.0807127498878717,1.4339651436043819,14014,-0.2780344109550199,-0.018895984826821977,0.3238190381047524,4907,-0.3188032377306314
persist96,long,8,0.1730097216874397,0.2259267688702383,14007,-0.2780351272856483,0.9972349787779347,0.306703790961662,5183,-0.39501184781101284
disp96,short,7,3.3433502729168625,5.457844589941878,14006,-0.2781722912910854,-0.019033865162887464,0.3250035698986149,5620,-0.26648143612680153
disp24,long,6,0.7115016129738835,1.436740177976298,14015,-0.27817480443947995,0.997095301624103,0.32971815911523367,4728,-0.33707125518423997
tbi_z96,short,9,1.309197249100184,inf,13958,-0.27829477055628227,-0.019156344428084338,0.3266227253188136,5112,-0.2830325105739211
range_z,long,3,-0.577726012542263,-0.4339989964939602,13958,-0.2784320561873194,0.9968380498762635,0.3286287433729761,4520,-0.3552656890422641
dq_z96,short,9,1.3089035739250512,inf,13958,-0.278522771073784,-0.01938434494558605,0.3265510818168792,5111,-0.2829029545819092
since_lo96,long,9,94.0,inf,16245,-0.2788222470842173,0.9964478589793656,0.3186211141889812,5872,-0.36636454537323976
absorb,long,9,0.2843316747451795,inf,14004,-0.27951265602001785,0.9957574500435651,0.3346900885461297,6550,-0.41092016358438477
since_hi96,short,3,27.0,40.0,14355,-0.2795422395370978,-0.02040381340889985,0.32511320097526997,5100,-0.28852295319221793
hour,short,5,11.0,14.0,17482,-0.27960928477962643,-0.020470858651428503,0.32959615604621895,6428,-0.2915232240388053
tbi_z8,short,4,-0.3098199366813138,-0.00472333752994392,14011,-0.2800189479305664,-0.02088052180236849,0.322889158518307,5292,-0.30437295803555686
range_per_trade,short,4,1.0324488712957116e-07,1.1458523829280525e-07,14015,-0.28007673298438773,-0.020938306856189803,0.3256510881198716,5492,-0.3440827732664689
pos96,short,3,0.3442235045381451,0.43406764293507194,14006,-0.2802717135793181,-0.021133287451120197,0.32785948879051835,4444,-0.29302531482416677
persist96,long,7,0.13718124323753067,0.1730097216874397,14008,-0.2803484811300313,0.9949216249335516,0.31010850942318674,5646,-0.3439530716477264
rpt_z,short,9,1.3771648930247764,inf,13958,-0.280718665358504,-0.021580239230306053,0.3240435592491761,5185,-0.290289910024761
wick_skew,short,9,0.43855258684904186,inf,14015,-0.28084110411037305,-0.021702677982175123,0.32194077773813773,5130,-0.32737220920743243
ats_rank480,short,3,0.29375,0.3958333333333333,13618,-0.28114544397985225,-0.02200701785165432,0.325304743721545,5089,-0.2760595636211906
to_hi480,long,7,15.772584343388942,19.699603784460358,13969,-0.2814076255191336,0.9938624805444494,0.32207029851814734,5764,-0.3513838285104724
persist96,short,5,0.08614860025860259,0.10972942217892816,14007,-0.28146811110156655,-0.022329684973368624,0.3174127222103234,5548,-0.2409108479361904
to_lo96,long,6,6.199313462042976,7.403789663854597,14007,-0.28166994196770234,0.9936001640958806,0.3286927964589134,5010,-0.36380078941922755
to_lo480,long,3,8.112841005605098,10.499117557007835,13969,-0.28172582768744087,0.9935442783761421,0.3174887250340039,5485,-0.33940878988358897
since_hi480,short,7,382.0,431.0,14024,-0.2819159270634503,-0.02277750093525238,0.3209498003422704,5219,-0.3900995080150948
accel,short,4,-0.32993882094568183,-0.007044453148281782,14013,-0.28207076674110143,-0.0229323406129035,0.3254834796260615,5064,-0.2962593709278737
tbi_ma8,short,0,-inf,-0.03147566513947565,14011,-0.2821152659537318,-0.02297683982553389,0.34051816429947895,9368,-0.34771290310805075
persist6,short,7,0.515329786243748,0.6224409208197836,14015,-0.2821713376380995,-0.023032911509901555,0.325151623260792,5117,-0.27737730291287416
disp6,short,6,0.34139487052950596,0.6820919217769237,14016,-0.2823021695935019,-0.023163743465303976,0.3214897260273973,4809,-0.3084238608264101
m1_jump,short,9,0.5677524767692086,inf,14017,-0.2823535881044602,-0.023215161976262277,0.3328815010344582,5930,-0.3418334381888901
dq_cum24,short,8,0.3957009851986975,0.671339699665772,14001,-0.28265399820715953,-0.0235155720789616,0.3181915577458753,4448,-0.30207272416309755
updn_ratio,short,0,-inf,0.3333333333333333,7701,-0.28272169350982057,-0.02358326738162264,0.33398259966238153,3047,-0.3503774334597549
to_hi24,short,5,2.156131884959052,2.5595919256077173,14014,-0.2828040256979201,-0.023665599569722195,0.3238190381047524,4610,-0.28265195722261327
absorb,short,7,0.09137439838486086,0.15357513302819506,14002,-0.2828531982300218,-0.023714772101823878,0.3226681902585345,4706,-0.2763456920617632
to_lo24,long,6,2.777830820308946,3.273282632448684,14014,-0.28286108834235507,0.9924090177212279,0.3220351077493935,4795,-0.35200939861740455
since_lo24,long,6,18.0,20.0,10079,-0.282989449919754,0.9922806561438289,0.32592519099116973,3515,-0.3453757856692065
accel,short,2,-1.0526192196826816,-0.6679258765764233,14014,-0.28339342975993836,-0.024255003631740435,0.3211788211788212,4863,-0.2960234712171182
to_hi24,short,0,-inf,0.6862606435141956,14014,-0.2834058585739511,-0.02426743244575319,0.3254602540316826,6267,-0.28521770025416027
dq_z96,short,8,0.8813029478166655,1.3089035739250512,13958,-0.28341419766134174,-0.02427577153314381,0.32819888236136985,5139,-0.2712735250165312
rv_vs_range,long,9,0.9128119560834895,inf,14016,-0.28350790262064135,0.9917622034429416,0.3369720319634703,6465,-0.4018775645035207
tbi_z96,short,8,0.8812156737806848,1.309197249100184,13958,-0.28366433895220394,-0.024525912824006013,0.32819888236136985,5140,-0.2714926252860689
atr_rank,long,4,0.375,0.48125,13871,-0.28370611916383925,0.9915639868997437,0.32211087881190975,5114,-0.3599140550123986
efficiency,short,9,0.49705128864370113,inf,14015,-0.2837099551815372,-0.02457152905333926,0.3315733143061006,6103,-0.34227828777768454
persist96,short,0,-inf,0.015587551844618245,14007,-0.2838947355117585,-0.02475630938356055,0.335832083958021,4924,-0.41015652524567753
tbi_ma24,short,8,0.008201262556535594,0.013941855886452413,14001,-0.28401887194367725,-0.024880445815479324,0.31769159345761017,4455,-0.3019091883594703
disp96,short,3,-2.850881709776212,-1.2879362081048795,14007,-0.28413874269292544,-0.02500031656472751,0.3239094738345113,4679,-0.3442598267088049
to_lo24,short,0,-inf,0.7889609391638851,14014,-0.284305565239256,-0.025167139111058057,0.31654060225488795,6876,-0.3287866641752852
disp96,long,1,-7.160392947235638,-4.66473908887788,14007,-0.28439644399586045,0.9908736620677225,0.30884557721139433,5271,-0.35622590588897146
range_per_trade,short,2,8.105497041084224e-08,9.236272518457938e-08,14015,-0.2845408592883826,-0.025402433160184645,0.32757759543346415,7600,-0.28928487716809803
persist96,short,3,0.04777272340020642,0.06594249406248755,14007,-0.28463427983115813,-0.025495853702960203,0.3287641893339045,5066,-0.32828085765573534
trade_intensity,short,3,0.5854469292714084,0.6681973532657445,14006,-0.28479359605918,-0.025655169930982047,0.3202913037269742,4576,-0.3004382425733368
trade_intensity,long,1,0.4147231340891163,0.5049103020177091,14007,-0.28511425288953984,0.9901558531740431,0.3299064753337617,5189,-0.38863946398191995
wick_skew,short,8,0.2788079713697608,0.43855258684904186,14015,-0.285249897726221,-0.026111471598023073,0.31694612914734216,5127,-0.2524728436560042
range_per_trade,short,3,9.236272518457938e-08,1.0324488712957116e-07,14014,-0.28573928709578217,-0.02660086096758424,0.3250321107463965,6334,-0.32014048650664745
dq_z96,short,0,-inf,-1.2989814921316698,13958,-0.2858889583478387,-0.026750532219640744,0.32074795816019486,5282,-0.3251825215573095
to_hi96,short,0,-inf,1.4207182424824405,14007,-0.2860867863277983,-0.026948360199600396,0.31198686371100165,6023,-0.24627487223063832
absorb_z,long,9,0.4385431429519766,inf,12945,-0.2861832580988518,0.9890868479647311,0.3178061027423716,4433,-0.3862199601975487
tbi_z96,short,0,-inf,-1.298865030677558,13958,-0.2862518384209293,-0.027113412292731398,0.3206046711563261,5286,-0.3247505161222387
to_hi480,long,8,19.699603784460358,26.541690937370532,13969,-0.2863451856050313,0.9889249204585516,0.33159138091488294,5897,-0.3228427963542148
hour,short,2,4.0,7.0,17529,-0.28645971214275107,-0.027321286014553137,0.3267157282218039,6441,-0.3177016762752036
atr_pct,short,2,0.002388386171630762,0.0029092158939118557,14016,-0.28674051442284537,-0.027602088294647442,0.3351170091324201,8205,-0.22114767622200399
close_loc,long,9,0.9146341463414597,inf,14016,-0.2868902617153392,0.9883798443482437,0.3258418949771689,5615,-0.37108714991794667
wick_skew,short,7,0.16409558046477782,0.2788079713697608,14015,-0.28723236549321207,-0.028093939365014142,0.3158044951837317,5251,-0.29439443127790593
since_lo480,short,3,145.0,214.0,14028,-0.28778071477629996,-0.028642288648102032,0.32349586541203307,5194,-0.41346260819556335
avg_trade_usd,long,2,2727.3097528408653,3031.9468501272395,14016,-0.2878044311879625,0.9874656748756204,0.334046803652968,4032,-0.32600560821971974
to_hi96,short,5,4.653680553482482,5.53852565907049,14007,-0.28784155975666853,-0.0287031336284706,0.32290997358463625,4416,-0.2686684352005519
persist6,short,2,0.13215736443427786,0.20180742240390204,14015,-0.28815042357024906,-0.02901199744205113,0.3212272565108812,5209,-0.3008500679486746
since_lo96,short,4,43.0,56.0,13640,-0.28820823473623264,-0.02906980860803471,0.3229472140762463,4955,-0.29928223856324576
pos96,short,9,0.8664030758657583,inf,14007,-0.28826397270591814,-0.029125546577720207,0.31020204183622474,5920,-0.2529172190835954
disp6,short,3,-0.6430471011011258,-0.2956679849847534,14016,-0.288279635108928,-0.029141208980730082,0.3202054794520548,4786,-0.3052929233719753
trade_intensity,short,2,0.5049132622482985,0.5854469292714084,14007,-0.2883893537149903,-0.029250927586792375,0.32290997358463625,4685,-0.3234935037322552
pos24,short,8,0.7756179834621802,0.8622997784791488,14014,-0.28848676781774124,-0.02934834168954331,0.31261595547309834,5179,-0.34128422418408966
range_z,long,2,-0.7297907276783948,-0.577726012542263,13959,-0.28859076125263033,0.9866793448109525,0.3290350311626907,4935,-0.3767655284325149
to_lo24,short,6,2.777303103776838,3.2726036784156,14014,-0.28862115906083763,-0.0294827329326397,0.323533609247895,4797,-0.3117312926505651
persist24,short,4,0.12288935883065026,0.15943082807569178,14013,-0.28873592673624277,-0.029597500608044836,0.32405623349746665,5022,-0.27490219135459726
pos96,short,8,0.785130922243062,0.8664030758657583,14007,-0.28894269928360183,-0.029804273155403904,0.3105590062111801,5022,-0.30461809975162213
vol_of_vol,short,2,-0.8026543753924467,-0.6336065789969789,13967,-0.28921218584732333,-0.030073759719125404,0.326985036156655,4551,-0.31771150920234653
ats_rank480,short,2,0.18958333333333333,0.29375,13809,-0.289587666252147,-0.030449240123949062,0.32174668694329783,5293,-0.26137364217194103
kyle_z,short,1,-1.1999295589184935,-0.8662331818376948,13958,-0.28993158745534775,-0.03079316132714982,0.3258346467975355,5124,-0.30666957448985077
disp24,short,2,-2.125777302735174,-1.2881230186980468,14014,-0.28998556560136857,-0.030847139473170637,0.3216069644641073,4898,-0.2586004091842498
atr_rank,long,3,0.2604166666666667,0.375,14095,-0.28998630986046836,0.9852837962031146,0.32536360411493437,5247,-0.495536744607005
disp24,long,8,2.3130592365498406,3.6049310974061965,14015,-0.29008744574697803,0.985182660316605,0.3200856225472708,5607,-0.33320520781333607
absorb,long,0,-inf,-0.3296159773165532,14004,-0.2903129420974169,0.9849571639661661,0.3281919451585261,6411,-0.3323206708585393
since_lo480,long,6,345.0,400.70000000001164,14046,-0.29037891273865835,0.9848911933249246,0.3253595329631212,5131,-0.45424476505781775
since_hi480,short,1,24.0,66.0,13962,-0.29045211630151313,-0.0313136901733152,0.31643031084371864,4984,-0.2572632212585894
vol_per_trade_z,short,4,-0.34231596820531934,-0.08167277240268336,13958,-0.29060114292655603,-0.031462716798358104,0.3210345321679324,5520,-0.29207584136301123
minofday,short,2,285.0,420.0,13147,-0.2906749654264264,-0.03153653929822847,0.32714687761466493,4831,-0.32684435942533757
minofday,long,3,420.0,570.0,14608,-0.29092262480532516,0.9843474812582578,0.33200985761226726,5369,-0.3769203173391555
gap,short,0,-inf,-0.0010978402617079534,14017,-0.2911440201913737,-0.03200559406317577,0.3378754369693943,600,-0.5879225155307519
kyle,long,2,2.326054979647694e-07,2.648037629302417e-07,14016,-0.2913399831050968,0.9839301229584861,0.332976598173516,6418,-0.3637252412699021
dq,long,9,0.1777093128897482,inf,14016,-0.2928556464462268,0.9824144596173561,0.3410388127853881,7843,-0.3978523310065344
since_hi96,long,4,40.0,53.0,13713,-0.29285789931403505,0.9824122067495479,0.32414497192445124,4892,-0.33696673341482475
pos96,short,5,0.5241885506331265,0.6133874848472888,14007,-0.2929335557427147,-0.03379512961451675,0.3296209038337974,4770,-0.3811360323974667
since_lo96,long,2,18.0,30.0,13740,-0.2930780479733256,0.9821920580902573,0.31106259097525474,4836,-0.36361267618066306
tbi,long,9,0.08883858302980978,inf,14016,-0.2930932759762174,0.9821768300873654,0.3409674657534247,7840,-0.3978864531471867
ats_rank480,long,0,-inf,0.09166666666666666,13643,-0.2935238503414282,0.9817462557221548,0.3335043612108774,5048,-0.3642924328571043
hour,long,3,7.0,9.0,11687,-0.29371710388853806,0.9815530021750449,0.3309660306323265,4296,-0.36306118738336424
to_lo480,short,6,15.835804758075607,19.013038578247787,13969,-0.2937707250237309,-0.03463229889553299,0.32199871143245756,4674,-0.24670495378401106
to_lo24,long,7,3.273282632448684,3.907691871133623,14015,-0.29390824284061273,0.9813618632229701,0.31794505886550123,5102,-0.33463579345511363
pos96,long,6,0.6134819320055251,0.700906153296013,14007,-0.29395128880036825,0.9813188172632147,0.32540872420932393,4943,-0.364363880061031
hour,long,4,9.0,11.0,11684,-0.29421282219741673,0.9810572838661662,0.3305374871619308,4295,-0.3919564053818018
disp6,short,9,1.704325206153589,inf,14016,-0.29429783578293023,-0.0351594096547323,0.3146404109589041,5760,-0.3456226217687997
rpt_rank,short,8,0.8020833333333334,0.9041666666666667,13819,-0.29459769487167536,-0.035459268743477435,0.31854692814241264,5304,-0.28976603163512515
since_hi480,long,4,185.0,254.0,13961,-0.29473445529287096,0.9805356507707119,0.3207506625599885,5296,-0.40936887946018347
sess_eu,short,1,1.0,inf,46690,-0.2948519678728189,-0.03571354174462099,0.32623688155922037,17165,-0.32420515469780053
disp24,short,9,3.6048017244465864,inf,14014,-0.29509480150492745,-0.03595637537672952,0.30062794348508637,5644,-0.3300727236133978
flow_eff,short,4,0.01307917729971236,0.020491049189797217,14015,-0.29535790525665273,-0.0362194791284548,0.32272565108811985,5822,-0.2912845949400071
sess_eu,long,1,1.0,inf,46701,-0.29576581922580736,0.9795042868377756,0.32742339564463285,17169,-0.3958794222396867
to_lo24,short,9,4.9031535211541035,inf,14014,-0.2960569554694864,-0.036918529341288475,0.30027115741401456,5370,-0.26968205028987263
range_per_trade,long,1,6.78139881489163e-08,8.105362319072469e-08,14015,-0.29623051835991115,0.9790395877036717,0.32879058151980023,8577,-0.3444635035100121
range_per_trade,short,1,6.782262668447795e-08,8.105497041084224e-08,14015,-0.29629665147462897,-0.03715822534643104,0.3285051730288976,8577,-0.27967036731855804
body_frac,long,0,-inf,-0.6838956644746642,14016,-0.2967254798385477,0.9785446262250352,0.3256278538812785,6406,-0.3845086928581759
since_hi96,short,6,66.0,77.0,13324,-0.2967523193070339,-0.037613893178835955,0.3240768537976584,4611,-0.38977206942482134
tbi_ma8,short,8,0.01610902893851087,0.02626205692992332,14011,-0.29693578342848603,-0.037797357300288104,0.3171793590750125,4788,-0.22370408379806023
tbi,long,0,-inf,-0.09365045706275775,14016,-0.2972095413772152,0.9780605646863677,0.342537100456621,8001,-0.3488680685619434
dq,long,0,-inf,-0.18720086658629953,14016,-0.2976557852967364,0.9776143207668465,0.3423944063926941,8003,-0.34913061890386904
since_lo96,short,8,88.0,94.0,13286,-0.2977075423220037,-0.038569116193805764,0.31807918109287975,4847,-0.23904286594903373
since_hi480,short,8,431.0,466.0,13832,-0.2984366416811174,-0.03929821555291946,0.3248264893001735,5243,-0.23659556475682617
pos96,short,7,0.7008070010091464,0.785130922243062,14007,-0.29888119770900123,-0.039742771580803304,0.31377168558577856,5273,-0.2808926995522587
persist96,short,2,0.031090047848707295,0.04777272340020642,14006,-0.2996346234442698,-0.04049619731607185,0.32507496787091245,4913,-0.39468758590849123
persist24,short,6,0.19951860100895152,0.24789526300323517,14014,-0.29981950746791336,-0.04068108133971543,0.3128300271157414,5443,-0.30705015500833627
absorb,short,9,0.28430489376215906,inf,14003,-0.30091806822908207,-0.04177964210088414,0.3260729843604942,6548,-0.28812905010737316
to_lo96,short,5,5.193435753309625,6.198548750447776,14007,-0.30118378165272747,-0.04204535552452954,0.31819804383522526,4664,-0.23768948173224555
to_lo96,short,8,8.947174715405554,11.30126075685938,14007,-0.30125070582665175,-0.042112279698453825,0.31669879346041263,5334,-0.32798675818531486
since_lo96,short,5,56.0,69.0,14452,-0.3014049893691062,-0.04226656324090827,0.3222391364517022,5207,-0.35065448790754733
since_lo480,short,4,214.0,283.0,13983,-0.3015483566765613,-0.042409930548363395,0.3292569548737753,5425,-0.3307028948780827
absorb,short,0,-inf,-0.3297694056802395,14003,-0.30174271488057025,-0.04260428875237232,0.32478754552595873,6410,-0.3274203441010577
to_hi24,short,1,0.6862606435141956,1.0807127498878717,14014,-0.3018474562053449,-0.04270903007714699,0.3116883116883117,5203,-0.3141606384190519
pos24,short,9,0.8622997784791488,inf,14014,-0.3023169424934851,-0.04317851636528719,0.3143285286142429,6270,-0.274598970911002
to_lo24,long,1,0.7893940669795814,1.2202926244034284,14015,-0.3024553251902741,0.9728147808733087,0.3149482697110239,5165,-0.43343974397935503
vol_of_vol,short,5,-0.2810253203654729,-0.05951514734760017,13967,-0.3027270351069656,-0.04358860897876765,0.3040022911147705,4666,-0.24184565317047652
pos480,short,3,0.3403448526883389,0.43819778738219156,13969,-0.3029278925801215,-0.04378946645192355,0.3141957190922757,5160,-0.3891226333922994
minofday,long,4,570.0,705.0,13146,-0.3029411396115372,0.9723289664520458,0.327704244637152,4832,-0.39802157246816916
pos480,long,2,0.24523019303354004,0.3404176717327688,13969,-0.30355135005264633,0.9717187560109366,0.31877729257641924,5367,-0.37356106439412357
since_lo480,short,7,401.0,443.0,13716,-0.3040136970444618,-0.044875270916263865,0.31831437736949547,4855,-0.3198515088244409
since_hi480,long,3,120.30000000000291,185.0,13922,-0.3043550088821368,0.9709150971814462,0.3229421060192501,5060,-0.37531487570713384
atr_rank,short,2,0.14583333333333334,0.2604166666666667,13853,-0.3045618047443237,-0.045423378616125776,0.3231790947809139,4340,-0.3743264353417661
trade_intensity,long,0,-inf,0.4147231340891163,14008,-0.3049392537807564,0.9703308522828265,0.3368789263278127,7300,-0.43661652022027486
pos24,long,1,0.16536809384487447,0.26056850889710376,14015,-0.30499450788140975,0.9702755981821731,0.3085265786657153,5188,-0.40976908355075625
to_lo480,long,9,29.73546475386686,inf,13970,-0.3051702192487789,0.9700998868148041,0.3600572655690766,5061,-0.47564782114950177
absorb,short,1,-0.3297694056802395,-0.17671124028304216,14003,-0.30578286352984785,-0.04664443740164992,0.3196457901878169,5422,-0.30554199075654537
disp24,short,1,-3.2964913984025603,-2.125777302735174,14014,-0.3058687240801891,-0.046730297951991184,0.310760667903525,5247,-0.26008098053181544
rpt_rank,short,9,0.9041666666666667,inf,13860,-0.3058814694389703,-0.04674304331077239,0.32236652236652236,5248,-0.34142327382772947
since_hi24,short,8,22.0,24.0,15048,-0.3059347630648509,-0.04679633693665297,0.3140616693248272,5480,-0.28491460754472686
pos96,long,1,0.17047617584330937,0.2587079487942872,14007,-0.30657125822352993,0.968698847840053,0.3032769329620904,4944,-0.3388561737185789
to_lo96,short,7,7.403000028893097,8.947174715405554,14007,-0.3068782513148354,-0.0477398251866375,0.31277218533590345,5117,-0.31752623566508986
atr_pct,long,1,0.0017763436507343613,0.002388664132820237,14017,-0.30753136475385506,0.9677387413097278,0.35499750303203254,9702,-0.4394919405175837
ats_z96,short,1,-1.2676720841603695,-0.8953873133514436,13958,-0.3083292491223354,-0.04919082299413746,0.318670296604098,5526,-0.310283702272106
since_hi480,short,2,66.0,121.0,13996,-0.3085849748902009,-0.049446548762002995,0.30923120891683337,5040,-0.4505295784547193
dq_cum24,long,1,-0.9156403045149111,-0.6334881958489021,14002,-0.30950115756352287,0.96576894850006,0.30995572061134125,4917,-0.3417630152482399
vol_of_vol,short,1,-1.012211053857132,-0.8026543753924467,13966,-0.309592615139136,-0.050454189010938066,0.3326650436775025,5866,-0.35692652617263393
range_rank,short,2,0.18125,0.28541666666666665,13724,-0.30994412642382435,-0.05080570029562642,0.32038764208685516,4853,-0.3362480229162873
kyle,long,1,1.925273235178913e-07,2.326054979647694e-07,14015,-0.31002029061145037,0.9652498154521325,0.3427755975740278,8767,-0.380666883671127
rv_vs_range,short,8,0.8116571344399732,0.9128074347970685,14015,-0.3100837954561065,-0.05094536932790855,0.31544773457010344,5815,-0.3040679062740229
close_loc,short,9,0.9146126533335953,inf,14015,-0.3101937070482708,-0.05105528092007289,0.33349982161969316,5613,-0.3200902736616882
tbi_ma24,long,1,-0.019114473198315468,-0.013238972930851628,14002,-0.3108815164762865,0.9643885895872965,0.30945579202971,4919,-0.33851084332226117
persist96,long,0,-inf,0.015586962704577113,14008,-0.3109753646278002,0.9642947414357828,0.3303826384922901,4921,-0.31221863863529575
to_hi24,long,9,4.565717627694656,inf,14015,-0.3111587839257623,0.9641113221378206,0.2925437031751695,6161,-0.41389315817373695
updn_ratio,long,0,-inf,0.3333333333333333,7695,-0.31136334687529316,0.9639067591882897,0.3285250162443145,3048,-0.3704439123621459
pos480,short,6,0.6337434301290734,0.7328911657388072,13969,-0.31138117738162757,-0.05224275125342964,0.31591380914882955,5145,-0.18729915071444003
range_z,short,2,-0.72981716009123,-0.5777311293637579,13958,-0.31170106272382675,-0.05256263659562882,0.32253904570855424,4932,-0.2827424802053417
disp24,long,7,1.436740177976298,2.3130592365498406,14014,-0.31170741322238527,0.9635626928411977,0.31589838732695874,4909,-0.39511449835184803
vol_per_trade_z,short,1,-1.2705639349306286,-0.8950842822293982,13958,-0.3117096706357869,-0.05257124450758899,0.3178105745808855,5616,-0.32095021853695865
disp24,long,0,-inf,-3.295440427278943,14015,-0.3120018388482812,0.9632682672153017,0.28804851944345344,6497,-0.3841674031131121
ats_z96,short,0,-inf,-1.2676720841603695,13958,-0.31241246811033324,-0.05327404198213531,0.31150594641066054,4101,-0.2673065776200619
disp96,long,6,1.6818700787402154,3.344112263648093,14007,-0.3124779115191923,0.9627921945443907,0.3197686870850289,4944,-0.30791302128341874
to_lo480,short,8,23.14812945636553,29.73529055093447,13968,-0.31330923464322913,-0.0541708085150312,0.3199455899198167,4683,-0.3563167418970265
kyle,short,2,2.3260272336523164e-07,2.6480612050981903e-07,14015,-0.31340182261894967,-0.054263396490751736,0.3252943275062433,6419,-0.27463765302331694
minofday,long,5,705.0,855.0,14569,-0.31398783197868185,0.9612822740849011,0.3198572311071453,5357,-0.4448759946578425
avg_trade_usd,long,1,2381.426078091777,2727.3097528408653,14015,-0.31533502190089197,0.959935084162691,0.33150196218337497,4278,-0.35383165919539433
since_hi24,short,7,20.0,22.0,11202,-0.3155556683464988,-0.056417242218300856,0.3124442063917158,4068,-0.2753404955288147
flow_eff,long,1,-0.02652549215181598,0.0007855514263538941,14015,-0.31595420467206914,0.9593159013915138,0.3304316803424902,7656,-0.41884159509730634
pos480,long,1,0.15618238949366353,0.24523019303354004,13969,-0.3168779446068181,0.9583921614567648,0.3141957190922757,5007,-0.3937377202812996
since_lo96,short,7,80.0,88.0,12728,-0.31688380364257357,-0.05774537751437564,0.3144248900062854,4517,-0.34460423288478836
range_per_trade,long,0,-inf,6.78139881489163e-08,14016,-0.31690036848169334,0.9583697375818896,0.3364012557077626,10519,-0.35348036124661464
disp96,long,0,-inf,-7.160392947235638,14008,-0.3169129732107893,0.9583571328527936,0.30175613934894346,6477,-0.41339866336987224
flow_eff,short,1,-0.0265187321343402,0.0007885377253530766,14014,-0.3171409170244207,-0.05800249089622278,0.3306693306693307,7655,-0.33531944133781394
dn_wick,long,9,0.5902145444413425,inf,14016,-0.31753113783335113,0.9577389682302317,0.3097888127853881,4737,-0.36687449617306106
range_rank,long,1,0.08125,0.18125,13636,-0.3177737477448653,0.9574963583187177,0.33198885303608094,4993,-0.48002565402390657
trade_intensity,short,1,0.4147248080659803,0.5049132622482985,14007,-0.3181536397404623,-0.05901521361226436,0.3174127222103234,5189,-0.3068390578194567
avg_trade_usd,short,1,2381.4165506657705,2727.2049672708754,14015,-0.3188031036969521,-0.059664677568754154,0.33050303246521584,4278,-0.23044708654752186
gap,long,0,-inf,-0.001097294371219905,14017,-0.31933132991938556,0.9559387761441973,0.33109795248626667,601,-0.5683377802853947
atr_rank,long,1,0.04791666666666667,0.14583333333333334,13938,-0.3195208231836046,0.9557492828799783,0.3381403357727077,4698,-0.45386730440158557
hour,long,5,11.0,14.0,17492,-0.32004762878546295,0.9552224772781199,0.31991767665218385,6430,-0.45414460696931475
range_z,short,0,-inf,-0.9189561204643503,13958,-0.32005269364048744,-0.06091426751228951,0.31895687061183553,6071,-0.321721199486468
pos96,long,5,0.5242724024136655,0.6134819320055251,14008,-0.3206520204590802,0.9546180856045028,0.32203026841804683,4772,-0.30878454702610475
disp96,short,9,8.335548606843075,inf,14007,-0.32073347313534856,-0.06159504700715063,0.3042050403369744,5047,-0.2632761662768084
avg_trade_usd,short,2,2727.2049672708754,3031.7715112776978,14015,-0.32084097016137414,-0.06170254403317621,0.3252943275062433,4028,-0.2616627231714712
dow,long,6,6.0,inf,20057,-0.32225388805602967,0.9530162180075532,0.3393827591364611,7386,-0.44386198591801496
vol_per_trade_z,short,0,-inf,-1.2705639349306286,13958,-0.32284979053374013,-0.0637113644055422,0.3084969193294168,4018,-0.27009097914562025
since_lo96,short,6,69.0,80.0,14249,-0.32308471840525466,-0.06394629227705673,0.3161625377219454,5002,-0.3406145152171558
hour,short,3,7.0,9.0,11684,-0.3232024425997667,-0.06406401647156879,0.3232625813077713,4296,-0.3375122468906299
wick_skew,long,0,-inf,-0.4565207547687722,14016,-0.32324748399516795,0.9520226220684149,0.3091466894977169,4787,-0.3737290423143362
to_lo480,short,7,19.013038578247787,23.14812945636553,13968,-0.3235148821063144,-0.06437645597811648,0.3104954180985109,4517,-0.3683708854727272
persist96,short,1,0.015587551844618245,0.031090047848707295,14007,-0.3239899309725077,-0.06485150484430979,0.32105375883486825,4903,-0.4023903739226078
range_per_trade,short,0,-inf,6.782262668447795e-08,14015,-0.32430429811645306,-0.06516587198825513,0.3347841598287549,10519,-0.2153278560592357
minofday,short,3,420.0,570.0,14606,-0.3244841969712601,-0.06534577084306215,0.32185403258934686,5370,-0.34666072008884247
gap,long,5,0.0011251655999133389,inf,14017,-0.32552202263588487,0.9497480834276981,0.32952842976385815,583,-0.388377979861879
rv_vs_range,short,9,0.9128074347970685,inf,14015,-0.3260072270528552,-0.06686880092465725,0.3265073135925794,6465,-0.33949582741661727
to_hi480,short,8,19.699545308023268,26.54007525624084,13968,-0.32772469579016494,-0.06858626966196701,0.3152205040091638,5894,-0.34993819824575195
dow,short,5,5.0,6.0,20058,-0.3285884243190272,-0.06944999819082925,0.3307408515305614,7389,-0.4769715921334915
range_rank,short,1,0.08125,0.18125,13636,-0.32919030231352253,-0.0700518761853246,0.3275154004106776,4992,-0.3511028463440287
tbi_ma8,long,0,-inf,-0.03147039446236513,14012,-0.3292852512337084,0.9459848548298746,0.3262917499286326,9370,-0.35549116019276883
flow_eff,long,3,0.007110863612780854,0.013078942701263916,14015,-0.32992990034152714,0.9453402057220558,0.3317160185515519,6833,-0.3875221920147045
flow_eff,short,3,0.007111011879756257,0.01307917729971236,14014,-0.3311231862157462,-0.07198476008754828,0.3299557585271871,6831,-0.3326133368984728
gap,short,5,0.001125057142890557,inf,14017,-0.33347723026953235,-0.07433880414133442,0.33095526860241137,584,-0.5320475120192588
body_frac,short,9,0.6955774128504119,inf,14015,-0.33380447471034286,-0.07466604858214493,0.3170174812700678,6080,-0.3189955410928444
is_weekend,short,1,1.0,inf,40116,-0.3344839903528999,-0.07534556422470196,0.33079070694984547,14773,-0.4314542247247567
tbi_ma24,long,0,-inf,-0.019114473198315468,14002,-0.33457894505408564,0.9406911610094972,0.31516926153406655,9555,-0.4029911911054075
dq_cum24,long,0,-inf,-0.9156403045149111,14002,-0.3353162608641198,0.9399538451994631,0.3150978431652621,9575,-0.402513452291545
avg_trade_usd,long,0,-inf,2381.426078091777,14016,-0.3359742335182642,0.9392958725453187,0.3416095890410959,6731,-0.28954310425471347
up_wick,long,0,-inf,0.019429423111337725,14016,-0.3382850274075842,0.9369850786559988,0.3218464611872146,6309,-0.41019931821884803
up_wick,short,0,-inf,0.01941644762319262,14015,-0.338493940842316,-0.07935551471411806,0.3350695683196575,6304,-0.3427562927644466
kyle_z,short,0,-inf,-1.1999295589184935,13958,-0.33888852228915023,-0.0797500961609523,0.31723742656541054,5503,-0.33461204954189744
since_hi480,long,5,254.0,322.0,13986,-0.33979992267066056,0.9354701833929224,0.308022308022308,4886,-0.3234747343175267
dow,short,6,6.0,inf,20058,-0.3403795563867726,-0.08124113025857466,0.3308405623691295,7384,-0.3859060356967041
atr_rank,short,1,0.04791666666666667,0.14583333333333334,13934,-0.34237504902579674,-0.08323662289759881,0.32775943734749535,4697,-0.4688639637365888
dq,short,0,-inf,-0.18725669768027833,14015,-0.34299472160199884,-0.08385629547380091,0.3212986086336069,8002,-0.35390207385512396
tbi,short,0,-inf,-0.09366682770762468,14015,-0.34382548461753787,-0.08468705848933994,0.32101320014270424,8001,-0.3544273016704818
range_rank,long,0,-inf,0.08125,13701,-0.34633686080625375,0.9289332452573291,0.34493832566965915,5424,-0.46939485715963564
ats_rank480,short,0,-inf,0.09166666666666666,13644,-0.34768331802471697,-0.08854489189651904,0.31295807681031956,5047,-0.3062850331196413
hour,short,4,9.0,11.0,11687,-0.35051687572468737,-0.09137844959648944,0.3119705655856935,4295,-0.36340491023421956
minofday,short,4,570.0,705.0,13147,-0.3512235635572816,-0.0920851374290837,0.31124971476382446,4832,-0.3412768817163396
dn_wick,short,0,-inf,0.02112361520248357,14015,-0.3520387364867499,-0.09290031035855195,0.31723153763824474,6488,-0.3678370588596141
updn_ratio,long,7,0.5454545454545454,0.6,2601,-0.3531226789946194,0.9221474270689636,0.3602460592079969,1374,-0.4785504315758148
vol_of_vol,long,0,-inf,-1.0122685326043628,13967,-0.3542506328286105,0.9210194732349724,0.34918021049616954,5941,-0.44365164712798927
is_weekend,long,1,1.0,inf,40117,-0.3543538130376527,0.9209162930259303,0.3260961687065334,14777,-0.4575511047590413
to_hi480,short,9,26.54007525624084,inf,13969,-0.3555030932638004,-0.09636466713560249,0.3483427589662825,6007,-0.3494945247397377
range_z,short,1,-0.9189561204643503,-0.72981716009123,13958,-0.35585761859223314,-0.09671919246403521,0.30727897979653246,5439,-0.32257514233406137
kyle,short,1,1.9253006264652003e-07,2.3260272336523164e-07,14015,-0.35594219397302634,-0.09680376784482841,0.3259364966107742,8760,-0.31012529606198364
tbi,short,9,0.08882499115024012,inf,14015,-0.3571684894337855,-0.09803006330558756,0.32365322868355334,7833,-0.322576833149159
dq,short,9,0.17768498004287825,inf,14015,-0.3575429149501805,-0.09840448882198255,0.323510524438102,7835,-0.3231127740993115
to_lo96,short,9,11.30126075685938,inf,14007,-0.3598216588008669,-0.10068323267266899,0.30513314771185834,5330,-0.2794972326448686
pos96,short,4,0.43406764293507194,0.5241885506331265,14007,-0.3633924784955824,-0.1042540523673845,0.30377668308702793,4442,-0.2835856158006238
pos480,long,4,0.43822448389904306,0.5288420328654713,13969,-0.377528329658505,0.8977417764050779,0.29816021189777364,5168,-0.28805493403813304
tbi_ma96,short,9,0.007109173788484048,inf,13958,-0.37780485110325335,-0.11866642497505542,0.2888665997993982,7006,-0.31206315407173885
pos480,short,7,0.7328911657388072,0.8152648031556757,13968,-0.3825370918122153,-0.12339866568401736,0.29517468499427263,3871,-0.2524827306531224
to_hi96,long,9,9.994627223845793,inf,14008,-0.3853666556618443,0.8899034504017387,0.29818675042832665,6386,-0.4013449051724509
dow,long,5,5.0,6.0,20060,-0.38644893743228936,0.8888211686312936,0.3128115653040877,7391,-0.47123096293247124
trade_intensity,short,0,-inf,0.4147248080659803,14007,-0.39334247824680213,-0.1342040521186042,0.30756050546155494,7300,-0.2877289825396959
tbi_ma8,short,9,0.02626205692992332,inf,14011,-0.39786914502149334,-0.1387307188932954,0.30283348797373494,8921,-0.3220406542609985
avg_trade_usd,short,0,-inf,2381.4165506657705,14015,-0.39930594381223045,-0.14016751768403252,0.3170174812700678,6730,-0.19614936758343632
atr_rank,long,0,-inf,0.04791666666666667,13875,-0.4020129758619049,0.8732571302016781,0.3476756756756757,5616,-0.5449004242659474
vol_of_vol,short,0,-inf,-1.012211053857132,13966,-0.41256740043125795,-0.15342897430306002,0.32722325648002293,5944,-0.5030826174769948
range_rank,short,0,-inf,0.08125,13700,-0.4145023909030087,-0.1553639647748108,0.3185401459854015,5422,-0.47815300679681555
atr_pct,short,1,0.001776265978080804,0.002388386171630762,14016,-0.41606687192102937,-0.15692844579283144,0.3157819634703196,9692,-0.33267030904150263
dq_cum24,short,9,0.671339699665772,inf,14001,-0.41901953347235993,-0.159881107344162,0.2892650524962503,8746,-0.2904859931889277
tbi_ma24,short,9,0.013941855886452413,inf,14001,-0.4190219203819941,-0.15988349425379617,0.28940789943575457,8763,-0.2906859070007565
flow_eff,long,2,0.0007855514263538941,0.007110863612780854,14015,-0.4192345635309402,0.8560355425326427,0.3367820192650731,7841,-0.43003085298150434
updn_ratio,long,3,0.42857142857142855,0.4666666666666667,2881,-0.42157853948599444,0.8536915665775885,0.33738285317598055,1524,-0.47613730902520757
updn_ratio,long,5,0.5,0.5333333333333333,2876,-0.42295969475170875,0.8523104113118742,0.3320584144645341,1432,-0.431181749719409
to_hi480,long,9,26.541690937370532,inf,13970,-0.44393587354655,0.831334232517033,0.32176091624910524,6007,-0.5429928335686387
flow_eff,short,2,0.0007885377253530766,0.007111011879756257,14015,-0.4669343699338711,-0.20779594380567318,0.3187299322154834,7841,-0.4267781821217913
atr_rank,short,0,-inf,0.04791666666666667,13874,-0.47663820611669877,-0.21749977998850084,0.32009514199221567,5615,-0.5338637626643579
updn_ratio,short,5,0.5,0.5333333333333333,2875,-0.4782425685566885,-0.21910414242849058,0.32069565217391305,1433,-0.4823350497104444
to_lo480,short,9,29.73529055093447,inf,13969,-0.48203888022955743,-0.2229004541013595,0.3025986112105376,5058,-0.4452687604510278
updn_ratio,short,3,0.42857142857142855,0.4666666666666667,2881,-0.49589870974116035,-0.23676028361296242,0.31343283582089554,1524,-0.49816104745933854
kyle,long,0,-inf,1.925273235178913e-07,14016,-0.49817631930632744,0.7770937867572555,0.3343321917808219,14158,-0.46133006159698847
updn_ratio,short,7,0.5454545454545454,0.6,2601,-0.5098812837444258,-0.25074285761622783,0.3021914648212226,1373,-0.40590419845162307
kyle,short,0,-inf,1.9253006264652003e-07,14015,-0.5239346477433838,-0.2647962216151859,0.3275062433107385,14156,-0.42799740967549527
atr_pct,long,0,-inf,0.0017763436507343613,14017,-0.6031329288546895,0.6721371772088934,0.34080045658842834,9356,-0.5260280681482311
atr_pct,short,0,-inf,0.001776265978080804,14017,-0.6803830935021639,-0.42124466737396593,0.32011129342940714,9352,-0.620994015813348
flow_div,long,0,-inf,0.0,113220,-1.5174057207354417,-0.24213561467185873,0.33364246599540714,39645,-0.3421303607938744
is_weekend,long,0,-inf,1.0,100054,-1.644514703254313,-0.3692445971907301,0.33523897095568395,36752,-0.3075730439554856
sess_eu,long,0,-inf,1.0,93470,-1.7646659517853223,-0.48939584572173933,0.33521985663849363,34360,-0.3279482941223277
sess_us,long,0,-inf,1.0,93454,-1.8055976401077145,-0.5303275340441316,0.3311147730434224,34355,-0.3654642263463135
gap,long,3,0.0,0.00026311033559758184,75841,-2.1476523167678567,-0.8723822107042738,0.3323136562017906,28720,-0.3390552487378046
sess_asia,long,1,1.0,inf,46740,-3.3267249937336487,-2.051454887670066,0.3361788617886179,17183,-0.3309075400450066
extreme_late,long,8,1.0,inf,30575,-4.958913176653354,-3.6836430705897714,0.33252657399836466,10561,-0.33414075504633517
dow,long,1,1.0,2.0,20055,-7.397771778432223,-6.1225016723686405,0.33213662428322116,7295,-0.32734441446937124
updn_ratio,long,2,0.4,0.42857142857142855,19932,-7.455251137440871,-6.179981031377288,0.3300722456351595,6765,-0.31489400427773195
since_lo24,long,9,24.0,inf,19220,-7.751791494245823,-6.47652138818224,0.3296566077003122,6823,-0.34555089713740117
hi_pos,long,4,0.35714285714285715,0.5714285714285714,19014,-7.830161779296129,-6.554891673232547,0.3310192489744399,7509,-0.3263923307945976
lo_pos,long,8,1.0,inf,15462,-9.564050021255113,-8.28877991519153,0.3352735739231665,5524,-0.2977401825000589
since_lo96,long,5,56.0,69.0,14453,-10.20815072155269,-8.932880615489106,0.34927004774095344,5208,-0.3266630159924398
since_hi96,long,3,27.0,40.0,14355,-10.283051985333527,-9.007781879269944,0.33166144200626957,5103,-0.33474742537284974
flow_eff,long,6,0.0305443462653962,0.045331139723442694,14015,-10.469213657189176,-9.193943551125592,0.3380663574741349,4055,-0.2868782773532944
atr_rank,long,6,0.5916666666666667,0.7,14074,-10.476341769493011,-9.201071663429428,0.32059116100611057,5389,-0.2905900807559661
kyle,long,5,3.265747859958165e-07,3.616932151028997e-07,14016,-10.483687174021481,-9.208417067957898,0.3346889269406393,3804,-0.250360123005439
disp24,long,1,-3.295440427278943,-2.1249572278517754,14015,-10.48493372400662,-9.209663617943036,0.3432037103103817,5251,-0.3996486803168274
avg_trade_usd,long,7,4248.256148754439,4628.707281566427,14016,-10.487805508167147,-9.212535402103564,0.3264126712328767,4398,-0.3724387853422061
pos480,long,6,0.6338160927572674,0.7329238544554897,13969,-10.505385089099594,-9.23011498303601,0.35779225427732836,5144,-0.5224463318446508
tbi_ma24,long,3,-0.009108557400176149,-0.005640188353362,14002,-10.516124460460317,-9.240854354396733,0.3343093843736609,3983,-0.29638858939983076
dq_cum24,long,3,-0.4352222043674483,-0.26871545282940557,14002,-10.516135692372165,-9.240865586308582,0.33438080274246534,3984,-0.2923802847138884
up_wick,long,9,0.5782850663205327,inf,14016,-10.516930731163818,-9.241660625100234,0.3381849315068493,5088,-0.3461319886146485
range_per_trade,long,6,1.2729452794842259e-07,1.4282159017412843e-07,14015,-10.517039877503901,-9.241769771440318,0.3315733143061006,3736,-0.37760201233064244
dq,long,3,-0.08041343583857341,-0.04182480328815244,14015,-10.51838227941646,-9.243112173352877,0.32579379236532285,4164,-0.31743273253092336
tbi,long,3,-0.040257449016849085,-0.02096278799700303,14015,-10.519746847013762,-9.244476740950178,0.32543703175169464,4159,-0.3172802174814073
rv_vs_range,long,5,0.6466693968329329,0.6924960354208828,14016,-10.522308202642327,-9.247038096578743,0.3306221461187215,5041,-0.3498696657212457
to_lo24,long,2,1.2202926244034284,1.6011303606601537,14015,-10.522758724887467,-9.247488618823883,0.3337852301105958,4920,-0.380831490197454
trade_intensity,long,7,1.0506617153621143,1.3134575118099352,14007,-10.523223910978468,-9.247953804914884,0.3268365817091454,4893,-0.3239487514320729
pos96,long,3,0.3442970840830522,0.43413729128014844,14007,-10.523725664280338,-9.248455558216754,0.33947312058256585,4445,-0.37385736128990643
absorb,long,3,-0.10684773674066683,-0.05853751873216479,14004,-10.524994345327928,-9.249724239264344,0.32890602684947157,4322,-0.33485245225592736
wick_skew,long,9,0.4385609957172965,inf,14016,-10.525221077885563,-9.24995097182198,0.3411101598173516,5129,-0.3497617900623758
kyle_z,long,9,1.321079338335075,inf,13959,-10.526715587953309,-9.251445481889725,0.3329751414857798,5604,-0.28328271094514673
efficiency,long,1,0.04468413353157346,0.08715225685021137,14015,-10.52719517774548,-9.251925071681896,0.3290759900107028,4866,-0.35606676748314126
to_hi24,long,7,3.0339089370107075,3.6324762421150125,14015,-10.527829900006838,-9.252559793943254,0.3320014270424545,4897,-0.3815520628591722
persist6,long,3,0.20180876488702612,0.2719219180443164,14017,-10.528641644529733,-9.25337153846615,0.33330955268602414,5114,-0.3537127836125682
disp6,long,3,-0.6424280523537502,-0.2951071251357147,14016,-10.530860371856862,-9.255590265793279,0.3325485159817352,4776,-0.3330781627378752
to_lo480,long,6,15.83539985838341,19.012853805514823,13969,-10.532390587995593,-9.25712048193201,0.34605197222421075,4675,-0.3703356917894392
pos24,long,2,0.26056850889710376,0.34843218846791446,14015,-10.537321153890002,-9.262051047826418,0.3281484124152694,4703,-0.3650419782004913
persist24,long,6,0.19948450220503133,0.24786931004137447,14015,-10.537479510790659,-9.262209404727075,0.32843382090617196,5444,-0.3781901954059212
tbi_z8,long,5,-0.004513604189820866,0.3000287232200944,14012,-10.53891260449856,-9.263642498434976,0.32771909791607196,5187,-0.33614880946485015
to_lo96,long,5,5.1944312490788604,6.199313462042976,14008,-10.539858623492165,-9.264588517428582,0.3393774985722444,4664,-0.38596788087687023
accel,long,5,-0.0066167831746665184,0.31189703126757096,14015,-10.539892473706107,-9.264622367642524,0.33135925793792365,4894,-0.34190750286287175
body_frac,long,4,-0.1918966200419177,0.0034032898468026574,14015,-10.54194639972379,-9.266676293660206,0.3217267213699608,4812,-0.3308251463211736
tbi_z24,long,4,-0.29130803377813563,-0.003444819622059794,14001,-10.542337152835625,-9.267067046772041,0.3277623026926648,5229,-0.35484642547435713
to_hi480,long,3,6.732620719501043,8.742911942368442,13969,-10.54457683163541,-9.269306725571827,0.32851313623022405,4799,-0.3282209827936343
range_z,long,8,0.5188696694300166,1.2001165413150772,13958,-10.5464025095382,-9.271132403474617,0.32841381286717297,5464,-0.2872690729956287
m1_jump,long,8,0.45158236265466817,0.567755238390237,14017,-10.546954806412034,-9.27168470034845,0.3317400299636156,5965,-0.3675573210860241
vol_of_vol,long,7,0.22845079392033696,0.6363618736085868,13967,-10.548139619412224,-9.27286951334864,0.32476551872270354,5298,-0.2976847469571706
close_loc,long,0,-inf,0.09583948043726527,14016,-10.550063941221858,-9.274793835158274,0.3383276255707763,6260,-0.34950178072553484
since_hi480,long,1,24.0,66.0,13962,-10.552517780710193,-9.27724767464661,0.3255264288783842,4985,-0.43109970213904547
dn_wick,long,0,-inf,0.021111191404075667,14016,-10.555220735682735,-9.279950629619151,0.3476027397260274,6491,-0.3759852543386978
persist96,long,1,0.015586962704577113,0.031086252701648404,14007,-10.556006682170768,-9.280736576107184,0.34011565645748554,4902,-0.30819127817802305
rpt_z,long,7,0.4702659042883246,0.839351610586259,13959,-10.558165263534304,-9.28289515747072,0.33505265420159036,4858,-0.35552851606143226
tbi_ma8,long,1,-0.03147039446236513,-0.021112485433575297,14011,-10.563262891673013,-9.287992785609429,0.32060523874098923,5051,-0.36030979572799376
to_hi96,long,8,7.868547489663787,9.994627223845793,14008,-10.564978411038966,-9.289708304975383,0.31810394060536834,5650,-0.3756766462914955
ats_z96,long,5,-0.08427860523262468,0.18676398025578364,13959,-10.568649903907822,-9.293379797844239,0.33039616018339424,5283,-0.344618822064564
vol_per_trade_z,long,5,-0.08156923067903414,0.18575042142248377,13959,-10.581481956882678,-9.306211850819095,0.3258829429042195,5263,-0.34281286644893394
disp96,long,5,0.2073133488456728,1.6818700787402154,14008,-10.587218637731107,-9.311948531667523,0.3262421473443746,4512,-0.3181103069117204
atr_pct,long,2,0.002388664132820237,0.0029091894450059743,14017,-10.5900394573116,-9.314769351248016,0.3258186487836199,8201,-0.37725907219139126
dq_z96,long,4,-0.2793843188276325,-0.0014151549737735113,13958,-10.59006772418295,-9.314797618119366,0.32024645364665427,5374,-0.31919801972065515
tbi_z96,long,4,-0.2794242150986511,-0.001583560390582985,13958,-10.590189360656687,-9.314919254593104,0.3201748101447199,5371,-0.3190775119991792
tbi_ma96,long,4,-0.004397692461604324,-0.00256102151449262,13958,-10.614510458577353,-9.33924035251377,0.31709413956154175,4163,-0.3116665757659321
ats_rank480,long,5,0.5,0.6041666666666666,13729,-10.737101461329363,-9.46183135526578,0.33360040789569523,5090,-0.341404489588914
since_lo480,long,7,400.70000000001164,443.0,13717,-10.746644302185112,-9.471374196121529,0.3405263541590727,4859,-0.3344733949931019
range_rank,long,8,0.8083333333333333,0.90625,13632,-10.767309517732187,-9.492039411668603,0.3292987089201878,5181,-0.2438182528779332
rpt_rank,long,7,0.7020833333333333,0.8020833333333334,13689,-10.783180565111206,-9.507910459047622,0.329972970998612,5072,-0.35911752356943494
minofday,long,0,-inf,135.0,13143,-11.209951110713638,-9.934681004650054,0.3257247203834741,4833,-0.3702240103747647
since_hi24,long,5,14.0,17.0,13131,-11.23001838880607,-9.954748282742486,0.33021095118422056,4698,-0.355825411363803
absorb_z,long,2,-0.2041768859967334,-0.11122244547977242,12945,-11.35750317633242,-10.082233070268837,0.3354963306295867,5695,-0.31682905664365646
hour,long,0,-inf,2.0,11683,-12.586735032368708,-11.311464926305124,0.3232046563382693,4296,-0.37628855044694964
