feature,side,bin,lo,hi,n,exp_r,lift,wr,n_test,exp_r_test
tbi_ma96,long,9,0.005847326841692914,inf,6973,0.10964122619407622,0.23430267936844784,0.38835508389502366,3573,-0.10574617521783311
dq_cum24,long,9,0.5179077918445182,inf,7001,0.028311531913915305,0.1529729850882869,0.36951864019425795,4018,-0.09544950974788441
tbi_ma24,long,9,0.010736165172924157,inf,7001,0.02676585970278052,0.15142731287715214,0.3690901299814312,4035,-0.098562573909684
disp24,short,0,-inf,-3.3783280115802308,7009,-0.022452699508538135,0.1328970686602441,0.3250107005278927,3296,-0.03583028571283889
avg_trade_usd,short,9,5172.272955829447,inf,7011,-0.031611024169586055,0.12373874399919615,0.33889602053915274,5967,-0.19940064150951656
atr_pct,long,8,0.00849337940941769,0.010832617593855117,7011,-0.03229510143330426,0.09236635174106735,0.31607473969476535,871,-0.25843336272303075
disp96,long,9,8.47778446823766,inf,7001,-0.03305479298536688,0.09160666018900473,0.3455220682759606,2422,-0.13526321917904274
to_lo480,long,0,-inf,3.551196255262854,6963,-0.03566842139166065,0.08899303178271095,0.318110010053138,3029,-0.14832852166051833
pos480,short,1,0.15684788265406205,0.25134759861724487,6963,-0.0362334095253226,0.11911635864345961,0.34855665661352864,2574,0.013715018976379311
since_hi480,long,8,428.0,465.0,6856,-0.03709661140532124,0.08756484176905036,0.34947491248541424,2960,-0.19714565813111848
atr_rank,long,9,0.9083333333333333,inf,7078,-0.03826498216842841,0.08639647100594319,0.27719694829047753,3008,-0.1363164528897736
to_lo480,short,0,-inf,3.5510784220621052,6963,-0.03893047678288929,0.11641929138589292,0.3252908229211547,3028,-0.0357019080484314
tbi_ma8,long,9,0.019270928648260688,inf,7008,-0.03931514026058696,0.08534631291378464,0.3541666666666667,4450,-0.1884119433396646
to_hi96,long,3,2.9751907753027336,3.797343881322647,7000,-0.040829986031581195,0.08383146714279041,0.3445714285714286,2312,-0.09893084737188598
to_hi24,short,9,4.648743833470317,inf,7009,-0.04147010131763747,0.11387966685114474,0.3198744471393922,3138,-0.07473386134312648
pos480,long,7,0.7403017477529021,0.8276569903236572,6962,-0.04276766198807207,0.08189379118629954,0.3510485492674519,2286,-0.16002745207268956
dow,long,0,-inf,1.0,10032,-0.04278080937333228,0.08188064380103932,0.35047846889952156,3648,-0.20500015332641236
atr_rank,long,8,0.7958333333333333,0.9083333333333333,6930,-0.04349813069606119,0.08116332247831042,0.30303030303030304,2561,-0.12002146902172685
since_hi480,long,5,246.0,313.0,6934,-0.04562771612134849,0.0790337370530231,0.3540524949524084,2513,-0.2982466326278191
vol_of_vol,long,9,1.3118723580175422,inf,6961,-0.04644034966821899,0.0782211035061526,0.28602212325815257,3079,-0.17182288151249825
to_lo96,short,2,2.4870779283818765,3.381355031542792,7001,-0.046810213874219395,0.10853955429456282,0.34523639480074275,2440,-0.117909226874939
since_lo480,long,0,-inf,35.0,6873,-0.04764984077682423,0.07701161239754738,0.3003055434308162,3345,-0.22133255300781102
vol_of_vol,long,8,0.620294048146687,1.3118723580175422,6960,-0.049703889281866344,0.07495756389250527,0.32068965517241377,2932,-0.16144681003013864
disp24,long,9,3.769771307235863,inf,7009,-0.050813485856876936,0.07384796731749467,0.3311456698530461,2662,-0.14238924663570782
since_lo480,short,7,404.0,445.0,6939,-0.05131316798591764,0.10403660018286456,0.3437094682230869,2565,-0.18656776623398938
to_hi480,long,6,12.941185840399196,15.766571350488038,6963,-0.051498424327955074,0.07316302884641654,0.33433864713485567,2689,-0.081585061528459
atr_pct,long,7,0.007215202172832621,0.00849337940941769,7010,-0.05186911092929041,0.07279234224508119,0.31768901569186875,1115,-0.2790453549659678
pos96,short,1,0.16421665226159463,0.25182578207007456,7001,-0.05462794395228142,0.10072182421650079,0.3379517211826882,2481,-0.06975365645666486
since_lo480,long,8,445.0,471.0,6822,-0.05481133193378213,0.06985012124058948,0.34330108472588683,2346,-0.18469126274511397
since_hi96,long,5,52.0,65.0,7094,-0.05637036535239709,0.06829108782197452,0.33746828305610377,2442,-0.13007591123272108
dow,long,2,2.0,3.0,9980,-0.05798379337560726,0.06667765979876435,0.33356713426853707,3695,-0.1564656995384113
to_hi480,long,1,2.484294741598576,4.426258884841208,6963,-0.05842674925328075,0.06623470392109085,0.33175355450236965,2276,-0.22074381559347236
pos480,long,0,-inf,0.1568476238708056,6963,-0.06281802305991602,0.06184343011445559,0.32342381157547034,2934,-0.19902211569910158
range_z,short,9,1.2321150808881158,inf,6973,-0.06298072284138957,0.09236904532739264,0.32783593862039295,2880,-0.09895935727022068
since_hi24,long,0,-inf,2.0,5633,-0.06305984292591693,0.061601610248454675,0.33907331794780754,2290,-0.2130594633016484
since_hi480,long,2,56.0,107.0,6889,-0.06320988694377021,0.0614515662306014,0.34446218609377266,2302,-0.21188610181254064
pos480,long,8,0.8276569903236572,0.9026644612582244,6963,-0.06382172628907339,0.06083972688529822,0.33505672842165735,2351,-0.10409862199239761
to_hi480,short,8,19.530613329944572,25.91908574455207,6963,-0.06408122270783234,0.09126854546094987,0.345253482694241,3066,0.08993145181295302
tbi_ma96,short,2,-0.0076350510908827825,-0.005779304343210438,6972,-0.06464974678552012,0.0907000213832621,0.3379231210556512,2101,-0.1214182519993618
since_hi480,short,6,313.0,374.0,6943,-0.06499719822331325,0.09035256994546896,0.33847040184358346,2386,0.10877435772646146
atr_pct,short,6,0.0063421332243845455,0.0072150640285691195,7011,-0.06525814656742726,0.09009162160135495,0.32605905006418484,1550,-0.015049017572748727
kyle,long,9,5.796724531566933e-07,inf,7011,-0.06566966899003301,0.05899178418433859,0.30223933818285553,283,-0.11612859912842659
disp6,long,8,1.062622294208644,1.7052059601924,7010,-0.0657333622787488,0.0589280908956228,0.33580599144079887,2811,-0.17067718143216015
range_per_trade,short,9,1.3988389357510926e-07,inf,7011,-0.06652642503806422,0.08882334313071799,0.3194979318214235,148,-0.07870189552884688
disp96,short,0,-inf,-7.238011644663389,7001,-0.06690065116658903,0.08844911700219318,0.33338094557920295,3420,0.020571226371122873
disp6,long,9,1.7052059601924,inf,7010,-0.06734146133957573,0.05731999183479587,0.3288159771754636,2790,-0.20308337825302522
trade_intensity,short,9,1.9116039966463516,inf,7002,-0.06741353266774903,0.08793623550103317,0.32433590402742074,2985,-0.06273802271143357
range_rank,long,9,0.9041666666666667,inf,6938,-0.06881702675376139,0.055844426420610216,0.2992216777169213,2657,-0.10760791368525713
to_lo24,long,9,5.049023292229563,inf,7009,-0.06932089345374137,0.055340559720630234,0.32001712084462836,2604,-0.21997446470015827
tbi_ma96,short,1,-0.010326949309343783,-0.0076350510908827825,6972,-0.06989632384708355,0.08545344432169866,0.3359150889271371,2562,-0.09589451762303043
since_hi480,long,0,-inf,19.0,6951,-0.0716216909875615,0.0530397621868101,0.30441663070061864,2249,-0.024173856749896534
since_lo480,long,3,158.0,227.0,6978,-0.07233838902015723,0.05232306415421438,0.34408139868157067,2481,-0.25942748062366194
disp24,long,2,-2.1248616881571527,-1.2932248049125692,7008,-0.07255937273965586,0.052102080434715745,0.3324771689497717,2316,-0.13990967719026345
dn_wick,long,2,0.09239295475249124,0.14630577907827674,7011,-0.07262169514202514,0.052039758032346464,0.33347596633861076,2647,-0.206643754596953
atr_pct,short,9,0.010832312008785478,inf,7011,-0.07269311098884156,0.08265665717994065,0.28184281842818426,612,-0.20553042829038895
kyle,short,9,5.796700104647635e-07,inf,7011,-0.07323486996926602,0.08211489819951619,0.2988161460561974,283,-0.08058026019198743
since_lo480,long,9,471.0,inf,7166,-0.07409633690199635,0.050565116272375255,0.3349148758024002,2278,-0.28489833144394705
since_lo96,long,0,-inf,7.0,6900,-0.07428873997851848,0.050372713195853125,0.30594202898550726,2959,-0.12310808518999082
dow,short,3,3.0,4.0,9980,-0.07514236107092995,0.08020740709785226,0.32324649298597197,3696,0.0749017704616716
disp6,short,0,-inf,-1.6558596751517463,7010,-0.07678396307157372,0.0785658050972085,0.32353780313837377,3007,-0.10199683286335416
to_lo96,long,4,4.3044110038305545,5.283169851694117,7001,-0.0773596977922326,0.047301755382139,0.33409512926724755,2331,-0.1876438973891013
hour,long,1,2.0,4.0,5844,-0.07779265318661764,0.046868799987753965,0.33145106091718,2148,-0.11278028892279723
since_hi24,long,5,14.0,17.0,6663,-0.07868379356742673,0.04597765960694487,0.3315323427885337,2304,-0.13647650782011894
accel,long,9,1.5683829380060808,inf,7009,-0.07900181726437569,0.045659635909995916,0.31844771008703093,2922,-0.17409005633596056
pos480,long,9,0.9026644612582244,inf,6963,-0.07918826101830488,0.045473192156066725,0.32643975298003736,2101,-0.1679053881797852
tbi,long,8,0.042222221784968816,0.06568833220786197,7010,-0.07935069572964114,0.04531075744473047,0.3286733238231098,2423,-0.20792033104676763
kyle,long,8,4.6558653492079237e-07,5.796724531566933e-07,7010,-0.07971208740454466,0.04494936576982694,0.3108416547788873,904,-0.09586241346921251
persist6,long,8,0.6324488602269901,0.7761479072153197,7010,-0.07974111274474222,0.04492034042962939,0.32838801711840226,2644,-0.18957433831290058
pos24,long,9,0.8625000000000029,inf,7009,-0.0798075390696014,0.0448539141047702,0.3280068483378513,3175,-0.2615752545587384
dq,long,8,0.08451415439218257,0.13144691101732783,7010,-0.07999163751354664,0.044669815660824966,0.32853067047075607,2424,-0.20860758814678712
pos480,long,4,0.4386957341785593,0.5347867298578202,6962,-0.08006319635404792,0.04459825682032369,0.3323757540936513,2551,-0.3369391867203769
since_lo480,long,5,292.0,352.0,6920,-0.08035487350364615,0.04430657967072546,0.33395953757225433,2439,-0.07952432058783573
absorb,long,6,0.03255244583689077,0.06902330017570778,7007,-0.08073468656405415,0.043926766610317455,0.3229627515341801,2040,-0.1765162675734882
pos96,long,6,0.6223764786245847,0.7134000000000018,7002,-0.08164222256364445,0.043019230610727155,0.3364752927734933,2392,-0.14424978026465984
pos480,short,0,-inf,0.15684788265406205,6963,-0.08187089475569245,0.07347887341308976,0.321987649001867,2933,-0.05581470282020377
persist24,long,5,0.1664650630249279,0.20883532396107266,7008,-0.08192918812505598,0.042732265049315626,0.3290525114155251,2632,-0.19024700522003504
to_hi480,long,0,-inf,2.484294741598576,6963,-0.08249448277060702,0.04216697040376459,0.31222174350136433,2254,-0.12229697946835337
vol_per_trade_z,short,9,1.3858131167699967,inf,6973,-0.08269999743656123,0.07264977073222098,0.3282661695109709,2546,-0.10223064727612731
tbi_ma96,long,7,0.0008860104967724214,0.0029881539712487792,6971,-0.08273126772978452,0.041930185444587084,0.3270692870463348,2293,-0.10509782057760748
to_hi24,long,7,3.0261527451084103,3.6513731213129637,7008,-0.08331497964563522,0.04134647352873638,0.3299086757990868,2326,-0.24146689712016547
avg_trade_usd,long,4,3403.1133829247256,3697.8940184306407,7010,-0.08415164840171864,0.040509804772652966,0.3276747503566334,1821,-0.17700679831924665
persist96,long,9,0.23475455810733992,inf,7001,-0.08423453709766529,0.040426916076706315,0.3060991286959006,2274,-0.280486802884341
minofday,long,1,120.0,270.0,7305,-0.08501392831454903,0.03964752485982258,0.329637234770705,2685,-0.11804544389767327
ats_z96,long,6,0.2047746619196322,0.5131762957943603,6972,-0.0856319146837285,0.03902953849064311,0.3258749282845668,2468,-0.1328039076707464
since_lo480,short,0,-inf,35.0,6872,-0.08581783772662871,0.0695319304421535,0.3018044237485448,3344,0.058335520752021086
since_hi96,long,9,94.0,inf,7164,-0.0864719071311499,0.03818954604322171,0.32914572864321606,3053,-0.24598917046660804
absorb_z,long,0,-inf,-0.42282560137252295,6711,-0.08752190980132844,0.03713954337304316,0.32811801519892714,2331,-0.0725022983717708
updn_ratio,long,8,0.6,inf,10694,-0.08803578407776201,0.036625669096609595,0.3258836730877127,4186,-0.1830986812589126
gap,short,2,-0.00018825780818960326,0.0,4226,-0.08829752260319527,0.06705224556558693,0.31164221486038807,1190,0.13481596840240248
up_wick,long,4,0.1881149153876606,0.24363636363635702,7010,-0.08833723607741645,0.03632421709695516,0.32895863052781743,2457,-0.14011703935206318
avg_trade_usd,long,6,3991.893527203574,4293.491970990057,7010,-0.08854299289686554,0.036118460277506065,0.3203994293865906,1832,-0.20755598826118543
atr_pct,short,3,0.004330271040189609,0.004986774345526317,7011,-0.08864021219980132,0.06670955596898089,0.3310512052488946,3359,-0.0696926119671162
to_hi96,short,9,9.966501951881142,inf,7002,-0.0890337139128386,0.06631605425594361,0.3361896600971151,3455,-0.010188252587501315
since_lo24,short,0,-inf,2.0,5210,-0.089399806512515,0.06594996165626721,0.3297504798464491,2326,-0.09445996395001265
body_frac,long,9,0.6708036549392182,inf,7011,-0.08954623682400518,0.03511521635036642,0.32577378405363,2946,-0.18796904231021888
since_hi96,long,6,65.0,77.0,7027,-0.08971267972788434,0.034948773446487266,0.3359897538067454,2543,-0.17213173402669843
to_hi24,long,1,0.7007533718564692,1.0863895266397776,7008,-0.08988318624958266,0.03477826692478894,0.3301940639269406,2680,-0.18514548611050644
vol_of_vol,short,9,1.3114305247010176,inf,6961,-0.09030007292660412,0.06504969524217809,0.2853038356557966,3081,0.0034785336200423385
flow_eff,long,9,0.252413467302435,inf,7010,-0.09085813452691144,0.03380331864746017,0.3014265335235378,1376,-0.14357428543277723
to_hi96,long,4,3.797343881322647,4.657512567362306,7001,-0.09089621796763478,0.03376523520673683,0.3296671904013712,2279,-0.10629520180830139
since_lo96,long,9,94.0,inf,8155,-0.0909763610758861,0.03368509209848551,0.32814224402207237,3053,-0.13618247780909923
atr_pct,long,6,0.006342089960683786,0.007215202172832621,7010,-0.09107375924057463,0.03358769393379697,0.3115549215406562,1551,-0.04348496110103275
range_z,long,0,-inf,-0.9086559029145976,6972,-0.0911535929273127,0.0335078602470589,0.34380378657487093,2990,-0.11836401783424623
vol_of_vol,long,1,-1.017646828465011,-0.7933200561158226,6960,-0.09123929818616357,0.03342215498820804,0.34597701149425286,2474,-0.10283227719828805
since_lo96,long,2,17.0,30.0,7166,-0.09144589799328272,0.03321555518108889,0.32416969020373987,2658,-0.1325525361919159
to_lo96,short,1,1.5993221452936686,2.4870779283818765,7001,-0.09160878062925654,0.06374098753952567,0.3228110269961434,2474,-0.1432266638150084
wick_skew,long,3,-0.18474623185124148,-0.09358081979893465,7009,-0.09203980720984113,0.032621645964530474,0.3215865316022257,2506,-0.17909079735465208
vol_of_vol,long,7,0.22456655662301253,0.620294048146687,6960,-0.09203989061419778,0.03262156256017383,0.31537356321839083,2375,-0.20750254691975525
absorb,short,3,-0.08468105040116557,-0.0458662900553592,7007,-0.09220343829580671,0.0631463298729755,0.323533609247895,2144,-0.09495380749218268
atr_pct,long,9,0.010832617593855117,inf,7011,-0.092293845482503,0.03236760769186861,0.2749964341748681,612,0.0696834868922137
disp24,long,1,-3.3782663224979728,-2.1248616881571527,7008,-0.09236758080917283,0.032293872365198775,0.319777397260274,2836,-0.19575233601402175
pos24,long,8,0.776595580924588,0.8625000000000029,7008,-0.09249541694098107,0.03216603623339054,0.3240582191780822,2622,-0.16675387838881672
pos96,long,5,0.5244918699186977,0.6223764786245847,7001,-0.0927614777014332,0.03189997547293841,0.3318097414655049,2468,-0.0876606721149706
kyle_z,long,9,1.3249952402077727,inf,6973,-0.09283842744160796,0.031823025732763646,0.30919260002868204,2887,-0.06865202001358556
to_hi24,long,8,3.6513731213129637,4.6484334361168145,7008,-0.09307929817152609,0.031582155002845516,0.3186358447488584,2817,-0.2507618940331523
tbi_ma96,short,3,-0.005779304343210438,-0.004136766386867081,6972,-0.09336187076311936,0.06198789740566285,0.3284566838783706,2034,-0.04848075753813483
close_loc,long,1,0.11584553928095076,0.21526908635793476,7010,-0.09340837789869981,0.031253075275671796,0.3252496433666191,2685,-0.16847216422665803
pos480,short,6,0.6356571302687641,0.7403010099040936,6962,-0.09344699082035016,0.06190277734843205,0.3286411950588911,2892,-0.2895861331595546
flow_eff,long,8,0.13501487312496052,0.252413467302435,7010,-0.09380993969847828,0.030851513475893322,0.30770328102710415,1408,-0.14223866985977737
trade_intensity,long,9,1.9113761989818747,inf,7002,-0.09386961041709742,0.030791842757274188,0.31176806626678094,2986,-0.14572542748908104
atr_pct,short,4,0.004986774345526317,0.005618922764074413,7010,-0.09402011835977075,0.061329649809011455,0.3268188302425107,2316,0.005980461330501416
gap,long,4,0.00020262335703313561,0.0007853825150253177,7010,-0.09451408234295396,0.03014737083141765,0.3122681883024251,4623,-0.13392742458814377
to_hi24,long,0,-inf,0.7007533718564692,7009,-0.09452581044387302,0.030135642730498582,0.3271508061064346,3206,-0.23869961971915038
flow_eff,short,9,0.25234661532502867,inf,7010,-0.09454746104517223,0.06080230712360998,0.29985734664764624,1378,-0.04707433773238644
to_hi96,long,8,7.937595606290851,9.967180881058727,7001,-0.09466810626445794,0.029993346909913662,0.3318097414655049,2634,-0.10986855375088901
wick_skew,long,5,-0.010526061659563657,0.069364161849711,7010,-0.09469969336175824,0.02996175981261337,0.3229671897289586,2674,-0.1656376629835629
atr_pct,short,5,0.005618922764074413,0.0063421332243845455,7011,-0.09481945383588676,0.06053031433289545,0.3219226929111396,1966,-0.05524421897324311
flow_eff,long,7,0.08564906443930395,0.13501487312496052,7010,-0.0951613300377419,0.02950012313662971,0.3124108416547789,1664,-0.19681627173529748
absorb_z,short,5,0.033736886821267686,0.0933641375654132,6711,-0.09535332666023864,0.059996441508543566,0.3223066607063031,2490,-0.0897174624662833
since_lo96,short,5,57.0,69.0,6808,-0.09559694592809992,0.05975282224068229,0.3328437132784959,2348,-0.18017221327887498
dn_wick,long,5,0.25747282608696515,0.3207367418227996,7011,-0.09593912203106902,0.028722331143302582,0.323063756953359,2433,-0.18246442274255473
lo_pos,long,2,0.06896551724137931,0.13793103448275862,5921,-0.09631634499504146,0.028345108179330142,0.32308731633170074,2114,-0.21387453932319825
atr_rank,short,7,0.6854166666666667,0.7958333333333333,6933,-0.09644729572601818,0.05890247244276403,0.3122746285879129,2285,-0.12589175063971325
to_hi480,long,2,4.426258884841208,6.386933623657673,6962,-0.09647525134075428,0.028186201833617322,0.3181557023843723,2467,-0.23428637466687535
tbi_z96,long,7,0.545774674927229,0.8673547058267598,6971,-0.09648887239899803,0.028172580775373574,0.3211877779371683,2566,-0.19988024462072215
rv_vs_range,long,0,-inf,0.4707379331639365,7010,-0.09670610908536505,0.02795534408900656,0.32068473609129816,2287,-0.13911681174154888
dq_z96,long,7,0.5457647441344008,0.86676677876034,6971,-0.09685834223413944,0.027803110940232162,0.3211877779371683,2553,-0.20108475682436694
absorb_z,long,9,0.4278124046547607,inf,6711,-0.09727935164025793,0.027382101534113676,0.3242437788705111,2299,-0.1738908231538196
avg_trade_usd,long,5,3697.8940184306407,3991.893527203574,7010,-0.09728440127844007,0.027377051895931537,0.32054208273894436,1760,-0.17553557268631276
pos96,long,7,0.7134000000000018,0.7953534552999353,7000,-0.09741545434652372,0.02724599882784788,0.3304285714285714,2483,-0.22857399232222061
accel,short,0,-inf,-1.5715075514662744,7009,-0.09745793707292168,0.05789183109586053,0.31516621486660007,2970,-0.0998456805156414
to_hi24,long,2,1.0863895266397776,1.4309141258735356,7008,-0.09747915351708587,0.027182299657285733,0.3336187214611872,2413,-0.15525462771832774
tbi_z24,long,0,-inf,-1.3039151851567612,7001,-0.09750371316931215,0.027157740005059453,0.323525210684188,2605,-0.1625427791124584
since_lo24,long,8,22.0,24.0,7857,-0.09754055510316419,0.02712089807120742,0.32964235713376605,2840,-0.14780333048648284
to_hi96,long,0,-inf,1.358997306605559,7001,-0.0978935756376142,0.026767877536757412,0.31595486359091557,2964,-0.3140141078273972
pos96,long,9,0.8734321617906929,inf,7002,-0.09845515752720464,0.026206295647166963,0.3176235361325336,2858,-0.2864752323510938
avg_trade_usd,long,7,4293.491970990057,4659.932800185997,7010,-0.09849989708119337,0.02616155609317823,0.3136947218259629,2265,-0.20833911975654837
tbi_ma96,long,8,0.0029881539712487792,0.005847326841692914,6972,-0.09855484071679407,0.026106612457577533,0.32358003442340794,2351,-0.11553324629713538
tbi_z8,long,7,0.6034608098654843,0.9310304636910197,7007,-0.09866158255456174,0.025999870619809864,0.32210646496360784,2543,-0.18251917863920517
range_z,long,8,0.5225338503729926,1.232058754476335,6972,-0.09867514099259767,0.02598631218177394,0.3151176133103844,2746,-0.12484060453090137
to_lo96,long,3,3.381518657253936,4.3044110038305545,7001,-0.09873230640163427,0.025929146772737333,0.31909727181831166,2475,-0.16738270765012755
pos24,long,5,0.5212036566785146,0.6071866034713705,7009,-0.09891042879683096,0.02575102437754065,0.32344128977029535,2233,-0.1426976953112702
since_hi480,long,7,374.0,428.0,6998,-0.09905193387024286,0.025609519304128747,0.3180908831094598,2562,-0.09697171965533506
absorb,short,5,-0.009260694755007692,0.0325545031718542,7008,-0.09912189206016489,0.05622787610861732,0.3153538812785388,2236,-0.11340039688712354
rpt_rank,long,9,0.9020833333333333,inf,6946,-0.09918631836337816,0.02547513481099345,0.32234379498992227,2633,-0.20918399819784794
disp96,short,1,-7.238011644663389,-4.782905394028526,7001,-0.09939270210532127,0.055957066063460945,0.31766890444222257,2598,-0.06623982345320562
tbi,long,7,0.025436700080060503,0.042222221784968816,7009,-0.09943739852227618,0.02522405465209543,0.31830503638179486,2132,-0.14468993872585809
tbi_ma24,short,1,-0.01535845609626197,-0.010957062927520545,7001,-0.09948987371173637,0.05585989445704584,0.3259534352235395,2372,-0.015704909778916698
persist24,long,4,0.12856556604203698,0.1664650630249279,7008,-0.0994959535940274,0.02516549958034421,0.3263413242009132,2392,-0.19967846284878454
tbi_z96,long,0,-inf,-1.2954220254321678,6972,-0.09954958175524412,0.02511187141912749,0.32831325301204817,2609,-0.1638885559183329
absorb,long,7,0.06902330017570778,0.11837411381785891,7007,-0.09961241436545984,0.025049038808911767,0.3218210361067504,2283,-0.15937398172078973
dq_cum24,short,1,-0.7349214859314083,-0.5235289762859816,7001,-0.09969883116370888,0.05565093700507333,0.3258105984859306,2371,-0.018145670588644202
dq_z96,long,0,-inf,-1.2954378939062783,6972,-0.09978019556293914,0.024881257611432464,0.32816982214572576,2611,-0.16227906201810496
hi_pos,long,2,0.034482758620689655,0.13793103448275862,9439,-0.09991204455027208,0.024749408624099523,0.3230215065155207,3277,-0.12039341319450907
ats_z96,short,9,1.3974186753545255,inf,6973,-0.10021905464372043,0.055130713525061784,0.32195611644916106,2503,-0.08718978978490989
range_rank,long,6,0.5945833333333516,0.6979166666666666,6747,-0.1004003767518339,0.024261076422537706,0.31465836668148806,2479,-0.1322040926659858
to_hi480,short,9,25.91908574455207,inf,6963,-0.10040780724911501,0.0549419609196672,0.35904064340083297,2517,-0.2305098228738698
tbi_z8,long,0,-inf,-1.3195423937133264,7008,-0.10043026870922431,0.0242311844651473,0.3209189497716895,2680,-0.16086587687939036
flow_eff,long,0,-inf,-0.04754352646473812,7010,-0.1004599410312542,0.0242015121431174,0.31340941512125536,2498,-0.13216882743762548
dn_wick,long,3,0.14630577907827674,0.2007478382799611,7009,-0.10052932965839306,0.024132123515978543,0.3210158367812812,2555,-0.11978640073913767
since_lo96,short,0,-inf,7.0,6902,-0.10061566572550966,0.05473410244327255,0.30599826137351493,2958,-0.014453088058502941
dow,long,4,4.0,5.0,10023,-0.10067437076911083,0.023987082405260776,0.2769629851341914,3695,-0.0516105791308451
gap,long,2,-0.00018867039942640481,0.0,4229,-0.10070249988927306,0.023958953285098547,0.30882005202175455,1202,-0.2366464967364704
is_weekend,long,0,-inf,1.0,50043,-0.10085619646230254,0.023805256712069067,0.3134304498131607,18381,-0.16117470697300992
dq,long,7,0.05097917823457783,0.08451415439218257,7009,-0.10089488255808367,0.023766570616287938,0.31773434156085034,2125,-0.14442386537497398
tbi_ma8,long,8,0.011661496225376355,0.019270928648260688,7007,-0.10090446256832014,0.023756990606051465,0.32424718139003855,2303,-0.14047632995258477
ats_z96,long,8,0.8804409446707657,1.3973712013373145,6972,-0.1011310049769496,0.023530448197422005,0.32142857142857145,2311,-0.16564672315412868
tbi_ma24,long,3,-0.007695705604335561,-0.0050104482539125896,7001,-0.1011595540391027,0.0235018991352689,0.3226681902585345,1940,-0.15077031814748698
trade_intensity,short,8,1.3465891999300668,1.9116039966463516,7001,-0.10126581276937559,0.05408395539940662,0.31695472075417797,2611,-0.13007203275550014
pos96,short,0,-inf,0.16421665226159463,7002,-0.10129966447041361,0.0540501036983686,0.3116252499285918,3448,-0.051799882268591814
tbi_z24,long,4,-0.28086587799418256,-0.0021617849386176614,7000,-0.10147609957110848,0.023185353603263126,0.32371428571428573,2729,-0.17704036468105622
efficiency,long,7,0.22157966730339557,0.2708170026109018,7009,-0.10160168035323378,0.02305977282113783,0.3221572264231702,2640,-0.17787305358399993
m1_jump,long,0,-inf,0.161013333638498,7011,-0.1016208870585395,0.023040566115832106,0.31079731849950076,2113,-0.15698427330098313
flow_eff,short,0,-inf,-0.04754351493790571,7010,-0.10175942319592376,0.053590344972858445,0.31554921540656206,2497,-0.0983074546851281
lo_pos,long,9,0.9655172413793104,inf,7418,-0.10194448580820775,0.022716967366163854,0.32340253437584254,2755,-0.15435504565767455
disp24,long,5,0.05228057652237818,0.7055710615039071,7008,-0.10196086554917488,0.022700587625196722,0.3359018264840183,2196,-0.15506497152669463
range_z,long,9,1.232058754476335,inf,6973,-0.10199219697034413,0.022669256204027474,0.31091352359099383,2880,-0.11847421896682989
since_hi96,long,7,77.0,87.0,6947,-0.10199992409574021,0.022661529078631393,0.3333813156758313,2640,-0.1564861593514851
m1_jump,long,1,0.161013333638498,0.1876927160094941,7010,-0.10201152713636276,0.022649926038008847,0.31783166904422255,2216,-0.15950809482064954
to_lo24,long,4,1.9611872760770892,2.3361374001125204,7008,-0.10214614777503007,0.02251530539934153,0.3281963470319635,2259,-0.1519027438811199
atr_rank,long,4,0.3645833333333333,0.46875,6988,-0.10259369086091655,0.022067762313455058,0.33242701774470523,2414,-0.1128026229091304
disp96,short,3,-2.886524516221138,-1.2571181220362193,7001,-0.1026293702278026,0.052720397940979616,0.32552492501071273,2313,-0.2164948141540962
since_lo480,short,6,352.0,404.0,6980,-0.10284465728961105,0.05250511087917116,0.319054441260745,2586,-0.15299089029730578
range_per_trade,long,6,8.941033437526491e-08,9.97794597609226e-08,7010,-0.10319881086810181,0.02146264230626979,0.31925820256776033,1806,-0.21368450978669243
kyle,long,7,4.0286240602792635e-07,4.6558653492079237e-07,7010,-0.1033556616928929,0.02130579148147871,0.30827389443651926,1356,-0.09623780769356394
wick_skew,long,8,0.272634791454725,0.43014705882352944,7010,-0.10356537927757345,0.021096073896798156,0.3225392296718973,2661,-0.14741376435583473
body_frac,long,8,0.5028426604561891,0.6708036549392182,7010,-0.10371078596462707,0.020950667209744533,0.3215406562054208,2694,-0.16337057645539516
rpt_z,long,9,1.3662800228881473,inf,6973,-0.10374612469258104,0.020915328481790563,0.3176538075433816,2617,-0.18475239796353948
range_per_trade,long,8,1.1462333647950079e-07,1.398752887838969e-07,7010,-0.10379032477226496,0.020871128402106642,0.3191155492154066,719,-0.2380997746452547
atr_rank,long,7,0.6854166666666667,0.7958333333333333,6933,-0.10379508880520648,0.020866364369165127,0.3040530794749748,2285,-0.07996208572193096
efficiency,long,9,0.34425382691043577,inf,7011,-0.10386794951326336,0.020793503661108242,0.32206532591641707,2913,-0.1535357101856595
vol_of_vol,short,3,-0.6227976969233691,-0.45691738769232265,6960,-0.10388513748661957,0.05146463068216264,0.3307471264367816,2082,-0.1311598351626315
since_hi24,long,4,11.0,14.0,6437,-0.10389373092499858,0.020767722249373025,0.3229765418673295,2214,-0.1353697327393614
range_rank,long,7,0.6979166666666666,0.8020833333333334,6820,-0.10399178182513079,0.020669671349240817,0.3089442815249267,2649,-0.16496153035606229
dq_cum24,long,3,-0.3669058903633336,-0.23817510857773588,7001,-0.10408896464831953,0.020572488526052077,0.32195400657048995,1933,-0.14838163795799092
tbi_ma8,long,4,-0.0065125007074390865,-0.0023712842829451686,7007,-0.10411390698487195,0.020547546189499652,0.31525617239902953,1856,-0.11957331702782137
body_frac,long,7,0.3500669344042839,0.5028426604561891,7009,-0.10444334778885267,0.020218105385518936,0.3222999001284063,2434,-0.1923351508230695
absorb,long,8,0.11837411381785891,0.2267043751462075,7007,-0.1048157249129658,0.019845728261405807,0.3261024689596118,2843,-0.1910611082032394
dq_cum24,long,6,0.009025970530983895,0.14307772350263112,7001,-0.104826322321911,0.01983513085246061,0.3225253535209256,2056,-0.14101197507437163
trade_intensity,long,7,1.0731785612810003,1.3466138269223984,7001,-0.10505411584377099,0.01960733733060062,0.3135266390515641,2290,-0.12550204488080854
kyle,long,5,3.245496172060753e-07,3.592575852505399e-07,7011,-0.10508114181814061,0.019580311356230992,0.3152189416631008,1961,-0.20029792875747396
m1_jump,long,2,0.1876927160094941,0.21072434407494114,7011,-0.10518488493292702,0.019476568241444586,0.3189273998003138,2346,-0.16150602555068633
up_wick,long,8,0.4602960969044068,0.5803740374037378,7010,-0.10546945247324317,0.019192000701128434,0.3208273894436519,2452,-0.1512130513798413
to_lo480,long,1,3.551196255262854,6.027342406339871,6963,-0.10547324445983088,0.01918820871454073,0.2998707453683757,2771,-0.1655810497145001
dn_wick,long,1,0.03605769230769357,0.09239295475249124,7010,-0.10557569766644363,0.019085755507927973,0.32068473609129816,2939,-0.15797757394384485
range_per_trade,long,9,1.398752887838969e-07,inf,7011,-0.10563133500832024,0.019030118166051366,0.3080872913992298,148,-0.3943447226087658
hour,long,8,19.0,21.0,5844,-0.10579015745303301,0.018871295721338596,0.30612594113620806,2148,-0.14631284540685754
absorb_z,long,7,0.1447495157541059,0.2335828246298093,6710,-0.10579521567093966,0.018866237503431943,0.31892697466467956,2381,-0.17188026941563603
pos24,long,4,0.43519877511242494,0.5212036566785146,7008,-0.10585879693150455,0.01880265624286706,0.3209189497716895,2132,-0.1709000999849719
tbi_z24,long,7,0.5615953725499724,0.8885814553286435,7001,-0.10600641469472882,0.018655038479642783,0.321811169832881,2528,-0.18010638763436837
up_wick,short,3,0.13637231467243324,0.18810049099895554,7010,-0.10609429922922922,0.04925546893955299,0.32054208273894436,2460,-0.1298606969873139
vol_per_trade_z,short,8,0.8744410810496963,1.3858131167699967,6972,-0.10609754688044869,0.04925222128833352,0.3198508318990247,2301,-0.10795861614152073
kyle_z,long,6,0.09558756496570156,0.38130548881432297,6972,-0.10630784391656073,0.018353609257810877,0.3146873207114171,2526,-0.18598944696826222
hi_pos,long,6,0.5517241379310345,0.6896551724137931,7119,-0.10639524840964423,0.018266204764727373,0.3199887624666386,2478,-0.12984379017835
kyle,long,6,3.592575852505399e-07,4.0286240602792635e-07,7009,-0.10642374631268978,0.01823770686168183,0.3124554144671137,1736,-0.15010132289476108
ats_rank480,short,8,0.8125,0.9125,6801,-0.10674120272242234,0.04860856544635987,0.3164240552859874,2582,-0.12745465460566077
tbi_z96,long,4,-0.2719569723658402,-0.004404150217707908,6972,-0.10676641380339746,0.017895039370974142,0.3218588640275387,2712,-0.13859199403282807
tbi_ma8,short,2,-0.01636632900896089,-0.010986937081540325,7007,-0.10677789428171892,0.048571873887063285,0.32039389182246325,2146,-0.10130707977222105
wick_skew,long,7,0.16022099447507598,0.272634791454725,7009,-0.1068566741979064,0.017804778976465208,0.32301326865458696,2520,-0.16619915523950676
tbi_ma24,long,6,0.00014095937426770287,0.002934297460657547,7001,-0.10687156294434455,0.017789890230027056,0.321811169832881,2067,-0.1475705407082984
dq_z96,long,4,-0.27170500845027157,-0.004223533530247602,6972,-0.10688215650814652,0.01777929666622509,0.3218588640275387,2709,-0.14025380502237997
efficiency,long,8,0.2708170026109018,0.34425382691043577,7010,-0.10691930057511106,0.01774215259926054,0.32125534950071327,2808,-0.16213984507323448
minofday,long,8,1140.0,1290.0,7305,-0.10695413223923567,0.01770732093513594,0.3066392881587953,2685,-0.1415453271552457
tbi_z8,long,1,-1.3195423937133264,-0.9253079839452467,7007,-0.10712172421423134,0.017539728960140263,0.31939489082346223,2565,-0.15037875657903674
lo_pos,long,4,0.2413793103448276,0.41379310344827586,8332,-0.10718927807652148,0.017472175097850123,0.32201152184349496,3072,-0.14389791289963458
pos96,long,2,0.2518228674492447,0.34188376068376136,7001,-0.10731919613664935,0.017342257037722256,0.3192401085559206,2575,-0.193700364167435
persist6,short,9,0.7762562196746368,inf,7011,-0.1073355044734879,0.04801426369529431,0.31593210668948796,2853,-0.09752293271574587
atr_pct,long,1,0.002716616816555615,0.0036167427660519142,7010,-0.10733743337257423,0.017324019801797375,0.3534950071326676,5184,-0.1842802069369825
since_lo96,long,3,30.0,44.0,6987,-0.10754117393813165,0.01712027923623996,0.3266065550307714,2588,-0.2146387228027124
persist6,long,7,0.5238957102336163,0.6324488602269901,7010,-0.10771983089573968,0.016941622278631926,0.3195435092724679,2543,-0.16586298689626627
since_lo24,long,9,24.0,inf,9426,-0.1077697678250742,0.0168916853492974,0.3235730956927647,3392,-0.1533284986445962
extreme_late,long,8,0.9655172413793104,1.0,5314,-0.10782408065575662,0.016837372518614988,0.3219796763266842,1911,-0.1922612780396562
tbi_ma24,long,8,0.006205914663086017,0.010736165172924157,7001,-0.10789163291386555,0.016769820260506052,0.32095414940722755,2375,-0.17447232317487874
tbi,long,0,-inf,-0.07028103388474799,7010,-0.10798884135107842,0.016672611823293187,0.3348074179743224,4229,-0.16146210770050118
atr_rank,long,3,0.2625,0.3645833333333333,6867,-0.10808290968563918,0.01657854348873243,0.33872142129022864,2682,-0.241821786387965
extreme_late,long,9,1.0,inf,9417,-0.10840345594656405,0.01625799722780756,0.3181480301582245,3243,-0.18946963700188668
rpt_z,long,0,-inf,-1.230414620812339,6972,-0.10859309416234011,0.01606835901203149,0.32501434308663224,2449,-0.20781309524674907
accel,long,7,0.6414251443420069,1.0232713096771864,7008,-0.1086385540014211,0.016022899172950508,0.3213470319634703,2511,-0.18804736627867918
to_lo96,short,3,3.381355031542792,4.304353423637414,7001,-0.1086790171037997,0.046670751064982516,0.32209684330809885,2477,-0.040387930631468776
dq_cum24,long,8,0.2999153767031028,0.5179077918445182,7001,-0.10872113659584211,0.015940316578529498,0.3205256391944008,2385,-0.17663198930002696
dq,long,0,-inf,-0.1404613914766397,7010,-0.10878311233454692,0.015878340839824687,0.33452211126961484,4230,-0.16170151792692816
absorb,long,4,-0.045843329864869095,-0.009246106742812406,7007,-0.10886625503875241,0.015795198135619193,0.31425717140002857,2188,-0.09846173622250126
to_lo24,long,8,3.9564143809777867,5.049023292229563,7008,-0.10906725928304616,0.01559419389132545,0.3146404109589041,2712,-0.21990403916125054
pos24,short,1,0.1723989032134761,0.26522542057875237,7008,-0.10907467020998993,0.04627509795879228,0.3187785388127854,2680,-0.08557023159474181
absorb_z,long,2,-0.19574846816568778,-0.10512675680434234,6710,-0.10917323541700198,0.015488217757369624,0.3146050670640835,2915,-0.08948853252122366
persist96,long,6,0.11486598744827181,0.14299650325778265,7001,-0.10931183147881904,0.015349621695552568,0.3116697614626482,2705,-0.25875157792277514
since_lo24,short,1,2.0,5.0,8251,-0.10935610004939102,0.04599366811939119,0.3194764270997455,3284,-0.13595727784048084
to_lo480,long,2,6.027342406339871,8.436420013404188,6962,-0.10942667502317806,0.015234778151193548,0.31413386957770756,2797,-0.3334378786483686
since_hi480,short,3,107.0,175.0,7000,-0.10965999769886339,0.04568977046991882,0.32457142857142857,2578,-0.16787885953117979
extreme_late,long,7,0.896551724137931,0.9655172413793104,7912,-0.11001675395906242,0.014644699215309184,0.3167340748230536,3200,-0.13650565293127623
vol_per_trade_z,long,8,0.8743673950732325,1.3856421343769478,6972,-0.11001717537596593,0.014644277798405672,0.31827309236947793,2300,-0.2037807371044556
to_lo24,long,0,-inf,0.8343976377782374,7009,-0.11007742132073807,0.014584031853633536,0.32073048937080895,3606,-0.18501272079176997
since_hi96,short,7,77.0,87.0,6948,-0.11013738986023555,0.04521237830854666,0.33074265975820377,2640,-0.1722790242934768
dow,short,0,-inf,1.0,10030,-0.1101761876726623,0.045173580496119914,0.3299102691924227,3648,-0.047860377935720094
atr_pct,short,7,0.0072150640285691195,0.008492949902734871,7010,-0.11034754909592819,0.045002219072854024,0.30199714693295293,1116,0.17959031994377816
atr_rank,short,9,0.9083333333333333,inf,7076,-0.110362167895673,0.044987600273109205,0.26653476540418314,3008,0.05175889144795474
up_wick,long,6,0.30442477876106205,0.3754889178617992,7009,-0.11039531475220891,0.014266138422162691,0.3197317734341561,2458,-0.16193648342948613
range_rank,short,9,0.9041666666666667,inf,6940,-0.11045705100013119,0.04489271716865102,0.2920749279538905,2656,-0.0713163029063681
tbi_z8,short,3,-0.6060571789789192,-0.30049409359617213,7008,-0.11069279181799321,0.044656976350788996,0.3217751141552511,2569,-0.13102651105916588
tbi_z8,long,9,1.3357467630867281,inf,7008,-0.11096321983091458,0.01369823334345703,0.3164954337899543,2614,-0.18065408741552066
rv_vs_range,long,5,0.6585070379267154,0.7033516009005247,7011,-0.1109738078279767,0.013687645346394911,0.3190700328055912,2492,-0.16773611925749732
wick_skew,long,9,0.43014705882352944,inf,7011,-0.1111460311849863,0.01351542198938531,0.32349165596919127,2748,-0.1626094380856798
avg_trade_usd,short,8,4659.85314022628,5172.272955829447,7010,-0.11116318442486264,0.044186583743919566,0.3114122681883024,2809,-0.18705934273540795
pos480,short,2,0.25134759861724487,0.34562888856192653,6963,-0.11118418972525008,0.044165578443532125,0.32428550911963233,2609,-0.2083057293458327
sess_asia,long,1,1.0,inf,23375,-0.111277695286328,0.013383757888043607,0.3229946524064171,8592,-0.15517296081856416
close_loc,long,7,0.7102928127772967,0.8037578288099965,7010,-0.11131170587736011,0.013349747297011494,0.321398002853067,2452,-0.1775039339502772
to_hi480,long,5,10.552434846524813,12.941185840399196,6963,-0.11133584092845124,0.013325612245920368,0.3115036622145627,2611,0.03709664157480583
since_lo480,long,1,35.0,92.0,7022,-0.11134983661547694,0.013311616558894665,0.3191398461976645,2792,-0.15873294501835175
range_rank,long,8,0.8020833333333334,0.9041666666666667,6769,-0.11140611107796243,0.013255342096409176,0.30078298123799674,2597,-0.14511074325798937
rv_vs_range,long,1,0.4707379331639365,0.526778021969401,7010,-0.11147408265350653,0.013187370520865077,0.31554921540656206,2323,-0.12609370749275897
to_lo96,long,2,2.4875163278833123,3.381518657253936,7001,-0.111525014558197,0.013136438616174612,0.3125267818883017,2441,-0.13596868171435575
since_lo96,long,1,7.0,17.0,6925,-0.11174895728725331,0.012912495887118292,0.29819494584837547,2586,-0.21417024260796488
persist24,long,7,0.26121503905464927,0.32809248641985234,7008,-0.11191946546377203,0.012741987710599575,0.3146404109589041,2979,-0.16706235344660159
tbi_z24,long,8,0.8885814553286435,1.3153548059895974,7001,-0.11203199142915114,0.012629461745220463,0.31781174117983146,2577,-0.18976213578455026
since_hi96,long,4,38.0,52.0,7339,-0.11214509069235887,0.012516362482012738,0.31680065404005997,2485,-0.045206937439234374
ats_rank480,short,9,0.9125,inf,6911,-0.11215227159498486,0.043197496573797345,0.31297930834900883,2441,-0.1615186775284883
accel,long,6,0.30910620800993516,0.6414251443420069,7008,-0.11217394821615712,0.01248750495821449,0.3240582191780822,2384,-0.1786188768318195
avg_trade_usd,long,0,-inf,2457.9247271852037,7010,-0.11247673500762304,0.01218471816674857,0.33737517831669045,3309,-0.15724297520714461
to_lo24,short,6,2.7545595740798996,3.2704680989489643,7009,-0.11256247646418323,0.04278729170459898,0.3231559423598231,2487,-0.15074159349677949
ats_rank480,long,9,0.9125,inf,6906,-0.11265542822773696,0.01200602494663465,0.3149435273675065,2441,-0.13920243973807045
ats_z96,long,1,-1.2866299670480674,-0.906422533170117,6972,-0.11265714090949874,0.012004312264872863,0.31970740103270223,2758,-0.16063932525000407
since_lo96,short,1,7.0,17.0,6924,-0.11270733077686713,0.042642437391915075,0.3063258232235702,2586,-0.029685354014767282
up_wick,long,2,0.08488964346349535,0.13639256405962577,7011,-0.11272306635579663,0.01193838681857498,0.3167879047211525,2696,-0.18332834483015725
kyle_z,short,9,1.324999329930384,inf,6973,-0.11301778837285044,0.04233197979593177,0.3076150867632296,2887,-0.12164131809902276
since_hi480,long,9,465.0,inf,7124,-0.11332441798325533,0.011337035191116271,0.3208871420550253,3304,-0.05672418584563649
dq_cum24,long,2,-0.5235057316612339,-0.3669058903633336,7001,-0.11347091576786444,0.011190537406507162,0.3155263533780888,2088,-0.18789292503661248
since_hi480,short,9,465.0,inf,7123,-0.11347866412369845,0.04187110404508376,0.31966867892741824,3304,-0.26363171101170313
to_lo24,long,5,2.3361374001125204,2.754781980885089,7009,-0.11374572951345942,0.010915723660912188,0.3222999001284063,2334,-0.17755534986043225
flow_eff,short,6,0.05716980249929807,0.08562774659904676,7010,-0.11378494265755026,0.041564825511231945,0.3139800285306705,2034,-0.09615975931041679
trade_intensity,long,4,0.6707016552471872,0.7728863135742922,7001,-0.11380026427426748,0.010861188900104124,0.31895443508070276,2203,-0.19041435881652904
range_per_trade,long,7,9.97794597609226e-08,1.1462333647950079e-07,7010,-0.11380091856002117,0.010860534614350437,0.31925820256776033,1321,-0.18214350473897548
kyle_z,long,8,0.748351716644278,1.3249952402077727,6972,-0.11384436908821977,0.01081708408615184,0.30880665519219735,2777,-0.17933338303352325
rv_vs_range,long,6,0.7033516009005247,0.7549022944626155,7009,-0.11390782363856947,0.01075362953580214,0.3197317734341561,2548,-0.195745487704473
range_z,long,7,0.16024066975598147,0.5225338503729926,6971,-0.11395072007855646,0.010710733095815148,0.30813369674365226,2525,-0.1567296267435622
trade_intensity,long,5,0.7728863135742922,0.8997308638539071,7002,-0.11395589860803915,0.01070555456633246,0.31548129105969724,2158,-0.20995812245861864
vol_per_trade_z,short,7,0.5125134981846318,0.8744410810496963,6972,-0.11429252031904698,0.04105724784973523,0.31554790590935167,2397,-0.09024759732144451
trade_intensity,long,6,0.8997308638539071,1.0731785612810003,7000,-0.11476714324285692,0.009894309931514689,0.31242857142857144,2290,-0.20328957291423655
range_per_trade,short,8,1.1462309866606378e-07,1.3988389357510926e-07,7010,-0.11480517149837463,0.04054459667040758,0.3146932952924394,719,-0.13786990727644519
to_lo480,long,9,28.096683506118467,inf,6963,-0.1148121987314306,0.009849254442941005,0.35343960936378,2281,-0.08407224123280134
tbi_ma96,long,6,-0.0009722686329824758,0.0008860104967724214,6972,-0.11481884538860812,0.009842607785763485,0.321285140562249,2342,-0.09575057488480221
tbi_z96,long,8,0.8673547058267598,1.3049084545739673,6972,-0.11485776044615385,0.009803692728217753,0.31884681583476765,2528,-0.1979783230511317
disp96,long,1,-7.238058159810292,-4.782990899238161,7001,-0.11504015875729458,0.009621294417077028,0.30667047564633626,2598,-0.22749804092042264
dq_z96,long,8,0.86676677876034,1.304879655211067,6972,-0.11504043468613077,0.009621018488240832,0.31884681583476765,2535,-0.19824534343038114
ats_z96,long,9,1.3973712013373145,inf,6973,-0.11508381623220296,0.00957763694216865,0.3188010899182561,2505,-0.201136203809513
accel,long,2,-1.0356170426745845,-0.6436170317740434,7008,-0.11514027354336107,0.00952117963101054,0.322060502283105,2518,-0.1850219296938248
dn_wick,long,0,-inf,0.03605769230769357,7010,-0.11526565792098485,0.009395795253386754,0.3263908701854494,3291,-0.1630474750393799
gap,long,1,-0.0007584741013234775,-0.00018867039942640481,7010,-0.11527369298992243,0.009387760184449173,0.30827389443651926,4735,-0.1959598853628143
lo_pos,long,8,0.8275862068965517,0.9655172413793104,8091,-0.11530821357028555,0.009353239604086058,0.3167717216660487,3040,-0.1329238523344396
accel,long,1,-1.5712640989402997,-1.0356170426745845,7008,-0.11549495880631791,0.009166494368053696,0.3200627853881279,2537,-0.14508489018699314
since_lo24,long,4,11.0,15.0,8548,-0.11549709903442834,0.009164354139943265,0.3189050070191858,2973,-0.2126761061394337
tbi_ma24,long,2,-0.010956960482291155,-0.007695705604335561,7001,-0.11550131183454115,0.009160141339830452,0.3148121696900443,2082,-0.18640848657387502
atr_pct,long,4,0.004986787630536513,0.005618874621514466,7011,-0.11551593469327492,0.009145518481096682,0.3167879047211525,2316,-0.1843662570025406
to_hi480,short,5,10.55239569913314,12.941343535705903,6963,-0.11555538772054057,0.03979438044824164,0.31523768490593135,2613,-0.2267503640206685
body_frac,long,1,-0.6634553628773593,-0.4936548223350484,7010,-0.11565958118509208,0.009001871989279528,0.31626248216833097,2663,-0.1546407348800832
vol_per_trade_z,long,7,0.5125269529794944,0.8743673950732325,6971,-0.11582290010340154,0.008838553070970062,0.31473246306125374,2397,-0.1512041052269023
sess_eu,long,0,-inf,1.0,46747,-0.11585351424619858,0.008807938928173026,0.31139966201039637,17182,-0.1525614616129952
flow_eff,short,7,0.08562774659904676,0.1350020125171371,7010,-0.11589942081280324,0.039450347355978965,0.30884450784593437,1666,-0.04479876123656085
vol_per_trade_z,long,6,0.2037756342011834,0.5125269529794944,6972,-0.1162992380262253,0.008362215148146307,0.31497418244406195,2500,-0.14611629555884556
persist96,long,8,0.18016918907777055,0.23475455810733992,7001,-0.1164084237623936,0.008253029411978002,0.30781316954720755,2841,-0.14231791350726172
dow,short,2,2.0,3.0,9977,-0.11644692057485397,0.038902847593928244,0.3195349303397815,3694,-0.16209030430583474
persist6,long,6,0.43212211791021776,0.5238957102336163,7010,-0.11650556850850045,0.008155884665871152,0.31982881597717544,2553,-0.142492897629115
persist96,long,4,0.0702036598695273,0.09123248849207924,7001,-0.11653777901859678,0.008123674155774821,0.32223968004570774,2535,-0.20980392625227828
persist24,short,8,0.3280917192858671,0.4238103739341139,7008,-0.11654565730721857,0.03880411086156364,0.305365296803653,2704,-0.11809168435151182
tbi_ma8,short,3,-0.010986937081540325,-0.006513241581263203,7008,-0.11661355508630554,0.03873621308247667,0.3169235159817352,1941,-0.10991260154100055
ats_z96,short,8,0.8805472231557663,1.3974186753545255,6972,-0.11668332134582414,0.03866644682295807,0.3176993689041882,2313,-0.14816904685847726
pos24,short,2,0.26522542057875237,0.35004947055243113,7008,-0.11670075945440637,0.038649008714375835,0.3190639269406393,2306,-0.1473374389079219
wick_skew,long,4,-0.09358081979893465,-0.010526061659563657,7010,-0.11671958193321964,0.007941871241151963,0.3158345221112696,2587,-0.17314830627816977
ats_rank480,long,5,0.5020833333333333,0.6041666666666666,6759,-0.11677812298211687,0.007883330192254734,0.31883414706317503,2495,-0.2067081958911452
persist24,long,1,0.030516913410794412,0.061323600083402874,7008,-0.11685025012873698,0.007811203045634624,0.3276255707762557,2406,-0.17009580009974506
rpt_rank,long,0,-inf,0.09583333333333334,6796,-0.1168832294772087,0.0077782236971629115,0.31856974690994705,2450,-0.2068302893426969
efficiency,long,3,0.08622343703878312,0.11575149209532551,7009,-0.11692599802478557,0.00773545514958604,0.31673562562419744,2446,-0.16321208417095764
accel,long,0,-inf,-1.5712640989402997,7009,-0.1169324379875075,0.007729015186864099,0.3050363817948352,2971,-0.15252915583260726
range_z,long,4,-0.4372149805946739,-0.28117809121559806,6972,-0.1170321753225892,0.007629277851782412,0.31712564543889843,2343,-0.17764186722615002
tbi_ma96,short,4,-0.004136766386867081,-0.002632675107768119,6972,-0.11737006214540951,0.037979706023372695,0.3208548479632817,1969,-0.051108677671608885
trade_intensity,long,8,1.3466138269223984,1.9113761989818747,7001,-0.11752465814144292,0.007136795032928689,0.30924153692329664,2610,-0.12015630338055573
persist24,long,6,0.20883532396107266,0.26121503905464927,7008,-0.11753496925252238,0.007126483921849225,0.3166381278538813,2865,-0.19988759173704776
up_wick,long,9,0.5803740374037378,inf,7011,-0.11755734318062128,0.007104109993750329,0.31921266581086866,2629,-0.1734643787385511
kyle,short,6,3.592627871751403e-07,4.0286860922399563e-07,7010,-0.117604039627992,0.03774572854079021,0.31198288159771753,1737,-0.04065714948516816
gap,long,3,0.0,0.00020262335703313561,37834,-0.11766521114916403,0.006996242025207572,0.3177565153036951,14719,-0.1659957832581293
minofday,long,7,990.0,1140.0,7302,-0.11771347622086792,0.006947976953503687,0.30087647219939745,2685,-0.14409902990328924
hi_pos,short,3,0.13793103448275862,0.2413793103448276,6400,-0.11783576172738702,0.03751400644139519,0.3190625,2415,-0.11844699034142328
close_loc,long,9,0.8973214285714677,inf,7011,-0.11784470415763124,0.00681674901674037,0.31550420767365567,2839,-0.19654151338016915
tbi_z8,long,4,-0.30011726279798967,-0.0010705828990077507,7007,-0.1178959582679673,0.00676549490640431,0.31925217639503356,2598,-0.1502891675035422
rpt_z,long,7,0.46095550873226465,0.8265756116086195,6971,-0.11793793355310477,0.006723519621266841,0.31516281738631474,2531,-0.1383762541205094
accel,short,8,1.0232534752914986,1.5683809762203214,7008,-0.11797281767511383,0.037376950493668376,0.3150684931506849,2617,-0.10352280130784858
tbi,short,2,-0.04671072480199802,-0.03020645497599548,7010,-0.1180334821465903,0.037316286022191905,0.31611982881597717,2145,-0.063316120407669
vol_per_trade_z,long,9,1.3856421343769478,inf,6973,-0.11803929400568985,0.006622159168681752,0.31808403843395955,2547,-0.18463187984082724
dq,short,4,-0.031795901729946084,-0.00498724400373153,7010,-0.11805991170436883,0.03728985646441338,0.3131241084165478,2044,-0.10421547428110556
rv_vs_range,long,2,0.526778021969401,0.5734531888129843,7010,-0.11836133543648027,0.006300117737891339,0.31283880171184025,2459,-0.18424549498920842
hour,long,7,16.0,19.0,8763,-0.11841282203944976,0.006248631134921842,0.30092434097911674,3222,-0.15277861455673616
dq,short,2,-0.093310656310236,-0.060304282699820105,7010,-0.11843861511689087,0.03691115305189134,0.31611982881597717,2143,-0.05825663118567757
hi_pos,long,9,0.9655172413793104,inf,7652,-0.11848570131082065,0.00617575186355096,0.3141662310507057,2515,-0.23498057577659773
to_lo96,short,0,-inf,1.5993221452936686,7002,-0.11850496386696045,0.03684480430182176,0.3056269637246501,3298,-0.05591451748017334
kyle_z,long,4,-0.3836647038371369,-0.1517804185082689,6972,-0.11863963703554156,0.006021816138830044,0.3165519219736087,2416,-0.17809377802786663
kyle_z,short,8,0.7483356971495643,1.324999329930384,6972,-0.11868615275327314,0.03666361541550907,0.31081468732071144,2778,-0.08268178398234627
avg_trade_usd,long,8,4659.932800185997,5172.2805655190095,7010,-0.11876197784607607,0.005899475328295531,0.30756062767475034,2808,-0.21099624070710024
since_lo24,short,3,8.0,11.0,6293,-0.11876558664143538,0.036584181527346826,0.3155887494040998,2282,-0.11039452461059682
since_hi24,long,6,17.0,20.0,7278,-0.11884690898894106,0.005814544185430551,0.31698268755152514,2581,-0.14407753401490858
tbi_ma24,short,2,-0.010957062927520545,-0.0076960829126184235,7001,-0.11898439843664338,0.03636536973213883,0.3195257820311384,2081,-0.06487279905305915
atr_rank,short,6,0.5729166666666666,0.6854166666666667,6976,-0.11923748184464433,0.03611228632413788,0.31163990825688076,2600,-0.1107065333521387
tbi,short,4,-0.01596239902317422,-0.0025447913424442026,7010,-0.11926459761168105,0.03608517055710116,0.312981455064194,2048,-0.1043273677630655
body_frac,long,6,0.1876188463976323,0.3500669344042839,7010,-0.11930530501616855,0.005356148158203053,0.3158345221112696,2486,-0.16243000447894484
rpt_rank,long,7,0.6979166666666666,0.8020833333333334,6922,-0.11931146244952827,0.005349990724843337,0.3169604160647212,2617,-0.2131262506392644
rpt_rank,short,0,-inf,0.09583333333333334,6796,-0.11935549581700027,0.035994272351781945,0.3193054738081224,2449,-0.06734332363529019
close_loc,long,3,0.3111111111110977,0.40992794235388413,7009,-0.11935937698948446,0.00530207618488715,0.316164930803253,2438,-0.1402579396025888
absorb,long,0,-inf,-0.27683694226246375,7008,-0.11944910105419443,0.005212352120177177,0.3212043378995434,3248,-0.2034458856619063
to_hi96,short,4,3.7977973031377887,4.657615444967854,7001,-0.11945908233129733,0.03589068583748488,0.3225253535209256,2277,-0.20219785324274797
persist96,long,7,0.14299650325778265,0.18016918907777055,7001,-0.11950729699749703,0.0051541561768745775,0.31209827167547494,2787,-0.23212525845394913
since_hi96,short,2,14.0,26.0,7600,-0.11952992668739208,0.03581984148139013,0.31723684210526315,2664,-0.20249838692098562
rpt_z,long,5,-0.09889956548532532,0.16227617693208157,6973,-0.11953384340270554,0.00512760977166607,0.31779721784024095,2572,-0.1861093526257278
hi_pos,long,4,0.2413793103448276,0.41379310344827586,8012,-0.11961721465459413,0.0050442385197774775,0.3156515227159261,3124,-0.17838627064239843
ats_rank480,long,1,0.08958333333333333,0.18958333333333333,6907,-0.11969401144581973,0.004967441728551875,0.32054437527146373,2622,-0.1975727244780742
tbi_ma8,short,1,-0.02393401659522876,-0.01636632900896089,7007,-0.11980970436328259,0.03554006380549962,0.3181104609676038,2393,-0.0829203756338725
since_hi24,long,1,2.0,4.0,6132,-0.1198447196554666,0.004816733518905006,0.31637312459230266,2326,-0.18227012180652052
ats_rank480,long,3,0.2916666666666667,0.39791666666666664,6843,-0.11995575108027393,0.00470570209409768,0.3168201081397048,2639,-0.15032827489060827
dq_cum24,short,3,-0.36694670864262857,-0.2381988244503812,7001,-0.11995800805823764,0.03539176011054457,0.318525924867876,1930,-0.1080811310607373
absorb,long,5,-0.009246106742812406,0.03255244583689077,7007,-0.11996163408118932,0.004699819093182289,0.31197374054516913,2234,-0.17780061666121288
tbi,short,6,0.010724873615724244,0.025429403350845738,7010,-0.11996562454471116,0.03538414362407105,0.3115549215406562,2080,-0.05727516029105691
pos96,short,3,0.3418856238947587,0.43273975857401453,7001,-0.11999857383373312,0.03535119433504909,0.32009712898157405,2336,-0.09171757975130218
ats_z96,short,7,0.5131675437025935,0.8805472231557663,6972,-0.12004485129932993,0.03530491686945228,0.31497418244406195,2437,-0.08238375970949949
dq,long,5,-0.004976074706294273,0.021614214410908942,7011,-0.12007180214227077,0.004589651032100836,0.31179574953644273,1905,-0.19234169541801532
updn_ratio,long,2,0.43333333333333335,0.4642857142857143,8200,-0.12008181500615933,0.004579638168212274,0.3157317073170732,2850,-0.1394972778153473
persist6,long,9,0.7761479072153197,inf,7010,-0.1200845914924143,0.004576861681957312,0.30927246790299573,2855,-0.22639939060645006
pos24,long,7,0.6929427270044028,0.776595580924588,7008,-0.12012705111694391,0.004534402057427694,0.3217751141552511,2544,-0.13003909950269088
minofday,short,0,-inf,120.0,5843,-0.12014225529472965,0.03520751287405256,0.31165497176108165,2148,-0.10240194422827852
hour,short,0,-inf,2.0,5843,-0.12014225529472965,0.03520751287405256,0.31165497176108165,2148,-0.10240194422827852
m1_jump,short,6,0.28778166677443584,0.3255610048883343,7011,-0.12032535402006009,0.03502441414872212,0.32120952788475254,2790,-0.11731181267695602
tbi_ma96,short,6,-0.0009728938650727766,0.0008855309147854511,6972,-0.12037259266045044,0.034977175508331765,0.31899024670109005,2340,-0.16717558400623844
trade_intensity,short,7,1.0733925058065497,1.3465891999300668,7001,-0.12044088492199037,0.03490888324679184,0.3106699042993858,2285,-0.12626596640188045
to_hi24,long,6,2.5448886377587305,3.0261527451084103,7008,-0.12054790157260753,0.004113551601764076,0.3182077625570776,2372,-0.0863082290141059
accel,short,9,1.5683809762203214,inf,7009,-0.1206272429891622,0.034722525179620004,0.30632044514196033,2921,-0.11455508101573346
dq_cum24,short,2,-0.5235289762859816,-0.36694670864262857,7001,-0.12068084780314366,0.03466892036563855,0.31909727181831166,2087,-0.06379387389822577
efficiency,long,5,0.1473191126350855,0.1819419627180158,7011,-0.12084215107968088,0.003819302094690724,0.3156468406789331,2599,-0.17406672655840613
kyle,long,4,2.938397535855953e-07,3.245496172060753e-07,7010,-0.1209406451544297,0.0037208080199419014,0.317546362339515,2233,-0.16186431330215806
to_hi96,long,2,2.1827638683950337,2.9751907753027336,7002,-0.12096048276095481,0.0037009704134167987,0.31790916880891174,2473,-0.17108803518088794
disp24,long,3,-1.2932248049125692,-0.5935276069885761,7008,-0.12104250977792823,0.0036189433964433776,0.3226312785388128,2283,-0.14404194751350974
sess_us,long,1,1.0,inf,23367,-0.12108445233116952,0.0035770008432020883,0.30757050541361747,8590,-0.15751868598426955
tbi,long,5,-0.0025347386465451316,0.010732962337643768,7011,-0.12125591310087738,0.003405540073494223,0.31122521751533305,1900,-0.19746226677179127
kyle,short,7,4.0286860922399563e-07,4.655847399868033e-07,7010,-0.12132384395559989,0.03402592421318232,0.30328102710413696,1355,-0.0035184928135307903
to_lo96,long,5,5.283169851694117,6.354808314079107,7001,-0.12138085559342622,0.0032805975809453852,0.3215254963576632,2451,-0.18153711353921906
dq,short,6,0.021597938993880426,0.05097272626670899,7010,-0.12145038951388515,0.03389937865489706,0.31112696148359487,2076,-0.054626154377193474
persist96,short,2,0.03330081045324301,0.05082126244299485,7001,-0.12152018853850653,0.03382957963027568,0.326810455649193,2391,-0.23387590278896248
persist96,short,7,0.14298610451409305,0.18013714934885988,7001,-0.12168179500716181,0.0336679731616204,0.313669475789173,2783,0.012785235359708538
flow_eff,long,6,0.057181886808079084,0.08564906443930395,7010,-0.12183590160364266,0.002825551570728946,0.3089871611982882,2034,-0.14631393332891282
vol_per_trade_z,long,2,-0.9079820336683807,-0.6054873502547596,6973,-0.12189268127971901,0.0027687718946525913,0.3165065251685071,2960,-0.13961606932385037
m1_jump,long,5,0.2584421103584605,0.28777894457380493,7010,-0.12195662826985099,0.0027048249045206196,0.31554921540656206,2652,-0.1785746925468953
vol_per_trade_z,long,1,-1.2948227048306415,-0.9079820336683807,6972,-0.12197742521660439,0.0026840279577672183,0.31970740103270223,2767,-0.16371007388855155
to_lo96,long,8,9.152835758482734,11.41839700335224,7001,-0.12206886257622172,0.0025925905981498826,0.32023996571918295,2581,-0.214972321248104
rpt_rank,short,2,0.19375,0.29375,6787,-0.12211419489319965,0.03323557327558256,0.31722410490643876,2619,-0.09042800905074078
since_hi96,short,8,87.0,94.0,6894,-0.12211944717780363,0.033230320990978585,0.3243400058021468,2792,-0.050906735255479375
since_hi24,long,3,7.0,11.0,8762,-0.12212905678623778,0.002532396388133823,0.3153389637069162,3099,-0.1708669129249779
rpt_rank,long,3,0.29375,0.3958333333333333,6844,-0.1221921044500109,0.0024693487243607065,0.3169199298655757,2627,-0.15229914983540416
rv_vs_range,long,9,0.9156110047714138,inf,7011,-0.1222823206950634,0.0023791324793082103,0.32591641705890745,3232,-0.15322245443293792
flow_eff,short,8,0.1350020125171371,0.25234661532502867,7010,-0.12232158898751881,0.0330281791812634,0.29814550641940085,1407,-0.016075371585709725
rpt_rank,long,8,0.8020833333333334,0.9020833333333333,6718,-0.12241219366933141,0.0022492595050401937,0.31363501041976777,2559,-0.14114006535359022
disp96,long,4,-1.2585041201015825,0.28369781268300276,7001,-0.12251583323819575,0.0021456199361758604,0.32095414940722755,2446,-0.04252828482651467
dn_wick,short,9,0.6011195392041508,inf,7011,-0.12253517720797741,0.0328145909608048,0.32063899586364286,2347,-0.11442467780904957
kyle_z,long,5,-0.1517804185082689,0.09558756496570156,6973,-0.12259401395023015,0.0020674392241414596,0.31019647210669726,2408,-0.14038101225527966
m1_jump,long,8,0.3806673401992486,0.48567493312078924,7011,-0.12266071782764196,0.0020007353467296485,0.3196405648267009,2949,-0.1433987315241368
to_lo480,short,3,8.43589023324937,10.710612358593952,6962,-0.12273689018609925,0.03261287798268296,0.3181557023843723,2300,-0.09815213287431644
disp24,long,8,2.3716736211580627,3.769771307235863,7008,-0.12283617652516632,0.0018252766492052874,0.3147831050228311,2927,-0.21599366229169437
range_rank,short,8,0.8020833333333334,0.9041666666666667,6770,-0.12291653179089436,0.03243323637788785,0.3004431314623338,2599,-0.05980609700877735
close_loc,long,6,0.6136212624584743,0.7102928127772967,7009,-0.12293173004308561,0.0017297231312859984,0.31673562562419744,2414,-0.16046489065485328
disp96,long,6,1.7818412265774781,3.5343914433547305,7001,-0.1229345701758833,0.001726882998488305,0.32095414940722755,2509,-0.21797798993439915
disp6,long,7,0.6555644957893277,1.062622294208644,7010,-0.12304744899665182,0.0016140041777197855,0.31982881597717544,2493,-0.15164950949481734
to_lo480,long,4,10.710777346636833,12.915478243434892,6962,-0.12308536295602668,0.0015760902183449277,0.31786842861246767,2197,-0.06315672954842112
kyle_z,short,7,0.3812875713752472,0.7483356971495643,6972,-0.12311464987392721,0.032235118294854995,0.3098106712564544,2630,-0.1044393131978738
dq,long,3,-0.06028525866743719,-0.03175934165232188,7009,-0.12315118524392495,0.0015102679304466599,0.3088885718362106,2051,-0.14947969791764823
rpt_z,long,3,-0.601107832228166,-0.3467731073614671,6971,-0.12323253184384526,0.001428921330526342,0.31745804045330656,2570,-0.15740766530124614
flow_div,long,0,-inf,0.0,56700,-0.12325675910872409,0.0014046940656475132,0.31534391534391537,19836,-0.17224066268319202
since_hi24,short,9,24.0,inf,8922,-0.12326347025601722,0.03208629791276499,0.31573638197713516,3485,-0.11456963793085717
close_loc,short,8,0.8037257013686886,0.8972679875331909,7010,-0.12329562848709985,0.03205413968168236,0.3141226818830242,2609,-0.1291035976096401
tbi_ma96,long,0,-inf,-0.010327974128231386,6972,-0.12335337191397452,0.0013080812603970815,0.3138267355134825,4432,-0.2095324595594065
hi_pos,long,8,0.8275862068965517,0.9655172413793104,8061,-0.12337338303651917,0.00128807013785244,0.31460116610842326,3217,-0.16887139328036133
updn_ratio,long,4,0.4666666666666667,0.5,9800,-0.12337933111257515,0.0012821220617964535,0.31326530612244896,3383,-0.19007621745225034
tbi,long,3,-0.030181093384119555,-0.015945536210497102,7009,-0.12343440017698092,0.0012270529973906902,0.30874589813097447,2045,-0.15252983033179923
lo_pos,long,3,0.13793103448275862,0.2413793103448276,6606,-0.12353465169972984,0.001126801474641767,0.31441114138661824,2366,-0.2031166029674416
tbi_ma8,long,7,0.006240949195326889,0.011661496225376355,7007,-0.12366771075095691,0.000993742423414698,0.31539888682745826,2078,-0.1404928889392717
updn_ratio,long,7,0.5666666666666667,0.6,7765,-0.12381864039026598,0.000842812784105626,0.31397295556986476,2842,-0.1565155774056789
persist24,long,0,-inf,0.030516913410794412,7009,-0.12382531101982394,0.0008361421545476644,0.32600941646454556,2390,-0.09238429979254335
ats_z96,long,7,0.5131762957943603,0.8804409446707657,6971,-0.12389466549042208,0.0007667876839495269,0.3143021087361928,2437,-0.1904781932645858
atr_pct,long,5,0.005618874621514466,0.006342089960683786,7011,-0.12391258796263224,0.0007488652117393635,0.3043788332620168,1966,-0.13090330712524814
absorb_z,long,3,-0.10512675680434234,-0.039353338368542976,6710,-0.12393492846786197,0.0007265247065096347,0.31251862891207155,2850,-0.16601485296685442
range_z,short,8,0.5226687425742925,1.2321150808881158,6972,-0.12395547207696787,0.031394296091814336,0.3089500860585198,2745,-0.10040532476950609
tbi_ma24,short,3,-0.0076960829126184235,-0.005011211607097815,7001,-0.12417687807764767,0.03117289009113454,0.3172403942293958,1937,-0.10568623526863144
lo_pos,long,1,0.0,0.06896551724137931,13787,-0.12449566493830926,0.00016578823606235027,0.3131210560673098,5239,-0.17170946468783285
kyle,long,3,2.6509674186125357e-07,2.938397535855953e-07,7010,-0.12472335291335208,-6.189973898047818e-05,0.31697574893009983,2606,-0.19503278541495672
extreme_late,long,5,0.7241379310344828,0.8275862068965517,8178,-0.12484462400042079,-0.00018317082604918378,0.31694790902421127,3234,-0.186824774853931
persist6,long,3,0.20309467011410368,0.27483836478105345,7010,-0.12485211194320336,-0.00019065876883175847,0.31711840228245364,2525,-0.12566997745896433
efficiency,short,1,0.02884127065604651,0.05737972112809651,7010,-0.12488773682273611,0.030462031346046095,0.31626248216833097,2410,-0.18061968481773955
efficiency,long,4,0.11575149209532551,0.1473191126350855,7010,-0.12503779193393055,-0.00037633875955894736,0.3164051355206847,2571,-0.16362374172120264
minofday,long,0,-inf,120.0,5843,-0.1250401139338016,-0.000378660759429994,0.3092589423241486,2148,-0.15323516426036587
hour,long,0,-inf,2.0,5843,-0.1250401139338016,-0.000378660759429994,0.3092589423241486,2148,-0.15323516426036587
flow_eff,long,5,0.03826832115591045,0.057181886808079084,7010,-0.12505909131017326,-0.0003976381358016534,0.3152639087018545,2384,-0.15002869659867152
range_rank,short,4,0.3875,0.49166666666666664,6884,-0.12513760036802518,0.030212167800757028,0.31871005229517724,2570,-0.1847790556964021
hour,long,2,4.0,7.0,8766,-0.12514374543851212,-0.0004822922641405103,0.32272416153319644,3222,-0.1786619930740861
dq_z96,long,6,0.258225157200048,0.5457647441344008,6973,-0.12517496227557837,-0.0005135091012067605,0.3129212677470242,2639,-0.15159925775928917
kyle,short,8,4.655847399868033e-07,5.796700104647635e-07,7010,-0.1251876902820431,0.030162077886739108,0.2978601997146933,904,-0.025540797944505894
kyle_z,long,2,-0.8652034731538315,-0.6128981018997668,6973,-0.1251944855419895,-0.0005330323676178972,0.32410727090205077,2396,-0.1834612155970251
pos24,long,0,-inf,0.17241374572007642,7009,-0.125237466241155,-0.0005760130667833985,0.30860322442573834,3655,-0.1529837443832887
since_lo24,long,6,18.0,20.0,5095,-0.12530627301123476,-0.000644819836863153,0.31913640824337586,1751,-0.1988670892218744
extreme_late,long,1,0.2413793103448276,0.41379310344827586,6830,-0.12539355058628662,-0.000732097411915017,0.31493411420204975,2453,-0.15081090720102447
rpt_rank,long,4,0.3958333333333333,0.4979166666666667,6857,-0.12544657228339345,-0.0007851191090218479,0.3155899081230859,2520,-0.16422785402680598
to_hi96,long,6,5.589329154259747,6.627750440357329,7001,-0.12569932507787024,-0.0010378719034986328,0.3095272103985145,2329,-0.013067750911181895
tbi_ma8,long,6,0.001788831784232153,0.006240949195326889,7007,-0.1257204601554648,-0.001059006981093208,0.3114028828314543,1922,-0.16803878781018472
to_lo24,long,7,3.270931763950074,3.9564143809777867,7008,-0.12572264099677377,-0.0010611878224021654,0.3103595890410959,2707,-0.14648781753592754
dow,long,6,6.0,inf,10032,-0.1257279909346014,-0.001066537760229802,0.3496810207336523,3694,-0.24517759172287049
vol_per_trade_z,short,5,-0.07093501737669575,0.20362044891738906,6972,-0.12576256881271328,0.029587199356068933,0.31540447504302926,2685,-0.14769002479396226
to_lo480,long,8,22.328884117030004,28.096683506118467,6963,-0.12588441361087022,-0.0012229604364986102,0.32773229929628034,2386,-0.15006535120348252
m1_jump,short,8,0.3806932172679314,0.4856732913160495,7011,-0.12601085030881637,0.02933891785996584,0.3194979318214235,2948,-0.12989766310642706
m1_jump,long,4,0.23364955264514306,0.2584421103584605,7011,-0.12607185027809822,-0.0014103971037266183,0.314933675652546,2505,-0.1536484817213764
minofday,long,6,840.0,990.0,7304,-0.12613253277528957,-0.0014710796009179683,0.3111993428258488,2685,-0.1645493025285874
dn_wick,long,6,0.3207367418227996,0.39194741166803987,7010,-0.12619541280298746,-0.0015339596286158552,0.3115549215406562,2361,-0.15445563575654717
disp24,short,1,-3.3783280115802308,-2.1252352233189793,7008,-0.12632030037701664,0.029029467791765573,0.3150684931506849,2835,-0.11472016794422363
tbi_z96,long,6,0.2579344373210093,0.545774674927229,6972,-0.12632176572937384,-0.0016603125550022357,0.3125358577165806,2634,-0.15420568030951673
disp96,long,8,5.636703633981851,8.47778446823766,7001,-0.12636588624636957,-0.0017044330719979683,0.3105270675617769,2761,-0.1613449625924692
flow_eff,long,4,0.023996722915488263,0.03826832115591045,7009,-0.12641749987945258,-0.001756046705080977,0.3210158367812812,3062,-0.18576866093288932
sess_us,long,0,-inf,1.0,46739,-0.1264497622674867,-0.001788309093115087,0.31877019191681466,17181,-0.17321799474170696
tbi_z96,short,1,-1.2955890314733045,-0.8678692034742537,6972,-0.1264854409501286,0.028864327218653618,0.31626506024096385,2506,-0.10685462494066691
since_hi96,short,0,-inf,6.0,6856,-0.12649370464554094,0.02885606352324127,0.30192532088681445,2645,-0.023198189246108943
to_lo24,short,7,3.2704680989489643,3.9556514527120146,7008,-0.12649530306961745,0.028854465099164756,0.3126426940639269,2709,-0.06516889758062251
to_hi96,long,1,1.358997306605559,2.1827638683950337,7001,-0.12664309083258676,-0.0019816376582151574,0.3138123125267819,2514,-0.17114497543404122
range_rank,long,2,0.18541666666666667,0.28541666666666665,6875,-0.12669070270141827,-0.002029249527046667,0.3271272727272727,2554,-0.20705027549204316
ats_rank480,long,8,0.8125,0.9125,6806,-0.12671495583020714,-0.0020535026558355374,0.3089920658242727,2581,-0.13762472012520638
extreme_late,long,0,-inf,0.2413793103448276,6825,-0.12674486095171522,-0.0020834077773436155,0.3142857142857143,2390,-0.19654944532401797
pos24,long,6,0.6071866034713705,0.6929427270044028,7008,-0.12680916486094934,-0.0021477116865777357,0.3207762557077626,2376,-0.14745311825193863
gap,short,1,-0.0007580951137653253,-0.00018825780818960326,7010,-0.12694244906682414,0.028407319101958067,0.30998573466476464,4747,-0.1527855994389153
vol_of_vol,long,5,-0.2697852689497918,-0.055040667396260304,6960,-0.1269760781502577,-0.0023146249758860815,0.315948275862069,2491,-0.17365672412422842
dq_z96,short,1,-1.2956488285784806,-0.8676911521858754,6972,-0.12708705670359294,0.028262711465189272,0.315978198508319,2507,-0.10759263736057885
persist24,short,9,0.4238103739341139,inf,7009,-0.12710472628430936,0.028245041884472855,0.2936224853759452,2557,0.024128737116873383
hour,long,6,14.0,16.0,5843,-0.12718881794006406,-0.002527364765692458,0.31370871127845285,2148,-0.15664249370474154
minofday,long,2,270.0,420.0,7305,-0.1273926887609597,-0.002731235586588082,0.3227926078028747,2685,-0.18657317892946781
accel,long,8,1.0232713096771864,1.5683829380060808,7008,-0.12744461645763508,-0.0027831632832634734,0.3143550228310502,2615,-0.21797999370495233
persist6,long,1,0.0664333122974237,0.13348709038650747,7010,-0.12756436531678292,-0.0029029121424113125,0.3159771754636234,2522,-0.14814621200423272
body_frac,long,0,-inf,-0.6634553628773593,7010,-0.12762346007601674,-0.0029620069016451367,0.31626248216833097,3117,-0.14490928473727346
kyle_z,long,1,-1.1824576761101857,-0.8652034731538315,6972,-0.12763976250501655,-0.0029783093306449404,0.326592082616179,2483,-0.21550902668289248
to_hi96,short,2,2.1829660663681527,2.9760233421996753,7001,-0.12768888392528546,0.027660884243496747,0.3126696186259106,2474,-0.06712061507383367
tbi_z96,short,3,-0.5506016791305126,-0.2723240479083359,6972,-0.12787543606628432,0.02747433210249789,0.31397016637980496,2557,-0.10507193923145199
range_rank,long,5,0.49166666666666664,0.5945833333333516,6866,-0.12789691514021856,-0.003235461965846953,0.31124381007864843,2588,-0.2079148329939947
absorb_z,short,4,-0.039369309105774894,0.033736886821267686,6710,-0.127916173592578,0.0274335945762042,0.3143070044709389,2567,-0.07149371005728318
persist24,long,2,0.061323600083402874,0.09377012881960772,7008,-0.12793804880573004,-0.003276595631358431,0.3206335616438356,2434,-0.1407201525454013
body_frac,long,4,-0.17460317460319802,0.010140695513670467,7010,-0.12800165068804442,-0.0033401975136728157,0.3168330955777461,2301,-0.21193298901874683
range_per_trade,long,1,4.924133799003451e-08,5.8332833456791594e-08,7010,-0.12812980159993625,-0.003468348425564649,0.3195435092724679,4414,-0.14619694342960846
range_z,long,6,-0.09171837191446935,0.16024066975598147,6972,-0.1283481373446196,-0.0036866841702480058,0.30407343660355707,2387,-0.2054870081838153
dq_z96,short,3,-0.5506388177587309,-0.27200344849617003,6972,-0.12844993268000027,0.026899835488781942,0.3138267355134825,2566,-0.10757723102322585
is_weekend,short,0,-inf,1.0,50044,-0.12853310190508524,0.02681666626369697,0.3064303412996563,18380,-0.07947378984745136
rv_vs_range,short,2,0.5267722342340266,0.57344762061634,7010,-0.12861483074306457,0.026734937425717642,0.312981455064194,2459,-0.11728321737225106
ats_rank480,long,4,0.39791666666666664,0.5020833333333333,6799,-0.12866502992459705,-0.004003576750225446,0.3140167671716429,2580,-0.18518453604878607
disp24,long,4,-0.5935276069885761,0.05228057652237818,7008,-0.1287233303788475,-0.0040618772044759,0.3230593607305936,2286,-0.10647757170221733
avg_trade_usd,short,7,4293.468130721746,4659.85314022628,7010,-0.1287914865928136,0.026558281575968623,0.30713266761768904,2264,-0.12511312765285687
range_per_trade,long,2,5.8332833456791594e-08,6.599725639760127e-08,7010,-0.12881197239721734,-0.004150519222845733,0.31440798858773183,3731,-0.1690325786333573
rpt_z,short,1,-1.2302871130516682,-0.8740312767307316,6972,-0.12882866913356736,0.02652109903521485,0.31353987378083764,2741,-0.11178399668586605
m1_jump,short,9,0.4856732913160495,inf,7011,-0.12885546545601193,0.026494302712770285,0.31835686777920413,2845,-0.17915129654485304
updn_ratio,short,6,0.5333333333333333,0.5666666666666667,9885,-0.12885939851579498,0.026490369652987233,0.3141122913505311,3699,-0.11113243830413172
range_per_trade,long,5,8.095256839769714e-08,8.941033437526491e-08,7010,-0.12887045642191278,-0.004209003247541171,0.31283880171184025,2254,-0.1430711687251884
to_lo96,long,9,11.41839700335224,inf,7002,-0.1289289746245876,-0.004267521450216,0.32662096543844615,2460,-0.030909939551306765
range_per_trade,long,3,6.599725639760127e-08,7.327924665852372e-08,7010,-0.12896250922352753,-0.004301056049155927,0.3151212553495007,3292,-0.1420447714926275
hi_pos,long,1,0.0,0.034482758620689655,10515,-0.1290536804610491,-0.004392227286677486,0.3134569662387066,3898,-0.15000469157597365
to_lo480,short,5,12.915664709278145,15.487395565322796,6963,-0.129102836947052,0.02624693122173022,0.3135142898176074,2548,-0.08417750657366656
hour,long,9,21.0,inf,8765,-0.1291110422883513,-0.004449589113979691,0.30211066742726755,3220,-0.1572028802864597
range_rank,short,3,0.28541666666666665,0.3875,6756,-0.1292383450288454,0.026111423139936807,0.321343990526939,2500,-0.10768278166573429
to_lo480,short,2,6.027822395631945,8.43589023324937,6963,-0.12925013130470026,0.026099636864081954,0.30231222174350136,2796,-0.04320915869612737
minofday,long,3,420.0,570.0,7304,-0.1292770724960859,-0.004615619321714282,0.3281763417305586,2685,-0.17620019622883484
tbi_ma8,long,3,-0.0109846026815819,-0.0065125007074390865,7007,-0.12929042463491283,-0.004628971460541226,0.31154559725988296,1943,-0.18931085395581543
wick_skew,short,0,-inf,-0.4574143077390206,7011,-0.12934040528524762,0.026009362883534587,0.3189273998003138,2492,-0.12257746019120781
rpt_rank,short,1,0.09583333333333334,0.19375,6797,-0.1294371118713973,0.0259126562973849,0.3111666911872885,2549,-0.11747854258030009
to_hi24,long,4,1.775210416014823,2.1430498845541837,7008,-0.12945244559654775,-0.004790992422176149,0.3199200913242009,2260,-0.15479587982557752
close_loc,long,4,0.40992794235388413,0.5115973021878587,7010,-0.12966014898270972,-0.004998695808338116,0.31212553495007134,2328,-0.1878439692080805
since_lo24,long,2,5.0,8.0,6653,-0.12975528514171064,-0.005093831967339035,0.3052758154216143,2522,-0.1503003234484065
absorb_z,long,6,0.09336674696393375,0.1447495157541059,6710,-0.12975792591774682,-0.005096472743375213,0.31385991058122203,2825,-0.3049157624722278
rpt_z,long,8,0.8265756116086195,1.3662800228881473,6972,-0.12976764134022836,-0.0051061881658567565,0.3123924268502582,2592,-0.1758076301425176
dq_cum24,short,7,0.14299898878667763,0.29988828797661865,7001,-0.12979933363985466,0.02555043452892755,0.3126696186259106,2126,-0.12309370095861799
disp6,long,6,0.32435453067081116,0.6555644957893277,7010,-0.12985450045794272,-0.005193047283571117,0.3146932952924394,2387,-0.16128684247346475
rpt_z,long,1,-1.230414620812339,-0.874026252149269,6972,-0.12994364897476732,-0.0052821958003957115,0.3133964429145152,2743,-0.14378615111824383
flow_div,long,2,1.0,inf,13371,-0.12997723637527583,-0.005315783200904228,0.31388826564954003,5929,-0.15411516849384865
ats_z96,long,2,-0.906422533170117,-0.6065482695454272,6973,-0.13002479069186415,-0.005363337517492545,0.31406855012189877,2921,-0.13622694672268598
wick_skew,short,6,0.06930921817632577,0.16022017232303404,7010,-0.13023930689778512,0.025110461270997086,0.31126961483594867,2593,-0.08276586991580831
rpt_z,long,6,0.16227617693208157,0.46095550873226465,6972,-0.1302612026381235,-0.005599749463751885,0.31095811818703384,2512,-0.14837637139202248
rpt_rank,long,6,0.5979166666666667,0.6979166666666666,6746,-0.13029382469050327,-0.005632371516131662,0.31322265045953157,2601,-0.1268303972620768
since_lo24,short,2,5.0,8.0,6652,-0.13033148793897575,0.025018280229806455,0.3105832832230908,2520,-0.11470050612623375
tbi_z24,long,6,0.26952358061050846,0.5615953725499724,7001,-0.13034179191549766,-0.005680338741126056,0.3126696186259106,2637,-0.192618109493229
absorb,short,4,-0.0458662900553592,-0.009260694755007692,7007,-0.1303810224296371,0.02496874573914512,0.31026116740402454,2186,-0.10068756948308613
since_lo24,long,1,2.0,5.0,8250,-0.1304176821494083,-0.005756228975036692,0.30472727272727274,3285,-0.12528172546695368
dq,long,9,0.13144691101732783,inf,7011,-0.1304750948866639,-0.005813641712292289,0.32891171016973325,4199,-0.18023452758645506
close_loc,long,2,0.21526908635793476,0.3111111111110977,7011,-0.1305751628860753,-0.005913709711703685,0.31136785052061045,2359,-0.1642700786136936
vol_per_trade_z,long,0,-inf,-1.2948227048306415,6972,-0.13060827964001653,-0.005946826465644928,0.31755593803786575,2012,-0.09766678438334457
since_lo24,long,7,20.0,22.0,5865,-0.13063289842008002,-0.005971445245708418,0.32003410059676046,2061,-0.15955906253500204
absorb_z,short,1,-0.42285809953228465,-0.1958491008791961,6710,-0.1307358947696569,0.024613873399125297,0.3171385991058122,2410,-0.060125585376634594
tbi,long,4,-0.015945536210497102,-0.0025347386465451316,7010,-0.13089265136284425,-0.0062311981884726475,0.30998573466476464,2048,-0.14655641290509522
disp6,long,1,-1.6549806863293517,-1.0204501287476981,7010,-0.1309961700460174,-0.006334716871645801,0.31198288159771753,2694,-0.13473503292672057
up_wick,long,5,0.24363636363635702,0.30442477876106205,7011,-0.13102235304677662,-0.0063608998724050125,0.31407787762088146,2455,-0.17609799475431923
hour,long,3,7.0,9.0,5843,-0.1310466405998976,-0.00638518742552599,0.3274003080609276,2148,-0.16954332879233464
since_lo480,short,2,92.0,158.0,6935,-0.13106142641160864,0.024288341757173565,0.3180966113914924,2550,0.022675892865289097
sess_asia,long,0,-inf,1.0,46731,-0.13135605291828936,-0.006694599743917756,0.31105690013053433,17179,-0.17439302642232027
hour,short,6,14.0,16.0,5844,-0.13142383513117628,0.02392593303760593,0.3116016427104723,2148,-0.1460177311717886
disp96,long,7,3.5343914433547305,5.636703633981851,7001,-0.13143190788104228,-0.0067704547066706755,0.3163833738037423,2586,-0.2188748981218551
tbi_ma24,short,7,0.002933722492171199,0.006205766286501524,7001,-0.13153161177292388,0.023818156395858325,0.31209827167547494,2130,-0.13092078337022536
range_per_trade,short,7,9.97761693401884e-08,1.1462309866606378e-07,7010,-0.1315934843650274,0.023756283803754802,0.3114122681883024,1322,-0.19070685853507868
rpt_z,short,4,-0.3467594334407549,-0.09893701468361976,6972,-0.13175871363679037,0.02359105453199184,0.3151176133103844,2527,-0.16531927730407822
tbi,long,9,0.06568833220786197,inf,7011,-0.13188243892532303,-0.007220985750951425,0.328483811153901,4200,-0.1802508145148965
dq,long,4,-0.03175934165232188,-0.004976074706294273,7010,-0.1319742902345372,-0.0073128370601655834,0.3095577746077033,2045,-0.14993913794507016
absorb,long,1,-0.27683694226246375,-0.14398550840868646,7007,-0.13206384171642807,-0.007402388542056465,0.3176823176823177,2825,-0.12016576011565536
tbi_z24,long,1,-1.3039151851567612,-0.8878795511811343,7001,-0.1320697929359427,-0.007408339761571098,0.31109841451221254,2503,-0.1777143389737235
disp24,long,7,1.4485289161265813,2.3716736211580627,7008,-0.1322556757014459,-0.007594222527074285,0.3169235159817352,2579,-0.20194217714157392
to_lo96,long,1,1.599423829053732,2.4875163278833123,7001,-0.13225722969042675,-0.007595776516055142,0.30595629195829166,2476,-0.1720620044920036
since_lo96,short,4,44.0,57.0,6828,-0.13226606208340283,0.02308370608537938,0.3110720562390158,2405,-0.10217026391763818
tbi_z8,long,5,-0.0010705828990077507,0.2972759749117432,7008,-0.13227967687041953,-0.007618223696047921,0.3163527397260274,2548,-0.19632900355532862
disp96,long,2,-4.782990899238161,-2.886746014514395,7001,-0.13232451914537482,-0.007663065971003219,0.3055277817454649,2356,-0.2091630398720682
extreme_late,long,6,0.8275862068965517,0.896551724137931,6739,-0.13241482107062727,-0.007753367896255664,0.3122124944353762,2535,-0.17960390400230666
kyle,short,5,3.2454864178083205e-07,3.592627871751403e-07,7010,-0.13249454729633514,0.02285522087244707,0.3089871611982882,1962,-0.031563263018977786
minofday,long,9,1290.0,inf,7304,-0.13261172368637839,-0.00795027051200678,0.30079408543263964,2683,-0.16415358294614074
tbi_ma8,short,5,-0.002373873810602563,0.001788625082091289,7007,-0.13263606219021767,0.022713705978564536,0.30997573854716715,1845,-0.1359800410827677
updn_ratio,long,1,0.4,0.43333333333333335,5944,-0.13265516824891285,-0.007993715074541247,0.3162853297442799,2126,-0.13651482957826966
m1_jump,long,3,0.21072434407494114,0.23364955264514306,7010,-0.13268328112545952,-0.008021827951087912,0.31212553495007134,2529,-0.19874516292434577
efficiency,short,6,0.18194945516021133,0.22156399301680033,7010,-0.1330561879734072,0.022293580195375,0.3146932952924394,2551,-0.11049801224214688
flow_eff,short,5,0.0382646574927487,0.05716980249929807,7010,-0.13312163948019906,0.02222812868858315,0.31569186875891586,2383,-0.10549120376623108
close_loc,long,0,-inf,0.11584553928095076,7010,-0.13312419862807884,-0.008462745453707232,0.31711840228245364,3206,-0.14393192110601677
hi_pos,long,7,0.6896551724137931,0.8275862068965517,6564,-0.1331572831959196,-0.008495830021547995,0.3165752589884217,2638,-0.17917817591812316
dow,long,1,1.0,2.0,10028,-0.13323146950507975,-0.008570016330708141,0.31262465097726366,3648,-0.15659609793220455
up_wick,long,1,0.03316812809759886,0.08488964346349535,7010,-0.133450409700243,-0.008788956525871389,0.3078459343794579,2642,-0.1379984018890759
rv_vs_range,short,4,0.6159812835517139,0.6584994009841469,7010,-0.13364111075966426,0.021708657409117954,0.3131241084165478,2456,-0.08575479158567269
since_hi96,long,0,-inf,6.0,6856,-0.1336523906556884,-0.008990937481316796,0.30032088681446906,2644,-0.26953457267847636
wick_skew,long,6,0.069364161849711,0.16022099447507598,7011,-0.13368911926696528,-0.009027666092593672,0.3129368135786621,2592,-0.18357677261694458
since_hi24,short,1,2.0,4.0,6133,-0.13369120928787961,0.021658558880902595,0.30849502690363606,2326,-0.14299533068249004
kyle_z,short,3,-0.612804616968557,-0.3834696913264068,6972,-0.13371918050475945,0.02163058766402276,0.3152610441767068,2343,-0.07508331724038218
since_hi24,long,7,20.0,22.0,5582,-0.1337422780259316,-0.009080824851560004,0.3142242923683268,2045,-0.165978688899798
ats_rank480,long,7,0.7104166666666667,0.8125,6813,-0.13375231738913065,-0.009090864214759048,0.3086745926904447,2603,-0.19764474746669186
updn_ratio,long,0,-inf,0.4,6595,-0.13385005538435307,-0.009188602209981467,0.31766489764973466,2571,-0.15652764262723248
trade_intensity,short,6,0.8997073168931433,1.0733925058065497,7001,-0.1339068734163046,0.021442894752477598,0.3083845164976432,2297,-0.06902172524346693
persist96,long,2,0.033301182449865824,0.05082114144928992,7001,-0.13390770904340238,-0.009246255869030773,0.3213826596200543,2393,-0.10856374209341078
to_hi480,short,7,15.766548827118411,19.530613329944572,6963,-0.1339726660170118,0.02137710215177041,0.3173919287663364,2866,-0.06207628195866767
vol_per_trade_z,long,4,-0.3353148930020864,-0.07105959310092735,6972,-0.13411037855217173,-0.009448925377800121,0.3111015490533563,2748,-0.20753012951349575
since_hi96,short,1,6.0,14.0,6442,-0.13413322673604128,0.021216541432740932,0.3013039428748836,2330,-0.0985928802827695
range_z,short,7,0.16031112299196057,0.5226687425742925,6972,-0.13418789570102885,0.021161872467753362,0.30263912794033276,2525,-0.11680711891550309
wick_skew,short,1,-0.4574143077390206,-0.29925298018196916,7010,-0.13444750770594247,0.020902260462839745,0.3158345221112696,2434,-0.12525865707833808
ats_z96,long,3,-0.6065482695454272,-0.3365165216518292,6971,-0.13450504095229784,-0.009843587777926238,0.3102854683689571,2854,-0.18712674087908335
absorb_z,long,1,-0.42282560137252295,-0.19574846816568778,6710,-0.13453103306952327,-0.009869579895151664,0.3107302533532042,2416,-0.1710756604736345
kyle,short,4,2.9385669452234636e-07,3.2454864178083205e-07,7010,-0.134742462723846,0.02060730544493622,0.31255349500713264,2233,-0.035273428296577085
tbi,short,3,-0.03020645497599548,-0.01596239902317422,7010,-0.1348801755190723,0.020469592649709906,0.30813124108416545,2047,-0.12626782917047258
pos24,short,6,0.6071428571428595,0.6929026132871512,7009,-0.13489951907670478,0.020450249092077433,0.31816236267655873,2375,-0.1626127114074589
tbi_z96,long,3,-0.5503161626574193,-0.2719569723658402,6971,-0.13491347634524326,-0.01025202317087165,0.30641227944340843,2557,-0.17538986005323706
dq_z96,long,3,-0.5504626332289826,-0.27170500845027157,6971,-0.1349911504443582,-0.010329697269986587,0.3062688280017214,2564,-0.17142085957669748
to_lo24,short,5,2.3359576284814487,2.7545595740798996,7008,-0.13504717487131723,0.020302593297464977,0.3169235159817352,2332,-0.21360331667315038
tbi_z24,long,9,1.3153548059895974,inf,7001,-0.13518290296196162,-0.01052144978759001,0.3096700471361234,2591,-0.19176646765333252
disp6,long,0,-inf,-1.6549806863293517,7010,-0.1352484712892745,-0.010587018114902896,0.2990014265335235,3009,-0.18025687152173175
rpt_z,short,3,-0.6010933721015798,-0.3467594334407549,6972,-0.13527796420614333,0.020071803962638884,0.3142570281124498,2570,-0.10560512687036702
absorb_z,short,2,-0.1958491008791961,-0.10517553354021597,6711,-0.1352845816267036,0.020065186542078617,0.3081507971986291,2919,-0.12069644439791616
persist6,long,4,0.27483836478105345,0.34896792783566216,7010,-0.13533518931474423,-0.01067373614037262,0.3139800285306705,2542,-0.15243354599888148
persist6,short,5,0.3489694870638869,0.43210792758020555,7011,-0.13534812385548967,0.020001644313292544,0.31450577663671375,2595,-0.13677202832385618
to_hi24,short,0,-inf,0.7009909163426908,7009,-0.13540897563047702,0.01994079253830519,0.30689113996290485,3209,-0.11791180289231315
dq,long,6,0.021614214410908942,0.05097917823457783,7010,-0.1354345318513489,-0.010773078676977299,0.30713266761768904,2076,-0.19651143981737593
rv_vs_range,long,3,0.5734531888129843,0.6159871129219436,7010,-0.13547343205935541,-0.010811978884983808,0.3091298145506419,2407,-0.1633350833565697
rv_vs_range,short,3,0.57344762061634,0.6159812835517139,7010,-0.1355335294680935,0.019816238700688715,0.30970042796005703,2404,-0.10352134842558341
absorb_z,long,8,0.2335828246298093,0.4278124046547607,6710,-0.13553832620331974,-0.01087687302894813,0.30998509687034276,2121,-0.1403199118065923
persist96,long,0,-inf,0.016531399501525317,7001,-0.13560243802718028,-0.010940984852808672,0.32195400657048995,2787,-0.054959573749099766
extreme_late,short,2,0.41379310344827586,0.5517241379310345,6843,-0.13560424730426932,0.019745520864512894,0.3134590092064884,2444,-0.14219665127042877
trade_intensity,long,0,-inf,0.40340067169318705,7001,-0.1356905695011836,-0.011029116326812,0.33338094557920295,3923,-0.14934088052339217
tbi_z8,short,5,-0.0012326816087658726,0.2971943445392463,7007,-0.1358152330758979,0.019534535092884303,0.3148280291137434,2549,-0.12176393581605043
dq,short,3,-0.060304282699820105,-0.031795901729946084,7010,-0.13581791077698033,0.019531857391801882,0.3078459343794579,2052,-0.1292398599804871
since_hi480,short,4,175.0,246.0,6971,-0.1358263452421021,0.019523422926680106,0.3259216755128389,2704,-0.12349518305718504
absorb_z,long,5,0.03374821564047228,0.09336674696393375,6710,-0.13603915242493894,-0.011377699250567336,0.3110283159463487,2490,-0.1803962000604655
up_wick,long,7,0.3754889178617992,0.4602960969044068,7010,-0.13605415155263642,-0.011392698378264815,0.31212553495007134,2377,-0.1726320222764369
minofday,short,6,840.0,990.0,7305,-0.13612772278206803,0.01922204538671418,0.30882956878850104,2685,-0.14100428207440197
tbi,long,6,0.010732962337643768,0.025436700080060503,7010,-0.13622966275790901,-0.011568209583537409,0.30699001426533523,2077,-0.19579854125817445
extreme_late,long,3,0.5517241379310345,0.6551724137931034,7077,-0.136274239133613,-0.011612785959241395,0.311290094672884,2569,-0.11788574600983276
to_lo96,long,0,-inf,1.599423829053732,7001,-0.1363458571210058,-0.011684403946634198,0.29595772032566775,3298,-0.1078762087377073
range_z,long,5,-0.28117809121559806,-0.09171837191446935,6973,-0.1363664203656092,-0.011704967191237592,0.30302595726373155,2403,-0.17561550850382757
updn_ratio,short,5,0.5,0.5333333333333333,10861,-0.1363780313608618,0.018971736807920414,0.31304668078445813,3924,-0.16353442329571127
to_lo480,short,1,3.5510784220621052,6.027822395631945,6963,-0.13661315453423642,0.01873661363454579,0.29915266408157404,2770,-0.07022040187959433
tbi_ma8,long,1,-0.02392883624000731,-0.01636052742840242,7007,-0.13665993949488262,-0.01199848632051101,0.3089767375481661,2393,-0.17697135364246477
hi_pos,short,7,0.6896551724137931,0.8275862068965517,6561,-0.13666719409397737,0.018682574074804836,0.31321444901691814,2638,-0.12672434870474458
atr_rank,long,5,0.46875,0.5729166666666666,6995,-0.1368088246595285,-0.012147371485156905,0.3155110793423874,2545,-0.1685583354206609
ats_rank480,long,6,0.6041666666666666,0.7104166666666667,6853,-0.13690486110532069,-0.01224340793094908,0.30833211732088134,2628,-0.1531236651798826
updn_ratio,long,6,0.5333333333333333,0.5666666666666667,9886,-0.1370185847451353,-0.012357131570763707,0.3093263200485535,3700,-0.21003877518890426
rpt_rank,short,5,0.4979166666666667,0.5979166666666667,6772,-0.1370956135183223,0.018254154650459903,0.31408741878322505,2518,-0.0954277585827303
rv_vs_range,short,6,0.7033313875330347,0.7548672932279864,7010,-0.13712839038025892,0.018221377788523285,0.31169757489301,2549,-0.11926380150911509
kyle,short,3,2.65111914602005e-07,2.9385669452234636e-07,7010,-0.13733329025490226,0.018016477913879947,0.317546362339515,2607,-0.08425664981437778
lo_pos,short,1,0.0,0.06896551724137931,13787,-0.13738036160026235,0.017969406568519863,0.31000217596286356,5239,-0.14828501815609715
tbi_z8,short,6,0.2971943445392463,0.6033150766258114,7008,-0.13751744669915753,0.017832321469624685,0.3115011415525114,2553,-0.12973398032784655
since_lo24,long,5,15.0,18.0,6890,-0.13754241624547853,-0.012880963071106921,0.31393323657474603,2339,-0.23246654020549246
dq,short,5,-0.00498724400373153,0.021597938993880426,7010,-0.13762033174904353,0.017729436419738676,0.30656205420827387,1905,-0.08655307794998894
efficiency,long,6,0.1819419627180158,0.22157966730339557,7010,-0.1377566911803568,-0.013095238005985194,0.31041369472182595,2553,-0.141394183529754
avg_trade_usd,long,3,3100.858286884735,3403.1133829247256,7010,-0.13780628475190979,-0.01314483157753818,0.31626248216833097,1831,-0.17548079294489421
pos24,long,3,0.3501293694918369,0.43519877511242494,7008,-0.13791324604686309,-0.01325179287249148,0.3119292237442922,2045,-0.12072596357979504
disp6,short,8,1.0621374729358888,1.70444825166044,7010,-0.13796101639047167,0.017388751778310535,0.31169757489301,2812,-0.1548545811719093
dq_z96,short,5,-0.004370264907581327,0.2580502468604604,6972,-0.13799059364608085,0.01735917452270136,0.3123924268502582,2563,-0.08152826954889976
tbi_ma24,long,4,-0.0050104482539125896,-0.0024635100030458504,7000,-0.13802878831206875,-0.01336733513769714,0.30914285714285716,1994,-0.19059969782478567
to_hi480,short,1,2.4844446867661416,4.42670312779815,6963,-0.13804481994729131,0.017304948221490896,0.3033175355450237,2275,0.04795543049005982
dn_wick,short,6,0.32078161852463866,0.39196188803068244,7010,-0.13808839628657676,0.017261371882205445,0.3115549215406562,2361,-0.15107851531119343
to_lo480,short,4,10.710612358593952,12.915664709278145,6963,-0.13827416493637154,0.01707560323241067,0.3136579060749677,2197,-0.1280335728151063
persist24,long,3,0.09377012881960772,0.12856556604203698,7008,-0.13829241943806553,-0.013630966263693922,0.3139269406392694,2411,-0.1271267050241529
body_frac,long,3,-0.3381531383503137,-0.17460317460319802,7009,-0.13831045974290268,-0.013649006568531075,0.30917391924668286,2284,-0.12881438644999094
persist96,long,5,0.09123248849207924,0.11486598744827181,7001,-0.13831210013263637,-0.013650646958264762,0.31409798600199973,2540,-0.1689704260889269
tbi_z96,short,5,-0.004774805555106998,0.2577471311310959,6972,-0.1383531901770973,0.016996577991684914,0.3123924268502582,2561,-0.08035015294228356
vol_per_trade_z,long,3,-0.6054873502547596,-0.3353148930020864,6971,-0.13836269323733866,-0.013701240062967052,0.3091378568354612,2852,-0.17070159592971487
dq_cum24,long,4,-0.23817510857773588,-0.11569048637982726,7000,-0.1383882313439854,-0.01372677816961379,0.3087142857142857,2006,-0.18647384884691298
absorb_z,short,6,0.0933641375654132,0.14471918622534163,6710,-0.13856246450097684,0.01678730366780537,0.30849478390462,2822,-0.10133520343865876
tbi_z8,long,2,-0.9253079839452467,-0.6058448194599456,7007,-0.13874746108587852,-0.01408600791150691,0.3139717425431711,2469,-0.1550525962032504
range_rank,short,7,0.6979166666666666,0.8020833333333334,6820,-0.13882517922638737,0.016524588942394836,0.3002932551319648,2648,-0.07259074067148832
tbi,short,5,-0.0025447913424442026,0.010724873615724244,7010,-0.13899045634813464,0.016359311820647565,0.30599144079885876,1898,-0.08406167821273855
lo_pos,short,5,0.41379310344827586,0.5517241379310345,6089,-0.13928953280329479,0.016060235365487424,0.3120381014944983,2120,-0.14955933643251587
extreme_late,short,4,0.6551724137931034,0.7241379310344828,4967,-0.1393086514118811,0.01604111675690112,0.31246225085564727,1793,-0.18720452584755048
absorb_z,long,4,-0.039353338368542976,0.03374821564047228,6710,-0.13933951715159887,-0.014678063977227263,0.3104321907600596,2567,-0.23061260132144262
to_hi96,short,3,2.9760233421996753,3.7977973031377887,7001,-0.13937190064348098,0.015977867525301226,0.3128124553635195,2313,-0.12722272306492866
up_wick,short,2,0.08487390463969718,0.13637231467243324,7010,-0.13946467130132228,0.015885096867459925,0.3094151212553495,2692,-0.12302907006476085
tbi_z24,short,9,1.3152378549511738,inf,7001,-0.13959384432875258,0.015755923840029634,0.30995572061134125,2590,-0.11040169351024852
m1_jump,long,6,0.28777894457380493,0.32556588033451517,7011,-0.1396050254677192,-0.014943572293347585,0.3153615746683783,2792,-0.18555770925654583
extreme_late,short,7,0.896551724137931,0.9655172413793104,7913,-0.13960685204712386,0.015742916121658346,0.31163907493997217,3199,-0.12660135429903305
ats_rank480,short,6,0.6041666666666666,0.7104166666666667,6853,-0.1396709082809712,0.01567885988781101,0.31110462571136727,2628,-0.1453030802361083
to_lo24,long,3,1.6063399335747743,1.9611872760770892,7008,-0.1396858771440932,-0.01502442396972159,0.3162100456621005,2188,-0.09130020918799522
tbi_z8,long,8,0.9310304636910197,1.3357467630867281,7007,-0.13983156860412865,-0.015170115429757047,0.3088340231197374,2631,-0.18445223762823038
dn_wick,long,7,0.39194741166803987,0.4790343074968041,7009,-0.1399438847369206,-0.015282431562548993,0.30874589813097447,2416,-0.17485379419642266
efficiency,long,2,0.05736921754129733,0.08622343703878312,7011,-0.13996926311861663,-0.015307809944245021,0.30922835544144917,2384,-0.1720197297182815
tbi_z24,long,3,-0.5640325113675876,-0.28086587799418256,7001,-0.14002395935340664,-0.015362506179035035,0.3106699042993858,2535,-0.13483886173107826
persist24,short,7,0.26119907247598156,0.3280917192858671,7008,-0.14010448966844655,0.015245278500335663,0.3065068493150685,2981,-0.16585539947221783
tbi_z24,long,5,-0.0021617849386176614,0.26952358061050846,7001,-0.14013286092589308,-0.015471407751521477,0.31195543493786604,2513,-0.1562718907922554
tbi_z8,long,6,0.2972759749117432,0.6034608098654843,7007,-0.14023090958996762,-0.015569456415596011,0.31040388183245327,2553,-0.19167109980863328
tbi_ma24,short,0,-inf,-0.01535845609626197,7001,-0.14025852131031008,0.01509124685847213,0.31195543493786604,4766,-0.1550317654253266
body_frac,short,6,0.1874710759739729,0.3499735081266085,7010,-0.1403619014576012,0.01498786671118102,0.31098430813124106,2483,-0.09661230465167571
tbi,short,1,-0.07029254012627627,-0.04671072480199802,7010,-0.14036662671678563,0.014983141451996584,0.3124108416547789,2569,-0.12461780262115847
to_hi24,short,8,3.6517287631336224,4.648743833470317,7008,-0.14038620343600414,0.014963564732778073,0.3037956621004566,2817,-0.11952930141160986
tbi_ma24,short,4,-0.005011211607097815,-0.0024636138324612344,7001,-0.1404556708465905,0.014894097322191713,0.31109841451221254,1995,-0.07548434245608292
tbi_z96,long,9,1.3049084545739673,inf,6973,-0.14056458359442678,-0.015903130420055173,0.31392513982503945,2582,-0.19332672785844168
dq_z96,long,9,1.304879655211067,inf,6973,-0.14057084600289096,-0.01590939282851936,0.3137817295281801,2582,-0.19332672785844168
dq_z96,long,1,-1.2954378939062783,-0.867470165568476,6972,-0.14058383820559828,-0.01592238503122667,0.3089500860585198,2509,-0.15763080025909734
tbi_z96,long,1,-1.2954220254321678,-0.8675194524141483,6972,-0.14067217824291203,-0.016010725068540427,0.30880665519219735,2508,-0.15728194635626472
since_hi96,short,9,94.0,inf,7165,-0.14075971084164632,0.014590057327135891,0.31332868108862527,3053,-0.11333772038990637
dq_cum24,short,0,-inf,-0.7349214859314083,7001,-0.14079220779415733,0.014557560374624884,0.31195543493786604,4777,-0.1546619375972773
absorb_z,short,7,0.14471918622534163,0.23358511081321504,6709,-0.14084690962245403,0.014502858546328184,0.3074973915635713,2385,-0.13024512772596294
trade_intensity,long,1,0.40340067169318705,0.49820535431569557,7001,-0.14085779126441456,-0.01619633809004295,0.3182402513926582,2738,-0.1782873356146636
dq,short,1,-0.14047903516078,-0.093310656310236,7010,-0.14090191098034527,0.014447857188436941,0.31212553495007134,2573,-0.12613173871804417
rv_vs_range,long,7,0.7549022944626155,0.8197939883831327,7010,-0.1409199989980884,-0.016258545823716802,0.31112696148359487,2662,-0.1842319126512818
updn_ratio,long,5,0.5,0.5333333333333333,10861,-0.14096161980817618,-0.01630016663380457,0.3090875609980665,3924,-0.13803225770918529
minofday,short,9,1290.0,inf,7304,-0.14097849322623063,0.014371274942551582,0.30298466593647316,2684,-0.08614551286512631
ats_z96,short,4,-0.3364962226080589,-0.07290545003707921,6972,-0.14099285582616905,0.01435691234261316,0.31267928858290306,2742,-0.12354869333842114
since_hi24,long,8,22.0,24.0,7357,-0.14100609247921445,-0.01634463930484284,0.31018078020932444,2734,-0.17740486127501423
wick_skew,long,2,-0.29924812030074643,-0.18474623185124148,7011,-0.1410789858554783,-0.016417532681106684,0.30794465839395235,2558,-0.16777558570539594
rpt_z,short,0,-inf,-1.2302871130516682,6973,-0.14109989708167803,0.014249871087104182,0.31507242219991394,2451,-0.10043209908650577
rpt_z,long,2,-0.874026252149269,-0.601107832228166,6973,-0.14115636181758023,-0.016494908643208628,0.3099096515129786,2658,-0.20539204643846104
ats_z96,short,5,-0.07290545003707921,0.2047179508451808,6972,-0.14119530497534044,0.014154463193441769,0.31353987378083764,2692,-0.16445120053143736
extreme_late,long,2,0.41379310344827586,0.5517241379310345,6844,-0.14129800149813918,-0.01663654832376757,0.31180596142606665,2443,-0.21326077596393395
to_hi24,long,5,2.1430498845541837,2.5448886377587305,7009,-0.1414896632694657,-0.01682821009509408,0.3124554144671137,2219,-0.09231793393697273
tbi_z96,long,5,-0.004404150217707908,0.2579344373210093,6973,-0.14157235242507088,-0.016910899250699274,0.3094794206224007,2560,-0.1838301935003954
vol_of_vol,long,4,-0.4568535264322664,-0.2697852689497918,6960,-0.14159598853203423,-0.016934535357662622,0.31364942528735634,2159,-0.1483016965616455
tbi_z96,short,6,0.2577471311310959,0.5456375915317837,6972,-0.14174328226121788,0.01360648590756433,0.3065117613310384,2638,-0.1776931951978342
close_loc,long,5,0.5115973021878587,0.6136212624584743,7011,-0.14178557048858442,-0.017124117314212817,0.3090857224361717,2441,-0.14995508649913522
persist6,long,2,0.13348709038650747,0.20309467011410368,7010,-0.14181373973340802,-0.017152286559036417,0.31055634807417976,2501,-0.15356804954017547
flow_div,short,2,1.0,inf,13373,-0.14192103649422144,0.013428731674560768,0.3107754430569057,5928,-0.15168981516929353
dq_z96,long,5,-0.004223533530247602,0.258225157200048,6972,-0.14207305829601075,-0.01741160512163914,0.3092369477911647,2562,-0.18503654080862825
range_z,short,5,-0.2810767278968588,-0.09161435906554186,6972,-0.1421043205636061,0.013245447605176097,0.3085197934595525,2404,-0.10557589303433665
minofday,short,7,990.0,1140.0,7304,-0.14214962140562146,0.013200146763160753,0.30216319824753557,2685,-0.1349986161294401
persist6,long,5,0.34896792783566216,0.43212211791021776,7010,-0.14215092178424849,-0.01748946860987688,0.30841654778887306,2598,-0.19716886536689654
vol_of_vol,long,6,-0.055040667396260304,0.22456655662301253,6961,-0.14216466342790904,-0.017503210253537432,0.3058468610831777,2476,-0.20406798299932208
sess_eu,long,1,1.0,inf,23359,-0.14228826601204894,-0.017626812837677336,0.3223168800034248,8589,-0.19883954439721266
range_rank,short,6,0.5958333333333333,0.6979166666666666,6747,-0.14242359444480374,0.012926173723978474,0.3060619534607974,2478,-0.09595958189668692
dq_z96,short,6,0.2580502468604604,0.5456761749581416,6972,-0.14244834704698192,0.012901421121800288,0.306368330464716,2638,-0.17753890151610777
tbi,long,1,-0.07028103388474799,-0.04669742731906523,7010,-0.14247778190025967,-0.017816328725888064,0.30756062767475034,2571,-0.14853855028577126
to_lo24,short,1,0.834220835915628,1.2471761676511512,7008,-0.14258774352157644,0.012762024647205772,0.3139269406392694,2570,-0.07179497662907212
to_hi96,long,5,4.657512567362306,5.589329154259747,7001,-0.14261411627601142,-0.017952663101639815,0.305384945007856,2442,-0.12567233408553918
extreme_late,long,4,0.6551724137931034,0.7241379310344828,4970,-0.14265593889192651,-0.01799448571755491,0.31066398390342054,1793,-0.10454007270498053
since_hi24,short,0,-inf,2.0,5632,-0.14273010679964784,0.012619661369134366,0.3037997159090909,2292,-0.12184388338556645
to_hi96,long,7,6.627750440357329,7.937595606290851,7001,-0.1428802845481591,-0.018218831373787492,0.3025282102556778,2373,-0.17139288606852487
dn_wick,short,1,0.03606779090114034,0.09242995997713235,7010,-0.1428975153737845,0.012452252794997704,0.30770328102710415,2940,-0.12298092059434111
close_loc,short,6,0.6135384761342937,0.7102093495106755,7010,-0.14290310140071497,0.012446666768067244,0.31041369472182595,2411,-0.11155266987774344
disp96,short,5,0.28394745109736447,1.782062631172364,7002,-0.14291309342539754,0.012436674743384668,0.3176235361325336,2363,-0.10549191806457972
dq,long,1,-0.1404613914766397,-0.09329022382164166,7010,-0.14293905889896394,-0.018277605724592333,0.3074179743223966,2573,-0.14587285001591643
efficiency,long,0,-inf,0.028842594166747393,7010,-0.14294115465478954,-0.018279701480417937,0.31126961483594867,2447,-0.2317839412920737
rpt_rank,long,1,0.09583333333333334,0.19375,6799,-0.14294934094699835,-0.018287887772626743,0.3084277099573467,2549,-0.16552996477189033
disp6,long,2,-1.0204501287476981,-0.611828864999965,7010,-0.1430392238315391,-0.018377770657167503,0.3136947218259629,2528,-0.15660931924732413
disp96,long,5,0.28369781268300276,1.7818412265774781,7001,-0.14305200077909416,-0.018390547604722557,0.3148121696900443,2363,-0.08862485745419546
disp96,long,3,-2.886746014514395,-1.2585041201015825,7001,-0.14307167393763492,-0.01841022076326332,0.3128124553635195,2311,-0.06345793865095593
m1_jump,short,3,0.21072743124465124,0.23365531180158033,7011,-0.14311240881234724,0.012237359356434968,0.3088004564256169,2529,-0.08909680424110192
ats_rank480,short,2,0.18958333333333333,0.2916666666666667,6803,-0.14311770824829814,0.012232059920484067,0.3133911509628105,2592,-0.0506491665690298
ats_rank480,long,2,0.18958333333333333,0.2916666666666667,6803,-0.14317776083857003,-0.018516307664198428,0.3101572835513744,2592,-0.20488168857138017
tbi_z24,short,3,-0.5642546629192553,-0.2811012719439224,7001,-0.1432293188171238,0.012120449351658402,0.30924153692329664,2536,-0.12250495312357507
to_hi480,long,4,8.399274312401852,10.552434846524813,6962,-0.1432623884533989,-0.018600935279027286,0.3078138465958058,2552,-0.0802102709765494
hour,long,4,9.0,11.0,5843,-0.1433174314253558,-0.018655978250984195,0.32466198870443264,2148,-0.19776492115352617
extreme_late,short,3,0.5517241379310345,0.6551724137931034,7077,-0.14334338557440676,0.012006382594375448,0.3107248834251802,2570,-0.14785591685936383
dn_wick,short,8,0.4790714141219674,0.6011195392041508,7010,-0.14337459245776976,0.011975175711012448,0.3091298145506419,2376,-0.11845367317915637
hour,short,9,21.0,inf,8764,-0.14341089926169442,0.011938868907087785,0.3018028297581013,3221,-0.08491780744124404
m1_jump,long,7,0.32556588033451517,0.3806673401992486,7010,-0.14344037433461151,-0.01877892116023991,0.31554921540656206,2826,-0.1852059081486811
range_per_trade,long,4,7.327924665852372e-08,8.095256839769714e-08,7010,-0.143719539711126,-0.019058086536754393,0.31212553495007134,2773,-0.13441185769699912
tbi_ma8,short,4,-0.006513241581263203,-0.002373873810602563,7007,-0.14373456154644987,0.011615206622332341,0.30697873555016414,1854,-0.11567372981443193
since_lo24,long,0,-inf,2.0,5206,-0.14381193991206376,-0.01915048673769215,0.3040722243565117,2326,-0.17876092423778533
to_lo24,long,6,2.754781980885089,3.270931763950074,7008,-0.14383767799950922,-0.019176224825137617,0.3073630136986301,2487,-0.2073196422859317
dq_cum24,short,4,-0.2381988244503812,-0.11574984095477862,7001,-0.1438640045618877,0.011485763606894517,0.310384230824168,2005,-0.07637923118887537
dq_cum24,long,5,-0.11569048637982726,0.009025970530983895,7001,-0.14392268833761837,-0.019261235163246765,0.30695614912155406,2014,-0.21249432778412058
persist6,short,6,0.43210792758020555,0.5238727467881827,7010,-0.14393713245038206,0.01141263571840015,0.3089871611982882,2556,-0.10921126744439244
persist96,short,1,0.01652134008813399,0.03330081045324301,7001,-0.14400710619377327,0.011342661975008939,0.31981145550635626,2382,-0.20603747767849553
vol_per_trade_z,long,5,-0.07105959310092735,0.2037756342011834,6973,-0.14412960243439435,-0.019468149260022743,0.3081887279506669,2688,-0.2018508744490951
rv_vs_range,long,4,0.6159871129219436,0.6585070379267154,7010,-0.1441742122890435,-0.0195127591146719,0.30813124108416545,2455,-0.20656992440784425
pos24,short,0,-inf,0.1723989032134761,7009,-0.14417676460815163,0.011173003560630584,0.30560707661577974,3655,-0.061673768227608554
tbi_z96,short,2,-0.8678692034742537,-0.5506016791305126,6972,-0.14419286326989622,0.011156904898885989,0.3119621342512909,2513,-0.12240650236965704
body_frac,long,2,-0.4936548223350484,-0.3381531383503137,7011,-0.1442362107895333,-0.019574757615161698,0.30979888746255885,2484,-0.14087363788385407
hour,short,7,16.0,19.0,8765,-0.14428214000719589,0.011067628161586324,0.30142612664004564,3222,-0.1326572610553427
minofday,short,5,690.0,840.0,7289,-0.1443715228457709,0.01097824532301131,0.3185622170393744,2681,-0.1733597448939782
ats_z96,long,0,-inf,-1.2866299670480674,6972,-0.14437941389199097,-0.01971796071761936,0.31210556511761334,2082,-0.08839286500558685
to_lo24,short,4,1.9610685795206937,2.3359576284814487,7008,-0.14438089340054122,0.010968874768240988,0.314925799086758,2259,-0.2159873984269066
to_lo96,short,5,5.283027731120015,6.354628416189878,7001,-0.14441691350335137,0.010932854665430841,0.3076703328095986,2449,-0.10896035117649601
sess_us,short,1,1.0,inf,23369,-0.14475228096245793,0.01059748720632428,0.3042064273182421,8590,-0.13811238010120203
m1_jump,short,5,0.25844815745948263,0.28778166677443584,7011,-0.1447554005244926,0.010594367644289615,0.31079731849950076,2654,-0.11702378823129339
tbi_z24,short,6,0.26935348140295284,0.5614723601200201,7001,-0.14484122019264023,0.01050854797614198,0.30924153692329664,2640,-0.14096914389553197
avg_trade_usd,short,6,3991.8992745793353,4293.468130721746,7010,-0.1449543988929628,0.01039536927581941,0.3039942938659059,1832,-0.11383556733355779
rpt_z,short,2,-0.8740312767307316,-0.6010933721015798,6972,-0.14498433087852586,0.010365437290256352,0.30966724039013194,2657,-0.08539359446883507
dq_z96,short,2,-0.8676911521858754,-0.5506388177587309,6972,-0.14505793944716344,0.010291828721618768,0.3118187033849684,2507,-0.12087095752584288
pos96,long,4,0.43273228772309363,0.5244918699186977,7001,-0.14509325102040654,-0.020431797846034938,0.3153835166404799,2157,-0.008589477477687712
to_hi96,short,5,4.657615444967854,5.58931415983305,7001,-0.14528061593347877,0.010069152235303441,0.3118125982002571,2442,-0.2324170758414624
wick_skew,short,4,-0.0935914529914583,-0.010596963526407722,7010,-0.1453146551632089,0.010035113005573304,0.3089871611982882,2585,-0.11187827253017966
efficiency,short,4,0.11576106755459317,0.14731969959677416,7010,-0.14532962946834926,0.010020138700432946,0.3094151212553495,2571,-0.13433954843376533
ats_z96,long,4,-0.3365165216518292,-0.07294035278508373,6972,-0.14539487255200714,-0.020733419377635537,0.3072289156626506,2742,-0.19693001892857956
to_hi480,long,3,6.386933623657673,8.399274312401852,6963,-0.14577195687016042,-0.021110503695788818,0.30690794197903204,2394,-0.15054800098374746
accel,long,3,-0.6436170317740434,-0.31704682071725904,7008,-0.14583153520045353,-0.02117008202608192,0.3120719178082192,2513,-0.1538654003954484
dow,short,1,1.0,2.0,10029,-0.14584456424528988,0.009505203923492328,0.3095024429155449,3648,-0.09051321138290182
pos480,long,3,0.3456407694267008,0.4386957341785593,6963,-0.14607406341373433,-0.021412610239362723,0.3123653597587247,2935,-0.25750161249450293
to_lo24,long,2,1.2474749460420862,1.6063399335747743,7008,-0.14608679130256974,-0.021425338128198135,0.3136415525114155,2304,-0.1356668389099531
disp96,short,4,-1.2571181220362193,0.28394745109736447,7001,-0.14609640053775008,0.009253367631032128,0.3183830881302671,2444,-0.2513167884835831
kyle_z,long,0,-inf,-1.1824576761101857,6972,-0.14625159757227946,-0.02159014439790785,0.32773952954675845,2906,-0.18496794513411288
body_frac,short,0,-inf,-0.6634780850125014,7011,-0.14630026435360494,0.009049503815177273,0.31122521751533305,3118,-0.12191325289542063
to_hi24,long,3,1.4309141258735356,1.775210416014823,7008,-0.14647077596804853,-0.021809322793676922,0.3154965753424658,2339,-0.10979173245542484
persist96,long,3,0.05082114144928992,0.0702036598695273,7001,-0.14652418354337265,-0.02186273036900105,0.3150978431652621,2530,-0.11763882460827804
disp6,long,3,-0.611828864999965,-0.2778548196024162,7010,-0.14665995469660406,-0.021998501522232455,0.3089871611982882,2418,-0.149813039951622
atr_rank,short,1,0.0625,0.16041666666666668,6910,-0.14675157055445492,0.008598197614327285,0.33560057887120115,2180,-0.22605269017349347
close_loc,long,8,0.8037578288099965,0.8973214285714677,7010,-0.14676059105419034,-0.022099137879818737,0.30556348074179746,2609,-0.19239709965997134
tbi_ma24,long,5,-0.0024635100030458504,0.00014095937426770287,7001,-0.14681229880969193,-0.022150845635320326,0.30595629195829166,2013,-0.20628061957991004
body_frac,short,5,0.010125488925048042,0.1874710759739729,7010,-0.14684773208295587,0.008502036085826337,0.30998573466476464,2362,-0.1311706000960765
rpt_rank,short,3,0.29375,0.3958333333333333,6841,-0.14706818469566513,0.008281583473117082,0.3109194562198509,2626,-0.101122386867326
rpt_z,long,4,-0.3467731073614671,-0.09889956548532532,6972,-0.14708823354146963,-0.022426780367098026,0.3085197934595525,2527,-0.13237793286851976
tbi_z24,short,1,-1.3041286084671424,-0.8883143465935327,7001,-0.147118700518488,0.008231067650294216,0.30924153692329664,2502,-0.09515027175827591
since_lo96,long,4,44.0,57.0,6827,-0.14712679457624536,-0.022465341401873756,0.31082466676431814,2405,-0.21001320392987022
hi_pos,long,5,0.41379310344827586,0.5517241379310345,6345,-0.14715062896594247,-0.022489175791570865,0.3098502758077226,2209,-0.21156025689449448
atr_pct,long,2,0.0036167427660519142,0.004330533027851432,7011,-0.14731964254048976,-0.02265818936611816,0.3204963628583654,4105,-0.16458421081354974
ats_rank480,short,0,-inf,0.08958333333333333,6695,-0.14736463260747215,0.007985135561310058,0.3157580283793876,2511,-0.13692923014681233
to_hi480,long,7,15.766571350488038,19.53166700601805,6962,-0.14744637568665275,-0.022784922512281147,0.30623384085033034,2865,-0.2526465797191817
lo_pos,short,8,0.8275862068965517,0.9655172413793104,8097,-0.14752362885728185,0.007826139311500363,0.3109793750771891,3040,-0.12373927439930817
dn_wick,long,8,0.4790343074968041,0.601123595505618,7010,-0.147695528269224,-0.02303407509485239,0.3078459343794579,2375,-0.1572903752262691
vol_of_vol,short,0,-inf,-1.017823086353161,6961,-0.14782787762729305,0.007521890541489162,0.3450653641718144,3585,-0.1653430189486622
persist24,short,3,0.09377377372889803,0.1285591461607456,7008,-0.14789436247737048,0.007455405691411732,0.3142123287671233,2411,-0.12929913424549738
up_wick,short,6,0.30441788154176747,0.37548202662799796,7010,-0.14794954465612697,0.007400223512655235,0.3068473609129815,2457,-0.1211850709845485
since_hi24,short,6,17.0,20.0,7279,-0.14797934863674117,0.007370419532041039,0.31391674680587994,2580,-0.11594810169726255
since_lo24,long,3,8.0,11.0,6293,-0.14802222391281414,-0.023360770738442532,0.304624185603051,2282,-0.14451952602972126
to_lo480,short,6,15.487395565322796,18.514383224630805,6962,-0.1481437117462989,0.007206056422483315,0.31025567365699513,2691,-0.058458647717578874
persist6,short,2,0.13349251893998323,0.2030954037666683,7011,-0.14845066156282521,0.006899106605956995,0.3115104835258879,2500,-0.11444446564463204
avg_trade_usd,short,2,2796.2984917687577,3100.8407320385477,7010,-0.14846492287435106,0.006884845294431147,0.31383737517831667,2085,-0.13719666387556786
hour,short,5,11.0,14.0,8750,-0.14858916909362532,0.006760599075156887,0.3176,3218,-0.17021777934285084
kyle_z,long,7,0.38130548881432297,0.748351716644278,6971,-0.148650126613147,-0.023988673438775393,0.29923970735905897,2629,-0.17337482186651398
kyle_z,short,5,-0.15175486711035427,0.09560113357444883,6972,-0.14872550074966437,0.006624267419117841,0.3072289156626506,2407,-0.16526020590718876
range_z,long,1,-0.9086559029145976,-0.7275191793856693,6972,-0.14878403937255535,-0.02412258619818375,0.31942053930005737,2781,-0.20014083516701545
pos24,short,9,0.8624913823581409,inf,7009,-0.1487863149290209,0.006563453239761319,0.29947210729062634,3177,-0.07552578978003932
lo_pos,short,6,0.5517241379310345,0.6896551724137931,6965,-0.14882855095649594,0.006521217212286268,0.3089734386216798,2499,-0.14299849498662906
vol_per_trade_z,short,6,0.20362044891738906,0.5125134981846318,6972,-0.14886245178522714,0.0064873163835550696,0.3065117613310384,2503,-0.18561114392017047
range_per_trade,short,4,7.327961825772123e-08,8.09535947250633e-08,7010,-0.14892878070031715,0.006420987468465061,0.31198288159771753,2774,-0.18071738026918868
range_z,short,4,-0.4371677505533728,-0.2810767278968588,6972,-0.1490474714294763,0.006302296739305907,0.3093803786574871,2344,-0.1467254530446076
to_lo24,short,0,-inf,0.834220835915628,7009,-0.14915226439702273,0.006197503771759483,0.312740761877586,3604,-0.07032234841816712
close_loc,short,4,0.40992259394560404,0.5115704067470802,7010,-0.14919219683715576,0.006157571331626449,0.3074179743223966,2328,-0.07058805867874521
wick_skew,short,7,0.16022017232303404,0.27263962765153843,7010,-0.14929635980279962,0.006053408365982588,0.3067047075606277,2521,-0.09287683936484517
dq_z96,long,2,-0.867470165568476,-0.5504626332289826,6973,-0.14929703629952135,-0.02463558312514974,0.3070414455757923,2507,-0.12016032303347621
kyle_z,long,3,-0.6128981018997668,-0.3836647038371369,6971,-0.14931191297013435,-0.024650459795762747,0.31114617701907904,2343,-0.18216562717032272
rpt_rank,long,2,0.19375,0.29375,6784,-0.14940625786512202,-0.02474480469075041,0.30571933962264153,2618,-0.18370218335920305
tbi_z96,long,2,-0.8675194524141483,-0.5503161626574193,6973,-0.1495425854272756,-0.024881132252904004,0.306898035278933,2515,-0.11667100574144473
extreme_late,short,1,0.2413793103448276,0.41379310344827586,6830,-0.14954905821911021,0.005800709949671995,0.3076134699853587,2453,-0.14841863682743647
persist96,short,3,0.05082126244299485,0.07020168581643926,7001,-0.14955894329895858,0.00579082486982363,0.3115269247250393,2529,-0.2118689266444631
tbi_z8,short,9,1.3357022963874279,inf,7008,-0.1495699545627552,0.005779813606027001,0.3067922374429224,2611,-0.09458667827175668
minofday,long,4,570.0,690.0,5843,-0.14961245703991413,-0.024951003865542526,0.32260824918706144,2148,-0.20218206050910034
disp24,short,6,0.7049688664943048,1.4483165675378298,7008,-0.14967697006742248,0.005672798101359733,0.314925799086758,2389,-0.1626672989191842
pos96,long,3,0.34188376068376136,0.43273228772309363,7001,-0.14969332276062264,-0.025031869586251032,0.30467076131981147,2336,-0.16843157515143206
m1_jump,short,7,0.3255610048883343,0.3806932172679314,7010,-0.14974793968064068,0.00560182848814153,0.3139800285306705,2826,-0.14553111953930026
tbi_z24,short,4,-0.2811012719439224,-0.00233725993954334,7001,-0.14974815041979803,0.005601617748984183,0.30924153692329664,2728,-0.12662652788780165
atr_rank,short,5,0.46875,0.5729166666666666,6996,-0.1498494969254353,0.005500271243346899,0.3078902229845626,2546,-0.15045966940379055
close_loc,short,3,0.3111148318283429,0.40992259394560404,7010,-0.14997272472461032,0.005377043444171892,0.30984308131241084,2438,-0.16549152949223117
dn_wick,long,4,0.2007478382799611,0.25747282608696515,7010,-0.14999469339960134,-0.02533324022522973,0.30313837375178315,2407,-0.16234250962158217
kyle,long,2,2.3405641477592292e-07,2.6509674186125357e-07,7010,-0.15004280691816857,-0.025381353743796964,0.31611982881597717,3220,-0.13875568959218068
atr_rank,short,2,0.16041666666666668,0.2625,7079,-0.15005062428120908,0.005299143887573132,0.3261760135612375,3006,-0.1472991001493647
since_lo96,long,6,69.0,80.0,7053,-0.15015252441084967,-0.025491071236478063,0.318446051325677,2511,-0.1519743776626511
absorb,short,7,0.06901495413682487,0.11837109890353938,7007,-0.150490214046137,0.0048595541226452155,0.3086913086913087,2286,-0.16508245380164513
tbi_ma8,long,2,-0.01636052742840242,-0.0109846026815819,7007,-0.15061632421234145,-0.02595487103796984,0.3026973026973027,2145,-0.16121410876952513
up_wick,short,7,0.37548202662799796,0.4602935542088013,7010,-0.15062262094993945,0.004727147218842764,0.3068473609129815,2377,-0.15184037174767662
accel,short,6,0.30893579804047,0.6412445418911535,7008,-0.1508409499144242,0.004508818254358005,0.3103595890410959,2382,-0.14002058531072198
persist24,short,6,0.2088272639959751,0.26119907247598156,7008,-0.15084916018144867,0.004500607987333538,0.3075057077625571,2863,-0.1341076953357465
disp6,short,7,0.6555122217093837,1.0621374729358888,7009,-0.15087290386390753,0.004476864304874678,0.3096019403623912,2491,-0.12919968280771474
efficiency,long,1,0.028842594166747393,0.05736921754129733,7010,-0.15089983801937373,-0.026238384845002127,0.3051355206847361,2410,-0.1437669291907441
tbi_ma96,short,5,-0.002632675107768119,-0.0009728938650727766,6972,-0.15101428837183642,0.00433547979694579,0.30694205393000573,2112,-0.11620436095948548
updn_ratio,short,4,0.4666666666666667,0.5,9801,-0.1511374716327106,0.004212296536071608,0.30456075910621366,3384,-0.0814943495382327
disp6,long,5,0.027698609076392166,0.32435453067081116,7010,-0.15116388629507901,-0.026502433120707408,0.30970042796005703,2306,-0.22373040539576236
hour,long,5,11.0,14.0,8752,-0.15121744188513836,-0.026555988710766754,0.3194698354661792,3219,-0.23110331942229728
close_loc,short,0,-inf,0.11584635120651422,7011,-0.15128635792565673,0.0040634102431254815,0.30922835544144917,3206,-0.11171175584534011
persist6,long,0,-inf,0.0664333122974237,7010,-0.15130087751123616,-0.02663942433686456,0.30713266761768904,2488,-0.1693003249381794
m1_jump,long,9,0.48567493312078924,inf,7011,-0.15137956155956997,-0.026718108385198364,0.3096562544572814,2843,-0.15463422736316673
tbi_ma24,short,5,-0.0024636138324612344,0.00013981105292085798,7001,-0.15139800709478732,0.003951761073994892,0.30695614912155406,2013,-0.08732501033327005
absorb,short,2,-0.1440262142558885,-0.08468105040116557,7007,-0.15146822353222184,0.0038815446365603745,0.3092621664050236,2522,-0.08980901823347343
to_lo480,long,6,15.486662335294291,18.513918229747503,6963,-0.15154005583162605,-0.026878602657254447,0.30647709320695105,2693,-0.20228833141357286
close_loc,short,7,0.7102093495106755,0.8037257013686886,7010,-0.1515627249151012,0.0037870432536810106,0.30699001426533523,2454,-0.11360252913873935
accel,long,5,-0.00417576973851215,0.30910620800993516,7008,-0.15164267803092746,-0.026981224856555852,0.3099315068493151,2394,-0.15685495608194558
dq_cum24,short,5,-0.11574984095477862,0.00901688314753339,7001,-0.15166019408054862,0.003689574088233588,0.3063848021711184,2016,-0.08130927151610827
range_rank,long,4,0.3875,0.49166666666666664,6884,-0.1517162602697118,-0.027054807095340194,0.310575246949448,2570,-0.12672411861937047
sess_asia,short,0,-inf,1.0,46733,-0.1517264755619263,0.003623292606855899,0.3065071790811632,17179,-0.1293373215373634
extreme_late,short,6,0.8275862068965517,0.896551724137931,6746,-0.1517398233543457,0.003609944814436522,0.3072932107915802,2533,-0.11959166588957884
pos480,short,5,0.534812111320613,0.6356571302687641,6963,-0.15181226163533595,0.003537506533446255,0.305184546890708,2459,-0.2866844801333634
minofday,long,5,690.0,840.0,7291,-0.1519872445791602,-0.027325791404788607,0.31874914277876837,2682,-0.23322711157946113
since_lo480,short,4,227.0,292.0,6991,-0.15202105402345933,0.0033287141453228752,0.3242740666571306,2309,-0.3518617290296372
lo_pos,long,7,0.6896551724137931,0.8275862068965517,6894,-0.15206117612333445,-0.02739972294896284,0.3059181897302002,2567,-0.15956393224416712
hi_pos,short,4,0.2413793103448276,0.41379310344827586,8010,-0.15220502690316023,0.0031447412656219753,0.30586766541822724,3125,-0.10288631592065144
rv_vs_range,short,8,0.8197825096963632,0.9155883827739562,7010,-0.15221034008437337,0.0031394280844088407,0.31112696148359487,2907,-0.1830255603662774
wick_skew,short,2,-0.29925298018196916,-0.18475980705538037,7010,-0.1522116298841921,0.003138138284590114,0.30713266761768904,2558,-0.16821455537492863
rv_vs_range,long,8,0.8197939883831327,0.9156110047714138,7010,-0.15249251936176866,-0.027831066187397058,0.30813124108416545,2906,-0.1590961565722329
tbi_z24,short,5,-0.00233725993954334,0.26935348140295284,7001,-0.15252737633366625,0.002822391835115956,0.3076703328095986,2512,-0.11017782366577211
tbi_z24,long,2,-0.8878795511811343,-0.5640325113675876,7001,-0.1526197307075393,-0.02795827753316768,0.30695614912155406,2553,-0.11519905001145174
up_wick,long,3,0.13639256405962577,0.1881149153876606,7009,-0.15263897447714248,-0.02797752130277087,0.3040376658581823,2456,-0.18768002343823098
lo_pos,long,5,0.41379310344827586,0.5517241379310345,6090,-0.15268394948613745,-0.028022496311765843,0.30738916256157633,2121,-0.1812905317240942
updn_ratio,short,7,0.5666666666666667,0.6,7762,-0.15270001391780988,0.0026497542509723304,0.306364339087864,2842,-0.12905842498374062
absorb,short,6,0.0325545031718542,0.06901495413682487,7007,-0.152769125417507,0.002580642751275203,0.299557585271871,2037,-0.12097729518030523
since_hi24,short,7,20.0,22.0,5580,-0.15282426170758523,0.00252550646119698,0.3089605734767025,2045,-0.0901440658798767
range_z,short,6,-0.09161435906554186,0.16031112299196057,6972,-0.15283925534596057,0.0025105128228216367,0.29948364888123924,2386,-0.061998988703323266
absorb,long,2,-0.14398550840868646,-0.08464583174703036,7007,-0.15288170118262287,-0.028220248008251264,0.3088340231197374,2523,-0.16030342037670547
to_lo96,long,6,6.354808314079107,7.601158910108381,7002,-0.15294525314598353,-0.028283799971611928,0.30876892316481,2651,-0.22940128738532733
rv_vs_range,short,7,0.7548672932279864,0.8197825096963632,7010,-0.15300478179595844,0.002344986372823765,0.30841654778887306,2661,-0.08202462423647357
disp96,short,2,-4.782905394028526,-2.886524516221138,7001,-0.15321451501965389,0.0021352531491283244,0.302099700042851,2356,-0.09257074242613261
sess_eu,short,0,-inf,1.0,46747,-0.15322418706652596,0.0021255811022562465,0.30265043746122744,17183,-0.11038194243094385
kyle,long,1,1.962601883026961e-07,2.3405641477592292e-07,7010,-0.1532921532953517,-0.028630700120980096,0.3248216833095578,4207,-0.18363367414536558
flow_eff,short,4,0.02399549321848785,0.0382646574927487,7010,-0.15329329245956896,0.0020564757092132457,0.3146932952924394,3062,-0.1110502352733259
disp96,short,7,3.5341672034712324,5.63648055537796,7000,-0.15330616017713672,0.002043607991645491,0.307,2585,-0.09230716646370134
hi_pos,short,1,0.0,0.034482758620689655,10517,-0.1534653342069438,0.0018844339618384054,0.30902348578491967,3898,-0.11813100400361555
body_frac,short,2,-0.4936914705511111,-0.3382767783884331,7010,-0.15352051029266697,0.0018292578761152367,0.30656205420827387,2482,-0.09387142328838072
since_lo96,long,7,80.0,88.0,6406,-0.15370218274312797,-0.029040729568756363,0.3189197627224477,2247,-0.23610510599233955
efficiency,short,3,0.08622334110122742,0.11576106755459317,7010,-0.15379576720152768,0.0015540009672545263,0.30613409415121257,2447,-0.11526276269162483
disp6,long,4,-0.2778548196024162,0.027698609076392166,7010,-0.15398383001358676,-0.029322376839215153,0.30770328102710415,2335,-0.1457242261924192
persist96,short,8,0.18013714934885988,0.23470131847869954,7001,-0.154138969376889,0.0012107987918932028,0.29610055706327665,2844,-0.03924932258158869
atr_rank,long,6,0.5729166666666666,0.6854166666666667,6975,-0.15423603491494053,-0.029574581740568928,0.2989247311827957,2601,-0.20758906588654347
pos96,long,8,0.7953534552999353,0.8734321617906929,7001,-0.15429310063193,-0.02963164745755839,0.30567061848307386,2573,-0.14660274274913454
ats_rank480,long,0,-inf,0.08958333333333333,6696,-0.15443688522892415,-0.029775432054552547,0.3161589008363202,2511,-0.1485333554635074
efficiency,short,7,0.22156399301680033,0.2708012235125748,7010,-0.15445415300661572,0.000895615162166491,0.30542082738944365,2641,-0.1248539668301119
range_rank,short,5,0.49166666666666664,0.5958333333333333,6864,-0.15446320903960864,0.0008865591291735697,0.30463286713286714,2588,-0.09647438680014583
tbi_ma24,short,8,0.006205766286501524,0.010736260126777898,7001,-0.1544726073359863,0.0008771608327959035,0.3062419654335095,2376,-0.16415241467325417
lo_pos,long,6,0.5517241379310345,0.6896551724137931,6967,-0.15448487134678973,-0.029823418172418126,0.30902827615903544,2497,-0.1727450756281661
to_hi24,short,6,2.5449875409842826,3.0261900739262813,7009,-0.1544922772665344,0.0008574909022478205,0.31088600370951636,2371,-0.12171254743957546
range_per_trade,short,5,8.09535947250633e-08,8.941026390796465e-08,7010,-0.15454669218699318,0.0008030759817890254,0.3074179743223966,2254,-0.20402950392446104
tbi_z24,short,2,-0.8883143465935327,-0.5642546629192553,7001,-0.15470481771823905,0.0006449504505431636,0.3096700471361234,2555,-0.13211930063786884
vol_of_vol,short,7,0.22444509608981822,0.6200544257716684,6961,-0.1547255194843947,0.0006242486843875128,0.29909495762103144,2375,-0.11679790088281385
accel,short,4,-0.31711353781597723,-0.004202098916441695,7008,-0.15475895450673674,0.0005908136620454696,0.3140696347031963,2405,-0.1566652175428063
tbi_ma24,long,7,0.002934297460657547,0.006205914663086017,7001,-0.15491920883316815,-0.030257755658796542,0.3055277817454649,2129,-0.10477506319313952
absorb_z,short,8,0.23358511081321504,0.4278205393113164,6710,-0.1549291903521393,0.0004205778166428975,0.30730253353204173,2120,-0.17022612273556828
up_wick,short,0,-inf,0.03315635658348469,7011,-0.1550377964941653,0.0003119716746169121,0.31550420767365567,3150,-0.12537974279625763
dn_wick,short,2,0.09242995997713235,0.14631723739987382,7010,-0.15527650756469852,7.32606040836914e-05,0.3022824536376605,2645,-0.08585384728005456
dq_cum24,short,8,0.29988828797661865,0.5179445989498681,7001,-0.1553022070360282,4.7561132754003754e-05,0.30581345522068276,2388,-0.1656217334441427
since_lo96,long,8,88.0,94.0,6784,-0.15534180697769231,-0.03068035380332071,0.31087853773584906,2416,-0.1492444691951297
atr_rank,short,4,0.3645833333333333,0.46875,6986,-0.15567094867684594,-0.0003211805080637342,0.31520183223590037,2414,-0.16334044145303786
lo_pos,short,7,0.6896551724137931,0.8275862068965517,6894,-0.15578597319477933,-0.0004362050259971162,0.3093994778067885,2567,-0.08733553081073059
since_hi96,long,8,87.0,94.0,6898,-0.15592193229644444,-0.03126047912207283,0.31066975935053637,2791,-0.23768257971226184
ats_rank480,short,7,0.7104166666666667,0.8125,6813,-0.1559689821826289,-0.0006192140138466806,0.302656685747835,2601,-0.14036728824709196
since_hi24,long,2,4.0,7.0,7320,-0.15610897956817027,-0.031447526393798664,0.3012295081967213,2692,-0.16406706328797496
dn_wick,short,7,0.39196188803068244,0.4790714141219674,7010,-0.15623954224271555,-0.0008897740739333415,0.30841654778887306,2415,-0.1065914355921706
body_frac,short,9,0.6707669608815874,inf,7011,-0.1564404627461813,-0.001090694577399104,0.30380830124090713,2946,-0.1474606267943223
since_lo96,short,6,69.0,80.0,7052,-0.1564749036784486,-0.0011251355096663918,0.31863301191151444,2511,-0.13237220221265786
persist6,short,8,0.6324438471806613,0.7762562196746368,7010,-0.15648525272425015,-0.0011354845554679416,0.30370898716119826,2645,-0.1482491627653789
range_z,long,3,-0.581730225033241,-0.4372149805946739,6972,-0.15680309667549522,-0.03214164350112361,0.3111015490533563,2208,-0.1967074917442589
since_hi480,short,7,374.0,428.0,6998,-0.15690913214664434,-0.0015593639778621327,0.31180337239211203,2561,-0.10519618589387347
accel,short,5,-0.004202098916441695,0.30893579804047,7009,-0.15700491322280535,-0.0016551450540231438,0.30860322442573834,2393,-0.10851594476020032
trade_intensity,short,5,0.7728904051193974,0.8997073168931433,7001,-0.15708745409379135,-0.0017376859250091414,0.3035280674189402,2154,-0.09045885034286485
efficiency,short,8,0.2708012235125748,0.3442502752936495,7010,-0.15712883747399645,-0.001779069305214237,0.30542082738944365,2808,-0.1250963284632806
avg_trade_usd,short,5,3697.882566069875,3991.8992745793353,7010,-0.15736127981294332,-0.002011511644161107,0.3039942938659059,1760,-0.1144228176653501
atr_rank,short,3,0.2625,0.3645833333333333,6866,-0.1575363654867964,-0.002186597318014183,0.3175065540343723,2680,-0.08559410011419975
range_per_trade,short,0,-inf,4.9241528287656465e-08,7011,-0.1575378036823485,-0.0021880355135662777,0.3137926116103266,5313,-0.06576758603986357
since_lo96,short,8,88.0,94.0,6786,-0.1576449288610633,-0.002295160692281084,0.3116710875331565,2417,-0.2130921227254283
updn_ratio,short,2,0.43333333333333335,0.4642857142857143,8202,-0.15765978990190008,-0.0023100217331178674,0.3034625701048525,2850,-0.13439441606994745
pos96,long,0,-inf,0.16423431640823044,7001,-0.15767470880850673,-0.033013255634135125,0.2921011284102271,3450,-0.15683311373879458
persist24,short,0,-inf,0.030520239037281544,7009,-0.15769814475348667,-0.0023483765847044646,0.31673562562419744,2390,-0.2340851083118619
range_rank,long,1,0.08541666666666667,0.18541666666666667,6786,-0.1579523883113303,-0.03329093513695869,0.3239021514883584,2611,-0.26633116411198227
dq_cum24,long,7,0.14307772350263112,0.2999153767031028,7001,-0.15796589814289788,-0.033304444968526276,0.30452792458220257,2125,-0.11298712965572114
persist96,short,9,0.23470131847869954,inf,7002,-0.15796900416333476,-0.002619235994552549,0.28848900314195947,2276,-0.04541652862859355
gap,long,0,-inf,-0.0007584741013234775,7011,-0.15800977701848415,-0.03334832384411254,0.31750106974753955,240,-0.13143330971495937
gap,short,5,0.0007853822511565405,inf,7011,-0.1580881810330417,-0.002738412864259493,0.31650263871059764,252,-0.36437391293439286
range_z,long,2,-0.7275191793856693,-0.581730225033241,6972,-0.15815493211432066,-0.033493478939949056,0.31554790590935167,2508,-0.22960002152822925
to_hi24,short,5,2.143253376706536,2.5449875409842826,7008,-0.15819915098133072,-0.002849382812548512,0.3113584474885845,2217,-0.11286026098887543
to_lo24,short,3,1.6061647656927354,1.9610685795206937,7009,-0.1582434101574229,-0.0028936419886406994,0.31117135111998856,2188,-0.16530737120040223
ats_z96,long,5,-0.07294035278508373,0.2047746619196322,6973,-0.1585548004170541,-0.0338933472426825,0.3044600602323247,2693,-0.2047882531243022
hi_pos,long,3,0.13793103448275862,0.2413793103448276,6399,-0.15858182929660578,-0.03392037612223417,0.30473511486169713,2415,-0.16423217395394388
flow_div,short,0,-inf,0.0,56699,-0.1586009476416623,-0.003251179472880089,0.3054198486745798,19837,-0.11644390743497303
persist96,long,1,0.016531399501525317,0.033301182449865824,7001,-0.1586749100660765,-0.0340134568917049,0.3138123125267819,2379,-0.11286513501224946
disp24,short,7,1.4483165675378298,2.371532267853731,7008,-0.15872507492560273,-0.0033753067568205175,0.3055079908675799,2582,-0.1302376437097882
body_frac,short,8,0.5027741563812268,0.6707669608815874,7010,-0.1587454300460539,-0.003395661877271694,0.30527817403708984,2694,-0.1686410696498595
kyle_z,short,4,-0.3834696913264068,-0.15175486711035427,6972,-0.1588503310301152,-0.0035005628613329898,0.30522088353413657,2414,-0.09999078289591518
tbi_ma8,long,5,-0.0023712842829451686,0.001788831784232153,7008,-0.15892133472380238,-0.03425988154943077,0.3015125570776256,1842,-0.09759775327629992
lo_pos,short,3,0.13793103448275862,0.2413793103448276,6605,-0.1589508643248687,-0.003601096156086503,0.30461771385314157,2365,-0.07997214434434322
persist24,long,9,0.42381070409937327,inf,7009,-0.15899711601262453,-0.03433566283825293,0.2856327578827222,2559,-0.20882187926421406
up_wick,long,0,-inf,0.03316812809759886,7010,-0.15912034753776733,-0.03445889436339572,0.3067047075606277,3149,-0.1897650547879145
rpt_rank,short,6,0.5979166666666667,0.6979166666666666,6748,-0.15914274345439608,-0.00379297528561387,0.30601659751037347,2601,-0.17003072986277853
absorb_z,short,3,-0.10517553354021597,-0.039369309105774894,6709,-0.15915226598078458,-0.00380249781200237,0.30228051870621553,2852,-0.1225669755355486
body_frac,short,3,-0.3382767783884331,-0.17467630592321487,7010,-0.15928867772651487,-0.003938909557732656,0.3044222539229672,2286,-0.11408603744808331
rv_vs_range,short,0,-inf,0.4707106723702154,7011,-0.15935523505082339,-0.004005466882041175,0.30124090714591356,2286,-0.16488619712983446
hi_pos,short,8,0.8275862068965517,0.9655172413793104,8063,-0.1594425958020007,-0.004092827633218499,0.3033610318739923,3214,-0.11523274198418566
tbi_ma96,short,7,0.0008855309147854511,0.0029881265302986603,6972,-0.15946446802306696,-0.0041146998542847535,0.3046471600688468,2293,-0.163080921531622
tbi_ma8,short,7,0.006240196583773283,0.01165652420783523,7007,-0.15948777810452378,-0.004138009935741566,0.3029827315541601,2076,-0.11749911778742
sess_eu,short,1,1.0,inf,23360,-0.15960338716652078,-0.004253618997738573,0.3141267123287671,8588,-0.15302884216892873
disp6,short,9,1.70444825166044,inf,7011,-0.15964790127382147,-0.004298133105039265,0.29496505491370706,2792,-0.12966488480906696
since_lo24,short,4,11.0,15.0,8548,-0.15974180097303528,-0.004392032804253071,0.30521759475900795,2974,-0.08005749997158576
up_wick,short,4,0.18810049099895554,0.243598249757428,7010,-0.15989820095839422,-0.004548432789612006,0.3035663338088445,2454,-0.127338465458222
rpt_rank,short,8,0.8020833333333334,0.9020833333333333,6718,-0.15998098592276705,-0.00463121775398484,0.3050014885382554,2559,-0.15440300631934267
persist6,short,4,0.2748453772091131,0.3489694870638869,7010,-0.1601405676877969,-0.004790799519014677,0.3072753209700428,2544,-0.12077815641744483
trade_intensity,long,3,0.5837696628428316,0.6707016552471872,7001,-0.16017921834125295,-0.03551776516688135,0.305384945007856,2167,-0.19195822349338157
flow_eff,long,2,0.001567182311954855,0.012872708050053569,7010,-0.16030993486088155,-0.03564848168650994,0.3360912981455064,4005,-0.1772097764485523
disp24,long,6,0.7055710615039071,1.4485289161265813,7008,-0.16053619394706867,-0.03587474077269706,0.3106449771689498,2389,-0.15386318493160486
tbi_ma96,long,3,-0.005780003030646423,-0.004136906041481914,6971,-0.16056412625567637,-0.035902673081304765,0.30239563907617273,2034,-0.230522167163816
sess_us,short,0,-inf,1.0,46738,-0.16064851177194436,-0.005298743603162154,0.30760837006290387,17181,-0.11783477494140869
since_hi24,short,8,22.0,24.0,7356,-0.16068291586847408,-0.00533314769969187,0.3066884176182708,2734,-0.06318479283682102
flow_eff,long,3,0.012872708050053569,0.023996722915488263,7010,-0.16078706498831155,-0.036125611813939945,0.31982881597717544,3528,-0.18927147893964097
kyle,short,2,2.340582813504951e-07,2.65111914602005e-07,7010,-0.1608424697435317,-0.005492701574749487,0.3166904422253923,3217,-0.1277175186227445
atr_rank,long,2,0.16041666666666668,0.2625,7073,-0.16090211100116997,-0.03624065782679836,0.32645270747914606,3004,-0.20829034384141842
close_loc,short,5,0.5115704067470802,0.6135384761342937,7010,-0.16092696258085326,-0.0055771944120710515,0.30385164051355207,2439,-0.14340621353323618
lo_pos,short,2,0.06896551724137931,0.13793103448275862,5918,-0.16101671524583605,-0.005666947077053841,0.3044947617438324,2115,-0.06547363402229936
persist6,short,0,-inf,0.06644541497130464,7010,-0.1612845300074917,-0.005934761838709501,0.30756062767475034,2488,-0.13422121884162427
tbi_z8,long,3,-0.6058448194599456,-0.30011726279798967,7007,-0.16135704711968335,-0.036695593945311744,0.30226915941201654,2570,-0.12753820643819344
gap,short,3,0.0,0.00020247672357048984,37837,-0.16142639203436154,-0.006076623865579334,0.3049131802204192,14715,-0.11561622754837976
trade_intensity,short,4,0.6707057926394686,0.7728904051193974,7001,-0.16160852133237807,-0.006258753163595865,0.3035280674189402,2203,-0.08216212158381682
vol_of_vol,short,4,-0.45691738769232265,-0.2698770576048081,6960,-0.16164193090413143,-0.006292162735349216,0.3057471264367816,2160,-0.13548146470318695
tbi_z96,short,4,-0.2723240479083359,-0.004774805555106998,6972,-0.16166730004068264,-0.006317531871900428,0.30220883534136544,2713,-0.12581455723467228
dq_z96,short,4,-0.27200344849617003,-0.004370264907581327,6972,-0.16168749935557494,-0.006337731186792733,0.30220883534136544,2710,-0.12235975295000781
tbi_ma8,short,0,-inf,-0.02393401659522876,7008,-0.16171237055446486,-0.0063626023856826475,0.3154965753424658,4838,-0.12383888601657002
close_loc,short,9,0.8972679875331909,inf,7011,-0.1618138380534649,-0.006464069884682677,0.30780202538867496,2841,-0.16723724089806882
range_per_trade,long,0,-inf,4.924133799003451e-08,7010,-0.16185193025452632,-0.037190477080154716,0.31055634807417976,5313,-0.19466771810233827
body_frac,short,1,-0.6634780850125014,-0.4936914705511111,7010,-0.16188655628164317,-0.006536788112860958,0.3044222539229672,2663,-0.10279053485183028
disp6,short,1,-1.6558596751517463,-1.0207092317482465,7010,-0.1618893381816994,-0.00653957001291719,0.3049928673323823,2695,-0.1049499733984823
since_hi24,short,2,4.0,7.0,7320,-0.16193506642486166,-0.006585298256079453,0.30204918032786887,2693,-0.1454346617958568
absorb,long,3,-0.08464583174703036,-0.045843329864869095,7007,-0.1621635855292433,-0.03750213235487168,0.2962751534180106,2142,-0.1602499441915274
rpt_z,short,8,0.8265126556872299,1.366285278251511,6972,-0.1623225946673813,-0.006972826498599094,0.3045037292025244,2593,-0.10134687225961894
to_lo480,long,5,12.915478243434892,15.486662335294291,6963,-0.16258418761473573,-0.03792273444036412,0.30173775671406006,2546,-0.1927145881702555
sess_asia,short,1,1.0,inf,23374,-0.1625940281754647,-0.00724426000668249,0.30640883032429195,8592,-0.11510926055019807
up_wick,short,5,0.243598249757428,0.30441788154176747,7010,-0.16262400832113083,-0.007274240152348621,0.3014265335235378,2458,-0.08826229027086722
pos96,short,2,0.25182578207007456,0.3418856238947587,7001,-0.16270303973039205,-0.0073532715616098365,0.30881302671046995,2574,-0.07811484297529048
body_frac,short,4,-0.17467630592321487,0.010125488925048042,7010,-0.16275748237857177,-0.0074077142097895565,0.30656205420827387,2301,-0.1518716948966788
wick_skew,long,1,-0.4574087329992922,-0.29924812030074643,7010,-0.16299007758415202,-0.03832862440978041,0.3022824536376605,2433,-0.14768841225395726
trade_intensity,long,2,0.49820535431569557,0.5837696628428316,7001,-0.1630478629437885,-0.0383864097694169,0.30795600628481645,2406,-0.19322779175018961
pos480,short,3,0.34562888856192653,0.43869004178227816,6962,-0.16309969524144302,-0.007749927072660812,0.30451019821890263,2935,-0.09447793109951236
tbi_z24,short,7,0.5614723601200201,0.8885450417827109,7001,-0.16316371388143563,-0.007813945712653425,0.3029567204685045,2528,-0.159917655885542
pos24,short,5,0.5211850733168101,0.6071428571428595,7008,-0.16344208414256503,-0.008092315973782821,0.3066495433789954,2233,-0.13454571618538919
hi_pos,short,5,0.41379310344827586,0.5517241379310345,6347,-0.16347019893865397,-0.008120430769871761,0.3073893177879313,2210,-0.10802335599164739
persist6,short,7,0.5238727467881827,0.6324438471806613,7009,-0.16352725912373503,-0.00817749095495282,0.3014695391639321,2543,-0.10575989161712329
hi_pos,short,2,0.034482758620689655,0.13793103448275862,9443,-0.1635504511901213,-0.008200683021339084,0.3007518796992481,3277,-0.15173128175535172
trade_intensity,short,3,0.5837531206781277,0.6707057926394686,7001,-0.16365721264078276,-0.008307444472000547,0.305384945007856,2169,-0.0756478070661843
dq_z96,short,9,1.3048532283938175,inf,6973,-0.16371193999282066,-0.00836217182403845,0.3048902911229026,2581,-0.13053886858653468
up_wick,short,1,0.03315635658348469,0.08487390463969718,7010,-0.16377546789194744,-0.00842569972316523,0.3039942938659059,2642,-0.13487513338539642
wick_skew,short,8,0.27263962765153843,0.4301570821866177,7010,-0.16380167083350647,-0.008451902664724259,0.30527817403708984,2661,-0.16365534155464107
hour,short,1,2.0,4.0,5844,-0.16383695188096203,-0.008487183712179824,0.304757015742642,2148,-0.10294203451887253
wick_skew,short,5,-0.010596963526407722,0.06930921817632577,7010,-0.16413658249052454,-0.008786814321742331,0.30042796005706135,2674,-0.13237247372899516
dn_wick,short,5,0.2574677563270567,0.32078161852463866,7010,-0.164232874072975,-0.008883105904192778,0.3028530670470756,2434,-0.1143862795865486
trade_intensity,short,2,0.4981836335737551,0.5837531206781277,7001,-0.16426452152536988,-0.008914753356587674,0.30781316954720755,2406,-0.14436705993820922
to_hi480,short,2,4.42670312779815,6.387044404857702,6963,-0.1642928891834282,-0.008943121014645977,0.3001579778830964,2468,-0.10358375696671128
tbi_z8,short,8,0.9310058429929171,1.3357022963874279,7007,-0.1644110208064715,-0.009061252637689282,0.3028400171257314,2632,-0.13263544921497897
extreme_late,short,0,-inf,0.2413793103448276,6827,-0.1644379795245452,-0.009088211355762987,0.30379376007030906,2390,-0.12091215161713552
since_hi96,long,1,6.0,14.0,6442,-0.16446119912464274,-0.03979974595027114,0.2888854393045638,2330,-0.16414497256585228
tbi_z96,short,9,1.3048892198368827,inf,6973,-0.16455991515495186,-0.009210146986169648,0.304603470529184,2581,-0.13053886858653468
rpt_z,short,5,-0.09893701468361976,0.16219298787466466,6972,-0.16463259136515296,-0.009282823196370749,0.30335628227194494,2572,-0.09576509990138093
avg_trade_usd,long,9,5172.2805655190095,inf,7011,-0.16467462922353995,-0.04001317604916835,0.29082869776066184,5968,-0.13959914204191595
rpt_rank,long,5,0.4979166666666667,0.5979166666666667,6773,-0.16495938347431982,-0.040297930299948215,0.3057729218957626,2518,-0.15926284881700098
absorb,long,9,0.2267043751462075,inf,7008,-0.16498072921566007,-0.04031927604128846,0.3095034246575342,3439,-0.20429823400473313
dn_wick,short,3,0.14631723739987382,0.20074098533443052,7010,-0.16502497573605263,-0.009675207567270416,0.30156918687589157,2553,-0.13479057218187848
disp6,short,3,-0.6118804567689685,-0.27794689001532175,7009,-0.1650398713810582,-0.00969010321227598,0.30774718219432157,2418,-0.1461314406261812
persist96,short,0,-inf,0.01652134008813399,7001,-0.16519235190109594,-0.009842583732313726,0.3156691901156978,2784,-0.19769938569991533
tbi_z96,short,8,0.867306032150979,1.3048892198368827,6972,-0.16522700344347394,-0.009877235274691726,0.30536431440045897,2528,-0.10213424501879916
avg_trade_usd,long,1,2457.9247271852037,2796.294889975763,7010,-0.16526928692876178,-0.04060783375439017,0.3108416547788873,2092,-0.1494406070692186
since_hi24,short,5,14.0,17.0,6663,-0.16537807674410415,-0.010028308575321943,0.3066186402521387,2304,-0.1504393074371341
tbi_ma8,short,8,0.01165652420783523,0.019267810322752148,7007,-0.16542277089631152,-0.010073002727529312,0.3008420151277294,2306,-0.12805316821586846
to_hi24,short,1,0.7009909163426908,1.0864553978296947,7008,-0.16563509689839281,-0.010285328729610604,0.3042237442922374,2678,-0.18316020922585738
persist24,short,2,0.06132400419083255,0.09377377372889803,7008,-0.16604296269585456,-0.010693194527072347,0.3117865296803653,2434,-0.1480440897240424
tbi_z8,short,7,0.6033150766258114,0.9310058429929171,7007,-0.16607078064942932,-0.010721012480647107,0.3029827315541601,2546,-0.15196956714448565
vol_of_vol,long,2,-0.7933200561158226,-0.6227610157273541,6960,-0.16615300002734962,-0.04149154685297801,0.31537356321839083,2018,-0.17482666868572547
dq_z96,short,8,0.8665321728773164,1.3048532283938175,6972,-0.1661841360915533,-0.010834367922771093,0.3049340218014917,2535,-0.10370310862916908
disp6,short,6,0.324311262188563,0.6555122217093837,7010,-0.16668917735244712,-0.011339409183664911,0.30470756062767473,2387,-0.15715755034769363
disp24,short,5,0.051470808815259984,0.7049688664943048,7009,-0.16672262444454852,-0.011372856275766313,0.3157369096875446,2200,-0.14560187978316214
to_hi480,long,8,19.53166700601805,25.919280474287532,6963,-0.1667538474691739,-0.0420923942948023,0.30963665086887837,3067,-0.3973082787494377
disp24,short,4,-0.5936838747811025,0.051470808815259984,7008,-0.16675560137735768,-0.011405833208575467,0.3137842465753425,2281,-0.22308297682907316
up_wick,short,8,0.4602935542088013,0.5804033030398473,7010,-0.16679286658021272,-0.011443098411430513,0.30313837375178315,2452,-0.08830369666209738
to_hi24,short,4,1.7754042161480454,2.143253376706536,7008,-0.16685643659145086,-0.011506668422668648,0.3107876712328767,2262,-0.09098406937056057
since_hi96,short,3,26.0,38.0,6643,-0.1668594501292415,-0.01150968196045929,0.3055848261327713,2178,-0.2164918240116604
persist96,short,4,0.07020168581643926,0.0912136448398693,7001,-0.16715965838094562,-0.011809890212163415,0.3030995572061134,2532,-0.11296734167010693
body_frac,short,7,0.3499735081266085,0.5027741563812268,7010,-0.16719649478284895,-0.011846726614066744,0.30156918687589157,2436,-0.11303374970613586
disp24,short,8,2.371532267853731,3.769119987262158,7008,-0.16736252387506537,-0.012012755706283157,0.2939497716894977,2926,-0.13191580041246295
vol_of_vol,short,1,-1.017823086353161,-0.7933912002665413,6960,-0.1674038690351918,-0.012054100866409595,0.3192528735632184,2472,-0.19980349177438014
tbi_ma8,short,6,0.001788625082091289,0.006240196583773283,7008,-0.16763192906446323,-0.012282160895681016,0.2973744292237443,1922,-0.10326356881297749
avg_trade_usd,short,3,3100.8407320385477,3403.132060052424,7010,-0.16769933965750036,-0.012349571488718153,0.30613409415121257,1832,-0.1368708147680938
rv_vs_range,short,5,0.6584994009841469,0.7033313875330347,7010,-0.16775671648798446,-0.012406948319202249,0.3035663338088445,2491,-0.09158745967686396
pos96,short,5,0.524448677360966,0.6222781982452119,7001,-0.1677682390467813,-0.012418470877999077,0.30924153692329664,2465,-0.10347202379539273
extreme_late,short,5,0.7241379310344828,0.8275862068965517,8177,-0.16784128863918718,-0.012491520470404971,0.3026782438547144,3234,-0.0744724903752851
gap,short,0,-inf,-0.0007580951137653253,7011,-0.16786966974706632,-0.012519901578284115,0.31364997860504923,240,-0.35795694773555464
disp96,short,6,1.782062631172364,3.5341672034712324,7001,-0.1680091032819563,-0.012659335113174103,0.3023853735180688,2508,-0.12456641327473109
vol_of_vol,short,2,-0.7933912002665413,-0.6227976969233691,6961,-0.1682579027481294,-0.012908134579347197,0.3115931619020256,2016,-0.12452633290735891
range_rank,long,3,0.28541666666666665,0.3875,6756,-0.16836032717198482,-0.04369887399761321,0.30905861456483125,2499,-0.2199461393275555
range_z,short,3,-0.5817170218409079,-0.4371677505533728,6972,-0.1683660855610813,-0.013016317392299082,0.3090935169248422,2207,-0.12343230110232327
vol_per_trade_z,short,4,-0.3352145630377317,-0.07093501737669575,6972,-0.1684243990267204,-0.013074630857938196,0.3049340218014917,2746,-0.11346517870383772
efficiency,short,9,0.3442502752936495,inf,7011,-0.1687234823101911,-0.013373714141408893,0.3025246041934104,2913,-0.17009475459290144
minofday,short,8,1140.0,1290.0,7304,-0.168855496790724,-0.013505728621941798,0.29093647316538884,2685,-0.10645131373803499
minofday,short,1,120.0,270.0,7305,-0.16888308404473937,-0.013533315875957158,0.30335386721423685,2685,-0.11521543059030742
disp6,short,5,0.027611287156390628,0.324311262188563,7011,-0.16891202587903134,-0.013562257710249132,0.3042362002567394,2307,-0.10668566641591419
disp6,short,2,-1.0207092317482465,-0.6118804567689685,7011,-0.16899025540812726,-0.01364048723934505,0.30794465839395235,2529,-0.08627273830856537
efficiency,short,0,-inf,0.02884127065604651,7011,-0.16902307411278614,-0.013673305944003927,0.30409356725146197,2447,-0.11595347500334663
rpt_z,short,7,0.460915671715718,0.8265126556872299,6972,-0.16926451730966494,-0.013914749140882726,0.3019219736087206,2530,-0.1730303140280831
to_lo96,short,4,4.304353423637414,5.283027731120015,7001,-0.16958588457470425,-0.014236116405922039,0.30024282245393513,2332,-0.046554190373045624
pos24,short,7,0.6929026132871512,0.7765542827827902,7008,-0.16964939931867037,-0.014299631149888165,0.3049372146118721,2545,-0.19698713773939386
dow,long,3,3.0,4.0,9980,-0.1697582071768976,-0.045096754002525996,0.2934869739478958,3695,-0.2367002204591497
pos24,long,2,0.2652636199546396,0.3501293694918369,7008,-0.1700319025143471,-0.0453704493399755,0.302939497716895,2308,-0.17345816121165394
pos24,short,3,0.35004947055243113,0.4350745078072112,7009,-0.17014361617358906,-0.014793848004806848,0.3071764873733771,2043,-0.14569409215598209
to_hi96,short,0,-inf,1.3594006854142537,7002,-0.1701929294463151,-0.01484316127753288,0.2892030848329049,2966,-0.10017816072432287
since_hi96,long,2,14.0,26.0,7599,-0.17019799867487537,-0.04553654550050376,0.2975391498881432,2665,-0.10117035747768902
persist24,long,8,0.32809248641985234,0.42381070409937327,7008,-0.17033431469223345,-0.045672861517861846,0.2896689497716895,2703,-0.17276606750078488
vol_of_vol,short,6,-0.055098234366473396,0.22444509608981822,6960,-0.17043701475073192,-0.01508724658194971,0.2978448275862069,2475,-0.13205532362776612
dn_wick,short,4,0.20074098533443052,0.2574677563270567,7010,-0.17058170858157606,-0.015231940412793854,0.30313837375178315,2408,-0.12865055893089852
since_hi480,short,2,56.0,107.0,6888,-0.1706092975222072,-0.015259529353424978,0.30502322880371663,2302,-0.0907297159143149
tbi_z24,short,0,-inf,-1.3041286084671424,7001,-0.17062498103776674,-0.015275212868984533,0.3013855163548065,2603,-0.12711772368371888
to_lo480,long,7,18.513918229747503,22.328884117030004,6962,-0.17078089103981745,-0.04611943786544584,0.30623384085033034,2694,-0.24132366066855046
to_hi96,short,8,7.937625184562419,9.966501951881142,7001,-0.17081392115000343,-0.015464152981221224,0.3033852306813312,2630,-0.13420857086267224
to_lo480,long,3,8.436420013404188,10.710777346636833,6963,-0.17081746273672777,-0.04615600956235616,0.2977165015079707,2298,-0.09108300287272379
efficiency,short,5,0.14731969959677416,0.18194945516021133,7010,-0.17082595239735524,-0.015476184228573026,0.3005706134094151,2600,-0.0931664082059809
extreme_late,short,9,1.0,inf,9414,-0.17088193143424332,-0.015532163265461113,0.3000849798172934,3244,-0.1013777679940213
to_lo24,short,8,3.9556514527120146,5.047729098597876,7008,-0.1709146091815002,-0.01556484101271799,0.2905251141552511,2713,-0.19840612123132872
hi_pos,short,9,0.9655172413793104,inf,7649,-0.1712248610412548,-0.0158750928724726,0.30056216498888744,2516,-0.10544092511402282
tbi_z8,short,4,-0.30049409359617213,-0.0012326816087658726,7007,-0.17133821447163128,-0.01598844630284907,0.30198373055515915,2599,-0.1162288184272242
dq,short,7,0.05097272626670899,0.08450475153961191,7010,-0.17148352596317917,-0.016133757794396963,0.29743223965763194,2127,-0.1877371726504871
dq_z96,short,7,0.5456761749581416,0.8665321728773164,6972,-0.17154036732334454,-0.016190599154562335,0.3002008032128514,2554,-0.15448352712709226
tbi_z8,short,2,-0.9255451734023445,-0.6060571789789192,7007,-0.171645690262977,-0.01629592209419478,0.302554588268874,2468,-0.10057719490411873
tbi_z8,short,0,-inf,-1.3199299095884423,7008,-0.17180436154320847,-0.016454593374426257,0.2992294520547945,2678,-0.11593336513095599
tbi,short,7,0.025429403350845738,0.0422190700226667,7010,-0.17189395042421077,-0.016544182255428558,0.29757489300998574,2134,-0.18713309721274002
ats_z96,short,6,0.2047179508451808,0.5131675437025935,6972,-0.1720087892255915,-0.016659021056809303,0.2983362019506598,2468,-0.16263842424079594
updn_ratio,short,0,-inf,0.4,6597,-0.1720145427285715,-0.01666477455978929,0.30710929210247084,2571,-0.11604856012652538
pos96,short,4,0.43273975857401453,0.524448677360966,7001,-0.17205541246586434,-0.01670564429708213,0.3095272103985145,2158,-0.282106212737267
hour,short,8,19.0,21.0,5844,-0.17217220088198953,-0.016822432713207325,0.2896988364134155,2148,-0.11336875053462561
flow_eff,long,1,-0.04754352646473812,0.001567182311954855,7010,-0.17219221930065115,-0.047530766126279544,0.3141226818830242,3812,-0.17630747219388704
disp24,short,3,-1.293528662837116,-0.5936838747811025,7008,-0.172545352556161,-0.01719558438737878,0.3106449771689498,2283,-0.0966473536543157
accel,short,7,0.6412445418911535,1.0232534752914986,7008,-0.17254901804054593,-0.017199249871763717,0.2983732876712329,2513,-0.15974755938419868
ats_rank480,short,1,0.08958333333333333,0.18958333333333333,6907,-0.17266482146974058,-0.017315053300958366,0.3062110901983495,2623,-0.06650460526922254
atr_rank,long,0,-inf,0.0625,6877,-0.17274853928000117,-0.04808708610562956,0.3475352624690999,2412,-0.13123493130401487
hi_pos,short,6,0.5517241379310345,0.6896551724137931,7117,-0.17281014484279456,-0.017460376674012346,0.3025151046789378,2478,-0.17633554541727328
tbi_z96,short,7,0.5456375915317837,0.867306032150979,6972,-0.17281630453327929,-0.017466536364497076,0.2997705106138841,2566,-0.1556067367027231
dq,long,2,-0.09329022382164166,-0.06028525866743719,7011,-0.17303860684763725,-0.048377153673265644,0.2958208529453716,2143,-0.14599545079615983
since_lo24,short,5,15.0,18.0,6890,-0.1732124499596923,-0.01786268179091008,0.3026124818577649,2339,-0.11906221123396855
rv_vs_range,short,1,0.4707106723702154,0.5267722342340266,7010,-0.17332571147628567,-0.01797594330750346,0.29743223965763194,2325,-0.1322724697741706
tbi_z8,short,1,-1.3199299095884423,-0.9255451734023445,7007,-0.17368195153913285,-0.01833218337035064,0.3008420151277294,2566,-0.1515825319824254
tbi,long,2,-0.04669742731906523,-0.030181093384119555,7011,-0.17380377233774488,-0.04914231916337328,0.29553558693481674,2146,-0.14034565137082786
to_hi480,short,4,8.399109694379803,10.55239569913314,6963,-0.17386024676143086,-0.01851047859264865,0.29872181530949304,2553,-0.21841207291421938
rpt_z,short,6,0.16219298787466466,0.460915671715718,6972,-0.1739529268466334,-0.0186031586778512,0.30120481927710846,2513,-0.1401160358470634
minofday,short,4,570.0,690.0,5844,-0.17419404049155146,-0.01884427232276925,0.31143052703627655,2148,-0.14236601771771532
since_lo24,short,7,20.0,22.0,5864,-0.17435940877075454,-0.019009640601972327,0.30286493860845837,2062,-0.10210203616204032
pos96,long,1,0.16423431640823044,0.2518228674492447,7001,-0.1744007232180362,-0.0497392700436646,0.29295814883588056,2479,-0.22283631722355868
since_lo480,short,1,35.0,92.0,7022,-0.17441647218178447,-0.019066704013002256,0.29906009683850754,2793,-0.17276577639632845
to_hi96,short,6,5.58931415983305,6.627826235279513,7001,-0.17445312348790795,-0.019103355319125742,0.30009998571632623,2329,-0.2621580296295605
absorb,short,1,-0.27683565183166475,-0.1440262142558885,7007,-0.17454279267302872,-0.01919302450424651,0.3026973026973027,2825,-0.16059392773931913
hour,short,3,7.0,9.0,5844,-0.17471220654149758,-0.019362438372715368,0.31125941136208074,2148,-0.13494414086739043
updn_ratio,short,8,0.6,inf,10693,-0.17477417186834557,-0.01942440369956336,0.29954175628916113,4185,-0.11100344735364763
accel,long,4,-0.31704682071725904,-0.00417576973851215,7008,-0.1748286154507744,-0.050167162276402805,0.302796803652968,2406,-0.12598357839198923
minofday,short,3,420.0,570.0,7305,-0.17505008700004288,-0.019700318831260666,0.31143052703627655,2685,-0.13010980078727621
persist96,short,6,0.11485551619338252,0.14298610451409305,7001,-0.17550763014312376,-0.02015786197434155,0.2986716183402371,2704,-0.06590922999750487
since_hi24,short,3,7.0,11.0,8762,-0.1758144567955889,-0.0204646886268067,0.2993608765122118,3098,-0.14789488456557634
since_hi480,long,6,313.0,374.0,6944,-0.1758512298174683,-0.05118977664309671,0.29277073732718895,2387,-0.22510185990235312
hour,short,4,9.0,11.0,5844,-0.17588663990298273,-0.020536871734200518,0.31125941136208074,2148,-0.13142628897755862
body_frac,long,5,0.010140695513670467,0.1876188463976323,7011,-0.1759218133639032,-0.05126036018953159,0.29653401797175866,2362,-0.19815050804752035
gap,short,4,0.00020247672357048984,0.0007853822511565405,7011,-0.17599028377130335,-0.020640515602521142,0.2911139637712167,4627,-0.165774301558156
efficiency,short,2,0.05737972112809651,0.08622334110122742,7010,-0.17611569768277327,-0.02076592951399106,0.30028530670470754,2383,-0.06874911155959038
range_rank,long,0,-inf,0.08541666666666667,6744,-0.17625528277656133,-0.05159382960218972,0.33229537366548045,2488,-0.14432297365455127
kyle_z,short,6,0.09560113357444883,0.3812875713752472,6972,-0.1763312795310414,-0.020981511362259203,0.29604130808950085,2526,-0.10389232618269853
persist24,short,1,0.030520239037281544,0.06132400419083255,7008,-0.1767647619590918,-0.02141499379030959,0.3102168949771689,2405,-0.10166013709814987
ats_rank480,short,4,0.39791666666666664,0.5020833333333333,6800,-0.1770175080919362,-0.02166773992315399,0.3025,2580,-0.13406549765091239
m1_jump,short,4,0.23365531180158033,0.25844815745948263,7010,-0.17705429960989294,-0.02170453144111073,0.3001426533523538,2505,-0.1620130663567465
to_lo96,long,7,7.601158910108381,9.152835758482734,7000,-0.17720142210569698,-0.05253996893132537,0.30157142857142855,2607,-0.26075974370137317
m1_jump,short,2,0.1876939064278829,0.21072743124465124,7010,-0.17766701094450504,-0.022317242775722834,0.2971469329529244,2345,-0.0988717245752588
rpt_rank,short,4,0.3958333333333333,0.4979166666666667,6860,-0.17772145370681036,-0.022371685538028152,0.30072886297376095,2520,-0.11152549193576353
atr_pct,long,3,0.004330533027851432,0.004986787630536513,7010,-0.17777027913126528,-0.053108825956893674,0.3041369472182596,3355,-0.19316494369068232
since_lo96,short,2,17.0,30.0,7167,-0.17789193595239186,-0.02254216778360965,0.2962187805218362,2658,-0.06146410929441557
avg_trade_usd,short,4,3403.132060052424,3697.882566069875,7010,-0.17803137535125402,-0.022681607182471808,0.3,1820,-0.13257058904986213
tbi_ma96,long,5,-0.002632664017240726,-0.0009722686329824758,6973,-0.1780644554597263,-0.05340300228535469,0.3024523160762943,2113,-0.16649083740983078
tbi_ma8,long,0,-inf,-0.02392883624000731,7008,-0.17830502227564354,-0.05364356910127194,0.3047945205479452,4839,-0.2094333811492191
since_hi96,short,4,38.0,52.0,7341,-0.17832411505350282,-0.02297434688472061,0.302274894428552,2484,-0.20062320433469968
lo_pos,short,4,0.2413793103448276,0.41379310344827586,8334,-0.17834439143538125,-0.02299462326659904,0.2991360691144708,3071,-0.17621204081507388
wick_skew,short,3,-0.18475980705538037,-0.0935914529914583,7010,-0.17840577814047975,-0.023056009971697544,0.2990014265335235,2506,-0.09107628780535287
vol_of_vol,short,5,-0.2698770576048081,-0.055098234366473396,6961,-0.17896086015711524,-0.023611091988333027,0.2982330124982043,2491,-0.1362500710422028
since_hi24,long,9,24.0,inf,8919,-0.1789768932783346,-0.054315440103963,0.2946518668012109,3486,-0.18233689653835652
range_z,short,2,-0.7275177751009435,-0.5817170218409079,6972,-0.17899076643022202,-0.02364099826143981,0.30751577739529545,2508,-0.11159629964105237
avg_trade_usd,long,2,2796.294889975763,3100.858286884735,7010,-0.17929132267697231,-0.05462986950260071,0.3051355206847361,2085,-0.1275223047524079
vol_per_trade_z,short,3,-0.6054679806567645,-0.3352145630377317,6972,-0.17933017087727762,-0.023980402708495413,0.30134825014343086,2853,-0.16597756994392687
persist24,short,4,0.1285591461607456,0.16646266796773332,7008,-0.17933224268878423,-0.023982474520002017,0.3036529680365297,2393,-0.11415760951075073
close_loc,short,1,0.11584635120651422,0.2152399680630676,7010,-0.17936654184405915,-0.024016773675276937,0.29743223965763194,2684,-0.0936101310470523
minofday,short,2,270.0,420.0,7304,-0.17944521761098323,-0.024095449442201017,0.3054490690032859,2685,-0.11305891738330244
to_hi24,short,7,3.0261900739262813,3.6517287631336224,7008,-0.17987023625449072,-0.024520468085708513,0.3039383561643836,2326,-0.09162362753548259
range_per_trade,short,6,8.941026390796465e-08,9.97761693401884e-08,7010,-0.18091120599958357,-0.025561437830801365,0.2968616262482168,1805,-0.13590001957718853
since_hi480,short,5,246.0,313.0,6935,-0.1810219222928529,-0.0256721541240707,0.3062725306416727,2513,0.024562266448175295
hour,short,2,4.0,7.0,8765,-0.18104913309584716,-0.025699364927064955,0.3041642897889333,3222,-0.12160060029875985
since_lo480,long,4,227.0,292.0,6994,-0.1811076738919658,-0.0564462207175942,0.3101229625393194,2309,-0.013198554869285931
ats_z96,short,3,-0.6064068882612657,-0.3364962226080589,6972,-0.18205801850276315,-0.026708250333980943,0.2984796328169822,2851,-0.12759451379196826
accel,short,2,-1.035922261864922,-0.6437305673496789,7008,-0.18221409254989968,-0.026864324381117466,0.3026541095890411,2518,-0.1175024871170975
since_lo24,short,8,22.0,24.0,7854,-0.18245420197119422,-0.02710443380241201,0.2994652406417112,2839,-0.14801891531167224
lo_pos,short,9,0.9655172413793104,inf,7418,-0.18262893893225118,-0.027279170763468974,0.29684551091938527,2755,-0.10544632833745422
close_loc,short,2,0.2152399680630676,0.3111148318283429,7010,-0.18302395756696266,-0.02767418939818045,0.2977175463623395,2361,-0.13733826637730104
updn_ratio,short,1,0.4,0.43333333333333335,5945,-0.18320808761369675,-0.027858319444914542,0.3002523128679563,2127,-0.15565168204329055
gap,long,5,0.0007853825150253177,inf,7011,-0.18331777102521407,-0.058656317850842465,0.3110825845100556,252,-0.0906441349722029
wick_skew,long,0,-inf,-0.4574087329992922,7010,-0.1839706389137054,-0.0593091857393338,0.2977175463623395,2492,-0.18748999961734744
is_weekend,long,1,1.0,inf,20063,-0.18403873780987348,-0.059377284635501876,0.3190450082240941,7390,-0.1849244372653921
since_hi96,short,6,65.0,77.0,7029,-0.18441417586267336,-0.029064407693891153,0.30089628681177977,2542,-0.1074571822556519
kyle_z,short,1,-1.182383191767835,-0.8651933437684506,6972,-0.18452243514437017,-0.029172666975587958,0.30608146873207115,2482,-0.12345038924951202
since_hi480,long,4,175.0,246.0,6970,-0.1845668857594627,-0.059905432585091095,0.30774748923959827,2705,-0.22314605217062616
since_hi480,short,1,19.0,56.0,6966,-0.1847125790931155,-0.029362810924333294,0.29184610967556707,2134,-0.17534156878726592
tbi_z24,short,8,0.8885450417827109,1.3152378549511738,7001,-0.18492325455207528,-0.029573486383293074,0.2975289244393658,2577,-0.11996088595958854
persist6,short,3,0.2030954037666683,0.2748453772091131,7009,-0.1851928936063643,-0.02984312543758208,0.29847339135397344,2525,-0.15991237373688624
ats_z96,short,2,-0.9063907528287123,-0.6064068882612657,6972,-0.18530125305762296,-0.02995148488884075,0.2977624784853701,2924,-0.1438314756361407
dq,short,8,0.08450475153961191,0.13144169769048397,7010,-0.18591837575396675,-0.030568607585184537,0.2980028530670471,2423,-0.14755744630004372
tbi,short,8,0.0422190700226667,0.06568800118898739,7010,-0.18611556652122488,-0.03076579835244267,0.2977175463623395,2423,-0.14669295413348207
persist96,short,5,0.0912136448398693,0.11485551619338252,7001,-0.186373116076941,-0.031023347908158777,0.2943865162119697,2546,-0.16930510725454007
pos96,short,8,0.7953356102900927,0.8734086443705102,7001,-0.1864163621087355,-0.031066593939953285,0.29381516926153406,2572,-0.11170474027551172
kyle_z,short,2,-0.8651933437684506,-0.612804616968557,6972,-0.1864829447837391,-0.031133176614956903,0.3024956970740103,2396,-0.155984731029654
pos96,short,9,0.8734086443705102,inf,7002,-0.18652509841630055,-0.03117533024751834,0.28577549271636676,2859,-0.14105459195811565
since_hi24,short,4,11.0,14.0,6437,-0.18698881589783267,-0.03163904772905046,0.29889700170887057,2214,-0.15676246775371822
since_lo96,long,5,57.0,69.0,6808,-0.18736909579154262,-0.06270764261717102,0.3012632197414806,2348,-0.13188067280050053
to_lo24,long,1,0.8343976377782374,1.2474749460420862,7008,-0.1875771544858729,-0.06291570131150129,0.2966609589041096,2570,-0.12091227113387716
persist24,short,5,0.16646266796773332,0.2088272639959751,7009,-0.1880772360425117,-0.03272746787372949,0.2961906120701955,2633,-0.12369991526253758
range_per_trade,short,3,6.599680121076484e-08,7.327961825772123e-08,7010,-0.18816833987806103,-0.03281857170927882,0.2990014265335235,3293,-0.11654728991645594
since_hi480,short,0,-inf,19.0,6949,-0.18824528719837347,-0.03289551902959126,0.2712620520938264,2250,-0.1341300470391509
to_lo96,short,8,9.152810458207204,11.416534865718965,7001,-0.1886164867486169,-0.03326671857983468,0.3006713326667619,2577,-0.15017975216320814
extreme_late,short,8,0.9655172413793104,1.0,5313,-0.18883387526073964,-0.03348410709195743,0.2966309053265575,1911,-0.11357440220286487
since_lo480,long,6,352.0,404.0,6980,-0.18890640236932033,-0.06424494919494872,0.2882521489971347,2586,-0.113354910334689
pos24,short,4,0.4350745078072112,0.5211850733168101,7008,-0.18917049641819295,-0.033820728249410736,0.3000856164383562,2134,-0.11232277230205023
disp96,long,0,-inf,-7.238058159810292,7001,-0.18922986602138367,-0.06456841284701206,0.2921011284102271,3419,-0.26300719715766024
dow,short,6,6.0,inf,10031,-0.18956050292147553,-0.03421073475269332,0.32688665138071976,3695,-0.14909060633945975
atr_pct,short,2,0.003616255993215286,0.004330271040189609,7010,-0.19006107319450677,-0.03471130502572456,0.30927246790299573,4103,-0.1328944642935884
pos24,long,1,0.17241374572007642,0.2652636199546396,7008,-0.19007503803450737,-0.06541358486013577,0.2876712328767123,2681,-0.18308881599593216
since_lo96,short,3,30.0,44.0,6986,-0.19035787247329586,-0.03500810430451365,0.29874033781849413,2589,-0.13113863665920072
tbi_ma96,long,4,-0.004136906041481914,-0.002632664017240726,6972,-0.1904012058952915,-0.06573975272091989,0.2943201376936317,1970,-0.11303641503469118
pos480,long,1,0.1568476238708056,0.25134602815248414,6963,-0.1905915589876057,-0.06593010581323411,0.2942697113313227,2574,-0.1621211550995109
ats_z96,short,0,-inf,-1.2866225856827533,6973,-0.19059247454541275,-0.035242706376630545,0.29542521153018786,2083,-0.12047250884714115
persist6,short,1,0.06644541497130464,0.13349251893998323,7010,-0.19105004498713707,-0.03570027681835486,0.2955777460770328,2522,-0.12150908132967518
disp24,short,2,-2.1252352233189793,-1.293528662837116,7008,-0.19139276046355655,-0.03604299229477434,0.3007990867579909,2316,-0.12008496097315552
rpt_z,short,9,1.366285278251511,inf,6973,-0.19153423610856551,-0.036184467939783305,0.28925856876523737,2617,-0.16939597400171033
flow_eff,short,1,-0.04754351493790571,0.00156354584536256,7010,-0.19155726164122233,-0.03620749347244012,0.3067047075606277,3811,-0.19392330025098461
dq_cum24,short,6,0.00901688314753339,0.14299898878667763,7001,-0.19162046103526342,-0.03627069286648121,0.29381516926153406,2055,-0.16636425064801105
since_lo24,short,6,18.0,20.0,5096,-0.19163607411374434,-0.03628630594496213,0.29591836734693877,1751,-0.13783213878888784
absorb_z,short,0,-inf,-0.42285809953228465,6710,-0.1920720816545747,-0.036722313485792496,0.29478390461997017,2331,-0.15555312304234525
m1_jump,short,1,0.16101343745931873,0.1876939064278829,7011,-0.1921061284568957,-0.03675636028811349,0.2899728997289973,2216,-0.10015148833639363
to_hi96,short,1,1.3594006854142537,2.1829660663681527,7001,-0.19222505255348066,-0.03687528438469845,0.2913869447221826,2512,-0.12179334505081904
tbi_ma24,short,6,0.00013981105292085798,0.002933722492171199,7001,-0.1923073523418104,-0.03695758417302819,0.29352949578631626,2066,-0.1581659136706732
pos480,long,6,0.6355651396755931,0.7403017477529021,6963,-0.1924502540150829,-0.06778880084071129,0.2959931064196467,2895,-0.07135652280360037
to_lo96,short,6,6.354628416189878,7.601152274052323,7001,-0.19263915035740478,-0.03728938218862257,0.29367233252392516,2652,-0.1365911617854614
tbi_ma24,long,1,-0.015358771815583384,-0.010956960482291155,7001,-0.19296015451048296,-0.06829870133611135,0.2933866590487073,2371,-0.21002364723887587
dn_wick,long,9,0.601123595505618,inf,7011,-0.1930043716772587,-0.0683429185028871,0.2943945228925973,2347,-0.20444940461270314
ats_rank480,short,5,0.5020833333333333,0.6041666666666666,6760,-0.19326404406399905,-0.03791427589521684,0.29275147928994083,2496,-0.11602296402309935
absorb,short,8,0.11837109890353938,0.22670335070819805,7007,-0.1933117971675897,-0.03796202899880749,0.30012844298558583,2842,-0.1121343582379978
accel,short,3,-0.6437305673496789,-0.31711353781597723,7008,-0.1935383198347789,-0.03818855166599669,0.3015125570776256,2514,-0.12495298894494913
since_hi96,long,3,26.0,38.0,6645,-0.19360487724724257,-0.06894342407287096,0.29345372460496616,2178,-0.12360036218901753
to_lo480,short,7,18.514383224630805,22.32870769990433,6963,-0.19361753097886616,-0.038267762810083955,0.2998707453683757,2693,-0.08000021404896761
m1_jump,short,0,-inf,0.16101343745931873,7011,-0.1938683038264814,-0.03851853565769919,0.2848381115390101,2113,-0.08716061866794356
dq_cum24,long,1,-0.7349459083974711,-0.5235057316612339,7001,-0.19406558638216012,-0.06940413320778852,0.2932438223110984,2370,-0.2084039188652507
pos480,long,2,0.25134602815248414,0.3456407694267008,6962,-0.19428395682811653,-0.06962250365374492,0.28871014076414825,2609,-0.14091975643936672
range_z,short,1,-0.9086537936342783,-0.7275177751009435,6972,-0.1945197759999565,-0.0391700078311743,0.3049340218014917,2782,-0.1298161584114514
pos480,short,4,0.43869004178227816,0.534812111320613,6963,-0.19453155611805956,-0.03918178794927735,0.2994398965962947,2552,0.10443038269000676
ats_z96,short,1,-1.2866225856827533,-0.9063907528287123,6972,-0.19456651646465248,-0.03921674829587027,0.2970453241537579,2758,-0.0837708963777716
since_lo96,short,7,80.0,88.0,6406,-0.19467505320689976,-0.03932528503811755,0.3034655010927256,2247,-0.1644017741429792
dow,short,4,4.0,5.0,10028,-0.19474038337675237,-0.03939061520797016,0.2500997207818109,3694,-0.17163420765630966
tbi_ma96,short,0,-inf,-0.010326949309343783,6973,-0.19479986762975043,-0.039450099460968224,0.2925570055930016,4434,-0.12721669170679126
dn_wick,short,0,-inf,0.03606779090114034,7011,-0.19509209900838032,-0.039742330839598106,0.29753244900870063,3292,-0.1597250491004337
pos96,short,6,0.6222781982452119,0.7133568596004758,7001,-0.19514034305110864,-0.03979057488232643,0.2962433938008856,2393,-0.1619641270071032
range_rank,short,1,0.08541666666666667,0.18541666666666667,6785,-0.195313484545354,-0.039963716376571784,0.31098010316875463,2611,-0.12913539118482714
to_lo24,short,2,1.2471761676511512,1.6061647656927354,7008,-0.1959281846517236,-0.04057841648294139,0.2978025114155251,2304,-0.13025044105673583
disp6,short,4,-0.27794689001532175,0.027611287156390628,7010,-0.1959456570106091,-0.04059588884182688,0.2955777460770328,2333,-0.13255877598559115
range_per_trade,short,1,4.9241528287656465e-08,5.833089452086458e-08,7010,-0.19616295078671878,-0.040813182617936566,0.2994293865905849,4411,-0.11445045591070746
rpt_rank,short,7,0.6979166666666666,0.8020833333333334,6923,-0.1962511244607749,-0.04090135629199268,0.2933699263325148,2618,-0.12880731747556196
pos96,short,7,0.7133568596004758,0.7953356102900927,7001,-0.1967025655418647,-0.04135279737308248,0.2951006999000143,2485,-0.20197841183968077
absorb,short,0,-inf,-0.27683565183166475,7008,-0.19771904250418984,-0.04236927433540763,0.2992294520547945,3248,-0.14742593090232256
to_hi480,short,6,12.941343535705903,15.766548827118411,6962,-0.19784500869628213,-0.04249524052749992,0.2869864981327205,2687,-0.16465890568876804
vol_per_trade_z,short,2,-0.9079810303551034,-0.6054679806567645,6972,-0.19810276063818075,-0.04275299246939854,0.29417670682730923,2960,-0.11904702850550002
trade_intensity,short,1,0.4033765204084503,0.4981836335737551,7001,-0.1991322612702321,-0.04378249310144988,0.3018140265676332,2738,-0.16630748417696678
atr_rank,short,8,0.7958333333333333,0.9083333333333333,6930,-0.1992339462066412,-0.04388417803785899,0.2619047619047619,2561,0.006228856382397145
vol_of_vol,long,3,-0.6227610157273541,-0.4568535264322664,6961,-0.1993802830241241,-0.0747188298497525,0.300962505387157,2081,-0.15152233380788865
dq_z96,short,0,-inf,-1.2956488285784806,6973,-0.19949424397126236,-0.044144475802480154,0.29528180123332853,2610,-0.13748834104390217
since_lo480,long,2,92.0,158.0,6935,-0.19996578875433868,-0.07530433557996707,0.29113193943763516,2551,-0.34300990303396195
range_rank,short,2,0.18541666666666667,0.28541666666666665,6875,-0.20008631817377232,-0.044736550004990105,0.3029818181818182,2554,-0.12128531042960207
kyle_z,short,0,-inf,-1.182383191767835,6973,-0.20020896210807756,-0.044859193939295355,0.307328266169511,2908,-0.20553857047697013
tbi_z96,short,0,-inf,-1.2955890314733045,6973,-0.20073102134350124,-0.04538125317471903,0.2948515703427506,2608,-0.13672587122825444
since_lo24,short,9,24.0,inf,9426,-0.20087921026310648,-0.045529442094324274,0.29174623382134524,3394,-0.18121973041109396
up_wick,short,9,0.5804033030398473,inf,7011,-0.2010784215734545,-0.045728653404672304,0.2935387248609328,2629,-0.15379707072389384
to_lo96,short,7,7.601152274052323,9.152810458207204,7001,-0.20113905966860043,-0.045789291499818224,0.29695757748893015,2608,-0.06065037845106354
avg_trade_usd,short,1,2457.932046185849,2796.2984917687577,7010,-0.20189565361324877,-0.046545885444466556,0.29885877318116977,2092,-0.033617560050774355
to_hi24,short,3,1.4311542322254052,1.7754042161480454,7009,-0.20255549003318718,-0.04720572186440497,0.29861606505920957,2338,-0.11601302772189419
tbi_ma96,long,2,-0.007635228144058199,-0.005780003030646423,6973,-0.20296645779151784,-0.07830500461714623,0.2855299010468952,2101,-0.2662988761704039
accel,short,1,-1.5715075514662744,-1.035922261864922,7008,-0.20346345230661383,-0.048113684137831625,0.2936643835616438,2538,-0.12899611813393333
since_lo480,short,8,445.0,471.0,6823,-0.2034956719389692,-0.04814590377018699,0.2929796277297377,2347,-0.16943986282858717
tbi,short,9,0.06568800118898739,inf,7011,-0.20390033971286314,-0.048550571544080934,0.30266723719868777,4199,-0.14346215866622122
dq,short,9,0.13144169769048397,inf,7011,-0.2042329076397846,-0.048883139471002396,0.3025246041934104,4199,-0.14289725486158747
pos24,short,8,0.7765542827827902,0.8624913823581409,7008,-0.2045042497561081,-0.04915448158732588,0.2858162100456621,2623,-0.17198830948925087
to_hi24,short,2,1.0864553978296947,1.4311542322254052,7008,-0.2056830494236899,-0.050333281254907686,0.2953767123287671,2415,-0.22436483172217556
wick_skew,short,9,0.4301570821866177,inf,7011,-0.20614694452944793,-0.05079717636066572,0.29125659677649407,2747,-0.15093607407135368
atr_pct,short,8,0.008492949902734871,0.010832312008785478,7011,-0.2073807927150198,-0.05203102454623759,0.2601626016260163,871,0.17324494250675146
rpt_rank,short,9,0.9020833333333333,inf,6944,-0.2083485037649019,-0.0529987355961197,0.28773041474654376,2633,-0.17460625431265556
tbi_ma96,long,1,-0.010327974128231386,-0.007635228144058199,6972,-0.20946092155039023,-0.08479946837601862,0.28944348823866894,2562,-0.2665715146455016
vol_per_trade_z,short,0,-inf,-1.29482187162384,6973,-0.20985594687978382,-0.05450617871100161,0.2905492614369712,2012,-0.12841796742146816
tbi_ma24,long,0,-inf,-0.015358771815583384,7001,-0.21001582623686696,-0.08535437306249535,0.2865304956434795,4765,-0.21303590163288463
vol_per_trade_z,short,1,-1.29482187162384,-0.9079810303551034,6972,-0.21023382702749396,-0.054884058858711754,0.29130808950086057,2768,-0.08269189539324248
dq_cum24,long,0,-inf,-0.7349459083974711,7001,-0.21025631844633866,-0.08559486527196705,0.2863876589058706,4776,-0.2134113580484191
ats_rank480,short,3,0.2916666666666667,0.39791666666666664,6843,-0.21096370325115738,-0.055613935082375165,0.29110039456378783,2638,-0.13914582649343418
vol_of_vol,long,0,-inf,-1.017646828465011,6961,-0.2114233640919608,-0.0867619109175892,0.32452233874443326,3584,-0.20949710983828362
since_lo480,short,5,292.0,352.0,6918,-0.21195510735520695,-0.05660533918642474,0.2917028042786933,2439,-0.21975964343395388
absorb,short,9,0.22670335070819805,inf,7008,-0.2123017816356015,-0.0569520134668193,0.295662100456621,3439,-0.12514016845416837
rv_vs_range,short,9,0.9155883827739562,inf,7011,-0.21276496868720943,-0.05741520051842722,0.29553558693481674,3233,-0.1534463755107371
flow_eff,short,3,0.012868199812586438,0.02399549321848785,7010,-0.2130743332681943,-0.057724565099412095,0.30313837375178315,3529,-0.11443776412690398
to_hi480,short,3,6.387044404857702,8.399109694379803,6962,-0.21308825078357502,-0.05773848261479281,0.28411376041367425,2392,-0.24246442892001877
disp96,short,8,5.63648055537796,8.475142759730183,7001,-0.21349386734838977,-0.058144099179607556,0.2872446793315241,2761,-0.12562159109375348
range_per_trade,short,2,5.833089452086458e-08,6.599680121076484e-08,7010,-0.21417588147939987,-0.058826113310617656,0.2907275320970043,3732,-0.1081102307310171
tbi_ma96,short,8,0.0029881265302986603,0.005847298739849825,6972,-0.21460229995633012,-0.05925253178754791,0.2864314400458979,2352,-0.1312642746228434
since_lo96,short,9,94.0,inf,8153,-0.21471859395352924,-0.05936882578474703,0.28725622470256346,3052,-0.2303052530078193
to_hi96,short,7,6.627826235279513,7.937625184562419,7001,-0.21472210409548195,-0.05937233592669974,0.28810169975717753,2373,-0.050908862037650715
to_lo24,short,9,5.047729098597876,inf,7009,-0.21523050865832602,-0.05988074048954381,0.2719360821800542,2605,-0.013592734863538857
since_lo480,short,3,158.0,227.0,6979,-0.21538510468901836,-0.060035336520236154,0.2920189138845107,2480,0.04569182837907392
pos480,long,5,0.5347867298578202,0.6355651396755931,6963,-0.21800183486377295,-0.09334038168940134,0.28364210828665803,2456,-0.10996417746465637
dq,short,0,-inf,-0.14047903516078,7011,-0.21940438664960088,-0.06405461848081867,0.29995721009841675,4229,-0.15326207735079544
tbi,short,0,-inf,-0.07029254012627627,7011,-0.21991742055869415,-0.06456765238991194,0.2996719440878619,4228,-0.15301741826601065
is_weekend,short,1,1.0,inf,20063,-0.22223972712309867,-0.06688995895431646,0.3065842595823157,7391,-0.23679831632275908
absorb_z,short,9,0.4278205393113164,inf,6711,-0.2268456089355114,-0.07149584076672919,0.2849053792281329,2299,-0.11192012844680307
vol_of_vol,short,8,0.6200544257716684,1.3114305247010176,6960,-0.22718378786236137,-0.07183401969357917,0.26882183908045976,2932,-0.0889930523379526
since_hi480,long,1,19.0,56.0,6966,-0.22730551232681642,-0.10264405915244482,0.2739018087855297,2133,-0.15797803945238864
disp24,short,9,3.769119987262158,inf,7009,-0.22846771846448952,-0.0731179502957073,0.27036667142245685,2663,-0.12345693828242699
updn_ratio,short,3,0.4642857142857143,0.4666666666666667,356,-0.22973068719235987,-0.07438091902357766,0.3202247191011236,189,-0.20396950069524983
pos480,short,8,0.8276089413379922,0.9026427464871808,6963,-0.23227574417495167,-0.07692597600616946,0.2839293408013787,2350,-0.14994286410414326
since_lo480,short,9,471.0,inf,7169,-0.2343661577417532,-0.079016389572971,0.28107127911842655,2279,-0.16928000702558751
range_z,short,0,-inf,-0.9086537936342783,6973,-0.23666940620870242,-0.0813196380399202,0.28954538935895596,2990,-0.23285799868729565
kyle,short,1,1.9624598787085485e-07,2.340582813504951e-07,7010,-0.2367873670286364,-0.08143759885985419,0.29757489300998574,4212,-0.16060912118457982
kyle,long,0,-inf,1.962601883026961e-07,7010,-0.23753222651000658,-0.11287077333563497,0.3258202567760342,7265,-0.18399485545078798
range_rank,short,0,-inf,0.08541666666666667,6745,-0.2409791303685069,-0.0856293621997247,0.3076352853965901,2488,-0.28410330742789175
dow,long,5,5.0,6.0,10031,-0.24235529773936496,-0.11769384456499335,0.2884059415810986,3696,-0.12470388732872408
updn_ratio,long,3,0.4642857142857143,0.4666666666666667,356,-0.24286077716785778,-0.11819932399348618,0.3146067415730337,189,-0.3483349194861781
to_lo480,short,8,22.32870769990433,28.09656830224954,6963,-0.24311038480905825,-0.08776061664027604,0.2893867585810714,2388,-0.3209032644094173
pos480,short,9,0.9026427464871808,inf,6963,-0.24529521483052724,-0.08994544666174503,0.2665517736607784,2103,-0.15334043183630858
since_hi480,long,3,107.0,175.0,6995,-0.24984435268834115,-0.12518289951396955,0.27848463187991424,2577,-0.24650333806524657
atr_rank,long,1,0.0625,0.16041666666666668,6911,-0.2507980035502821,-0.12613655037591048,0.300390681522211,2180,-0.3174328901660829
to_hi24,long,9,4.6484334361168145,inf,7009,-0.25099671500706644,-0.12633526183269483,0.24454273077471822,3139,-0.13022846656340364
dow,short,5,5.0,6.0,10032,-0.25491569382629653,-0.09956592565751432,0.2862838915470494,3696,-0.32448229586504557
pos480,short,7,0.7403010099040936,0.8276089413379922,6963,-0.2554456757136991,-0.10009590754491687,0.28019531811001,2285,-0.09736119660555514
atr_pct,short,1,0.002716617988596559,0.003616255993215286,7011,-0.2576588272719587,-0.1023090591031765,0.3002424761089716,5182,-0.19032734675395785
since_hi96,short,5,52.0,65.0,7094,-0.2587110166467587,-0.10336124847797651,0.2700873978009586,2443,-0.07956471964315705
since_lo480,long,7,404.0,445.0,6937,-0.25890035029612357,-0.13423889712175197,0.2777857863629811,2565,-0.04760767168780824
since_hi480,short,8,428.0,465.0,6855,-0.26268896110894197,-0.10733919294015976,0.2673960612691466,2960,-0.220158555293011
disp24,long,0,-inf,-3.3782663224979728,7009,-0.26401727784761586,-0.13935582467324426,0.24283064631188472,3297,-0.1933696156125954
to_hi480,short,0,-inf,2.4844446867661416,6963,-0.26406950589598555,-0.10871973772720334,0.2530518454689071,2255,-0.14233751157052638
to_hi480,long,9,25.919280474287532,inf,6963,-0.2666052827935972,-0.14194382961922558,0.304753698118627,2517,-0.17405772887933083
trade_intensity,short,0,-inf,0.4033765204084503,7002,-0.2744524489081275,-0.11910268073934527,0.28577549271636676,3923,-0.22796947565760597
to_hi96,long,9,9.967180881058727,inf,7002,-0.27562442446228824,-0.15096297128791664,0.27520708369037417,3451,-0.30154629975190445
tbi_ma8,short,9,0.019267810322752148,inf,7008,-0.2786986883307246,-0.12334892016194238,0.2762557077625571,4450,-0.1751830666406055
to_lo96,short,9,11.416534865718965,inf,7002,-0.2812207887182577,-0.12587102054947547,0.2732076549557269,2464,-0.40648494695598236
atr_rank,short,0,-inf,0.0625,6876,-0.2824819932575233,-0.1271322250887411,0.3090459569517161,2412,-0.3218118773499095
avg_trade_usd,short,0,-inf,2457.932046185849,7011,-0.28337110048272207,-0.12802133231393986,0.2805591213806875,3310,0.01388656564296551
to_lo480,short,9,28.09656830224954,inf,6963,-0.28541840889841036,-0.13006864072962815,0.2916846186988367,2281,-0.3675523398285776
dq_cum24,short,9,0.5179445989498681,inf,7001,-0.29709928262715546,-0.14174951445837325,0.26167690329952864,4016,-0.19202850149464948
disp96,short,9,8.475142759730183,inf,7002,-0.2971345063561608,-0.14178473818737858,0.2569265924021708,2423,-0.2595767790545034
tbi_ma24,short,9,0.010736260126777898,inf,7001,-0.2974004568715497,-0.1420506887027675,0.26153406656191974,4035,-0.1915791693416643
atr_pct,long,0,-inf,0.002716616816555615,7011,-0.3072167677479909,-0.1825553145736193,0.33076593923833975,4696,-0.17137364833781127
flow_eff,short,2,0.00156354584536256,0.012868199812586438,7010,-0.3137190649993518,-0.1583692968305696,0.28830242510699,4004,-0.21813356675146953
kyle,short,0,-inf,1.9624598787085485e-07,7011,-0.3137829088625345,-0.1584331406937523,0.2995293110825845,7261,-0.22612861074356677
tbi_ma96,short,9,0.005847298739849825,inf,6973,-0.3580933291032368,-0.20274356093445461,0.23519288684927578,3574,-0.17557606313233362
atr_pct,short,0,-inf,0.002716617988596559,7011,-0.37260818200241863,-0.21725841383363642,0.3053772642989588,4696,-0.3306460793087151
