feature,side,bin,lo,hi,n,exp_r,lift,wr,n_test,exp_r_test
tbi_ma96,long,9,0.004727168356526261,inf,3487,0.04606887641440366,0.21360713393195013,0.3966160022942357,1929,-0.14688337948103586
tbi_ma24,long,9,0.008454645175572713,inf,3501,0.020701997198881952,0.1882402547164284,0.3976006855184233,1958,-0.18104183005114383
dq_cum24,long,9,0.4084961669216186,inf,3501,0.02024806147765522,0.1877863189952017,0.39731505284204516,1953,-0.18259808901728022
persist96,long,9,0.24158803569182166,inf,3496,0.012168873462885388,0.17970713098043187,0.38672768878718533,1060,-0.25029893553068844
atr_pct,long,8,0.012094807255301558,0.015125124391696804,3505,-0.002680647802928971,0.1648576097146175,0.36319543509272467,430,-0.2683769068280973
to_lo480,short,0,-inf,3.67598241350325,3458,-0.01292182800678955,0.17193661497371449,0.36957779063042223,1519,-0.05297775273790066
disp24,long,9,3.967506729560891,inf,3503,-0.019133771636842024,0.14840448588070446,0.37510705109905795,1211,-0.2548847737204558
pos480,long,7,0.7656027926285855,0.8485056542124645,3457,-0.020868089837481462,0.14667016768006502,0.3879085912641018,1067,-0.431567405068624
to_lo24,long,9,5.19151202287147,inf,3503,-0.028303049250288384,0.1392352082672581,0.3742506423065943,1197,-0.17571654703823217
pos96,long,8,0.8091362700493583,0.8846720180363059,3496,-0.0415751179147528,0.12596313960279368,0.3732837528604119,1158,-0.22531189111207725
atr_pct,short,9,0.015124676814742086,inf,3506,-0.04164304112700046,0.14321540185350357,0.33685111237877924,258,-0.3988826183148151
disp96,long,9,8.812381329835077,inf,3496,-0.04548755198009892,0.12205070553744755,0.3772883295194508,986,-0.20190187672931156
disp24,short,0,-inf,-3.557982494331823,3503,-0.04588209013598536,0.13897635284451865,0.3608335712246646,1540,-0.10393508314795029
kyle,long,9,5.851425651404679e-07,inf,3506,-0.052881466364535064,0.11465679115301142,0.3428408442669709,139,-0.12434161179316618
since_hi480,long,8,419.0,463.0,3439,-0.05466327675598796,0.11287498076155851,0.3748182611224193,1698,-0.23215441658399352
avg_trade_usd,short,9,5170.536798251279,inf,3506,-0.059230495986067284,0.12562794699443675,0.3585282373074729,3130,-0.28227041788563934
since_hi480,long,6,280.0,356.0,3466,-0.0622517106900851,0.10528654682746137,0.37276399307559144,1187,-0.17267135221674165
vol_of_vol,short,9,1.3853273587886468,inf,3456,-0.062374446746074654,0.12248399623442938,0.3489583333333333,1546,-0.1839390583273683
accel,short,0,-inf,-1.594917431329,3503,-0.06264578006128448,0.12221266291921955,0.3668284327719098,1475,-0.2084862613854216
pos480,short,0,-inf,0.1572028157771889,3458,-0.06664085411015859,0.11821758887034543,0.3597455176402545,1384,-0.06203448416725656
disp96,short,0,-inf,-7.425226839963677,3496,-0.0670225634079715,0.11783587957253253,0.3669908466819222,1605,-0.18004653498209208
disp6,short,0,-inf,-1.6835563673760034,3505,-0.06719821827562271,0.11766022470488131,0.362339514978602,1542,-0.21096471117489707
range_per_trade,short,9,9.801920456758239e-08,inf,3506,-0.07229144293459927,0.11256700004590475,0.33913291500285225,45,-0.1211673560763847
to_hi480,long,1,2.2203358152072457,3.930195002423329,3457,-0.07464825463415607,0.0928900028833904,0.3636100665316749,969,-0.21266276117900415
kyle,short,9,5.851409972842815e-07,inf,3506,-0.07553006964338412,0.10932837333711991,0.32886480319452366,139,-0.1629793955272061
to_hi24,short,9,4.73242607408487,inf,3504,-0.07984703485885912,0.1050114081216449,0.353310502283105,1609,-0.1267208751543057
atr_pct,short,7,0.01024928332853292,0.012094484505518277,3505,-0.07985769373053313,0.1050007492499709,0.3403708987161198,603,0.12123236514318682
persist96,short,7,0.15150004282865992,0.18862354237955942,3496,-0.08015392527362838,0.10470451770687564,0.357837528604119,1387,-0.17319156360223012
disp96,short,1,-7.425226839963677,-4.834122764050597,3496,-0.0806239621626615,0.10423448081784252,0.3555491990846682,1337,-0.12112448527305655
pos480,short,3,0.3298735216597219,0.42943995032960885,3457,-0.08123174859404987,0.10362669438645415,0.353485681226497,1805,-0.12203576561333324
pos24,short,1,0.16884289079273707,0.25732745322226325,3503,-0.08177548179895788,0.10308296118154614,0.36197544961461603,1198,-0.16796577770980445
to_hi24,long,3,1.4064536432365045,1.7425558546033877,3503,-0.08217351628593014,0.08536474123161633,0.36739937196688555,1119,-0.15966977271128938
to_lo96,short,1,1.5484848176956059,2.43858937326728,3496,-0.0822192246235879,0.10263921835691613,0.357837528604119,1292,-0.3031767000897139
since_hi480,long,1,16.0,47.0,3493,-0.08405368292070156,0.08348457459684491,0.3598625823074721,1034,-0.2654871874685217
atr_rank,long,9,0.9125,inf,3521,-0.08460030788499354,0.08293794963255294,0.3359840954274354,1564,-0.22659462396718288
since_lo480,long,0,-inf,35.0,3441,-0.08475317144548258,0.08278508607206389,0.34815460621912236,1586,-0.2406007570569808
to_hi96,long,3,2.855139547209417,3.7001787070528684,3496,-0.08658453083457834,0.08095372668296813,0.36155606407322655,1193,-0.2572017370701653
pos24,long,7,0.7015707559941756,0.7853460053125284,3503,-0.08894896005022396,0.07858929746732252,0.36283185840707965,1331,-0.23846745504762845
flow_eff,long,7,0.16725136852687542,0.25910686036875036,3505,-0.08930226910892045,0.07823598840862603,0.34978601997146935,784,-0.1735397137141414
to_hi96,long,0,-inf,1.2628983629486399,3496,-0.08961122199734442,0.07792703552020205,0.3538329519450801,1365,-0.22083311759107757
disp6,long,9,1.7503490145936287,inf,3505,-0.09016823656578797,0.0773700209517585,0.36262482168330956,1361,-0.3015078180578242
flow_eff,long,9,0.4775208277386536,inf,3505,-0.09087319619242666,0.07666506132511981,0.34122681883024253,700,-0.20304170822500586
since_lo480,short,0,-inf,35.0,3441,-0.09141801347763083,0.09344042950287319,0.3397268235977913,1585,-0.02655766191813387
range_per_trade,long,9,9.80293835338688e-08,inf,3506,-0.09164284273292043,0.07589541478462604,0.33685111237877924,45,-0.4667794053838611
range_rank,long,9,0.9020833333333333,inf,3457,-0.09233653460049074,0.07520172291705574,0.3442291003760486,1379,-0.19339011560715869
pos96,long,7,0.7289661531747977,0.8091362700493583,3495,-0.0945675636361709,0.07297069388137557,0.3616595135908441,967,-0.13838126977795873
tbi_ma96,short,0,-inf,-0.00909225637663121,3487,-0.09528248589452454,0.08957595708597949,0.3495841697734442,2120,-0.158566035293972
to_lo480,long,8,22.069812629910153,29.05920317291301,3457,-0.09686743817034546,0.07067081934720101,0.3644778709864044,1207,-0.24380265216913066
since_lo96,short,1,6.0,17.0,3879,-0.0969382544774987,0.08792018850300533,0.34287187419438,1438,-0.14246177609129015
atr_rank,short,8,0.7958333333333333,0.9125,3412,-0.09818446590632403,0.08667397707418,0.33821805392731535,1306,-0.07976181328132446
to_lo24,short,2,1.2268532248375712,1.5875579079812236,3503,-0.09820146792952422,0.0866569750509798,0.36140451041964033,1096,-0.2427937408348786
absorb,long,6,0.02231470090560533,0.048939406266294956,3504,-0.09914519723739955,0.06839306028014693,0.3530251141552511,970,-0.2218481301873548
kyle,long,8,4.674219180494275e-07,5.851425651404679e-07,3505,-0.09926214746605272,0.06827611005149375,0.33666191155492153,452,-0.03583220927522835
efficiency,long,7,0.1527100517192674,0.1872816679010705,3504,-0.09966503152311976,0.06787322599442672,0.3584474885844749,1331,-0.19884024119588745
to_hi480,long,0,-inf,2.2203358152072457,3458,-0.09967318011881073,0.06786507739873575,0.3490456911509543,1054,-0.15592083612211113
atr_rank,short,9,0.9125,inf,3521,-0.09981793402472705,0.08504050895577697,0.3297358704913377,1564,-0.023470648915103247
kyle_z,long,9,1.3104777011053335,inf,3487,-0.10129392873661067,0.06624432878093581,0.34815027244049324,1425,-0.18098941253743472
range_z,short,7,0.15575208107570482,0.5275572332998651,3486,-0.10165202175449072,0.08320642122601331,0.3488238668961561,1327,-0.17139338020645978
body_frac,long,9,0.6527866752081687,inf,3506,-0.10209527645773415,0.06544298105981232,0.3573873359954364,1534,-0.24849693570367196
vol_per_trade_z,long,5,-0.06017283232426621,0.21811166159462791,3487,-0.10223393901735645,0.06530431850019003,0.356753656438199,1301,-0.28367703696158447
pos96,short,4,0.4354589347887745,0.5315814332946884,3495,-0.10271413778616353,0.08214430519434049,0.3579399141630901,1221,-0.35717616626126075
persist96,long,8,0.18866188799291925,0.24158803569182166,3496,-0.10302720547453159,0.06451105204301488,0.35068649885583525,1099,-0.22209864214863295
to_lo96,long,8,9.337324690145687,11.42223944595839,3496,-0.10303638237172429,0.06450187514582219,0.35755148741418763,941,-0.23305846252649376
since_hi96,long,3,25.0,37.0,3311,-0.10320983139905324,0.06432842611849324,0.3563877982482634,1235,-0.2625225117431144
pos96,short,0,-inf,0.15525152410155071,3496,-0.10395020405432955,0.08090823892617448,0.3441075514874142,1516,-0.2173553100186904
disp24,long,2,-2.240210388224421,-1.3414125148179443,3503,-0.10439466955856339,0.06314358795898309,0.3559805880673708,1242,-0.17076176318058717
to_lo24,short,3,1.5875579079812236,1.944555986043482,3503,-0.10604504252020958,0.07881340046029445,0.3579788752497859,1139,-0.24599470171544793
to_hi96,long,1,1.2628983629486399,2.0540473050763164,3496,-0.1082464588307417,0.05929179868680477,0.3492562929061785,1205,-0.23144278540717875
flow_eff,long,8,0.25910686036875036,0.4775208277386536,3505,-0.10843117722454608,0.059107080293000394,0.3378031383737518,671,-0.3068851722473004
vol_of_vol,short,7,0.18140923836560627,0.6218336782608651,3455,-0.1092260109030671,0.07563243207743692,0.34934876989869756,1322,-0.10001891813267577
to_hi96,short,8,7.94786074620019,10.23138650133196,3496,-0.1097243023352607,0.07513414064524332,0.35297482837528604,1687,-0.20546364372140546
gap,short,2,-0.0001400166619741217,0.0,2111,-0.10975028068621193,0.0751081622942921,0.3292278540975841,718,-0.08186208235607799
atr_pct,long,9,0.015125124391696804,inf,3506,-0.10977283940281342,0.057765418114733055,0.3185966913861951,258,0.222393796229766
updn_ratio,long,9,0.576271186440678,inf,3587,-0.11009792147982678,0.0574403360377197,0.35768051296347925,1538,-0.23550851339039855
disp24,long,3,-1.3414125148179443,-0.5934711799238541,3502,-0.11024817517063641,0.05729008234691006,0.3580810965162764,1190,-0.2205928569716002
to_lo96,short,5,5.3512628736507395,6.466596891528056,3496,-0.11046527007729667,0.07439317290320735,0.35583524027459956,1275,-0.15530896960961316
pos96,long,9,0.8846720180363059,inf,3496,-0.11062250399149239,0.05691575352605409,0.34839816933638446,1396,-0.22627257458971622
avg_trade_usd,long,6,4047.6022370269357,4341.964034124539,3505,-0.11063620120679206,0.056902056310754415,0.34407988587731814,929,-0.3201814755290841
vol_of_vol,long,2,-0.7845097013382104,-0.6296451238961992,3455,-0.11084933803243219,0.056688919485114286,0.3557163531114327,1056,-0.12709118233289546
atr_rank,long,7,0.6729166666666667,0.7958333333333333,3493,-0.11112062181936566,0.05641763569818081,0.34211279702261665,1169,-0.29665740872970614
pos24,short,2,0.25732745322226325,0.34265474311765803,3504,-0.11120838585995153,0.07365005712055249,0.3550228310502283,1130,-0.276018267013849
wick_skew,long,4,-0.09272164150213236,-0.009933774834412767,3505,-0.11153600624273859,0.05600225127480789,0.35121255349500713,1290,-0.2886618504073658
disp96,long,8,6.059619357675194,8.812381329835077,3496,-0.1121000687246004,0.05543818879294607,0.34839816933638446,1100,-0.19416881294411414
flow_eff,short,0,-inf,-0.10037609530425694,3506,-0.11231098053669507,0.07254746244380895,0.34227039361095263,1168,-0.15978171888521206
ats_z96,long,5,-0.06575894239927992,0.2218701936837082,3487,-0.11277277556229802,0.054765481955248455,0.3538858617722971,1336,-0.24100842789864527
tbi_ma8,long,3,-0.009012029084198193,-0.005499988360265196,3504,-0.11302593239359107,0.0545123251239554,0.3527397260273973,962,-0.2569380757811084
kyle,short,8,4.6742614978291584e-07,5.851409972842815e-07,3505,-0.11329536866500482,0.0715630743154992,0.32838801711840226,452,-0.18948763171381963
dn_wick,long,0,-inf,0.04766125061546214,3505,-0.11334963367790173,0.05418862383964475,0.36262482168330956,1567,-0.26717116631003046
since_hi480,short,0,-inf,16.0,3419,-0.11390168162150012,0.0709567613590039,0.3419128400116993,1091,-0.26542346305608727
tbi_ma8,long,9,0.014431134992252912,inf,3504,-0.11392054243071399,0.05361771508683248,0.3604452054794521,2199,-0.2154526342230775
lo_pos,long,9,0.9491525423728814,inf,3618,-0.11415160548554511,0.05338665203200137,0.35461580983969043,1372,-0.22445897018532357
pos480,long,9,0.9121278446261167,inf,3458,-0.11626968184733731,0.05126857567020916,0.34788895315211105,1014,-0.12037139878968656
dow,short,3,3.0,4.0,4992,-0.1164676550053945,0.06839078797510953,0.34094551282051283,1848,-0.04244270142056642
flow_eff,short,9,0.47727841905466983,inf,3506,-0.11703522566630073,0.0678232173142033,0.32430119794637763,701,-0.1510332808691382
close_loc,short,6,0.6111447973027267,0.7053886509814072,3505,-0.11705124226253848,0.06780720071796555,0.3492154065620542,1213,-0.24368362910750163
dow,long,2,2.0,3.0,4988,-0.1171455737039598,0.05039268381358668,0.3444266238973536,1847,-0.17706925079838098
atr_pct,short,4,0.00731595416114364,0.008167752622716812,3505,-0.11743399819984174,0.06742444478066228,0.34350927246790297,1120,-0.20402561423742863
to_lo480,long,7,17.99357945247185,22.069812629910153,3457,-0.11804673214312186,0.04949152537442461,0.3549320219843795,1366,-0.44145261594388185
dn_wick,short,9,0.5995955266041966,inf,3506,-0.11806887422347578,0.06678956875702824,0.3545350827153451,1203,-0.25632012506066104
close_loc,long,1,0.12756849315069818,0.22429961663225598,3505,-0.11809710917231767,0.04944114834522881,0.35035663338088446,1313,-0.24005961947072296
pos96,short,1,0.15525152410155071,0.24508466036683874,3496,-0.11810832152978826,0.06675012145071577,0.3544050343249428,1386,-0.12232986220422178
since_lo96,short,0,-inf,6.0,3064,-0.1181247353179892,0.06673370766251482,0.3364882506527415,1315,-0.13526670599021517
dq,short,3,-0.044599431120501694,-0.024332985178659627,3505,-0.11816714480984511,0.06669129817065891,0.34465049928673325,950,-0.2067797935413927
atr_rank,long,8,0.7958333333333333,0.9125,3409,-0.11845507772421411,0.04908317979333236,0.3335288941038428,1306,-0.2619507551340035
dn_wick,long,3,0.15679442508710803,0.20978999334541032,3504,-0.11847479383629489,0.049063463681251585,0.3504566210045662,1246,-0.2480773350769557
updn_ratio,long,2,0.45,0.4666666666666667,2907,-0.11890535814835973,0.048632899369186744,0.34915720674234607,1003,-0.17979963636384338
to_hi24,long,5,2.118712466050531,2.547404566248727,3503,-0.11912378743781803,0.04841447007972845,0.35398230088495575,1151,-0.16732759690749066
accel,long,1,-1.5949999338919287,-1.0368846213385523,3503,-0.11928202537263384,0.048256232144912634,0.34456180416785614,1328,-0.2025300061663982
range_rank,short,9,0.9020833333333333,inf,3458,-0.11931911059699463,0.0655393323835094,0.3282244071717756,1378,-0.19240717255669987
range_z,long,8,0.5275796611161969,1.2144929581343429,3486,-0.11939523616326873,0.04814302135427774,0.34165232358003444,1397,-0.21092547640707027
accel,long,2,-1.0368846213385523,-0.6568934493913408,3503,-0.11956827852096216,0.04796997899658431,0.3482729089351984,1197,-0.23736422954948627
to_lo480,long,4,10.62965588321862,12.952719591817235,3457,-0.11968805872291592,0.04785019879463055,0.35030373155915534,1280,-0.2382116637820817
pos480,short,2,0.24998299317228478,0.3298735216597219,3458,-0.11978104253732591,0.06507740044317811,0.3533834586466165,1553,-0.29994247882756486
since_hi96,long,1,5.0,14.0,3771,-0.11995637799283428,0.0475818795247122,0.3394325112702201,1376,-0.29005443955271565
tbi,short,3,-0.022343545936647852,-0.012214650462303855,3505,-0.12002507820180923,0.0648333647786948,0.34407988587731814,951,-0.21048343445339787
persist24,short,8,0.3503193799095869,0.4467565438302885,3503,-0.12011021869822405,0.06474822428227997,0.33999429060805025,1256,-0.11095530512148534
persist24,long,9,0.44680075030667654,inf,3503,-0.12041504563316405,0.04712321188438243,0.3385669426206109,1198,-0.28610198079137306
range_per_trade,short,8,8.003314175457509e-08,9.801920456758239e-08,3505,-0.12052423696568028,0.06433420601482374,0.3360912981455064,326,-0.1676539668804554
kyle_z,long,8,0.7219283955481552,1.3104777011053335,3486,-0.12065977938218837,0.0468784781353581,0.3433734939759036,1456,-0.2513624071426531
tbi,short,5,-0.0025228834049872417,0.0072459441594207915,3506,-0.12076416480299582,0.06409427817750821,0.3419851682829435,926,-0.16015008531069863
atr_pct,short,5,0.008167752622716812,0.009089982062590797,3505,-0.12093841129327045,0.06392003168723358,0.3375178316690442,882,-0.14958805039719497
to_hi96,short,6,5.4808116833192715,6.547502304214035,3496,-0.12097877250068305,0.06387967047982097,0.34782608695652173,1120,-0.21119832855450074
rv_vs_range,long,0,-inf,0.47887919560887676,3505,-0.12166802208890835,0.04587023542863812,0.3486447931526391,1225,-0.24573426361874393
gap,short,1,-0.0005255021743175222,-0.0001400166619741217,3505,-0.1218435632188133,0.06301487976169072,0.3437945791726106,2248,-0.2681714218521271
vol_of_vol,long,4,-0.4690091380216294,-0.3024502890653504,3455,-0.12193968633354718,0.04559857118399929,0.34790159189580316,946,-0.24662832075900026
since_lo480,short,1,35.0,90.0,3437,-0.12194685347974231,0.06291158950076171,0.34303171370381147,1377,-0.045163182668313595
absorb_z,long,3,-0.10248792295548023,-0.031385892188925756,3382,-0.12211981225337584,0.04541844526417063,0.34831460674157305,1326,-0.2662922296740646
m1_jump,long,0,-inf,0.13223962898923006,3506,-0.1226952671872214,0.04484299033032507,0.35139760410724474,1093,-0.20639945558773812
up_wick,long,9,0.5815698535461575,inf,3506,-0.12278251029573901,0.04475574722180746,0.3525385054192812,1272,-0.25970080412394797
absorb,long,5,-0.0095729566515923,0.02231470090560533,3504,-0.12282231533968832,0.04471594217785815,0.3416095890410959,1130,-0.22254079073239363
since_hi480,short,7,356.0,419.0,3462,-0.12285167218127072,0.06200677079923331,0.35037550548815716,1544,-0.23852602611988125
since_lo96,short,4,43.0,57.0,3640,-0.12318121578188546,0.06167722719861857,0.3524725274725275,1337,-0.44567025576918756
since_hi96,long,8,87.0,94.0,3438,-0.12331109750260341,0.04422716001494306,0.35369400814426993,1345,-0.2704862801501764
tbi_ma8,short,5,-0.002293081235609909,0.0009891897117414172,3504,-0.1233264091475061,0.06153203383299792,0.3447488584474886,991,-0.16801536881176934
wick_skew,long,8,0.2682608695652153,0.4212237762237803,3505,-0.12344371808085362,0.04409453943669285,0.3529243937232525,1280,-0.14584245399609602
dq,long,7,0.03539887904055265,0.05985647054317514,3504,-0.12375730295208569,0.043780954565460786,0.346175799086758,1088,-0.18253522781653364
to_lo480,short,2,6.187768349158728,8.392212860215505,3458,-0.12388961124618231,0.060968831734321716,0.3449971081550029,1365,-0.11786499162126697
since_hi480,short,5,212.0,280.0,3446,-0.12417154270287792,0.060686900277626105,0.3482298316889147,1060,-0.16477093863236478
to_hi480,short,8,19.85843237179248,26.509844738871895,3457,-0.12417699844182327,0.060681444538680754,0.3500144634075788,1373,-0.10686802465518541
efficiency,long,9,0.23900197154902794,inf,3506,-0.12419471591191605,0.04334354160563042,0.35082715345122645,1499,-0.23380897701928924
rpt_z,long,9,1.3493692007832532,inf,3487,-0.12420163621600361,0.043336621301542866,0.34786349297390307,1347,-0.29873214328135633
dn_wick,long,4,0.20978999334541032,0.2664324100868051,3505,-0.12442206744059106,0.04311619007695541,0.3463623395149786,1260,-0.19328222281577875
since_lo480,long,7,406.0,447.0,3466,-0.12460954650733178,0.0429287110102147,0.34968263127524524,1441,-0.17544979947754913
ats_z96,short,7,0.5291338836006354,0.9035497128464198,3486,-0.12476910080960342,0.0600893421709006,0.34652897303499713,1224,-0.2167593593762074
extreme_late,long,9,0.9830508474576272,inf,4611,-0.12477736662656393,0.04276089089098255,0.34938191281717634,1574,-0.27977301276399386
disp96,short,4,-1.2291624003956825,0.3262363077069926,3496,-0.12483767041762225,0.06002077256288177,0.34725400457665906,1430,-0.25509510757129916
since_lo96,long,9,94.0,inf,4233,-0.12487301975848655,0.04266523775905992,0.34727143869596033,1493,-0.3142207028016992
dow,long,0,-inf,1.0,5013,-0.12505420916793863,0.04248404834960784,0.35088769200079795,1824,-0.27283400707603783
tbi_ma96,short,2,-0.0066377527299552805,-0.005084746179126531,3486,-0.12507135716533924,0.05978708581516479,0.34566838783706255,1001,-0.09745564457396479
dq,short,5,-0.00487688927005777,0.0146393274823047,3506,-0.12568012398352865,0.05917831899697537,0.3402738163148888,925,-0.15611406871482347
tbi,long,7,0.01764831014968805,0.029862265913306874,3504,-0.1257223712135337,0.041815886304012784,0.3456050228310502,1085,-0.18287954483513275
since_hi480,short,2,47.0,92.0,3421,-0.1257408387716109,0.059117604208893115,0.3490207541654487,986,-0.201551660386103
absorb,short,4,-0.03599055329338004,-0.009616937455554904,3504,-0.12611261293736972,0.0587458300431343,0.341324200913242,1058,-0.2176973549371366
rpt_rank,long,8,0.7979166666666667,0.9020833333333333,3366,-0.12618439724582065,0.04135386027172583,0.3490790255496138,1326,-0.2522828775479614
tbi_ma24,long,4,-0.004382145320575756,-0.002292503145556573,3500,-0.12637052399195414,0.04116773352559233,0.34885714285714287,999,-0.16487846667716582
gap,long,2,-0.00014004175636436611,0.0,2112,-0.12649849175184427,0.0410397657657022,0.3271780303030303,718,-0.23877834551569016
to_lo24,long,5,2.3383140812917147,2.79152951679434,3503,-0.12656052341756913,0.04097773409997735,0.3519840137025407,1254,-0.2450303302110705
vol_of_vol,long,5,-0.3024502890653504,-0.09352258062790189,3455,-0.12676571148385293,0.04077254603369354,0.3467438494934877,1123,-0.21917809692877857
hi_pos,long,1,0.01694915254237288,0.06779661016949153,3175,-0.12677850338521934,0.04075975413232713,0.3464566929133858,1097,-0.2196104238790759
tbi_ma24,short,1,-0.01293703335055698,-0.00937502087601858,3501,-0.12680821047730073,0.05805023250320329,0.3439017423593259,1228,-0.1043898369924088
disp24,short,8,2.546367556177998,3.9673832398711566,3503,-0.126907026764993,0.05795141621551103,0.34427633457036827,1391,-0.2164087174688876
to_hi480,long,3,5.788681426549066,7.824172416409834,3457,-0.12718239549196036,0.04035586202558611,0.3497251952560023,1320,-0.2840596378841276
minofday,long,1,120.0,240.0,2922,-0.12719387841776414,0.040344379099782335,0.3459958932238193,1074,-0.14974279469809962
hour,long,1,2.0,4.0,2922,-0.12719387841776414,0.040344379099782335,0.3459958932238193,1074,-0.14974279469809962
to_hi480,short,5,10.437870989391957,13.05939892173169,3458,-0.12722642626769934,0.057632016712804685,0.34123770965876227,1201,-0.10040670644737783
dq_cum24,long,4,-0.2077685487308505,-0.10734445135256199,3500,-0.12748234121162397,0.040055916305922507,0.3485714285714286,1000,-0.16950408415416518
since_lo480,long,5,297.0,355.0,3469,-0.12751743313060845,0.04002082438693802,0.3516863649466705,1167,-0.2157068558242089
rpt_rank,long,9,0.9020833333333333,inf,3468,-0.12766829969918767,0.03986995781835881,0.34832756632064593,1310,-0.29216930435142646
disp6,long,1,-1.6833695162593407,-0.9932703680625695,3504,-0.1281938335077352,0.03934442400981128,0.3444634703196347,1370,-0.24883917128607058
efficiency,long,6,0.12518256049372525,0.1527100517192674,3506,-0.128367348720588,0.039170908796958476,0.34711922418710783,1272,-0.2713384017066914
trade_intensity,short,6,0.9183169347161517,1.0938041535806375,3496,-0.12837193815135806,0.05648650482914597,0.33867276887871856,1120,-0.21853534596171745
to_lo24,short,7,3.3568473039731686,4.102103881031209,3502,-0.1289338493235918,0.055924593656912214,0.3409480296973158,1406,-0.23386526426835116
to_hi24,long,7,3.0674041073385268,3.7472219404572784,3503,-0.12899490197098398,0.03854335554656249,0.3457036825578076,1231,-0.2752469453128297
pos480,long,8,0.8485056542124645,0.9121278446261167,3457,-0.1290734736242613,0.03846478389328517,0.35117153601388484,816,-0.21957462564346053
dq_cum24,short,1,-0.6181846653428081,-0.44740475046223144,3501,-0.12951817380672592,0.0553402691737781,0.34333047700656955,1230,-0.10405400656602613
disp6,long,3,-0.5800784433837209,-0.2545470175123008,3504,-0.1296132623961913,0.037924995121355165,0.3481735159817352,1201,-0.22196037262468335
vol_per_trade_z,short,8,0.8872707945349163,1.3943094212414708,3486,-0.12983982244807604,0.05501862053242798,0.34050487664945495,1180,-0.2922103121675513
kyle_z,short,6,0.065265194085833,0.3483409589405492,3486,-0.12987319948723533,0.05498524349326869,0.3419391853126793,1239,-0.21503747692450179
pos480,long,1,0.15720251592183546,0.24998267450977849,3457,-0.12989812113819826,0.03764013637934821,0.3494359271044258,1283,-0.07892861509472122
rpt_z,long,4,-0.3480095155101118,-0.10267890418950931,3486,-0.1300514355872634,0.037486821930283076,0.3473895582329317,1266,-0.18299333852736713
dn_wick,long,2,0.10449389179754535,0.15679442508710803,3506,-0.13009422642131788,0.0374440310962286,0.3468339988590987,1331,-0.24639451631226802
vol_of_vol,short,1,-0.9973208051003113,-0.7844736401501188,3455,-0.1301462950017683,0.05471214797873572,0.3536903039073806,1305,-0.23949268265956986
to_lo96,long,2,2.4390984893716388,3.3858857314716357,3495,-0.13027500884570212,0.03726324867184436,0.34449213161659514,1392,-0.1461006963563323
since_hi24,long,9,24.0,inf,4327,-0.13044757593228712,0.037090681585259355,0.3461982898081812,1726,-0.2579250276817613
lo_pos,long,6,0.5423728813559322,0.6949152542372882,3866,-0.13063276903793009,0.03690548847961639,0.34661148473874803,1445,-0.22603027461163633
close_loc,long,0,-inf,0.12756849315069818,3505,-0.13067523268674724,0.03686302483079923,0.35406562054208274,1555,-0.21425336601215214
ats_z96,long,1,-1.3171373442078413,-0.9180069413378932,3486,-0.1306987989636894,0.03683945855385706,0.3482501434308663,1396,-0.22833082556195658
to_lo480,short,3,8.392212860215505,10.630130844913717,3457,-0.13074308514171923,0.054115357838784794,0.34075788255713046,1257,-0.2824200486539611
persist96,short,6,0.1222412085365729,0.15150004282865992,3495,-0.1307515630201975,0.054106879960306525,0.3453505007153076,1193,-0.07769792686168205
tbi_ma8,short,1,-0.018818661270048855,-0.013168222731794297,3504,-0.13080502798709734,0.054053414993406684,0.3453196347031963,1185,-0.18654148679955276
disp6,short,6,0.30897542536760264,0.6372663604710782,3504,-0.1309776131071354,0.05388082987336862,0.3464611872146119,1161,-0.2620558253366576
dow,long,4,4.0,5.0,5015,-0.13105788135494947,0.036480376162597,0.33798604187437686,1848,-0.1765491239598232
wick_skew,long,6,0.06885006475791743,0.1572975603820633,3505,-0.13108715167980659,0.03645110583773989,0.3486447931526391,1329,-0.22807154466415203
atr_pct,long,6,0.009090220729099612,0.010249493245290285,3505,-0.13120963754002424,0.036328619977522236,0.33238231098430815,677,-0.16849607696126856
disp6,short,8,1.0520877959579347,1.749491596183005,3505,-0.13154713447119024,0.05331130850931379,0.3360912981455064,1469,-0.23391155485107062
accel,long,9,1.596055826130647,inf,3503,-0.13169115950408267,0.03584709801346381,0.34770196974022266,1449,-0.3075977835749215
extreme_late,long,8,0.9491525423728814,0.9830508474576272,2509,-0.1323496941835143,0.03518856333403217,0.34555599840573936,1025,-0.16809293081132465
hour,long,8,19.0,21.0,2920,-0.1323634910328839,0.035174766484662584,0.3410958904109589,1074,-0.2687701697311338
minofday,long,8,1140.0,1260.0,2920,-0.1323634910328839,0.035174766484662584,0.3410958904109589,1074,-0.2687701697311338
range_per_trade,long,8,8.003186456174393e-08,9.80293835338688e-08,3505,-0.13242298848108316,0.03511526903646331,0.336376604850214,326,-0.333314904327002
hi_pos,short,6,0.559322033898305,0.6949152542372882,3269,-0.13278643286789998,0.05207201011260404,0.3450596512695014,1221,-0.16435966383998005
to_lo96,long,9,11.42223944595839,inf,3496,-0.1329855259473665,0.03455273157017996,0.35411899313501144,1252,-0.2124602758434949
gap,long,4,0.0001556734320804442,0.0005444089520571384,3505,-0.13316530778489682,0.03437294973264965,0.34179743223965764,2199,-0.2588947467431797
tbi_z24,short,3,-0.55893199857665,-0.27963059391005535,3501,-0.13340657854005505,0.05145186444044897,0.3453299057412168,1308,-0.2556648504346465
atr_rank,long,5,0.45416666666666666,0.5583333333333333,3462,-0.13354984530980268,0.03398841220774379,0.341421143847487,1250,-0.203953973574241
avg_trade_usd,long,8,4692.394905622238,5170.308523926393,3505,-0.13370418712542256,0.03383407039212391,0.33580599144079887,1416,-0.22209372975888114
trade_intensity,short,9,1.8866439446942507,inf,3496,-0.13370661834305098,0.05115182463745305,0.3326659038901602,1533,-0.1817125259758279
since_hi96,short,6,64.0,77.0,3672,-0.1337677363030728,0.051090706677431236,0.3453159041394335,1241,-0.3727165398920146
tbi_ma96,long,7,0.0005141340842066832,0.0023259445475222406,3485,-0.1339404257868289,0.033597831730717564,0.34949784791965566,1249,-0.15002918777411686
to_hi96,long,5,4.54340207317335,5.4807810478273336,3496,-0.1340246739727401,0.03351358354480638,0.34439359267734554,1052,-0.12367580165475953
to_lo96,long,7,7.822571754098701,9.337324690145687,3495,-0.1340997047415665,0.033438552775979985,0.34506437768240344,1200,-0.26735387017166024
avg_trade_usd,long,5,3754.5133282397496,4047.6022370269357,3505,-0.1341086015920915,0.033429655925454965,0.3383737517831669,853,-0.2838777699087982
to_hi480,short,6,13.05939892173169,15.764896416043587,3457,-0.1341736046541191,0.05068483832638493,0.3369973965866358,1301,-0.18870115880438665
atr_pct,short,6,0.009089982062590797,0.01024928332853292,3506,-0.1342561510440737,0.050602291936430316,0.3302909298345693,677,-0.06119476008186994
range_z,short,9,1.2144248027472546,inf,3487,-0.13431613431511893,0.05054230866538509,0.32979638657872096,1389,-0.2018708321528077
persist96,long,3,0.05428066308019503,0.07503621416638247,3495,-0.13446013421903286,0.03307812329851362,0.3479256080114449,1322,-0.31335688597826744
persist24,long,2,0.06551430528482759,0.10045886296216157,3503,-0.13446990740883485,0.03306835010871162,0.35055666571510136,1230,-0.2468400091324306
vol_of_vol,long,9,1.3854907864196977,inf,3455,-0.13453161606052022,0.03300664145702625,0.32821997105643996,1546,-0.1902534660639366
dow,long,1,1.0,2.0,5014,-0.13461565242910145,0.03292260508844502,0.3386517750299162,1824,-0.2261126847846203
range_rank,short,8,0.8,0.9020833333333333,3390,-0.13468715730903216,0.05017128567147186,0.33421828908554574,1251,-0.10079147804112604
to_lo96,short,0,-inf,1.5484848176956059,3496,-0.13487359253837666,0.04998485044212736,0.3318077803203661,1488,-0.1633829126222363
to_hi24,long,4,1.7425558546033877,2.118712466050531,3502,-0.13489493550544326,0.03264332201210321,0.3500856653340948,1157,-0.2460548305558853
since_lo24,long,4,11.0,14.0,3131,-0.135059827498304,0.03247843001924247,0.35036729479399553,1137,-0.2355566496242604
since_hi480,long,9,463.0,inf,3491,-0.1352605670531279,0.032277690464418585,0.34460040103122314,1940,-0.2559384923633035
since_hi24,long,8,22.0,24.0,3599,-0.13526281914222918,0.032275438375317295,0.3462072797999444,1386,-0.20204932789365154
range_rank,short,7,0.6958333333333333,0.8,3412,-0.13555050447131808,0.04930793850918594,0.3355803048065651,1322,-0.20721677700115249
since_hi24,long,5,14.0,17.0,3291,-0.13586447519838468,0.03167378231916179,0.34518383470069885,1144,-0.20930105769228252
tbi_z24,long,6,0.26265015955318777,0.5489135931990291,3500,-0.13628066827764174,0.03125758923990474,0.3437142857142857,1350,-0.2482556176929909
body_frac,long,8,0.4906194690265521,0.6527866752081687,3505,-0.13655041165291631,0.03098784586463016,0.34522111269614836,1282,-0.2531517647691653
trade_intensity,short,8,1.3699875283211977,1.8866439446942507,3496,-0.1368591680038904,0.04799927497661363,0.3355263157894737,1219,-0.172431764297624
ats_rank480,long,6,0.6166666666666667,0.7208333333333333,3398,-0.13711804763879543,0.030420209878751048,0.3466745144202472,1248,-0.2586981387857688
vol_per_trade_z,long,0,-inf,-1.3282601363054172,3486,-0.13732045699437279,0.030217800523173688,0.3473895582329317,1025,-0.21197703630429138
up_wick,long,2,0.09831588529814343,0.14705882352941266,3505,-0.13751687890890427,0.030021378608642207,0.3426533523537803,1272,-0.23932122253864246
atr_pct,long,5,0.008167399771210213,0.009090220729099612,3505,-0.1375664708141487,0.029971786703397785,0.33238231098430815,883,-0.11534981444393838
lo_pos,long,3,0.15254237288135594,0.2711864406779661,3669,-0.13759566203930787,0.029942595478238604,0.34396293267920414,1236,-0.29055774030333315
vol_per_trade_z,short,9,1.3943094212414708,inf,3487,-0.13789609674888906,0.046962346231614965,0.33782621164324633,1302,-0.13267561859721053
tbi_z8,long,0,-inf,-1.3254278593191913,3504,-0.13794136794389872,0.029596889573647756,0.3438926940639269,1315,-0.20329086824305856
kyle_z,long,3,-0.6168203892961551,-0.39327822999906087,3486,-0.138080724177679,0.029457533339867475,0.3462421113023523,1127,-0.2354277904533236
disp96,long,5,0.3258296392142681,1.9176852110575184,3496,-0.13809323605579013,0.029445021461756343,0.3469679633867277,1480,-0.37931692470361317
persist6,long,1,0.0651225432025398,0.13241732941946946,3504,-0.13823704266372422,0.029301214853822255,0.3453196347031963,1239,-0.18693050274999654
dq_cum24,long,3,-0.3167060916609393,-0.2077685487308505,3500,-0.1386711518261633,0.028867105691383177,0.3454285714285714,1029,-0.25696212553709374
range_z,long,9,1.2144929581343429,inf,3487,-0.13883343241142945,0.02870482510611702,0.335818755377115,1390,-0.19466768074609853
wick_skew,long,5,-0.009933774834412767,0.06885006475791743,3506,-0.13891022158001035,0.028628035937536128,0.34312606959498004,1309,-0.3177438740284511
range_per_trade,long,7,7.000449334773479e-08,8.003186456174393e-08,3504,-0.13921766628824536,0.028320591229301112,0.3384703196347032,599,-0.32963883090157187
flow_eff,short,8,0.25907936369995255,0.47727841905466983,3505,-0.13949479175007093,0.045363651230433094,0.3238231098430813,670,-0.12381755249456504
since_lo480,long,6,355.0,406.0,3431,-0.13973638982705935,0.02780186769048712,0.3453803555814631,1229,-0.26818881367406056
tbi_ma8,long,6,0.000994304080640357,0.004513839063884073,3504,-0.14021725484389158,0.027321002673654893,0.3433219178082192,980,-0.19617569275016686
since_hi96,long,4,37.0,51.0,3626,-0.14023338571799634,0.02730487179955013,0.34666298952013236,1290,-0.32358543471521256
tbi,short,2,-0.03440155979547233,-0.022343545936647852,3505,-0.14024526045877636,0.04461318252172766,0.33894436519258203,1041,-0.18929690905334504
absorb,long,3,-0.06473179690530916,-0.035987180661839945,3504,-0.14064806294943358,0.026890194568112896,0.3393264840182648,972,-0.24381792293159976
vol_of_vol,long,3,-0.6296451238961992,-0.4690091380216294,3455,-0.1409602166445953,0.02657804087295118,0.34819102749638203,1155,-0.3330642762358871
since_hi24,long,6,17.0,20.0,3603,-0.14101309222467476,0.026525165292871716,0.3452678323619206,1245,-0.21534131377173998
dq_cum24,short,2,-0.44740475046223144,-0.31674050438605317,3500,-0.14115803488573914,0.043700408094764887,0.34,1080,-0.0890820140635901
since_lo480,long,8,447.0,472.0,3343,-0.14126760939480892,0.02627064812273755,0.34789111576428355,1215,-0.3392499423604867
pos24,long,3,0.3427709625795179,0.4340804563396049,3503,-0.14142346420733112,0.02611479331021535,0.34456180416785614,1103,-0.2262345692948959
to_hi96,short,1,1.2632164189852033,2.0541422810151624,3496,-0.14144343372772566,0.04341500925277836,0.33581235697940504,1204,-0.16168582346503046
kyle,long,5,3.254370881307893e-07,3.604720060206766e-07,3505,-0.14147115939188062,0.02606709812566585,0.3378031383737518,965,-0.26866242435862225
pos24,long,8,0.7853460053125284,0.8671451896340179,3503,-0.14149296752738505,0.026045289990161424,0.3428489865829289,1248,-0.20452736990014564
persist96,short,5,0.09721086953233207,0.1222412085365729,3496,-0.1415364381529834,0.04332200482752063,0.340675057208238,1203,-0.22243454020423528
tbi_z96,short,5,-0.011150504220790818,0.2532712998177229,3487,-0.141588927161162,0.04326951581934202,0.3386865500430169,1294,-0.1439063438791754
to_lo96,long,6,6.4667250708631165,7.822571754098701,3496,-0.14177294044893413,0.025765317068612348,0.34725400457665906,1367,-0.17324935389782656
ats_rank480,long,5,0.5083333333333333,0.6166666666666667,3429,-0.1418620546997307,0.02567620281781577,0.3444152814231554,1303,-0.27461987870740356
pos24,long,4,0.4340804563396049,0.5239335902801266,3502,-0.14189127119143513,0.025646986326111343,0.3500856653340948,1134,-0.18069251749264256
tbi_z8,long,8,0.9243507562885676,1.337608557750014,3504,-0.1420261694491616,0.02551208806838487,0.3427511415525114,1250,-0.2673815395884677
dq,short,2,-0.06866717931042439,-0.044599431120501694,3505,-0.1420513167957352,0.04280712618476881,0.3383737517831669,1038,-0.19196928964078921
body_frac,short,4,-0.16190102957444252,0.01444866920153198,3505,-0.14206176025904976,0.04279668272145426,0.34179743223965764,1250,-0.19984262849892184
wick_skew,long,9,0.4212237762237803,inf,3506,-0.1420863041046904,0.025451953412856082,0.34740444951511695,1314,-0.25506551790549375
updn_ratio,long,4,0.48333333333333334,0.5,3548,-0.14213696657363903,0.025401290943907445,0.3382187147688839,1137,-0.24445766462227084
since_hi24,short,1,2.0,4.0,3182,-0.1422592112989721,0.04259923168153193,0.3359522313010685,1182,-0.19802912170205553
atr_rank,long,6,0.5583333333333333,0.6729166666666667,3456,-0.14240730174298194,0.025130955774564534,0.33796296296296297,1164,-0.26449593476367067
since_lo24,long,5,14.0,18.0,4394,-0.14249595372794013,0.02504230378960634,0.34865725989986346,1589,-0.1942710574717556
absorb_z,long,4,-0.031385892188925756,0.04287851477593898,3382,-0.14254460804370048,0.024993649473845997,0.34180958013010054,1314,-0.2281045190273362
since_lo96,long,3,29.0,43.0,3548,-0.14262292627924417,0.024915331238302307,0.34441939120631343,1309,-0.0752435795208152
hi_pos,long,5,0.423728813559322,0.559322033898305,3475,-0.14270721290405058,0.02483104461349589,0.3424460431654676,1206,-0.13496285507556352
since_lo24,short,2,5.0,8.0,3459,-0.14271781696875047,0.04214062601175356,0.3382480485689506,1223,-0.21573375984969495
dq_cum24,short,7,0.10034290136984453,0.22995042207704294,3500,-0.14276613151989778,0.04209231146060624,0.3402857142857143,1123,-0.1793384093616611
kyle,short,5,3.254384549509429e-07,3.60472744796427e-07,3506,-0.14278912839355906,0.04206931458694496,0.33513976041072446,966,-0.05040495856575617
hi_pos,long,9,0.9491525423728814,inf,3647,-0.1431751350831477,0.024363122434398782,0.3405538799012887,1280,-0.2605776502192074
kyle_z,short,7,0.3483409589405492,0.7219421313250163,3486,-0.14338580240781598,0.04147264057268804,0.33763625932300634,1345,-0.22127325502416012
tbi_ma24,long,3,-0.006665502469025113,-0.004382145320575756,3500,-0.14350145410591272,0.02403680341163375,0.3437142857142857,1027,-0.25376204675495345
rpt_rank,long,7,0.6945833333333363,0.7979166666666667,3394,-0.1435896270411722,0.023948630476374272,0.3447259870359458,1263,-0.2569942617080634
extreme_late,short,8,0.9491525423728814,0.9830508474576272,2511,-0.1442312542127757,0.040627188767728334,0.33811230585424135,1025,-0.2070678270856527
to_lo96,short,2,2.43858937326728,3.3852698403734536,3496,-0.1442833199635755,0.04057512301692853,0.33752860411899316,1392,-0.2113007384837048
range_per_trade,long,4,5.195277209200453e-08,5.699816606744858e-08,3505,-0.14435509225878507,0.023183165258761407,0.3449358059914408,1340,-0.24062740012756545
tbi_ma24,short,7,0.002034315058950242,0.004728208645485204,3500,-0.14439397850189345,0.04046446447861057,0.3397142857142857,1125,-0.1849219754331111
trade_intensity,long,9,1.8866635371813185,inf,3496,-0.1444354375652598,0.023102819952286663,0.3343821510297483,1535,-0.2284934470527374
hour,long,7,16.0,19.0,4379,-0.14481814913501675,0.02272010838252972,0.3393468828499657,1610,-0.23564371499060857
minofday,long,7,960.0,1140.0,4379,-0.14481814913501675,0.02272010838252972,0.3393468828499657,1610,-0.23564371499060857
range_z,short,6,-0.08813803033525729,0.15575208107570482,3486,-0.1449241317313697,0.039934311249134324,0.33763625932300634,1208,-0.19646582373816976
trade_intensity,long,7,1.0938196868702361,1.3701632767423777,3495,-0.14492570864820475,0.02261254886934172,0.33533619456366237,1195,-0.1379274057590075
persist24,long,4,0.13777379959599464,0.18076196118595877,3503,-0.14529746140074937,0.022240796116797107,0.3437053953753925,1395,-0.24787279156782852
avg_trade_usd,long,4,3470.621277472928,3754.5133282397496,3505,-0.14540178934924508,0.022136468168301393,0.3420827389443652,785,-0.20277476911322426
is_weekend,long,0,-inf,1.0,25020,-0.14540946090241003,0.022128796615136448,0.3359712230215827,9191,-0.24034319871459375
ats_z96,long,8,0.9033492976221263,1.4142807627712655,3486,-0.14544132553293207,0.022096931984614404,0.3399311531841652,1169,-0.11995431594970395
since_lo96,long,6,69.0,80.0,3434,-0.1454833923084532,0.022054865209093277,0.3456610366919045,1254,-0.3351412712208505
disp96,long,2,-4.8352192464526365,-3.009493946350255,3496,-0.14570952382022495,0.021828733697321523,0.3395308924485126,1088,-0.1334630483706836
persist24,long,3,0.10045886296216157,0.13777379959599464,3502,-0.14576372102915047,0.021774536488396,0.3449457452884066,1271,-0.16326960560318826
kyle,short,7,4.0541002834888506e-07,4.6742614978291584e-07,3505,-0.14577925639619266,0.039079186584311365,0.3281027104136947,602,-0.1189330718157226
kyle,long,7,4.0536093109717846e-07,4.674219180494275e-07,3504,-0.14579372442623306,0.02174453309131341,0.3276255707762557,602,-0.23990046900354972
updn_ratio,long,8,0.55,0.576271186440678,4146,-0.14596382923212287,0.021574428285423608,0.3376748673420164,1599,-0.3173884015948316
dn_wick,long,1,0.04766125061546214,0.10449389179754535,3505,-0.14599086715422577,0.021547390363320706,0.34350927246790297,1441,-0.16091065053024342
body_frac,short,1,-0.6436358353304513,-0.4742666229819878,3505,-0.146174239129552,0.03868420385095203,0.33951497860199714,1331,-0.15173402697744862
tbi,long,6,0.007259800232072081,0.01764831014968805,3505,-0.14620518697330545,0.021333070544241023,0.3355206847360913,968,-0.2637854225533854
dq_z96,short,5,-0.011120968695583088,0.25334630643625244,3487,-0.146247564812414,0.03861087816809003,0.33725265271006594,1295,-0.14723859435620998
tbi_z24,long,9,1.3068793801442729,inf,3501,-0.14629923465511013,0.02123902286243634,0.342473578977435,1276,-0.19710311844591727
avg_trade_usd,short,8,4692.353522852496,5170.536798251279,3505,-0.14655310838224303,0.03830533459826099,0.32667617689015693,1416,-0.27411488582954013
tbi_ma24,short,2,-0.00937502087601858,-0.0066674876553554354,3500,-0.1466791443619471,0.03817929861855693,0.3382857142857143,1073,-0.08483714403804514
pos24,long,9,0.8671451896340179,inf,3503,-0.14683279891963552,0.020705458597910953,0.33713959463317156,1486,-0.3316313047702959
dq_z96,long,0,-inf,-1.284450942417189,3486,-0.14696427807257204,0.02057397944497444,0.34394721744119333,1266,-0.21345150199919005
body_frac,long,1,-0.6435540546164786,-0.47412050733765154,3505,-0.14700031079098722,0.02053794672655926,0.34008559201141225,1332,-0.25356709516370013
tbi_z96,long,0,-inf,-1.2844531188209214,3486,-0.14703698855539313,0.020501268962153346,0.34394721744119333,1266,-0.21345150199919005
to_hi96,long,7,6.547443493680569,7.947464081063922,3495,-0.14708387713633622,0.020454380381210252,0.3424892703862661,1397,-0.1860482988694442
tbi_z24,long,0,-inf,-1.298750886744611,3501,-0.14713205994460132,0.02040619757294515,0.340759782919166,1267,-0.24521783419385484
close_loc,long,8,0.7952532174494411,0.8856655290102857,3505,-0.14717924981740474,0.020359007700141735,0.34065620542082736,1298,-0.2679634363531944
dq_cum24,short,6,-0.00713351373723701,0.10034290136984453,3501,-0.1473419157776913,0.03751652720281273,0.3387603541845187,1013,-0.21359556537073865
range_rank,short,6,0.5916666666666667,0.6958333333333333,3393,-0.14744168316375236,0.03741675981675166,0.3336280577659888,1299,-0.1219774362500726
tbi_z24,long,5,-0.00863303514321201,0.26265015955318777,3501,-0.14755823695131523,0.019980020566231244,0.3401885175664096,1225,-0.31456082554852743
range_rank,long,7,0.6958333333333333,0.8,3411,-0.14761768103613634,0.01992057648141013,0.33479917912635593,1322,-0.19815411239479125
m1_jump,short,9,0.42248780067873043,inf,3506,-0.14790242148884084,0.03695602149166319,0.3399885909868796,1314,-0.2727847326805168
persist6,long,2,0.13241732941946946,0.2012700203201986,3505,-0.1479509198932072,0.019587337624339285,0.3420827389443652,1250,-0.29203185617175403
absorb,short,5,-0.009616937455554904,0.022297793768403785,3505,-0.14818512275451873,0.036673320225985295,0.3275320970042796,1129,-0.1624547440306464
absorb_z,long,2,-0.19089951879284986,-0.10248792295548023,3382,-0.14836517026841178,0.01917308724913469,0.33826138379657006,1262,-0.2918232938095508
tbi_z8,long,6,0.2812667359686501,0.594309895656965,3504,-0.14861600136217062,0.01892225615537585,0.3401826484018265,1341,-0.24852152632105623
rv_vs_range,long,1,0.47887919560887676,0.5350363455260542,3505,-0.14902864640258634,0.018509611114960134,0.3375178316690442,1162,-0.2171132439870097
rpt_rank,long,5,0.49166666666666664,0.59375,3401,-0.14913731811665046,0.018400939400896016,0.3413701852396354,1291,-0.1982491666204034
wick_skew,short,3,-0.18101028855272933,-0.09272795187700142,3505,-0.14933845792918157,0.03551998505132245,0.33894436519258203,1260,-0.20200676465360123
vol_per_trade_z,short,6,0.21811957490930367,0.5282819921030399,3486,-0.14946687910320927,0.03539156387729475,0.33763625932300634,1289,-0.18322793045170224
flow_eff,short,7,0.16727026502278414,0.25907936369995255,3505,-0.14949342603184923,0.03536501694865479,0.32667617689015693,783,-0.23264553196211146
up_wick,long,4,0.19737991266374275,0.25190533821797423,3505,-0.14974001358636338,0.017798243931183094,0.3398002853067047,1216,-0.1899282404659123
to_hi24,long,2,1.069518951221863,1.4064536432365045,3503,-0.14974891948427724,0.017789338033269236,0.3439908649728804,1250,-0.1965639743859832
ats_rank480,short,2,0.1875,0.29583333333333334,3418,-0.15003412455929452,0.034824318421209505,0.33703920421299005,1389,-0.19125221939359285
avg_trade_usd,long,7,4341.964034124539,4692.394905622238,3505,-0.15017451953715666,0.017363737980389815,0.33067047075606276,1113,-0.2996598036597473
pos24,short,6,0.6138155484190788,0.7014979029358871,3503,-0.15020189151619973,0.0346565514643043,0.3408506994005138,1204,-0.24216617808213034
updn_ratio,short,5,0.5,0.5166666666666667,4040,-0.1502298705078826,0.03462857247262141,0.3373762376237624,1431,-0.24585955261276268
tbi_ma24,short,6,-0.00020860742653513824,0.002034315058950242,3501,-0.15034420393436437,0.03451423904613965,0.3379034561553842,1023,-0.20815864418246532
dq,long,6,0.014656204236725302,0.03539887904055265,3505,-0.15044926726370506,0.01708899025384142,0.3340941512125535,967,-0.25735859775871966
absorb,short,2,-0.11164256179823663,-0.06473607273189788,3505,-0.15112445937173621,0.03373398360876781,0.3383737517831669,1215,-0.16473150004182344
kyle,short,6,3.60472744796427e-07,4.0541002834888506e-07,3505,-0.15130381501551435,0.033554627964989675,0.3263908701854494,844,-0.12213586093488239
wick_skew,short,1,-0.44535920260333944,-0.2900143724943223,3505,-0.1513637986530293,0.03349464432747473,0.34065620542082736,1269,-0.16013139192995704
kyle,long,6,3.604720060206766e-07,4.0536093109717846e-07,3506,-0.15140483752138514,0.01613341999616133,0.3291500285225328,844,-0.1872690633646132
efficiency,short,1,0.020168491899048575,0.039769751358038,3505,-0.15145638276301757,0.03340206021748646,0.3369472182596291,1196,-0.22221474342785322
ats_rank480,long,1,0.08541666666666667,0.1875,3395,-0.1515034709425539,0.016034786574992577,0.33961708394698087,1297,-0.25307182178614124
trade_intensity,long,4,0.6867990787646716,0.7906093546577474,3495,-0.15156605583804125,0.01597220167950522,0.3361945636623748,1106,-0.37210458931448415
lo_pos,short,1,0.01694915254237288,0.06779661016949153,3337,-0.15171812162238565,0.03314032135811837,0.33533113575067425,1110,-0.1545154482994686
hour,short,0,-inf,2.0,2921,-0.15208173155387436,0.03277671142662966,0.3355015405682985,1074,-0.20087877681106736
minofday,short,0,-inf,120.0,2921,-0.15208173155387436,0.03277671142662966,0.3355015405682985,1074,-0.20087877681106736
wick_skew,short,0,-inf,-0.44535920260333944,3506,-0.15228771880962655,0.032570724170877474,0.3448374215630348,1256,-0.20556418508868715
to_hi96,short,9,10.23138650133196,inf,3496,-0.15231156911924565,0.032546873861258374,0.3504004576659039,1487,-0.22963309656138375
tbi_ma8,long,4,-0.005499988360265196,-0.002291202283934597,3503,-0.15235822307017002,0.01518003444737645,0.33713959463317156,929,-0.21303760467593097
rpt_rank,short,0,-inf,0.09166666666666666,3386,-0.15270759781399867,0.03215084516650535,0.3349084465445954,1185,-0.16026643637223567
dq_cum24,long,8,0.22996557221616826,0.4084961669216186,3500,-0.152715228627034,0.014823028890512485,0.3382857142857143,1195,-0.22349702965620277
rv_vs_range,short,3,0.5809161796076915,0.6225149082542218,3505,-0.1527503267709411,0.032108116209562915,0.3369472182596291,1186,-0.23473992226882093
extreme_late,long,7,0.8813559322033898,0.9491525423728814,3974,-0.1528136181532452,0.014724639364301267,0.34071464519375944,1625,-0.21937158302225956
lo_pos,long,0,-inf,0.01694915254237288,3407,-0.15288101763385403,0.014657239883692441,0.3393014382154388,1333,-0.20137232397615046
rpt_z,long,8,0.8132322610676569,1.3493692007832532,3486,-0.1529397242556581,0.014598533261888369,0.33964429145152036,1278,-0.2480731844731521
body_frac,long,0,-inf,-0.6435540546164786,3505,-0.1529552766706356,0.01458298084691087,0.34065620542082736,1559,-0.2150769445395166
disp6,long,5,0.02205155091405652,0.3094401207868264,3505,-0.15297012510241698,0.014568132415129498,0.34350927246790297,1194,-0.2507536144685107
since_hi96,long,0,-inf,5.0,3154,-0.15310537771423413,0.014432879803312343,0.3332276474318326,1171,-0.25021345491113445
m1_jump,long,4,0.1939728684667973,0.21532537725103748,3505,-0.15315279890272937,0.014385458614817104,0.3378031383737518,1284,-0.21917516307976997
tbi_z8,short,3,-0.5978834620719594,-0.3044015092635516,3504,-0.15356107775151648,0.031297365228987545,0.3381849315068493,1301,-0.19157543502338417
since_lo96,long,7,80.0,89.0,3597,-0.15360129343245094,0.013936964085095538,0.3419516263552961,1287,-0.35247067411254757
persist24,short,7,0.2814951845773422,0.3503193799095869,3503,-0.15364788665168042,0.031210556328823608,0.33399942906080504,1349,-0.28438045349907276
flow_div,short,2,1.0,inf,6909,-0.15368715844659137,0.031171284533912658,0.337675495730207,3038,-0.1986522578387102
dq,long,5,-0.0048509850317834035,0.014656204236725302,3506,-0.15375739929280022,0.013780858224746256,0.3314318311466058,922,-0.23392611462361795
to_lo480,long,0,-inf,3.6756425379750324,3458,-0.15388505942091957,0.013653198096626906,0.32706766917293234,1520,-0.2536145807522009
vol_of_vol,long,6,-0.09352258062790189,0.18138423356926006,3455,-0.15412525196571675,0.013413005551829726,0.3369030390738061,1207,-0.14544734605261275
tbi_z8,long,5,-0.007860203970958502,0.2812667359686501,3504,-0.15413484971026056,0.01340340780728591,0.3378995433789954,1254,-0.2896834069673637
tbi_ma8,short,7,0.004511655469418089,0.008540376451014622,3504,-0.1542265346916986,0.03063190828880541,0.3333333333333333,985,-0.19601562312726853
since_lo24,long,6,18.0,20.0,2516,-0.15440261313950457,0.013135644378041905,0.345389507154213,888,-0.26066363160025524
persist6,long,5,0.3507347023524269,0.43816634325498194,3505,-0.15481101695229132,0.012727240565255149,0.3392296718972896,1313,-0.2737092399293091
tbi_ma24,long,8,0.004728899240359251,0.008454645175572713,3500,-0.15487624531963126,0.012662012197915212,0.3377142857142857,1200,-0.2253562768312615
hour,short,6,14.0,16.0,2921,-0.1549132334726782,0.02994520950782581,0.33173570694967475,1074,-0.2382568033094297
minofday,short,6,840.0,960.0,2921,-0.1549132334726782,0.02994520950782581,0.33173570694967475,1074,-0.2382568033094297
since_hi96,short,9,94.0,inf,3580,-0.1551141989132027,0.029744244067301334,0.33519553072625696,1574,-0.21265810454863954
absorb,short,3,-0.06473607273189788,-0.03599055329338004,3503,-0.1551199483181836,0.029738494662320425,0.33114473308592635,972,-0.1741422407382788
disp96,long,7,3.758146320117008,6.059619357675194,3495,-0.15513524930091283,0.012403008216633649,0.33905579399141633,1303,-0.2781758690003163
tbi_ma96,short,5,-0.0023368873113277914,-0.0009750282643225718,3487,-0.15516130389360058,0.02969713908690344,0.3392601089761973,987,-0.2954130898180403
sess_eu,long,0,-inf,1.0,23366,-0.15525594809574572,0.012282309421800752,0.3363862021740991,8589,-0.23441641232618518
ats_z96,short,9,1.4143308047582226,inf,3487,-0.15551560895010225,0.029342834030401777,0.32979638657872096,1266,-0.12823786148619398
vol_per_trade_z,long,7,0.5283671685094133,0.8872151507600214,3485,-0.15557392683160168,0.011964330685944796,0.3377331420373027,1202,-0.2956359482447791
rv_vs_range,long,5,0.6646145502177332,0.7078403382857064,3506,-0.1556345495882397,0.011903707929306784,0.3379920136908157,1221,-0.20020503540073017
since_lo96,long,5,57.0,69.0,3289,-0.1556658721132215,0.011872385404324975,0.3447856491334752,1194,-0.1565478876394345
close_loc,short,2,0.22422299322091718,0.3192689778863603,3505,-0.15570280124827807,0.029155641732225956,0.3369472182596291,1250,-0.24853570199531697
sess_us,long,1,1.0,inf,11681,-0.15577023496721767,0.0117680225503288,0.3372998887081585,4295,-0.23410581290044694
persist6,long,8,0.6444933987154325,0.7892439397587019,3505,-0.1557924203512935,0.011745837166252965,0.3369472182596291,1321,-0.27300374878038924
atr_rank,short,3,0.25416666666666665,0.3541666666666667,3499,-0.15590516532235488,0.028953277658149146,0.3423835381537582,1390,-0.2757594795506179
gap,long,3,0.0,0.0001556734320804442,18918,-0.15616418141950048,0.011374076098045999,0.33777354900095147,7524,-0.23516799835912372
sess_asia,long,1,1.0,inf,11685,-0.15620412231790773,0.011334135199638745,0.3375267436884895,4296,-0.21217259678428765
m1_jump,long,1,0.13223962898923006,0.15479519785968646,3505,-0.15627457230893957,0.011263685208606905,0.3378031383737518,1237,-0.2383608231009148
pos24,long,6,0.6138532344689285,0.7015707559941756,3503,-0.15630285488574064,0.011235402631805835,0.3414216385954896,1204,-0.23561243789557038
dn_wick,short,6,0.32704676039276964,0.39515758971058285,3505,-0.1563406368826385,0.028517806097865528,0.3369472182596291,1225,-0.2307209498514471
ats_rank480,short,3,0.29583333333333334,0.40208333333333335,3420,-0.15637196543185863,0.02848647754864539,0.3371345029239766,1290,-0.20259291082835737
up_wick,short,6,0.3116926905538165,0.38194796821488614,3505,-0.15642755713465722,0.0284308858458468,0.3338088445078459,1271,-0.21308191763839285
to_hi24,long,0,-inf,0.6911971241462413,3503,-0.1564283796316566,0.01110987788588988,0.3359977162432201,1550,-0.32937322800732477
extreme_late,short,4,0.6271186440677966,0.7288135593220338,3425,-0.15656418479866088,0.02829425818184314,0.3351824817518248,1315,-0.19513225013638588
dq_z96,long,9,1.3026822452345859,inf,3487,-0.15677574154161608,0.010762515975930392,0.34184112417550905,1224,-0.27866673816239074
tbi_z96,long,9,1.3026402138502327,inf,3487,-0.15677676539948907,0.010761492118057409,0.34184112417550905,1225,-0.2767254531302377
hi_pos,long,3,0.15254237288135594,0.2711864406779661,3555,-0.15681211541011278,0.010726142107433695,0.33811533052039383,1292,-0.23886374423329723
tbi_z8,long,9,1.337608557750014,inf,3504,-0.15692691132048195,0.010611346197064525,0.3367579908675799,1341,-0.26283369853731076
body_frac,short,6,0.18560220279664283,0.33955068989824816,3505,-0.15697119649804428,0.027887246482459743,0.33523537803138376,1107,-0.21956545423782997
rpt_rank,short,1,0.09166666666666666,0.1875,3410,-0.15715644111875351,0.027702001861750508,0.3346041055718475,1245,-0.12154572195878922
vol_per_trade_z,short,7,0.5282819921030399,0.8872707945349163,3486,-0.1571584565941018,0.027699986386402226,0.3336201950659782,1202,-0.1770060456556444
tbi_z24,long,4,-0.27936106457114346,-0.00863303514321201,3500,-0.15730300872905817,0.010235248788488305,0.3365714285714286,1327,-0.2361155335265237
up_wick,short,1,0.04540103139754067,0.09829612082697817,3505,-0.15735375497074333,0.02750468800976069,0.33523537803138376,1371,-0.1961793477202206
tbi_z96,long,7,0.5366000723397816,0.8559847387098153,3485,-0.15742867978016997,0.010109577737376502,0.3377331420373027,1233,-0.2593095170959867
rpt_z,long,5,-0.10267890418950931,0.15483404525013458,3487,-0.15745017097986322,0.010088086537683255,0.33753943217665616,1208,-0.22375443586960259
range_z,long,7,0.15574085282456893,0.5275796611161969,3485,-0.157512935372465,0.010025322145081478,0.3337159253945481,1327,-0.2446347880169706
efficiency,short,3,0.05902240067927874,0.07929479009051228,3505,-0.1576049766001153,0.027253466380388724,0.3378031383737518,1236,-0.2923051035743815
pos96,long,2,0.24512193508457547,0.34030749706592617,3495,-0.1577162363102896,0.009822021207256865,0.3393419170243205,1414,-0.10347065376037545
ats_rank480,short,9,0.91875,inf,3415,-0.15776085733292328,0.027097585647580746,0.33177159590043925,1155,-0.24839306439195527
range_rank,long,6,0.5916666666666667,0.6958333333333333,3392,-0.15782969481645115,0.009708562701095325,0.33254716981132076,1300,-0.24723458304019327
flow_eff,short,5,0.07379126922689383,0.11176733654077298,3505,-0.15785552593924318,0.027002917041260843,0.33523537803138376,1205,-0.13380911249508234
tbi,long,5,-0.0025118752323227134,0.007259800232072081,3506,-0.15791392521518374,0.009624332302362731,0.3300057045065602,925,-0.23104879880346996
accel,long,8,1.0402117742718529,1.596055826130647,3503,-0.15799353459702736,0.00954472292051911,0.3397088210105624,1311,-0.2774512394313814
to_lo480,long,1,3.6756425379750324,6.187450383506311,3457,-0.15810255904783074,0.009435698469715731,0.32803008388776395,1491,-0.21419587250777652
updn_ratio,short,4,0.48333333333333334,0.5,3548,-0.15819420555599228,0.02666423742451174,0.3314543404735062,1137,-0.23727290872276668
since_hi96,short,7,77.0,87.0,3520,-0.1582233898819696,0.026635053098534422,0.3397727272727273,1261,-0.14440162144380067
to_hi480,long,2,3.930195002423329,5.788681426549066,3457,-0.15831547775236027,0.009222779765186206,0.3367081284350593,1013,-0.32771971162529506
to_hi480,short,7,15.764896416043587,19.85843237179248,3458,-0.15833368462111863,0.026524758359385392,0.33111625216888374,1613,-0.1468600952277702
trade_intensity,long,6,0.9183112851464554,1.0938196868702361,3496,-0.1585199205645586,0.009018336952987871,0.3306636155606407,1120,-0.24962389919812641
atr_pct,long,7,0.010249493245290285,0.012094807255301558,3505,-0.15852287091123352,0.009015386606312958,0.3166904422253923,603,-0.26602268977314164
rv_vs_range,long,4,0.622538352089746,0.6646145502177332,3505,-0.15865250774007258,0.00888574977747389,0.336376604850214,1209,-0.24740624043949602
since_hi480,short,4,147.0,212.0,3494,-0.15865815417384613,0.026200288806657895,0.3371493989696623,1106,-0.18935048623121747
since_lo480,long,2,90.0,161.0,3475,-0.15871237156917065,0.008825885948375828,0.3398561151079137,1437,-0.19466250403747185
efficiency,short,5,0.10096825040241555,0.12518583711810038,3506,-0.1587711858998901,0.026087257080613935,0.3354249857387336,1239,-0.14891605628456897
since_lo24,long,8,22.0,24.0,3920,-0.1588285594561296,0.008709698061416887,0.336734693877551,1407,-0.283511360900183
since_hi96,long,9,94.0,inf,3579,-0.15890340126350336,0.008634856254043116,0.33920089410449844,1574,-0.2118154847535223
kyle_z,short,9,1.3104035597772279,inf,3487,-0.1590632625562829,0.02579518042422113,0.32205334098078575,1425,-0.22653645436190106
trade_intensity,long,8,1.3701632767423777,1.8866635371813185,3496,-0.15908812266581943,0.008450134851727048,0.3295194508009153,1219,-0.19267582077785025
flow_div,long,0,-inf,-0.0,28130,-0.15915730778077397,0.008380949736772503,0.3371134020618557,9845,-0.24620561085148646
dq_z96,long,5,-0.010687749058145573,0.2534837072259642,3487,-0.1594604834599383,0.008077774057608178,0.33409807857757384,1294,-0.31000330914408586
up_wick,long,6,0.31169140407969287,0.38192419825074764,3506,-0.15948318053550686,0.00805507698203961,0.336280661722761,1271,-0.2186557495567221
persist6,short,2,0.13242102245085957,0.201284576805425,3505,-0.15950343642251313,0.02535500655799089,0.3346647646219686,1249,-0.159904116227992
flow_eff,long,6,0.11175661839932971,0.16725136852687542,3505,-0.1595379542202233,0.00800030329732318,0.33238231098430815,985,-0.22406366307523848
ats_rank480,long,2,0.1875,0.29583333333333334,3418,-0.1596224559175596,0.007915801599986866,0.33703920421299005,1391,-0.2813598767369109
close_loc,short,9,0.8855757425926173,inf,3506,-0.15979822331325225,0.025060219667251776,0.33485453508271534,1455,-0.23217384529801485
to_lo24,long,6,2.79152951679434,3.356963590425551,3503,-0.15981428956422616,0.00772396795332031,0.33999429060805025,1358,-0.2168468754104023
flow_eff,long,0,-inf,-0.10039390885577024,3505,-0.1599489014379352,0.007589356079611281,0.3258202567760342,1168,-0.18402029064418082
trade_intensity,long,5,0.7906093546577474,0.9183112851464554,3496,-0.1599499936053377,0.007588263912208765,0.3320938215102975,1131,-0.20364417448108751
dq_z96,long,7,0.5364860934092187,0.856022324744133,3485,-0.15997337464223307,0.0075648828753134,0.33687230989956957,1238,-0.2556169772215487
absorb_z,short,7,0.15504037324586356,0.24581065623553078,3383,-0.1600532049934437,0.02480523798706033,0.33047590895654744,1360,-0.2442661285008762
close_loc,long,9,0.8856655290102857,inf,3506,-0.16013689108510995,0.007401366432436524,0.33371363377067886,1456,-0.2523489388342445
rpt_z,short,2,-0.8707882241988164,-0.5952333564414918,3486,-0.16021774373517936,0.024640699245324665,0.3344807802639128,1300,-0.17055511903456666
to_lo480,short,1,3.67598241350325,6.187768349158728,3457,-0.16022657791980063,0.02463186506070339,0.32484813422042236,1491,-0.1896927072819179
efficiency,long,4,0.07929147162585962,0.10096502050574056,3505,-0.1602576478695039,0.007280609648042585,0.3360912981455064,1285,-0.27082711254233094
dq,short,4,-0.024332985178659627,-0.00487688927005777,3505,-0.16032310123840704,0.024535341742096983,0.3320970042796006,992,-0.1759561531000638
range_per_trade,long,6,6.279381134209305e-08,7.000449334773479e-08,3506,-0.1604821832548874,0.0070560742626590844,0.33513976041072446,955,-0.19119382370775884
tbi_z96,short,1,-1.2847960970910701,-0.8521134451649677,3486,-0.16048839853805233,0.024370044442451694,0.3353413654618474,1272,-0.23691102533450112
since_lo24,short,9,24.0,inf,4770,-0.1605285059722299,0.024329937008274127,0.33563941299790356,1746,-0.2534749390009931
dq_z96,long,3,-0.5408303643544059,-0.269855193760302,3485,-0.16065036779296155,0.006887889724584928,0.33486370157819223,1215,-0.21195692461983565
tbi_z24,short,7,0.5488835166464306,0.8768637522671332,3500,-0.16071265532579618,0.024145787654707845,0.3322857142857143,1298,-0.28360564804887906
tbi_z96,long,6,0.25354617079639735,0.5366000723397816,3486,-0.1607207246051249,0.00681753291242157,0.33562822719449226,1388,-0.2152834638734807
tbi,long,9,0.04729522390774932,inf,3506,-0.16081455784738535,0.006723699670161121,0.3502567027952082,2212,-0.26205774789584624
rpt_rank,long,4,0.3875,0.49166666666666664,3441,-0.1608691135674863,0.006669143950060186,0.3365300784655623,1350,-0.2050218734988869
tbi_z96,long,3,-0.5408809655324626,-0.27014708912831364,3485,-0.16089662139284325,0.006641636124703226,0.33486370157819223,1216,-0.21333835494476353
dq,long,9,0.09469505467041175,inf,3506,-0.16100483688962486,0.006533420627921616,0.3499714774671991,2209,-0.2620451608593508
vol_of_vol,short,8,0.6218336782608651,1.3853273587886468,3455,-0.16109915926635252,0.023759283714151508,0.32735166425470336,1434,-0.15112709624508522
tbi_ma8,long,8,0.00854252655659345,0.014431134992252912,3504,-0.16112277536609407,0.006415482151452406,0.3350456621004566,1229,-0.2785016965305146
tbi_z96,long,5,-0.011059489642630798,0.25354617079639735,3487,-0.16119151224814968,0.006346745269396797,0.33352451964439345,1295,-0.3128462238692937
dq_z96,short,4,-0.2699502057856792,-0.011120968695583088,3486,-0.1612210706244421,0.02363737235606192,0.33562822719449226,1372,-0.22151233446435847
efficiency,short,0,-inf,0.020168491899048575,3506,-0.161342621525985,0.023515821454519026,0.3354249857387336,1280,-0.15785934576248617
minofday,short,9,1260.0,inf,4382,-0.16136403449203984,0.02349440848846418,0.33386581469648563,1610,-0.17678902594115425
hour,short,9,21.0,inf,4382,-0.16136403449203984,0.02349440848846418,0.33386581469648563,1610,-0.17678902594115425
range_z,long,6,-0.08814181220829605,0.15574085282456893,3487,-0.1614561406417308,0.0060821168758156685,0.3306567249784915,1208,-0.21069175022237072
since_hi24,short,0,-inf,2.0,2814,-0.16147849232470876,0.023379950655795262,0.32196162046908317,1118,-0.14538049709081313
dq_z96,long,6,0.2534837072259642,0.5364860934092187,3486,-0.16148235009809003,0.006055907419456441,0.3353413654618474,1383,-0.21651639422458882
rpt_rank,short,5,0.49166666666666664,0.59375,3402,-0.1615388439840482,0.02331959899645583,0.33274544385655497,1291,-0.26278784854926673
disp96,long,6,1.9176852110575184,3.758146320117008,3495,-0.1616378344481554,0.005900423069391064,0.3370529327610873,1262,-0.30122563710197353
lo_pos,long,1,0.01694915254237288,0.06779661016949153,3337,-0.1616726746423331,0.005865582875213382,0.33293377284986514,1110,-0.28805029794130693
persist6,long,3,0.2012700203201986,0.27438237950974914,3504,-0.16172216702449568,0.005816090493050791,0.3367579908675799,1286,-0.20404621713471266
tbi_ma96,short,1,-0.00909225637663121,-0.0066377527299552805,3486,-0.16183773810996419,0.023020704870539838,0.331899024670109,1598,-0.11415354511519087
atr_rank,short,7,0.6729166666666667,0.7958333333333333,3491,-0.1618388496251348,0.02301959335536921,0.3228301346319106,1169,-0.13745453645623482
up_wick,long,8,0.4665415884928174,0.5815698535461575,3505,-0.16186569474703005,0.0056725627705164205,0.33723252496433664,1160,-0.22767886255560832
tbi_ma8,short,4,-0.005504043799500987,-0.002293081235609909,3503,-0.16186615353232212,0.022992289448181907,0.3317156722809021,929,-0.1804900335876707
wick_skew,long,7,0.1572975603820633,0.2682608695652153,3504,-0.16211872626808424,0.005419531249462234,0.3376141552511416,1277,-0.22509307405025025
persist6,short,0,-inf,0.06512687997240726,3505,-0.16213191651564743,0.022726526464856595,0.33666191155492153,1217,-0.24191495549183004
range_rank,long,8,0.8,0.9020833333333333,3391,-0.1621330585151293,0.005405199002417177,0.325567679150693,1252,-0.2714984497957573
since_lo480,short,9,472.0,inf,3619,-0.1621770664198595,0.022681376560644534,0.3348991434097817,909,-0.2667218806840638
dq,long,0,-inf,-0.10316877690607655,3505,-0.162322604394158,0.005215653123388481,0.3477888730385164,2216,-0.23345065123857422
hour,long,9,21.0,inf,4382,-0.16237925735953906,0.00515900015800741,0.33386581469648563,1609,-0.27936917432221364
minofday,long,9,1260.0,inf,4382,-0.16237925735953906,0.00515900015800741,0.33386581469648563,1609,-0.27936917432221364
persist6,short,7,0.5340346000503838,0.6444490255566521,3505,-0.16249673480842214,0.022361708172081884,0.331811697574893,1289,-0.22658538296048467
dq_z96,long,8,0.856022324744133,1.3026822452345859,3486,-0.16252428215559186,0.005013975361954609,0.3353413654618474,1337,-0.26412514481275096
to_hi480,long,7,15.76461380095585,19.85925902942041,3457,-0.1625662947388075,0.004971962778738986,0.3320798380098351,1613,-0.2828802620251466
tbi_ma24,short,0,-inf,-0.01293703335055698,3501,-0.16258933192255876,0.022269111057945268,0.3333333333333333,2207,-0.27409826535663384
updn_ratio,long,6,0.5166666666666667,0.5333333333333333,3680,-0.16261008539542854,0.004928172122117935,0.3342391304347826,1330,-0.2733241015409506
m1_jump,short,5,0.21531530560274703,0.24114264351244624,3505,-0.16264650628134703,0.022211936699156998,0.33295292439372326,1356,-0.1685271984748497
tbi_ma96,short,3,-0.005084746179126531,-0.00370729864151965,3486,-0.16273030190904075,0.02212814107146327,0.33419391853126795,909,-0.196043340258227
dq_z96,short,1,-1.285505189616678,-0.8518812674259425,3486,-0.1628900097344447,0.02196843324605932,0.3344807802639128,1270,-0.23545310790006818
tbi,long,0,-inf,-0.0516076753479513,3505,-0.16301227186547745,0.00452598565206902,0.34750356633380886,2221,-0.2342399529554967
persist96,short,0,-inf,0.017164419219013623,3496,-0.16310216836760405,0.021756274612899973,0.33895881006864986,1572,-0.22838789148933644
dq_z96,short,2,-0.8518812674259425,-0.5412977730757438,3486,-0.1631676782531293,0.021690764727374717,0.33390705679862304,1280,-0.2301791279057826
extreme_late,short,0,-inf,0.2542372881355932,3483,-0.16321959996937338,0.021638843011130643,0.3336204421475739,1168,-0.2132374768570236
tbi,long,4,-0.012209930801478364,-0.0025118752323227134,3505,-0.16322499582826758,0.004313261689278897,0.331811697574893,989,-0.28584650208930995
disp24,short,6,0.7651211417499388,1.5335678684469338,3503,-0.16336538754019503,0.021493055440308995,0.3377105338281473,1197,-0.22452218568518595
tbi_z96,short,2,-0.8521134451649677,-0.5411376714227041,3486,-0.1634905396120865,0.021367903368417512,0.33390705679862304,1281,-0.22867070860807331
persist6,long,6,0.43816634325498194,0.5340424588761487,3504,-0.16353176038585102,0.004006497131695458,0.3370433789954338,1355,-0.22030544749762987
dq_cum24,short,0,-inf,-0.6181846653428081,3501,-0.16369549324439597,0.02116294973610805,0.33304770065695516,2209,-0.27354586576589884
since_hi24,short,4,10.0,14.0,4235,-0.16383908647741144,0.021019356503092584,0.33884297520661155,1503,-0.22072470278926856
lo_pos,short,5,0.3898305084745763,0.5423728813559322,3444,-0.16392429178765835,0.020934151192845668,0.3356562137049942,1277,-0.2289136249605788
absorb_z,short,5,0.04281834112683909,0.10212011959444633,3383,-0.16394681740704228,0.02091162557346174,0.33490984333431867,1321,-0.2965263097020433
dq,short,6,0.0146393274823047,0.03537842527030936,3505,-0.164051641074059,0.020806801906445016,0.32553495007132666,965,-0.17731478002431555
tbi_z96,long,8,0.8559847387098153,1.3026402138502327,3486,-0.16405568267106202,0.003482574846484454,0.3347676419965577,1336,-0.26390453925870294
to_hi96,long,2,2.0540473050763164,2.855139547209417,3495,-0.1642444598509081,0.0032937976666383706,0.3350500715307582,1157,-0.3370097566393929
tbi,short,4,-0.012214650462303855,-0.0025228834049872417,3505,-0.16427806902765124,0.020580373952852782,0.33067047075606276,990,-0.17426569022633268
tbi_ma8,short,8,0.008540376451014622,0.01442878604440023,3504,-0.16429636692569768,0.02056207605480634,0.3299086757990868,1226,-0.2506949434362203
since_lo96,long,1,6.0,17.0,3881,-0.16435513836274646,0.003183119154800018,0.3295542385982994,1438,-0.23838254995266664
range_rank,long,5,0.4875,0.5916666666666667,3413,-0.16437803652669894,0.0031602209908475343,0.33284500439496045,1243,-0.24328680927023136
kyle_z,short,5,-0.17597387653597554,0.065265194085833,3487,-0.1644749077907911,0.02038353518971292,0.3320906223114425,1219,-0.15196421116631276
body_frac,long,2,-0.47412050733765154,-0.31937984496121774,3505,-0.16456123954976398,0.0029770179677824915,0.3360912981455064,1208,-0.24649144131349454
since_hi480,long,0,-inf,16.0,3419,-0.164568970537108,0.002969286980438468,0.32290143316759284,1093,-0.17399365159767316
to_hi480,long,6,13.059180410274578,15.76461380095585,3457,-0.1646586782725774,0.002879579244969066,0.3294764246456465,1301,-0.29098792453389644
rpt_z,long,7,0.4522497862661188,0.8132322610676569,3485,-0.16474874755409105,0.002789509963455422,0.33687230989956957,1248,-0.22948722383481565
dn_wick,long,5,0.2664324100868051,0.3270469181232662,3505,-0.1647710707350461,0.002767186782500375,0.33295292439372326,1228,-0.2617102293715488
tbi_ma96,long,4,-0.003707272151290242,-0.002337411885334456,3486,-0.16487843820167106,0.002659819315875417,0.33763625932300634,860,-0.28556077411611586
m1_jump,long,5,0.21532537725103748,0.24115891391142746,3505,-0.1648870178598183,0.002651239657728177,0.33352353780313837,1358,-0.28855826521807615
since_hi24,long,3,7.0,10.0,3352,-0.16490682141268215,0.0026314361048643264,0.3305489260143198,1195,-0.2000392031355271
absorb_z,short,8,0.24581065623553078,0.43128175088064513,3382,-0.16494104759306857,0.01991739538743545,0.33027794204612654,1092,-0.20305384599386783
minofday,long,2,240.0,420.0,4383,-0.16502801714252602,0.002510240375020456,0.33561487565594345,1611,-0.24391019161298294
hour,long,2,4.0,7.0,4383,-0.16502801714252602,0.002510240375020456,0.33561487565594345,1611,-0.24391019161298294
m1_jump,long,3,0.17423152947346074,0.1939728684667973,3505,-0.16512522064804533,0.002413036869501145,0.3346647646219686,1210,-0.27820996360824213
tbi_z96,short,4,-0.2706095956000946,-0.011150504220790818,3486,-0.16518588356835784,0.019672559412146184,0.3344807802639128,1373,-0.22604435936823242
dq,long,4,-0.024309138698845708,-0.0048509850317834035,3505,-0.16518803928697715,0.0023502182305693287,0.3312410841654779,993,-0.28369434187950304
tbi_z8,short,4,-0.3044015092635516,-0.008000733386110848,3503,-0.16536477718380094,0.019493665796703086,0.3342848986582929,1281,-0.2772561798393227
hi_pos,long,4,0.2711864406779661,0.423728813559322,3996,-0.16546741312481925,0.002070844392727228,0.3358358358358358,1471,-0.24121272671099836
is_weekend,short,0,-inf,1.0,25022,-0.16548570091994974,0.019372742060554282,0.32687235232994966,9189,-0.1636475293659776
to_lo480,long,9,29.05920317291301,inf,3458,-0.16550097014666135,0.002037287370885127,0.3562753036437247,875,-0.18341270963465772
efficiency,long,8,0.1872816679010705,0.23900197154902794,3505,-0.1655824563564692,0.0019558011610772696,0.3355206847360913,1394,-0.21868706920285416
trade_intensity,short,3,0.5970599583794413,0.6867973369227981,3496,-0.16567306535425727,0.019185377626246752,0.3295194508009153,1076,-0.19752969489273328
ats_z96,long,9,1.4142807627712655,inf,3487,-0.16590642061893546,0.0016318368986110166,0.3323774017780327,1267,-0.3012983408237075
since_lo24,short,0,-inf,2.0,2567,-0.16598021143790834,0.018878231542595686,0.3307362680171406,1116,-0.2048279892745952
rpt_z,short,5,-0.10237005909744666,0.15502042994774456,3487,-0.16611413740567876,0.01874430557482526,0.3315170633782621,1210,-0.22604833010296643
persist24,short,6,0.22691963647162652,0.2814951845773422,3503,-0.1661491071268414,0.018709335853662634,0.33114473308592635,1404,-0.19060614330153278
m1_jump,short,6,0.24114264351244624,0.2754322560661481,3506,-0.1661857662812395,0.018672676699264534,0.33086138049058755,1370,-0.20546366232557303
since_lo96,long,0,-inf,6.0,3062,-0.16628868396997132,0.0012495735475751557,0.3203788373612018,1316,-0.29377359740293996
efficiency,long,2,0.03976952598563994,0.05899240190775233,3506,-0.1663128106318657,0.0012254468856807699,0.3334284084426697,1151,-0.2057147832332517
range_per_trade,long,2,4.173045657719025e-08,4.6919166314532726e-08,3505,-0.16670952805342215,0.0008287294641243226,0.34122681883024253,1890,-0.17680546475055045
persist24,long,6,0.22690319966125036,0.2814901052358526,3502,-0.1667339687031108,0.0008042888144356719,0.33238149628783553,1406,-0.2900325466675996
disp6,long,2,-0.9932703680625695,-0.5800784433837209,3505,-0.1667961048895885,0.0007421526279579871,0.33352353780313837,1236,-0.26407713602699345
absorb_z,short,4,-0.0314384226545138,0.04281834112683909,3382,-0.16687153797447124,0.017986905006032783,0.33086930810171494,1314,-0.23594506247878888
rv_vs_range,long,6,0.7078403382857064,0.7577521065309034,3504,-0.16701534610258342,0.0005229114149630509,0.3333333333333333,1217,-0.3161465418081826
hour,long,0,-inf,2.0,2919,-0.1670244629871354,0.0005137945304110603,0.3302500856457691,1074,-0.2271518564096936
minofday,long,0,-inf,120.0,2919,-0.1670244629871354,0.0005137945304110603,0.3302500856457691,1074,-0.2271518564096936
lo_pos,short,4,0.2711864406779661,0.3898305084745763,3342,-0.16724298323753925,0.017615459742964773,0.3327348892878516,1182,-0.15487174509066426
tbi_z24,short,4,-0.27963059391005535,-0.008951136082575573,3500,-0.16724674306174198,0.017611699918762047,0.3325714285714286,1326,-0.18434762834458646
dn_wick,short,8,0.4820893645405433,0.5995955266041966,3505,-0.1673454724405745,0.017512970539929534,0.3346647646219686,1202,-0.14228731270105746
ats_z96,short,2,-0.9178898040298049,-0.6012816013659061,3486,-0.1675018848519525,0.017356558128551525,0.33304647160068845,1466,-0.20119511373123067
persist24,long,8,0.35032434544471625,0.44680075030667654,3503,-0.1675427219345604,-4.464417013932964e-06,0.3257208107336569,1256,-0.343059115940932
updn_ratio,short,3,0.4666666666666667,0.48333333333333334,3501,-0.1676234854820081,0.017234957498495934,0.3324764353041988,1267,-0.22848904464458913
hi_pos,long,7,0.6949152542372882,0.8305084745762712,3620,-0.16762669709178044,-8.843957423396165e-05,0.3334254143646409,1276,-0.3010637346204205
lo_pos,long,8,0.8305084745762712,0.9491525423728814,3593,-0.1676641486961424,-0.00012589117859593268,0.33370442527136096,1363,-0.19823211610675667
trade_intensity,long,3,0.5970567029507732,0.6867990787646716,3496,-0.16766493414292274,-0.00012667662537627078,0.33237986270022885,1076,-0.2813019801373197
kyle_z,long,7,0.34785756705019966,0.7219283955481552,3485,-0.16770983092093983,-0.0001715734033933547,0.3299856527977044,1345,-0.21913541902068512
persist24,short,5,0.18076595828734104,0.22691963647162652,3503,-0.16797287564281005,0.016885567337693974,0.3288609763060234,1311,-0.10522743241175055
extreme_late,short,6,0.8135593220338984,0.8813559322033898,3267,-0.16800871786657215,0.016849725113931874,0.3311906948270585,1285,-0.2677980085703491
vol_per_trade_z,long,3,-0.5997801471852813,-0.33190751035545324,3485,-0.16827147461116643,-0.0007332170936199534,0.3345767575322812,1329,-0.270307667981161
persist96,long,4,0.07503621416638247,0.09721696384447032,3496,-0.16834952077447227,-0.0008112632569257927,0.3360983981693364,1161,-0.26863878180887446
since_hi96,short,0,-inf,5.0,3152,-0.16836607430021774,0.01649236868028628,0.32011421319796957,1171,-0.19729126401445587
tbi_ma8,long,2,-0.013167318676514859,-0.009012029084198193,3503,-0.16843666084431685,-0.0008984033267703806,0.3317156722809021,1036,-0.27196752638600924
tbi,short,6,0.0072459441594207915,0.017641626508084502,3505,-0.16855007687918228,0.016308366101321747,0.3241084165477889,966,-0.17260083648075839
absorb,short,7,0.04891154581979728,0.08648879105454607,3503,-0.16855866834378672,0.016299774636717307,0.32686268912360833,1110,-0.2399282229628372
rv_vs_range,long,8,0.8180357074173134,0.9109957472705922,3505,-0.1685738135240368,-0.001035556006490329,0.3360912981455064,1382,-0.2943649249715822
range_rank,long,2,0.17916666666666667,0.2791666666666667,3447,-0.1686841516837016,-0.0011458941661551258,0.33971569480707864,1284,-0.2638125306471357
lo_pos,short,7,0.6949152542372882,0.8305084745762712,3339,-0.16869452634683768,0.016163916633666342,0.3330338424678047,1345,-0.19636845211008475
rv_vs_range,long,2,0.5350363455260542,0.580930064457019,3505,-0.1688615579409037,-0.0013233004233572376,0.33295292439372326,1238,-0.2235045741444587
close_loc,short,5,0.5124856815578481,0.6111447973027267,3506,-0.16888688430135607,0.015971558679147957,0.33371363377067886,1207,-0.18805546201933357
range_per_trade,short,7,7.000627178497832e-08,8.003314175457509e-08,3505,-0.16892004978169328,0.01593839319881074,0.3241084165477889,600,-0.2057839107666634
to_hi480,long,4,7.824172416409834,10.437870989391957,3457,-0.16917092884661972,-0.001632671329073243,0.3320798380098351,1540,-0.12730653760490848
pos24,long,5,0.5239335902801266,0.6138532344689285,3503,-0.16922323976429784,-0.0016849822467513709,0.33913788181558663,1208,-0.19783719607714326
close_loc,long,3,0.31934979681151066,0.4153297682709156,3505,-0.1692405460180706,-0.0017022885005241184,0.3340941512125535,1200,-0.2487329123475759
dn_wick,short,7,0.39515758971058285,0.4820893645405433,3505,-0.1692467699019078,0.015611673078596233,0.33238231098430815,1182,-0.14579798899297716
m1_jump,long,7,0.27542733974974315,0.32597061198417193,3505,-0.1694542249044174,-0.0019159673868709148,0.3349500713266762,1366,-0.24542605158961195
since_lo96,short,8,89.0,94.0,2965,-0.16948102528382922,0.015377417696674806,0.3342327150084317,998,-0.22558825037151464
disp24,long,5,0.09218562419505355,0.765599949838423,3503,-0.17015334868599813,-0.0026150911684516553,0.34313445618041677,1141,-0.17461793661594333
since_lo24,long,7,20.0,22.0,2928,-0.17018749696714996,-0.002649239449603491,0.33469945355191255,1024,-0.2523008976812026
up_wick,long,1,0.04542873367404921,0.09831588529814343,3505,-0.17022289013532024,-0.002684632617773769,0.3312410841654779,1370,-0.24923558396118972
to_hi24,long,6,2.547404566248727,3.0674041073385268,3503,-0.17040658271577017,-0.0028683251982236924,0.33457036825578074,1154,-0.27090707701800004
absorb,long,4,-0.035987180661839945,-0.0095729566515923,3503,-0.1704914746045236,-0.002953217086977128,0.3274336283185841,1059,-0.26630316515174235
tbi_ma96,long,0,-inf,-0.009093413547830557,3486,-0.17054936763469594,-0.003011110117149468,0.3278829604130809,2120,-0.3549394201349699
kyle_z,short,8,0.7219421313250163,1.3104035597772279,3486,-0.17060651792688142,0.014251925053622605,0.3232931726907631,1454,-0.1575234452662056
range_z,long,4,-0.4380727953567348,-0.2799140768139987,3486,-0.17069624597063507,-0.003157988453088595,0.3336201950659782,1151,-0.3496633572312047
hi_pos,short,0,-inf,0.01694915254237288,3482,-0.17074295611357018,0.01411548686693384,0.33457782883400344,1356,-0.17579653797989173
persist6,long,4,0.27438237950974914,0.3507347023524269,3505,-0.17080322667868728,-0.0032649691611408016,0.3346647646219686,1202,-0.23746089622717215
since_hi24,long,7,20.0,22.0,2801,-0.17086982191383562,-0.0033315643962891495,0.3355944305605141,1024,-0.22392000940929507
dq,long,8,0.05985647054317514,0.09469505467041175,3505,-0.17093610390140987,-0.0033978463838633954,0.3338088445078459,1188,-0.30848031500104645
since_hi24,short,3,7.0,10.0,3354,-0.17095766785897795,0.013900775121526071,0.33392963625521765,1195,-0.264220941102518
tbi,long,8,0.029862265913306874,0.04729522390774932,3505,-0.17108926931238036,-0.003551011794833886,0.33352353780313837,1189,-0.30414674827451055
since_lo480,short,3,161.0,232.0,3452,-0.1711522500484879,0.013706192932016137,0.33053302433371956,1332,-0.3056405548734348
ats_rank480,long,9,0.91875,inf,3413,-0.17116834965384875,-0.0036300921363022765,0.33138001757984176,1155,-0.19248200671621007
vol_per_trade_z,long,1,-1.3282601363054172,-0.9212616043700583,3486,-0.17117424568094194,-0.0036359881633954705,0.336201950659782,1383,-0.26559204916989004
wick_skew,short,5,-0.00998573466477469,0.06885415648951981,3506,-0.1711848013349412,0.013673641645562812,0.3262977752424415,1310,-0.1868843824146803
ats_z96,short,6,0.22191010350255916,0.5291338836006354,3486,-0.17118667110610816,0.01367177187439586,0.33161216293746415,1295,-0.1676593433764866
atr_pct,long,4,0.00731598764376302,0.008167399771210213,3505,-0.1713353540130144,-0.0037970964954679165,0.32781740370898715,1119,-0.2310643115884773
to_hi24,short,8,3.7475774383001337,4.73242607408487,3503,-0.17133612482946978,0.013522318151034246,0.3291464459035113,1333,-0.26877524184130497
range_per_trade,short,6,6.279382136502443e-08,7.000627178497832e-08,3505,-0.17143686835189217,0.013421574628611849,0.32838801711840226,954,-0.29477628870566436
up_wick,short,2,0.09829612082697817,0.14704952336665436,3505,-0.171465678404952,0.013392764575552024,0.3286733238231098,1272,-0.14181673781691007
tbi_ma96,long,8,0.0023259445475222406,0.004727168356526261,3486,-0.17161781534302653,-0.004079557825480057,0.3327596098680436,1176,-0.3349163060845848
close_loc,long,7,0.7054320087495368,0.7952532174494411,3505,-0.17163992862572938,-0.004101671108182908,0.3326676176890157,1228,-0.2505124324797497
dow,short,1,1.0,2.0,5013,-0.17173864938813746,0.013119793592366563,0.3231597845601436,1824,-0.11124995266482647
extreme_late,short,2,0.3898305084745763,0.5254237288135594,3349,-0.1718207301112954,0.013037712869208629,0.33174081815467305,1166,-0.2545240563156274
dow,long,6,6.0,inf,5016,-0.1718740552018968,-0.004335797684350329,0.3548644338118022,1846,-0.33774687465263864
range_z,short,5,-0.27991142625498555,-0.08813803033525729,3487,-0.1718772419816146,0.012981200998889414,0.32836248924577,1218,-0.18126600570677273
since_hi24,short,8,22.0,24.0,3600,-0.1720145158984545,0.012843927082049511,0.3275,1386,-0.2153824211300172
accel,long,7,0.6428900914746521,1.0402117742718529,3503,-0.17202951966396401,-0.004491262146417541,0.3365686554381958,1265,-0.19898692391562495
up_wick,short,5,0.25190533821797423,0.3116926905538165,3506,-0.17211507944137078,0.012743363539133246,0.3291500285225328,1221,-0.23639593674972953
close_loc,long,2,0.22429961663225598,0.31934979681151066,3505,-0.17214668821718557,-0.004608430699639093,0.32952924393723254,1251,-0.2237263806919479
range_rank,long,4,0.38125,0.4875,3423,-0.17227076465428104,-0.004732507136734565,0.3312883435582822,1263,-0.24681588835309212
ats_rank480,short,4,0.40208333333333335,0.5083333333333333,3392,-0.17236205922191805,0.012496383758585972,0.3313679245283019,1338,-0.24543110337583016
accel,long,6,0.2984164801395572,0.6428900914746521,3502,-0.1725191853164504,-0.004980927798903939,0.33580810965162766,1265,-0.19185970368949534
pos480,short,6,0.6480119556913679,0.7656029173200577,3457,-0.17256010560591228,0.012298337374591739,0.3320798380098351,1671,-0.37819772793804596
m1_jump,short,1,0.13224379570194147,0.1547955516111711,3505,-0.1725954794691435,0.012262963511360525,0.3286733238231098,1237,-0.1806748362428569
ats_rank480,long,7,0.7208333333333333,0.8229166666666666,3370,-0.17269367980819925,-0.0051554222906527725,0.33323442136498516,1233,-0.26089768361755644
persist96,long,2,0.03505507569338937,0.05428066308019503,3496,-0.17276346497913697,-0.0052252074615904975,0.33810068649885583,1390,-0.18350007940719734
since_lo24,long,2,5.0,8.0,3459,-0.17277350428730137,-0.005235246769754898,0.3318878288522694,1221,-0.28652829374575073
rv_vs_range,long,7,0.7577521065309034,0.8180357074173134,3505,-0.1728180108678742,-0.005279753350327737,0.3332382310984308,1329,-0.26737305685062307
trade_intensity,short,5,0.7906093546577474,0.9183169347161517,3496,-0.17282487269851238,0.012033570281991646,0.3255148741418764,1131,-0.21972543940287195
m1_jump,short,7,0.2754322560661481,0.3259627764496885,3505,-0.17293598912058414,0.011922453859919885,0.3312410841654779,1365,-0.20492799370502687
pos480,short,1,0.1572028157771889,0.24998299317228478,3457,-0.17294978675396558,0.011908656226538444,0.3338154469192942,1283,-0.24415731987975864
tbi_z24,long,1,-1.298750886744611,-0.8749876841792826,3500,-0.17298198985380636,-0.005443732336259888,0.3311428571428571,1262,-0.16819230335169946
sess_asia,long,0,-inf,1.0,23367,-0.17320605269055878,-0.005667795173012302,0.3325202208242393,8589,-0.2596333135935977
sess_us,long,0,-inf,1.0,23371,-0.17342000290329765,-0.005881745385751175,0.33263446151213044,8590,-0.24866118042296756
tbi_ma24,long,5,-0.002292503145556573,-0.0002028752862964843,3501,-0.17343076102138819,-0.005892503503841712,0.3324764353041988,1049,-0.281652740724675
tbi_z8,short,9,1.3375160244679378,inf,3504,-0.17348816205304826,0.011370280927455761,0.3261986301369863,1341,-0.20916880856303624
updn_ratio,long,7,0.5333333333333333,0.55,3327,-0.17356381553819264,-0.006025558020646166,0.3318304779080252,1197,-0.19692998312985563
wick_skew,short,6,0.06885415648951981,0.15735193798445804,3505,-0.17367245164478598,0.011185991335718043,0.3261055634807418,1329,-0.18808319490905656
disp24,long,1,-3.5574011619109456,-2.240210388224421,3503,-0.17385583043203245,-0.0063175729144859805,0.32600628033114476,1381,-0.3273427334803867
to_lo24,long,2,1.2275399072575706,1.5881555393218136,3503,-0.17389857310064788,-0.006360315583101406,0.33457036825578074,1098,-0.18870977415966772
dow,short,0,-inf,1.0,5014,-0.17391051692765797,0.010947926052846058,0.3312724371759075,1823,-0.18624108986643048
range_per_trade,short,5,5.700005144871637e-08,6.279382136502443e-08,3506,-0.1739996987240255,0.010858744256478536,0.33057615516257843,1167,-0.23863514608459357
since_hi24,long,0,-inf,2.0,2817,-0.17403511220838416,-0.006496854690837689,0.33404330848420305,1118,-0.3534637019799127
to_lo96,short,3,3.3852698403734536,4.3697006517345995,3496,-0.1741334978995662,0.010724945080937826,0.33009153318077805,1366,-0.1580243384547581
accel,short,8,1.0399167622814984,1.5958720194630913,3503,-0.17415447204648113,0.010703970934022894,0.32172423636882674,1311,-0.19146740808941265
updn_ratio,short,0,-inf,0.42021052631578976,3506,-0.1741570592206482,0.010701383759855826,0.3334284084426697,1358,-0.14212165769060964
tbi_ma96,short,6,-0.0009750282643225718,0.0005142379691459302,3486,-0.1741694925609221,0.010688950419581927,0.33648881239242684,1054,-0.3516098820080409
m1_jump,long,6,0.24115891391142746,0.27542733974974315,3505,-0.17419757142647335,-0.006659313908926878,0.3309557774607703,1366,-0.26153480973349374
tbi_ma8,short,6,0.0009891897117414172,0.004511655469418089,3504,-0.1742424160353258,0.010616026945178214,0.3236301369863014,980,-0.2412030034725886
extreme_late,long,3,0.5254237288135594,0.6271186440677966,3502,-0.17432348483545826,-0.006785227317911785,0.3300970873786408,1222,-0.20526199728528702
persist24,long,1,0.03280402367813814,0.06551430528482759,3503,-0.17436945636341483,-0.006831198845868358,0.3394233514130745,1236,-0.17056319412639961
lo_pos,short,3,0.15254237288135594,0.2711864406779661,3667,-0.17440508656629394,0.01045335641421008,0.3283337878374693,1237,-0.17962216691550098
absorb,long,8,0.08651020397977259,0.17192969437443464,3504,-0.17443497762769994,-0.006896720110153465,0.334189497716895,1453,-0.23184347555415297
accel,long,3,-0.6568934493913408,-0.3191768836699166,3502,-0.17444976313005964,-0.0069115056125131635,0.33380925185608223,1229,-0.22594920203231636
disp6,long,8,1.0525839216764004,1.7503490145936287,3505,-0.17456865954956965,-0.007030402032023181,0.3320970042796006,1466,-0.20022363582002115
up_wick,long,3,0.14705882352941266,0.19737991266374275,3505,-0.17462584227333353,-0.007087584755787052,0.33238231098430815,1262,-0.2946932548896959
absorb_z,short,6,0.10212011959444633,0.15504037324586356,3382,-0.174740099337671,0.010118343642833011,0.33027794204612654,1537,-0.2783401189900776
since_lo24,long,1,2.0,5.0,4161,-0.17496657278979222,-0.007428315272245745,0.3254025474645518,1605,-0.2301339835790564
dq_cum24,long,5,-0.10734445135256199,-0.007043097722356117,3501,-0.17509812278471584,-0.007559865267169369,0.3319051699514424,1055,-0.28077088124753713
pos480,long,4,0.4294104773374343,0.529651237837501,3457,-0.17513491142171372,-0.00759665390416725,0.33294764246456465,1130,-0.4669297275258987
efficiency,short,9,0.23904666412884304,inf,3506,-0.17524207380666001,0.009616369173844008,0.32487164860239587,1498,-0.18187929574468484
flow_eff,short,6,0.11176733654077298,0.16727026502278414,3505,-0.1752445053193429,0.009613937661161115,0.32125534950071327,986,-0.16470139920631843
since_lo96,long,2,17.0,29.0,3306,-0.17525317479620717,-0.0077149172786606934,0.3290986085904416,1259,-0.23988029000685115
avg_trade_usd,long,3,3164.6297376701305,3470.621277472928,3505,-0.17559449898877533,-0.008056241471228853,0.336376604850214,936,-0.20896896406919935
since_lo96,long,8,89.0,94.0,2964,-0.17566476251315286,-0.008126504995606382,0.3343454790823212,997,-0.23976497988093767
to_hi24,short,2,1.0696831496506491,1.4065954995416652,3503,-0.17568121980776547,0.009177223172738558,0.33114473308592635,1249,-0.21852583427227623
ats_z96,long,3,-0.6013958243341335,-0.3307391095196556,3485,-0.17571005511543306,-0.008171797597886582,0.33170731707317075,1346,-0.25332601355989576
accel,short,3,-0.6571891013657015,-0.3193485827233196,3503,-0.17583021056081466,0.009028232419689364,0.33399942906080504,1228,-0.26774067223361425
ats_z96,long,6,0.2218701936837082,0.5291489353720142,3486,-0.17586338816324792,-0.00832513064570145,0.3301778542742398,1295,-0.24712236610689592
atr_rank,long,2,0.15708333333333446,0.25416666666666665,3414,-0.17604354015539328,-0.008505282637846806,0.34182776801405973,1319,-0.25619164556557084
kyle_z,long,4,-0.39327822999906087,-0.17600922235696884,3486,-0.1760779281048852,-0.008539670587338732,0.3313253012048193,1159,-0.1951770848894716
persist96,short,1,0.017164419219013623,0.03505468743264874,3496,-0.17611381894932773,0.00874462403117629,0.3352402745995423,1498,-0.19690446341015952
ats_rank480,long,8,0.8229166666666666,0.91875,3459,-0.17612027620740278,-0.008582018689856308,0.33073142526741833,1238,-0.23247469890196587
ats_z96,short,3,-0.6012816013659061,-0.3305530034527067,3486,-0.17625647193489896,0.008601971045605061,0.32816982214572576,1343,-0.2279836670254416
disp96,short,5,0.3262363077069926,1.9178598999348613,3496,-0.17638239306848813,0.008476049912015893,0.33237986270022885,1481,-0.10142152370323729
since_lo480,short,4,232.0,297.0,3439,-0.17640259729314817,0.008455845687355856,0.34079674323931375,1113,-0.2520764598252036
rv_vs_range,short,2,0.5350343148819602,0.5809161796076915,3505,-0.17640487700762505,0.008453565972878968,0.3261055634807418,1237,-0.22749558072847895
rv_vs_range,short,1,0.4788459018032747,0.5350343148819602,3505,-0.17645771134479865,0.008400731635705372,0.3232524964336662,1163,-0.18869996176335097
vol_per_trade_z,short,2,-0.921237118612,-0.5996979160569242,3486,-0.17650658618562312,0.008351856794880902,0.331899024670109,1489,-0.20357874141204255
to_lo480,short,6,15.313468818299018,17.993524261025527,3457,-0.17659456717235167,0.008263875808152354,0.3283193520393405,1260,-0.1677094319142978
tbi_z8,long,1,-1.3254278593191913,-0.9269311292986827,3504,-0.1765985380693954,-0.009060280551848932,0.3324771689497717,1206,-0.2119568247948274
range_z,long,1,-0.924297943176009,-0.7379142803305692,3486,-0.17663645956227086,-0.00909820204472439,0.34107860011474467,1370,-0.29603459238395785
dq_z96,long,4,-0.269855193760302,-0.010687749058145573,3486,-0.17663839926805014,-0.009100141750503665,0.3304647160068847,1373,-0.26509461167898335
body_frac,long,7,0.3396000000000059,0.4906194690265521,3504,-0.17665840374214312,-0.009120146224596642,0.3296232876712329,1246,-0.20664518183231148
tbi_z96,long,4,-0.27014708912831364,-0.011059489642630798,3486,-0.1767390830085823,-0.009200825491035819,0.3304647160068847,1372,-0.26187426705174227
extreme_late,long,4,0.6271186440677966,0.7288135593220338,3426,-0.1767882728338725,-0.009250015316326021,0.3312901342673672,1315,-0.359487051150702
avg_trade_usd,short,7,4341.877026887973,4692.353522852496,3505,-0.17679259300775974,0.008065849972744288,0.31726105563480744,1111,-0.2541479481113891
range_rank,short,4,0.38125,0.4875,3423,-0.17682378432991602,0.008034658650588,0.33099620216184633,1264,-0.2109498123483443
disp6,long,6,0.3094401207868264,0.6381454519785753,3504,-0.17685817730633047,-0.009319919788783992,0.3347602739726027,1160,-0.22838880733779313
ats_z96,long,4,-0.3307391095196556,-0.06575894239927992,3486,-0.17687945854896636,-0.009341201031419888,0.33103843947217443,1312,-0.25230633788539936
to_lo96,long,0,-inf,1.548563828187472,3496,-0.17702222362359157,-0.0094839661060451,0.31950800915331806,1489,-0.2571489826146755
kyle_z,short,2,-0.8631817620451518,-0.6166924317910941,3486,-0.17710891041780102,0.007749532562702999,0.33218588640275387,1256,-0.20192061885915114
rpt_z,short,6,0.15502042994774456,0.452426160325201,3486,-0.17712720738431909,0.007731235596184938,0.32989099254159493,1355,-0.234063207681266
rpt_z,short,0,-inf,-1.2284289355184748,3487,-0.1772462117520102,0.007612231228493832,0.32692859191281903,1251,-0.2046551884692145
to_hi96,short,7,6.547502304214035,7.94786074620019,3496,-0.1775202141105294,0.007338228869974622,0.3295194508009153,1397,-0.21488444089912112
rpt_rank,long,6,0.59375,0.6945833333333363,3436,-0.17755711534652524,-0.010018857828978767,0.3329452852153667,1271,-0.1842718040598957
vol_of_vol,long,8,0.6218430001516837,1.3854907864196977,3455,-0.17769922190659748,-0.010160964389051008,0.32127351664254705,1434,-0.25018743823057127
wick_skew,short,2,-0.2900143724943223,-0.18101028855272933,3505,-0.17770922623343055,0.007149216747073472,0.32895863052781743,1300,-0.25073410935208396
tbi_ma96,long,1,-0.009093413547830557,-0.006637642738433765,3486,-0.17775162910689146,-0.010213371589344988,0.3313253012048193,1598,-0.291429143651095
trade_intensity,short,4,0.6867973369227981,0.7906093546577474,3495,-0.17777154248144653,0.007086900499057497,0.3256080114449213,1105,-0.13030998607620042
rpt_z,long,0,-inf,-1.2286133867178857,3486,-0.17779601386450825,-0.010257756346961772,0.3287435456110155,1251,-0.26563598013758644
tbi_z24,short,5,-0.008951136082575573,0.2621952869571484,3501,-0.17784608400009538,0.0070123589804086395,0.32847757783490433,1224,-0.1770772604959493
absorb,long,7,0.048939406266294956,0.08651020397977259,3504,-0.17795423905001384,-0.010415981532467367,0.3290525114155251,1107,-0.21236536348701207
pos96,short,2,0.24508466036683874,0.34026403902954716,3496,-0.1780697588974946,0.006788684083009422,0.3318077803203661,1416,-0.19779337293148902
hi_pos,short,8,0.8305084745762712,0.9491525423728814,3534,-0.17818113598056337,0.006677306999940652,0.32852292020373514,1447,-0.20809403635192736
lo_pos,short,2,0.06779661016949153,0.15254237288135594,3436,-0.1782116365814153,0.006646806399088712,0.32741559953434224,1222,-0.22419147744335635
vol_per_trade_z,long,9,1.393833936284171,inf,3487,-0.17827510768214272,-0.010736850164596246,0.3280757097791798,1302,-0.2875935699951751
extreme_late,long,5,0.7288135593220338,0.8135593220338984,3652,-0.17828267090731642,-0.010744413389769947,0.3307776560788609,1354,-0.24605990124283447
close_loc,long,4,0.4153297682709156,0.5125881168177059,3505,-0.17834190776261286,-0.010803650245066382,0.3286733238231098,1164,-0.21364820920713257
since_hi96,short,1,5.0,14.0,3771,-0.1783819229906295,0.00647651998987453,0.324582338902148,1374,-0.150215603953271
absorb_z,long,8,0.245880536061297,0.43152229636281747,3382,-0.178497028971129,-0.010958771453582539,0.33057362507392074,1092,-0.2731091299668336
to_hi24,short,0,-inf,0.6913475951556082,3503,-0.1786346501699425,0.006223792810561513,0.3157293748215815,1550,-0.21346551946474898
sess_us,short,1,1.0,inf,11682,-0.17863880945609573,0.006219633524408297,0.32648519089197053,4294,-0.22042938628918923
up_wick,short,3,0.14704952336665436,0.19726002537407494,3505,-0.1787462378194142,0.006112205161089818,0.3258202567760342,1259,-0.2533934283711248
tbi,short,1,-0.05162400499327896,-0.03440155979547233,3505,-0.17875264473320038,0.006105798247303645,0.3298145506419401,1303,-0.23047823587964214
disp24,long,4,-0.5934711799238541,0.09218562419505355,3503,-0.17875543448927456,-0.011217176971728082,0.33885241221809875,1171,-0.14250961438375767
range_z,long,2,-0.7379142803305692,-0.5884756844091334,3487,-0.1788494994960658,-0.01131124197851932,0.335818755377115,1131,-0.2968703751937716
dq,short,1,-0.1031843437351249,-0.06866717931042439,3505,-0.1789782341967471,0.005880208783756918,0.3298145506419401,1312,-0.2304435086693312
kyle,short,4,2.94352386218753e-07,3.254384549509429e-07,3505,-0.17901031610552973,0.0058481268749742965,0.3263908701854494,1140,-0.18299240343372525
avg_trade_usd,short,4,3470.643124428656,3754.5133282397496,3505,-0.179049907330348,0.005808535650156016,0.3286733238231098,785,-0.24226861149943069
vol_of_vol,short,0,-inf,-0.9973208051003113,3456,-0.17905318143037677,0.005805261550127255,0.34693287037037035,1686,-0.1815219557338857
since_lo24,short,1,2.0,5.0,4162,-0.1791451922696783,0.005713250710825735,0.3270062469966362,1603,-0.19282017907437915
accel,long,5,-0.012915628501176918,0.2984164801395572,3503,-0.17918183893993406,-0.011643581422387583,0.3348558378532686,1186,-0.1682065628653636
atr_pct,long,3,0.006396906787268733,0.00731598764376302,3505,-0.17920721799470146,-0.011668960477154988,0.331811697574893,1656,-0.2884797595732253
trade_intensity,long,2,0.506583398438401,0.5970567029507732,3495,-0.1792247961303408,-0.01168653861279434,0.33304721030042916,1159,-0.2684629991953735
extreme_late,long,6,0.8135593220338984,0.8813559322033898,3266,-0.17925784986194118,-0.011719592344394708,0.32945499081445195,1285,-0.1768291539293439
efficiency,short,8,0.18728180937773461,0.23904666412884304,3505,-0.1795133797274045,0.005345063253099525,0.3261055634807418,1394,-0.2592859968250278
since_lo96,short,6,69.0,80.0,3434,-0.1795350869838433,0.005323355996660728,0.3337216074548631,1255,-0.139813907168395
tbi_z24,long,8,0.8774601798675934,1.3068793801442729,3500,-0.1795567260256912,-0.012018468508144725,0.33057142857142857,1286,-0.3462848536760794
rpt_z,short,3,-0.5952333564414918,-0.34746618775525423,3486,-0.17965374899884082,0.005204693981663205,0.3270223752151463,1275,-0.1915798839100406
pos96,long,6,0.6329622439785406,0.7289661531747977,3496,-0.17972556275719562,-0.012187305239649143,0.3355263157894737,1258,-0.3852271341484822
tbi_z8,long,3,-0.5977570459319198,-0.3042206684073761,3504,-0.17979784319012287,-0.0122595856725764,0.3324771689497717,1302,-0.21678227174360973
tbi_ma96,long,5,-0.002337411885334456,-0.0009751635526630124,3487,-0.17987295430191583,-0.012334696784369353,0.3338112991109837,987,-0.10233299207510849
tbi_ma24,short,5,-0.0022939326652590872,-0.00020860742653513824,3501,-0.17996382250046933,0.004894620480034695,0.32790631248214797,1046,-0.21232563987429157
tbi_z8,short,6,0.2809815384710346,0.5939067796364216,3504,-0.1800123602849296,0.004846082695574433,0.3253424657534247,1341,-0.20204405914962564
kyle_z,long,6,0.0651151679246672,0.34785756705019966,3486,-0.1800976909981157,-0.012559433480569232,0.3270223752151463,1240,-0.2613372566632886
sess_eu,short,0,-inf,1.0,23369,-0.18010697126024605,0.0047514717202579715,0.3265865034875262,8589,-0.20315642622804955
m1_jump,short,8,0.3259627764496885,0.42248780067873043,3505,-0.18022617929787013,0.004632263682633891,0.32667617689015693,1471,-0.2076719236699321
rpt_z,long,1,-1.2286133867178857,-0.8711294582745314,3486,-0.1802299025552219,-0.01269164503767542,0.33103843947217443,1358,-0.26332068621987115
kyle_z,long,1,-1.1708454034195253,-0.863266282847881,3486,-0.1804688638279775,-0.012930606310431025,0.3367756741250717,1178,-0.22700736563209153
vol_per_trade_z,long,2,-0.9212616043700583,-0.5997801471852813,3487,-0.1805044331410882,-0.012966175623541715,0.33036994551190135,1489,-0.20984831066598342
dq_cum24,short,5,-0.10747963601179693,-0.00713351373723701,3501,-0.18051873332024504,0.0043397096602589835,0.32762067980576975,1056,-0.2175761006021788
dow,short,2,2.0,3.0,4988,-0.18054321895702818,0.004315224023475839,0.32076984763432237,1847,-0.2543975780350025
accel,long,4,-0.3191768836699166,-0.012915628501176918,3503,-0.18059856715129372,-0.013060309633747241,0.33257208107336567,1180,-0.30082294758356826
atr_pct,short,3,0.006396721362641232,0.00731595416114364,3506,-0.18061188088927435,0.004246562091229672,0.3300057045065602,1657,-0.1604236188469224
pos480,short,5,0.529651237837501,0.6480119556913679,3458,-0.18076305765257572,0.0040953853279283026,0.3308270676691729,1083,-0.13709783042537
pos480,short,9,0.9121277851577703,inf,3458,-0.18084247060004488,0.004015972380459143,0.32359745517640254,1013,-0.3462344867257926
to_lo96,short,4,4.3697006517345995,5.3512628736507395,3495,-0.18091059196788603,0.003947851012617992,0.32875536480686696,1312,-0.1252885635466888
vol_per_trade_z,short,4,-0.33190753279440643,-0.06017283232426621,3486,-0.18094622884337488,0.003912214137129139,0.3273092369477912,1385,-0.26364224063274727
persist6,short,9,0.7891777811898404,inf,3505,-0.18104808480015555,0.003810358180348472,0.3203994293865906,1415,-0.2635466586910143
dq_z96,short,3,-0.5412977730757438,-0.2699502057856792,3486,-0.18106270548343012,0.0037957374970739033,0.3273092369477912,1221,-0.21151473219030623
body_frac,short,3,-0.31945705070570485,-0.16190102957444252,3505,-0.1811313638131262,0.003727079167377828,0.3309557774607703,1203,-0.2778058961647923
since_hi96,long,2,14.0,25.0,3505,-0.1811963307145377,-0.013658073196991222,0.3252496433666191,1263,-0.12739268621176728
to_hi24,short,3,1.4065954995416652,1.7430465146374254,3503,-0.18130060621149852,0.003557836769005507,0.33200114187838997,1118,-0.19708326240495083
since_hi480,long,3,92.0,147.0,3442,-0.1813065987333322,-0.01376834121578574,0.33643230679837305,1157,-0.31619614818734787
disp96,short,2,-4.834122764050597,-3.0089392664793455,3496,-0.18135688840188535,0.003501554578618671,0.324370709382151,1086,-0.25417610836784676
disp24,short,4,-0.5936708255733326,0.09164073869890149,3503,-0.1814283329253623,0.0034301100551417107,0.3368541250356837,1171,-0.3335294136457867
tbi_z96,short,3,-0.5411376714227041,-0.2706095956000946,3486,-0.18150833636985514,0.003350106610648884,0.3270223752151463,1217,-0.21072231422222806
since_lo24,short,4,11.0,14.0,3131,-0.18157600382626965,0.0032824391542343734,0.32545512615777705,1137,-0.14951226579521412
updn_ratio,long,1,0.42105263157894735,0.45,2812,-0.18159429674853775,-0.014056039230991274,0.33428165007112376,1026,-0.1545392358850495
body_frac,short,5,0.01444866920153198,0.18560220279664283,3506,-0.18162414705950364,0.003234295921000385,0.3280091272104963,1163,-0.18266940049259092
disp6,long,7,0.6381454519785753,1.0525839216764004,3504,-0.18167699166435172,-0.014138734146805249,0.3330479452054795,1236,-0.23493285870904956
to_hi480,short,0,-inf,2.220382992129387,3458,-0.18172896097443877,0.0031294820060652484,0.3172353961827646,1053,-0.26933330766243696
pos24,short,7,0.7014979029358871,0.7852596814329798,3503,-0.18180349222680042,0.0030549507537036003,0.3262917499286326,1331,-0.1819333280033649
gap,long,1,-0.0005257101044773937,-0.00014004175636436611,3505,-0.1818801026000284,-0.01434184508248193,0.32439372325249644,2247,-0.26665534624339376
absorb,long,2,-0.1116521971846144,-0.06473179690530916,3504,-0.1819510420305641,-0.014412784513017612,0.3284817351598174,1215,-0.26285845611445463
vol_per_trade_z,long,6,0.21811166159462791,0.5283671685094133,3486,-0.18211663168052952,-0.014578374162983049,0.32816982214572576,1289,-0.19886001129394446
since_hi24,long,4,10.0,14.0,4234,-0.18212182951656058,-0.014583571999014111,0.32900330656589516,1504,-0.24008148817084388
m1_jump,short,2,0.1547955516111711,0.17423158700980695,3505,-0.182159522943863,0.002698920036641017,0.3252496433666191,1185,-0.17736358828379262
to_hi24,long,1,0.6911971241462413,1.069518951221863,3503,-0.18219731858243096,-0.014659061064884488,0.33228661147587785,1330,-0.20001311036208735
rv_vs_range,short,0,-inf,0.4788459018032747,3506,-0.18225798321509581,0.0026004597654082084,0.32087849401026813,1223,-0.19802735427100368
since_lo24,long,3,8.0,11.0,3185,-0.18235326210260175,-0.014815004585055275,0.3328100470957614,1151,-0.29187651323819996
dq_z96,short,7,0.5362189801897239,0.8558136946848116,3486,-0.18248931636849094,0.0023691266120130783,0.3244406196213425,1237,-0.2270789048862863
tbi_ma8,long,5,-0.002291202283934597,0.000994304080640357,3504,-0.18252766835108736,-0.014989410833540884,0.3267694063926941,990,-0.25726805406362474
accel,short,5,-0.013113344857394044,0.29815383313732724,3503,-0.18257056227446283,0.00228788070604119,0.3302883242934627,1185,-0.3017518211136917
to_lo480,long,5,12.952719591817235,15.313733944199747,3458,-0.1826735841239749,-0.01513532660642844,0.3282244071717756,1185,-0.19445170413124138
trade_intensity,short,7,1.0938041535806375,1.3699875283211977,3496,-0.1827361351401358,0.0021223078403682094,0.32065217391304346,1196,-0.19847111699633516
since_hi24,short,9,24.0,inf,4327,-0.18274235948688466,0.0021160834936193584,0.3189276635082043,1726,-0.10158828184927696
dq_z96,long,1,-1.284450942417189,-0.8516995814319112,3486,-0.1827922694546315,-0.015254011937085032,0.32960413080895007,1270,-0.21932960382056904
rpt_z,long,3,-0.5952937221381656,-0.3480095155101118,3486,-0.18282592819788554,-0.015287670680339066,0.32960413080895007,1273,-0.2389156810739981
extreme_late,long,0,-inf,0.2542372881355932,3484,-0.18286835452725908,-0.015330097009712607,0.3283582089552239,1167,-0.30861806144769127
tbi_ma96,short,8,0.002328733167448705,0.004726663401159637,3486,-0.1829418025485658,0.0019166404319382324,0.32558806655192196,1173,-0.2064812947771306
minofday,short,5,660.0,840.0,4382,-0.1829587476467278,0.0018996953337762357,0.3279324509356458,1610,-0.21699700245359013
hour,short,5,11.0,14.0,4382,-0.1829587476467278,0.0018996953337762357,0.3279324509356458,1610,-0.21699700245359013
absorb_z,long,9,0.43152229636281747,inf,3383,-0.18306354934325725,-0.015525291825710774,0.3295891220809932,1185,-0.36991950727513745
hi_pos,short,3,0.15254237288135594,0.2711864406779661,3556,-0.18320178996038086,0.001656653020123161,0.32564679415073117,1292,-0.22208164079735657
body_frac,short,7,0.33955068989824816,0.49057350048631326,3505,-0.18320424856960582,0.001654194410898202,0.32496433666191155,1247,-0.30442758804207326
tbi_z96,short,7,0.5364027030871258,0.8556823419501975,3486,-0.18323851194005616,0.0016199310404478584,0.32415375788869766,1233,-0.22649681345224673
hour,short,7,16.0,19.0,4379,-0.18335807251942277,0.0015003704610812574,0.326101849737383,1610,-0.22300281443053038
minofday,short,7,960.0,1140.0,4379,-0.18335807251942277,0.0015003704610812574,0.326101849737383,1610,-0.22300281443053038
pos480,long,5,0.529651237837501,0.6480094049741114,3458,-0.1835508508837778,-0.016012593366231315,0.33053788316946214,1083,-0.17658174940544533
ats_z96,long,0,-inf,-1.3171373442078413,3486,-0.1835593405136197,-0.016021082996073216,0.33103843947217443,1075,-0.2276719708583339
range_rank,short,5,0.4875,0.5916666666666667,3413,-0.1835865479612616,0.001271895019242436,0.3246410782302959,1243,-0.06846104298078028
tbi,long,3,-0.022324033570758017,-0.012209930801478364,3505,-0.1835993981025888,-0.01606114058504232,0.32439372325249644,953,-0.23680581114114915
tbi_ma8,short,0,-inf,-0.018818661270048855,3504,-0.1836003485468098,0.0012580944336942346,0.3359018264840183,2390,-0.23875479581422088
rpt_rank,short,6,0.59375,0.6958333333333333,3437,-0.18364202812217875,0.001216414858325271,0.3276112889147512,1271,-0.24708440690642516
avg_trade_usd,long,0,-inf,2527.7066535501667,3505,-0.18371593845392037,-0.016177680936373895,0.34579172610556347,1607,-0.19362390347502523
sess_asia,short,1,1.0,inf,11686,-0.18379088186737094,0.0010675611131330809,0.32586000342289917,4295,-0.20660630532172472
up_wick,long,5,0.25190533821797423,0.31169140407969287,3505,-0.18382101728051783,-0.01628275976297136,0.329243937232525,1221,-0.24660203794861085
absorb,short,6,0.022297793768403785,0.04891154581979728,3504,-0.1838620021859519,0.0009964407945521336,0.3187785388127854,969,-0.2218500063467403
kyle,long,2,2.3478044036757976e-07,2.648589359617484e-07,3505,-0.18393274172510163,-0.016394484207555154,0.3386590584878745,1639,-0.23510609871642799
extreme_late,short,1,0.2542372881355932,0.3898305084745763,3279,-0.1840542336246618,0.000804209355842217,0.32723391277828606,1152,-0.1970944054905981
rv_vs_range,short,7,0.7577209913924301,0.8179957851609797,3505,-0.1843038945668874,0.000554548413616629,0.32838801711840226,1331,-0.17136713886215568
m1_jump,short,4,0.19397261912296726,0.21531530560274703,3505,-0.18442495104310616,0.00043349193739786185,0.3261055634807418,1284,-0.22163641264429607
tbi_z96,long,1,-1.2844531188209214,-0.8518656553010091,3486,-0.1844864207722594,-0.016948163254712934,0.32903040734366035,1272,-0.22069694261781744
disp24,short,7,1.5335678684469338,2.546367556177998,3503,-0.18452226544729994,0.00033617753320408506,0.3245789323437054,1421,-0.2486136835963679
persist6,long,9,0.7892439397587019,inf,3505,-0.18452853024969165,-0.01699027273214518,0.3241084165477889,1411,-0.29444398895289253
range_z,long,0,-inf,-0.924297943176009,3486,-0.18457650952294655,-0.017038252005400073,0.33964429145152036,1550,-0.20811997705204296
dq,long,3,-0.04454807457786378,-0.024309138698845708,3504,-0.18462132977966028,-0.017083072262113808,0.3239155251141553,950,-0.2369457189579467
dow,short,4,4.0,5.0,5015,-0.18462889675301816,0.00022954622748586062,0.31824526420737786,1847,-0.22361304168974847
ats_rank480,short,8,0.8229166666666666,0.91875,3458,-0.1847522586609342,0.00010618431956982421,0.3224407171775593,1238,-0.23927467294300778
kyle,short,3,2.648656145817244e-07,2.94352386218753e-07,3505,-0.18476404792191675,9.439505858727104e-05,0.3309557774607703,1353,-0.07109185136771781
rpt_rank,short,2,0.1875,0.28541666666666665,3391,-0.18476636689676337,9.20760837406498e-05,0.32763196697139485,1291,-0.1557767624183056
flow_eff,long,4,0.04551827392894587,0.07376841562431058,3505,-0.1849810656729035,-0.017442808155357037,0.3338088445078459,1495,-0.27532977484168375
range_z,short,4,-0.43804389920169773,-0.27991142625498555,3486,-0.18499832885689974,-0.00013988587639571226,0.3258749282845668,1152,-0.10140109178615947
absorb_z,long,5,0.04287851477593898,0.10215466032989347,3383,-0.18501741597963364,-0.01747915846208717,0.32988471770617794,1323,-0.19592678136320915
to_lo24,long,7,3.356963590425551,4.102345686948419,3503,-0.18510858269017508,-0.017570325172628604,0.32943191550099915,1405,-0.24098165812233177
up_wick,short,0,-inf,0.04540103139754067,3506,-0.1851426578713295,-0.0002842148908254738,0.33371363377067886,1612,-0.19674173154662664
to_hi24,short,1,0.6913475951556082,1.0696831496506491,3503,-0.1851722650498508,-0.0003138220693467697,0.32143876677133887,1332,-0.24814150578300673
hour,long,3,7.0,9.0,2921,-0.185311011491163,-0.017772753973616523,0.33310510099281065,1074,-0.22504297451837024
minofday,long,3,420.0,540.0,2921,-0.185311011491163,-0.017772753973616523,0.33310510099281065,1074,-0.22504297451837024
sess_asia,short,0,-inf,1.0,23368,-0.18539231490655989,-0.0005338719260558622,0.32570181444710716,8589,-0.21485404627449278
absorb_z,long,1,-0.42686147297083177,-0.19089951879284986,3382,-0.1854144975406988,-0.01787624002315233,0.3264340626848019,1146,-0.18538172467710506
minofday,long,6,840.0,960.0,2921,-0.1854566097645014,-0.017918352246954927,0.33207805546045877,1074,-0.18182277420526757
hour,long,6,14.0,16.0,2921,-0.1854566097645014,-0.017918352246954927,0.33207805546045877,1074,-0.18182277420526757
rv_vs_range,short,8,0.8179957851609797,0.9109684766862494,3505,-0.18550857924120084,-0.0006501362606968208,0.3269614835948645,1381,-0.20621987571609682
tbi_z8,short,5,-0.008000733386110848,0.2809815384710346,3504,-0.1855235382888002,-0.0006650953082961708,0.3259132420091324,1255,-0.14849880464050766
updn_ratio,short,8,0.55,0.576271186440678,4147,-0.1855292647429775,-0.0006708217624734891,0.32071376898963105,1598,-0.13689195127519185
rv_vs_range,short,6,0.7077884118622327,0.7577209913924301,3505,-0.18556041812861737,-0.0007019751481133485,0.32667617689015693,1217,-0.20851428321549656
to_lo24,long,3,1.5881555393218136,1.9450372331732613,3503,-0.18566474333408364,-0.01812648581653717,0.33200114187838997,1139,-0.1497156284115963
m1_jump,long,8,0.32597061198417193,0.42248992125725005,3505,-0.18575248363590824,-0.018214226118361765,0.3303851640513552,1471,-0.23735002261937807
efficiency,short,2,0.039769751358038,0.05902240067927874,3505,-0.18579021209682547,-0.0009317691163214514,0.3258202567760342,1152,-0.24561195891207316
hi_pos,long,2,0.06779661016949153,0.15254237288135594,3299,-0.18590708325104777,-0.018368825733501293,0.328584419521067,1239,-0.24027785247360486
dq,long,1,-0.10316877690607655,-0.06865308247677468,3505,-0.18608963766185319,-0.01855138014430671,0.329243937232525,1312,-0.1992919070410963
since_lo24,long,0,-inf,2.0,2564,-0.18618103287454799,-0.018642775357001512,0.3174726989079563,1116,-0.25953493860665655
tbi,long,1,-0.0516076753479513,-0.034379939239324586,3505,-0.18623330845280087,-0.018695050935254393,0.329243937232525,1304,-0.195578469445869
dn_wick,short,4,0.20978457692788208,0.2664227365554901,3505,-0.18635634586679115,-0.0014979028862871224,0.3241084165477889,1258,-0.23984871907776287
minofday,short,1,120.0,240.0,2922,-0.18639230048470415,-0.0015338575042001257,0.32511978097193706,1074,-0.17532666078717776
hour,short,1,2.0,4.0,2922,-0.18639230048470415,-0.0015338575042001257,0.32511978097193706,1074,-0.17532666078717776
hi_pos,long,8,0.8305084745762712,0.9491525423728814,3535,-0.18652580623904075,-0.018987548721494274,0.33097595473833097,1447,-0.22346508031997517
hi_pos,short,1,0.01694915254237288,0.06779661016949153,3175,-0.18660935557263283,-0.0017509125921288116,0.3228346456692913,1098,-0.2113320200270519
dn_wick,long,6,0.3270469181232662,0.3951965065501929,3506,-0.18661168140888865,-0.019073423891342173,0.32686822589845976,1225,-0.24469738100519217
dq_z96,short,6,0.25334630643625244,0.5362189801897239,3486,-0.18687538271934803,-0.002016939738844009,0.3221457257601836,1383,-0.2177204173873954
tbi_z24,short,2,-0.8756401673723706,-0.55893199857665,3500,-0.18691866624354356,-0.0020602232630395345,0.3282857142857143,1287,-0.18257193546422057
tbi_z8,short,7,0.5939067796364216,0.9243139745485558,3504,-0.18704094270539845,-0.0021824997248944267,0.3261986301369863,1291,-0.25370330676661357
extreme_late,short,5,0.7288135593220338,0.8135593220338984,3651,-0.18711543981877513,-0.0022569968382711025,0.323746918652424,1353,-0.22122790117142455
rv_vs_range,short,4,0.6225149082542218,0.6645750678969076,3505,-0.18729617931636325,-0.0024377363358592252,0.3252496433666191,1209,-0.20533052702163976
avg_trade_usd,short,5,3754.5133282397496,4047.635381778234,3506,-0.18734359234702747,-0.0024851493665234425,0.3177410154021677,854,-0.2139931312487802
persist96,short,4,0.07499455407643561,0.09721086953233207,3496,-0.1874320833826299,-0.0025736404021258763,0.3263729977116705,1162,-0.21778110080402296
persist24,long,5,0.18076196118595877,0.22690319966125036,3503,-0.18745636579534805,-0.019918108277801577,0.32771909791607196,1311,-0.2549818342030193
disp96,long,3,-3.009493946350255,-1.2290359374394204,3495,-0.18772615728429976,-0.02018789976675328,0.3301859799713877,1295,-0.13256437393313686
wick_skew,short,4,-0.09272795187700142,-0.00998573466477469,3505,-0.18778949763966035,-0.002931054659156329,0.3223965763195435,1290,-0.17958403787078006
rpt_rank,short,3,0.28541666666666665,0.3875,3397,-0.18785925664915457,-0.0030008136686505427,0.3246982631733883,1273,-0.18525956020634737
rpt_rank,short,4,0.3875,0.49166666666666664,3442,-0.1878700190738442,-0.0030115760933401847,0.3256827425915166,1350,-0.21819161965248035
kyle,long,4,2.943523068946421e-07,3.254370881307893e-07,3505,-0.18794135522382155,-0.020403097706275075,0.32553495007132666,1139,-0.2160547386397279
sess_us,short,0,-inf,1.0,23372,-0.18796719528377878,-0.003108752303274759,0.3253893547835016,8590,-0.20794315484082046
pos24,short,3,0.34265474311765803,0.43394589652428106,3502,-0.18805516409973688,-0.0031967211192328593,0.32809822958309537,1106,-0.22192507773907397
persist24,short,1,0.03280682742940884,0.0655147387118726,3503,-0.18810811329476712,-0.003249670314263098,0.3334284898658293,1237,-0.2989164593078395
m1_jump,long,9,0.42248992125725005,inf,3506,-0.1881154628169735,-0.020577205299427026,0.3271534512264689,1315,-0.20059505086652032
since_hi480,short,3,92.0,147.0,3444,-0.18816040316411534,-0.0033019601836113133,0.33072009291521487,1157,-0.22141417456488394
rv_vs_range,short,5,0.6645750678969076,0.7077884118622327,3506,-0.18819663106876242,-0.0033381880882583925,0.3257273245864233,1220,-0.23212540829154865
since_lo96,short,2,17.0,29.0,3307,-0.18847202394197077,-0.0036135809614667447,0.3205322044148775,1259,-0.12020647089772885
to_hi96,long,6,5.4807810478273336,6.547443493680569,3496,-0.18851432950515729,-0.02097607198761081,0.3263729977116705,1120,-0.322286071093292
absorb_z,long,6,0.10215466032989347,0.1550745781350887,3382,-0.1887344637356114,-0.021196206218064922,0.3282081608515671,1535,-0.18091092716492316
hi_pos,short,7,0.6949152542372882,0.8305084745762712,3619,-0.1888167268728352,-0.003958283892331188,0.3221884498480243,1274,-0.2287528597684973
minofday,long,4,540.0,660.0,2922,-0.18891489367595984,-0.02137663615841337,0.3323066392881588,1074,-0.2805112939823511
hour,long,4,9.0,11.0,2922,-0.18891489367595984,-0.02137663615841337,0.3323066392881588,1074,-0.2805112939823511
tbi_z8,short,1,-1.3254850109746854,-0.9273800884125148,3504,-0.18893048437805862,-0.004072041397554599,0.3253424657534247,1206,-0.17513974541092875
absorb_z,long,0,-inf,-0.42686147297083177,3383,-0.1890806907596273,-0.021542433242080827,0.32899793083062373,1244,-0.2443686034638695
atr_pct,long,2,0.005461794977295388,0.006396906787268733,3505,-0.18916702505948343,-0.02162876754193696,0.3386590584878745,1986,-0.30591449242510915
tbi_z96,short,6,0.2532712998177229,0.5364027030871258,3486,-0.18925865495970554,-0.004400211979201513,0.321285140562249,1388,-0.2195790877424374
hi_pos,short,2,0.06779661016949153,0.15254237288135594,3300,-0.1892641687370146,-0.004405725756510576,0.32515151515151514,1239,-0.20471138718962742
hi_pos,short,9,0.9491525423728814,inf,3648,-0.1893478477789112,-0.004489404798407176,0.32346491228070173,1280,-0.170666683101455
ats_z96,short,8,0.9035497128464198,1.4143308047582226,3486,-0.18942441486894412,-0.004565971888440101,0.3218588640275387,1169,-0.2861947761218138
disp6,short,5,0.021831993513536714,0.30897542536760264,3505,-0.189428384715222,-0.004569941734717975,0.32952924393723254,1190,-0.18635151091381597
absorb_z,short,3,-0.10252126246693466,-0.0314384226545138,3382,-0.18950375104364017,-0.00464530806313615,0.3219988172678888,1327,-0.22006713620858018
extreme_late,long,2,0.3898305084745763,0.5254237288135594,3349,-0.18952560489240314,-0.021987347374856664,0.32636607942669454,1166,-0.20950589500328237
since_lo24,short,6,18.0,20.0,2516,-0.18959556744610884,-0.004737124465604814,0.3239268680445151,888,-0.23846938347958724
since_hi96,short,5,51.0,64.0,3384,-0.18968590435742913,-0.004827461376925107,0.3265366430260047,1130,-0.18932136875936978
range_rank,long,3,0.2791666666666667,0.38125,3387,-0.18969162710022058,-0.02215336958267411,0.330676114555654,1297,-0.26337734058421813
tbi_z8,long,2,-0.9269311292986827,-0.5977570459319198,3503,-0.18972112450037737,-0.022182866982830896,0.3274336283185841,1305,-0.3063300255212244
gap,short,0,-inf,-0.0005255021743175222,3506,-0.18985289759274931,-0.0049944546122452915,0.3354249857387336,93,-0.24582267405499758
persist6,long,0,-inf,0.0651225432025398,3505,-0.1898538083785407,-0.022315550860994238,0.32724679029957204,1217,-0.19192513955429824
flow_eff,long,5,0.07376841562431058,0.11175661839932971,3505,-0.18993936264707667,-0.022401105129530197,0.32553495007132666,1205,-0.2641004310035745
accel,short,9,1.5958720194630913,inf,3503,-0.18997489869308976,-0.005116455712585732,0.31173280045675134,1451,-0.1503675519924834
body_frac,long,5,0.014537902388384349,0.1857493857494002,3506,-0.19000577367580815,-0.022467516158261674,0.32658300057045064,1163,-0.3461195068437156
close_loc,long,6,0.6112580645161226,0.7054320087495368,3504,-0.19003861755926246,-0.02250036004171599,0.3264840182648402,1214,-0.24781739417379414
flow_eff,long,3,0.02347712254317017,0.04551827392894587,3505,-0.19030271646581723,-0.022764458948270755,0.3398002853067047,1861,-0.22315243615922958
persist6,short,1,0.06512687997240726,0.13242102245085957,3505,-0.19050135115924846,-0.005642908178744438,0.3275320970042796,1239,-0.1675058101188413
since_hi96,short,8,87.0,94.0,3437,-0.19060665088135972,-0.005748207900855701,0.3252836776258365,1344,-0.1750646571318382
since_lo24,short,5,14.0,18.0,4393,-0.1908149622764273,-0.005956519295923279,0.3234691554746187,1589,-0.24726976720438787
wick_skew,long,2,-0.29002608371630906,-0.18101761252446147,3506,-0.1908301611188383,-0.023291903601291825,0.32287507130633203,1302,-0.19325166506003705
tbi_ma24,short,3,-0.0066674876553554354,-0.004387394750025326,3501,-0.19100085315793408,-0.006142410177430058,0.32247929163096256,1027,-0.12796396917637054
absorb_z,short,1,-0.4268479176315576,-0.19089730461342921,3382,-0.1910024322662969,-0.006143989285792878,0.32406859846244823,1146,-0.15020641117783573
tbi_ma24,short,8,0.004728208645485204,0.008454574201346017,3501,-0.1912002763754214,-0.006341833394917368,0.32562125107112255,1200,-0.20671367461793988
tbi_z24,short,6,0.2621952869571484,0.5488835166464306,3501,-0.19120643479331123,-0.006347991812807208,0.3221936589545844,1351,-0.20411135049419898
range_z,long,5,-0.2799140768139987,-0.08814181220829605,3486,-0.191295732475445,-0.02375747495789854,0.32358003442340794,1218,-0.18730712043183365
tbi_z8,long,7,0.594309895656965,0.9243507562885676,3503,-0.1913605983828349,-0.02382234086528842,0.32657721952612045,1289,-0.21938785709158437
absorb_z,short,2,-0.19089730461342921,-0.10252126246693466,3383,-0.191448196944139,-0.006589753963634981,0.3233816139521135,1261,-0.18616594074604012
disp6,short,7,0.6372663604710782,1.0520877959579347,3505,-0.1915415710511384,-0.00668312807063437,0.32353780313837377,1236,-0.1779512342327095
kyle,long,3,2.648589359617484e-07,2.943523068946421e-07,3505,-0.19168393080405557,-0.0241456732865091,0.33152639087018543,1355,-0.2474620501895659
lo_pos,short,8,0.8305084745762712,0.9491525423728814,3595,-0.19173366136495534,-0.00687521838445132,0.32517385257301806,1363,-0.18543297088152005
vol_per_trade_z,long,8,0.8872151507600214,1.393833936284171,3486,-0.1917948499802747,-0.024256592462728238,0.3227194492254733,1181,-0.15312494923773676
accel,short,7,0.6426506229126011,1.0399167622814984,3503,-0.19184537523395645,-0.006986932253452427,0.32143876677133887,1265,-0.21620679098205478
sess_eu,long,1,1.0,inf,11686,-0.19209657019509196,-0.02455831267754549,0.3297963374978607,4296,-0.26258878975118866
hi_pos,long,0,-inf,0.01694915254237288,3481,-0.19216595131175304,-0.024627693794206568,0.324906636024131,1356,-0.24637608857451745
disp96,short,6,1.9178598999348613,3.75805215634166,3495,-0.192220358752682,-0.007361915772177985,0.32703862660944205,1261,-0.19853796362075055
flow_div,short,0,-inf,-0.0,28132,-0.19225418619971896,-0.007395743219214934,0.322906298876724,9845,-0.21616103542216095
pos96,long,5,0.5315883402736458,0.6329622439785406,3496,-0.19233848064278194,-0.02480022312523547,0.32694508009153317,1366,-0.3774864827283402
absorb,long,9,0.17192969437443464,inf,3504,-0.19234054936671527,-0.024802291849168795,0.3350456621004566,1801,-0.32054277573578493
to_lo24,short,1,0.8277384538231906,1.2268532248375712,3503,-0.1923734354797865,-0.007514992499282475,0.3274336283185841,1249,-0.19397256216063807
dq_cum24,short,8,0.22995042207704294,0.4084907647781796,3501,-0.19243023345318042,-0.007571790472676393,0.3250499857183662,1195,-0.2077529549125504
to_lo24,long,8,4.102345686948419,5.19151202287147,3503,-0.19247072688345618,-0.024932469365909704,0.32400799314872963,1247,-0.4346717377814279
efficiency,long,5,0.10096502050574056,0.12518256049372525,3505,-0.1925852362172758,-0.025046978699729328,0.3258202567760342,1239,-0.27991324951176094
gap,short,4,0.0001556630223971389,0.0005443704028349444,3505,-0.19269938013342958,-0.007840937152925553,0.31982881597717544,2198,-0.2604669458536319
persist6,short,8,0.6444490255566521,0.7891777811898404,3505,-0.19276865054268952,-0.007910207562185495,0.3209700427960057,1319,-0.19010764259101842
since_lo480,short,6,355.0,406.0,3431,-0.19289706567469464,-0.008038622694190617,0.32352083940542115,1228,-0.25005159764381646
dq_cum24,long,0,-inf,-0.6181615595144889,3501,-0.1929147293908186,-0.025376471873272133,0.3259068837475007,2210,-0.22815460021882783
since_hi96,long,7,77.0,87.0,3520,-0.19303489084845138,-0.025496633330904905,0.33125,1261,-0.26143692741093005
extreme_late,long,1,0.2542372881355932,0.3898305084745763,3279,-0.19314405225972817,-0.025605794742181692,0.326318999695029,1152,-0.24649292912007256
atr_rank,short,2,0.15833333333333333,0.25416666666666665,3414,-0.19317775601752268,-0.00831931303701866,0.3342120679554774,1320,-0.1624733115041468
tbi_ma24,long,0,-inf,-0.012935616822449002,3501,-0.1933004792395375,-0.025762221721991024,0.32562125107112255,2208,-0.227215341442821
flow_eff,short,4,0.0455351467296046,0.07379126922689383,3505,-0.1933360410029334,-0.008477598022429367,0.32952924393723254,1494,-0.15448181816172543
since_lo24,long,9,24.0,inf,4771,-0.19341348350108303,-0.02587522598353656,0.32173548522322365,1747,-0.18971180760848738
ats_rank480,long,0,-inf,0.08541666666666667,3399,-0.1934294036041387,-0.025891146086592237,0.3277434539570462,1314,-0.21100746607779364
trade_intensity,short,2,0.5065875908533283,0.5970599583794413,3496,-0.19358119621399333,-0.008722753233489311,0.3246567505720824,1159,-0.1827062476078462
disp6,short,4,-0.2548267313564423,0.021831993513536714,3505,-0.1939055417389201,-0.009047098758416083,0.3275320970042796,1121,-0.23579223437055657
accel,short,4,-0.3193485827233196,-0.013113344857394044,3503,-0.19396318517979944,-0.009104742199295413,0.3274336283185841,1180,-0.1689453280544725
kyle_z,long,2,-0.863266282847881,-0.6168203892961551,3486,-0.19406015707434254,-0.02652189955679607,0.3278829604130809,1256,-0.2998647286160576
dn_wick,short,5,0.2664227365554901,0.32704676039276964,3506,-0.1941595170284445,-0.009301074047940477,0.32344552196235027,1229,-0.19919984482037317
tbi_ma96,short,4,-0.00370729864151965,-0.0023368873113277914,3486,-0.19416773740168994,-0.009309294421185915,0.32415375788869766,859,-0.12110141463033404
persist24,long,0,-inf,0.03280402367813814,3503,-0.19434418631197597,-0.0268059287944295,0.33257208107336567,1233,-0.15329733246818966
sess_eu,short,1,1.0,inf,11685,-0.1943609797910055,-0.009502536810501477,0.32409071459135647,4295,-0.22999882187094503
pos96,short,5,0.5315814332946884,0.6329324980352523,3496,-0.19440313510684837,-0.009544692126344345,0.32494279176201374,1366,-0.2354577188529549
wick_skew,long,3,-0.18101761252446147,-0.09272164150213236,3504,-0.1945085487867099,-0.02697029126916342,0.3233447488584475,1260,-0.23367786543834335
persist24,short,3,0.1004616209331345,0.1377810616339354,3503,-0.19451475110523037,-0.009656308124726343,0.32514987153868113,1271,-0.23929055862778442
range_per_trade,long,1,3.5606234612504774e-08,4.173045657719025e-08,3505,-0.19451625465030342,-0.026977997132756948,0.33238231098430815,2207,-0.25581401642338436
rpt_rank,long,3,0.28541666666666665,0.3875,3397,-0.1945870632216946,-0.027048805704148138,0.32705328230791875,1273,-0.22000265641611344
rpt_z,short,1,-1.2284289355184748,-0.8707882241988164,3486,-0.1946165982282911,-0.009758155247787087,0.32415375788869766,1358,-0.16708956044256226
ats_rank480,short,1,0.08541666666666667,0.1875,3395,-0.19465843012641298,-0.009799987145908962,0.3237113402061856,1297,-0.150982536884546
dq_cum24,short,3,-0.31674050438605317,-0.20781480858979245,3501,-0.19468209416398416,-0.009823651183480137,0.32105112824907167,1029,-0.12589742447296773
tbi_z8,short,2,-0.9273800884125148,-0.5978834620719594,3504,-0.1948125169150753,-0.00995407393457129,0.3236301369863014,1305,-0.20474623255810792
hour,short,2,4.0,7.0,4382,-0.19481422779458657,-0.009955784814082547,0.3224554997717937,1610,-0.23279756318547185
minofday,short,2,240.0,420.0,4382,-0.19481422779458657,-0.009955784814082547,0.3224554997717937,1610,-0.23279756318547185
since_lo96,short,3,29.0,43.0,3548,-0.19490303636750803,-0.010044593387004003,0.32525366403607664,1309,-0.3806312025506043
vol_of_vol,long,0,-inf,-0.9973373401970906,3455,-0.19501837199509542,-0.027480114477548945,0.3455861070911722,1688,-0.33879330928769646
persist6,short,3,0.201284576805425,0.2744145460548171,3504,-0.19505366330519097,-0.010195220324686949,0.324486301369863,1286,-0.22946435415649766
rpt_rank,short,9,0.9020833333333333,inf,3468,-0.19507607365346066,-0.01021763067295664,0.32324106113033446,1311,-0.2483829037806441
lo_pos,long,2,0.06779661016949153,0.15254237288135594,3436,-0.19526419625654404,-0.027725938738997563,0.32537834691501744,1221,-0.3181063165862828
close_loc,short,8,0.7952514006457018,0.8855757425926173,3505,-0.19530518225992988,-0.010446739279425854,0.3195435092724679,1298,-0.23369381744001178
range_per_trade,short,0,-inf,3.561593910429564e-08,3506,-0.19532485587654444,-0.010466412896040417,0.338562464346834,2704,-0.13161720603443752
accel,short,6,0.29815383313732724,0.6426506229126011,3503,-0.19532785058694443,-0.010469407606440412,0.32486440194119326,1266,-0.17883773796438968
up_wick,short,7,0.38194796821488614,0.4665533026962595,3505,-0.1953321507952601,-0.010473707814756067,0.32268188302425105,1227,-0.18569192945500368
ats_z96,short,4,-0.3305530034527067,-0.06558570838727278,3486,-0.19545187188970134,-0.010593428909197317,0.3218588640275387,1313,-0.23702526162217769
tbi_z24,long,2,-0.8749876841792826,-0.5587981281130966,3501,-0.19557538356093093,-0.028037126043384458,0.3273350471293916,1286,-0.23903354809056757
range_per_trade,long,5,5.699816606744858e-08,6.279381134209305e-08,3505,-0.19570097594787422,-0.02816271843032775,0.3252496433666191,1167,-0.23218653152762875
atr_rank,short,6,0.5583333333333333,0.6729166666666667,3456,-0.19573287724155725,-0.010874434261053223,0.3136574074074074,1162,-0.1511438868519581
m1_jump,long,2,0.15479519785968646,0.17423152947346074,3505,-0.19573487867610254,-0.028196621158556062,0.3232524964336662,1185,-0.2579637652751012
updn_ratio,short,7,0.5333333333333333,0.55,3326,-0.19576622062025342,-0.0109077776397494,0.3199037883343355,1198,-0.251523679488571
range_z,short,8,0.5275572332998651,1.2144248027472546,3486,-0.19582303011260035,-0.010964587132096332,0.3158347676419966,1396,-0.19590440342604135
close_loc,short,4,0.414998215539458,0.5124856815578481,3505,-0.19601382741451684,-0.011155384434012816,0.32353780313837377,1163,-0.1522587109545957
body_frac,long,6,0.1857493857494002,0.3396000000000059,3505,-0.19607831179857033,-0.028540054281023852,0.324679029957204,1108,-0.2592491332723721
persist6,short,6,0.4381464161846145,0.5340346000503838,3504,-0.19616807403413414,-0.011309631053630115,0.3207762557077626,1356,-0.19778276337080128
ats_z96,long,7,0.5291489353720142,0.9033492976221263,3485,-0.1962082698671962,-0.02867001234964972,0.3242467718794835,1224,-0.30142073470034175
range_rank,long,1,0.08541666666666667,0.17916666666666667,3381,-0.19642777021611124,-0.028889512698564768,0.33717834960070986,1199,-0.3391575738205908
avg_trade_usd,short,1,2527.6153714278703,2858.1109680960617,3505,-0.1964835630102089,-0.011625120029704866,0.3346647646219686,1063,-0.09475009048500219
since_hi96,short,4,37.0,51.0,3627,-0.19651426958180696,-0.011655826601302932,0.32781913427074716,1290,-0.1908634122974191
to_lo24,short,4,1.944555986043482,2.337704760328866,3503,-0.1968410405408531,-0.011982597560349084,0.32771909791607196,1201,-0.28622499333846846
to_lo96,long,4,4.369742688485707,5.3512628736507395,3495,-0.19693157379226706,-0.029393316274720582,0.32761087267525035,1311,-0.3211512218744815
updn_ratio,short,9,0.576271186440678,inf,3587,-0.1970328964836884,-0.012174453503184385,0.3239475885140786,1537,-0.2384028044417837
tbi_ma8,short,2,-0.013168222731794297,-0.009020144274962913,3504,-0.19718944733105617,-0.01233100435055215,0.3202054794520548,1033,-0.13332912292272137
to_lo24,short,6,2.7913688515834565,3.3568473039731686,3503,-0.19727405964220127,-0.012415616661697243,0.32229517556380244,1358,-0.2184040683237066
to_lo24,short,8,4.102103881031209,5.191061691984229,3503,-0.19740272267840506,-0.012544279697901034,0.3140165572366543,1247,-0.10140392238254238
tbi_ma8,long,1,-0.01881795369219306,-0.013167318676514859,3504,-0.19754194003881706,-0.030003682521270586,0.3202054794520548,1186,-0.2525164666058502
tbi,short,8,0.02984672154514574,0.047269109146392284,3505,-0.19757074935068558,-0.012712306370181559,0.32011412268188305,1191,-0.1866384129626904
rpt_z,short,9,1.3492337479895646,inf,3487,-0.19760796354320143,-0.012749520562697403,0.32205334098078575,1347,-0.2214633527452838
avg_trade_usd,short,3,3164.653060888597,3470.643124428656,3505,-0.1976242864213265,-0.012765843440822489,0.3263908701854494,936,-0.21975251063170614
to_lo24,long,1,0.8280959916277925,1.2275399072575706,3503,-0.1976725650026085,-0.030134307485062017,0.32172423636882674,1249,-0.2507725976789214
range_z,long,3,-0.5884756844091334,-0.4380727953567348,3485,-0.19780321604612286,-0.030264958528576386,0.32682926829268294,1143,-0.2647162679753969
since_hi24,short,2,4.0,7.0,3824,-0.19782692629088938,-0.01296848331038536,0.32243723849372385,1361,-0.23124906460866362
tbi_ma8,long,7,0.004513839063884073,0.00854252655659345,3503,-0.19792920548920756,-0.030390947971661086,0.3245789323437054,984,-0.23764445522506883
to_hi24,short,6,2.5480032448256655,3.0679787501285096,3504,-0.19807402046055705,-0.013215577480053031,0.3261986301369863,1152,-0.1567880242159441
atr_pct,long,1,0.004192425182040492,0.005461794977295388,3505,-0.19810035450132596,-0.030562096983779485,0.350641940085592,2831,-0.2673130242640249
dn_wick,short,1,0.0476732575337281,0.10455130174779967,3505,-0.1981821279219143,-0.013323684941410285,0.3186875891583452,1441,-0.25230597285792467
gap,short,3,0.0,0.0001556630223971389,18920,-0.19821099649624083,-0.013352553515736804,0.32040169133192387,7523,-0.19562575052365822
vol_per_trade_z,short,3,-0.5996979160569242,-0.33190753279440643,3486,-0.198243505019442,-0.013385062038937967,0.3218588640275387,1327,-0.22780849571031087
dq,short,8,0.05983951883741134,0.09469078469987095,3505,-0.19844094585537855,-0.01358250287487453,0.31982881597717544,1189,-0.1801946932877253
since_lo24,short,8,22.0,24.0,3921,-0.19849308213290684,-0.013634639152402817,0.3241520020402958,1407,-0.20058859186926162
tbi_z8,short,0,-inf,-1.3254850109746854,3504,-0.198572421987293,-0.013713979006788973,0.3207762557077626,1315,-0.20328420510568607
ats_rank480,long,3,0.29583333333333334,0.40208333333333335,3420,-0.19887016098402013,-0.03133190346647366,0.3242690058479532,1289,-0.24789529704096505
persist24,short,9,0.4467565438302885,inf,3503,-0.19891583441424063,-0.014057391433736605,0.3094490436768484,1199,-0.11067877690175294
avg_trade_usd,short,6,4047.635381778234,4341.877026887973,3505,-0.1990021522916495,-0.014143709311145475,0.3115549215406562,928,-0.14163876914815338
rpt_z,short,8,0.8132561014666402,1.3492337479895646,3486,-0.1992797617059369,-0.014421318725432869,0.31956397016637983,1278,-0.23124621221968983
rpt_z,short,4,-0.34746618775525423,-0.10237005909744666,3486,-0.19938331831056835,-0.01452487533006433,0.3192771084337349,1264,-0.2756604324220479
tbi_z24,long,7,0.5489135931990291,0.8774601798675934,3501,-0.1995305175265154,-0.03199226000896893,0.32305055698371893,1299,-0.1973919385320814
dn_wick,long,7,0.3951965065501929,0.4821286402681777,3504,-0.19954182223982042,-0.03200356472227395,0.3204908675799087,1183,-0.2822694632648429
body_frac,short,9,0.652686249048428,inf,3506,-0.20000060270359155,-0.015142159723087523,0.3154592127780947,1533,-0.20404417241703596
tbi_z24,long,3,-0.5587981281130966,-0.27936106457114346,3500,-0.20009444892956066,-0.032556191412014185,0.324,1307,-0.24796613875516377
persist96,long,1,0.01715222048620262,0.03505507569338937,3495,-0.20034161033033687,-0.0328033528127904,0.32818311874105865,1498,-0.30583822734348115
persist6,short,5,0.35077937020610805,0.4381464161846145,3505,-0.20038503395040358,-0.015526590969899556,0.3203994293865906,1312,-0.1931591675098462
disp24,short,2,-2.2414411109090997,-1.3419066272726325,3503,-0.2006250275196599,-0.015766584539155887,0.32029688838138737,1244,-0.19195441234026667
extreme_late,short,7,0.8813559322033898,0.9491525423728814,3974,-0.20064415681467138,-0.015785713834167353,0.3210870659285355,1625,-0.1663365335380447
tbi_z8,long,4,-0.3042206684073761,-0.007860203970958502,3503,-0.20066101592864807,-0.0331227584111016,0.32058235797887524,1282,-0.21101182646986608
to_hi480,short,4,7.825404703013429,10.437870989391957,3457,-0.20066112994418123,-0.015802686963677204,0.31993057564362165,1540,-0.3100635081517678
efficiency,long,0,-inf,0.020166126381260415,3505,-0.20067039867100536,-0.03313214115345889,0.3223965763195435,1280,-0.3345898118554163
atr_rank,long,4,0.3541666666666667,0.45416666666666666,3405,-0.2006811180638106,-0.033142860546264113,0.32217327459618206,1253,-0.22968789318100533
tbi_z24,short,0,-inf,-1.29904597324318,3501,-0.20087339835058288,-0.016014955370078854,0.32190802627820625,1267,-0.15160031379341024
to_hi96,long,4,3.7001787070528684,4.54340207317335,3495,-0.20101427042963005,-0.033476012912083575,0.32274678111587984,1222,-0.20414401665383383
updn_ratio,short,6,0.5166666666666667,0.5333333333333333,3679,-0.20103951230099448,-0.01618106932049046,0.3196520793693939,1329,-0.16828477665501576
up_wick,short,4,0.19726002537407494,0.25190533821797423,3505,-0.20118360394145876,-0.016325160960954738,0.31840228245363766,1220,-0.2145565674719556
kyle_z,short,1,-1.1707427017604262,-0.8631817620451518,3486,-0.20133396517092753,-0.016475522190423503,0.32644865174985654,1178,-0.27299900065073973
trade_intensity,long,1,0.40127469749884204,0.506583398438401,3496,-0.2013340898412972,-0.03379583232375072,0.33152173913043476,1353,-0.30163381582589516
vol_per_trade_z,short,5,-0.06017283232426621,0.21811957490930367,3487,-0.2014072833320212,-0.016548840351517186,0.31918554631488383,1301,-0.20747781642127733
updn_ratio,long,5,0.5,0.5166666666666667,4040,-0.20146876337806272,-0.03393050586051624,0.32252475247524753,1431,-0.23266694479566605
rpt_rank,long,1,0.09166666666666666,0.1875,3410,-0.20147506887560154,-0.03393681135805507,0.32111436950146627,1245,-0.2842208765497089
close_loc,short,3,0.3192689778863603,0.414998215539458,3505,-0.20149600525017605,-0.01663756226967203,0.32268188302425105,1201,-0.20633801043087613
disp24,long,7,1.533667174853768,2.5465056132978923,3503,-0.20174123206528805,-0.03420297454774157,0.32343705395375394,1420,-0.2970175057635159
atr_rank,long,1,0.06458333333333334,0.15708333333333446,3497,-0.2018421348291604,-0.03430387731161394,0.3411495567629397,1258,-0.21317019660288314
rpt_z,long,6,0.15483404525013458,0.4522497862661188,3486,-0.20199777520803402,-0.03445951769048755,0.32157200229489386,1355,-0.2188630735826261
ats_rank480,long,4,0.40208333333333335,0.5083333333333333,3392,-0.20206178320685894,-0.03452352568931247,0.32252358490566035,1338,-0.2422418186161107
absorb,long,1,-0.22612345643195042,-0.1116521971846144,3504,-0.20218129939531562,-0.03464304187776915,0.3267694063926941,1439,-0.22384275429169626
atr_rank,short,4,0.3541666666666667,0.45416666666666666,3406,-0.2023104785210565,-0.01745203554055247,0.3182618907809748,1253,-0.26489585470932525
rpt_rank,long,0,-inf,0.09166666666666666,3388,-0.2025982969764272,-0.035060039458880726,0.31936245572609206,1186,-0.3055487667063662
since_lo480,short,5,297.0,355.0,3469,-0.20276863903486447,-0.01791019605436045,0.3234361487460363,1168,-0.3271665605538475
up_wick,long,7,0.38192419825074764,0.4665415884928174,3504,-0.2027794913155998,-0.03524123379805333,0.3239155251141553,1227,-0.22559058762456022
persist96,long,7,0.15151552661542153,0.18866188799291925,3495,-0.20278361943631104,-0.03524536191876457,0.317310443490701,1388,-0.23088405594491068
rv_vs_range,long,3,0.580930064457019,0.622538352089746,3505,-0.2028379562230159,-0.03529969870546942,0.3215406562054208,1185,-0.19092092641038141
flow_div,long,2,1.0,inf,6909,-0.20292069049273037,-0.0353824329751839,0.32175423360833694,3039,-0.23573898439057855
hi_pos,short,5,0.423728813559322,0.559322033898305,3475,-0.20297952402068625,-0.01812108104018223,0.3176978417266187,1206,-0.24873018385115567
close_loc,short,7,0.7053886509814072,0.7952514006457018,3505,-0.20310340123969542,-0.018244958259191396,0.3181169757489301,1230,-0.17811375098646243
to_lo96,long,1,1.548563828187472,2.4390984893716388,3496,-0.20355366188621682,-0.036015404368670345,0.3146453089244851,1294,-0.19305586575772735
rpt_z,short,7,0.452426160325201,0.8132561014666402,3486,-0.20360299402893325,-0.01874455104842923,0.32157200229489386,1246,-0.2013527339031836
lo_pos,long,7,0.6949152542372882,0.8305084745762712,3339,-0.2036801982259042,-0.03614194070835772,0.32374962563641807,1345,-0.23680052541257254
dq_cum24,long,1,-0.6181615595144889,-0.4470462427156462,3500,-0.20381233096928827,-0.0362740734517418,0.32,1230,-0.3399939182007495
to_hi96,short,2,2.0541422810151624,2.85550178009381,3496,-0.20393896728871702,-0.019080524308213,0.3166475972540046,1158,-0.08144590896731757
since_hi24,short,5,14.0,17.0,3291,-0.20431433504768853,-0.01945589206718451,0.32604071710726223,1144,-0.2980417741918664
disp6,long,4,-0.2545470175123008,0.02205155091405652,3505,-0.2043616351406441,-0.03682337762309762,0.32353780313837377,1119,-0.1967964081995837
absorb_z,long,7,0.1550745781350887,0.245880536061297,3382,-0.20436225271418382,-0.036823995196637344,0.3205204021289178,1362,-0.18697050227776593
since_lo96,short,7,80.0,89.0,3598,-0.2044296121169693,-0.019571169136465283,0.3226792662590328,1287,-0.19376235948471965
avg_trade_usd,short,2,2858.1109680960617,3164.653060888597,3505,-0.20447709366067562,-0.0196186506801716,0.33009985734664765,1053,-0.17923850155980414
body_frac,long,3,-0.31937984496121774,-0.1617174959871701,3505,-0.20460181885308493,-0.03706356133553845,0.3209700427960057,1203,-0.17103728330854143
tbi_z24,short,1,-1.29904597324318,-0.8756401673723706,3501,-0.2047765866304646,-0.019918143649960585,0.3193373321908026,1260,-0.2711897930676286
rpt_z,long,2,-0.8711294582745314,-0.5952937221381656,3486,-0.20481605828730753,-0.03727780076976106,0.3221457257601836,1301,-0.26371258207662973
disp6,short,3,-0.5806787362435571,-0.2548267313564423,3504,-0.20484300444321077,-0.019984561462706746,0.3224885844748858,1198,-0.16624003820788094
vol_of_vol,short,6,-0.0934007416983828,0.18140923836560627,3455,-0.20486401039430563,-0.020005567413801606,0.31895803183791605,1207,-0.2652767394387125
flow_eff,short,1,-0.10037609530425694,0.0009966265176465357,3505,-0.2050825013898455,-0.020224058409341467,0.33067047075606276,1931,-0.23311926390164753
pos24,short,9,0.8671281822242074,inf,3504,-0.2052673276760081,-0.020408884695504087,0.305365296803653,1486,-0.17144835121634514
tbi_ma24,long,1,-0.012935616822449002,-0.009372911072035273,3500,-0.20527666144585127,-0.0377384039283048,0.31942857142857145,1229,-0.3369381900518737
updn_ratio,short,2,0.45,0.4666666666666667,2907,-0.20532863085252537,-0.020470187872021345,0.31854145166838665,1003,-0.21586498087330627
body_frac,long,4,-0.1617174959871701,0.014537902388384349,3505,-0.20542832251981735,-0.03789006500227088,0.3203994293865906,1250,-0.24952670522166973
kyle_z,long,0,-inf,-1.1708454034195253,3486,-0.2054784628262055,-0.03794020530865902,0.3344807802639128,1483,-0.3134616989400581
up_wick,short,8,0.4665533026962595,0.5815681597265723,3505,-0.2054785984141774,-0.020620155433673376,0.3181169757489301,1160,-0.25793271608032103
persist96,short,2,0.03505468743264874,0.05425276539953477,3496,-0.2054835434697192,-0.020625100489215176,0.324370709382151,1389,-0.2376822407902586
persist24,short,0,-inf,0.03280682742940884,3503,-0.2057353622587731,-0.020876919278269068,0.325435341136169,1233,-0.3218058321348699
absorb_z,short,0,-inf,-0.4268479176315576,3383,-0.20581741923021996,-0.020958976249715933,0.3221992314513745,1244,-0.14735589668350918
tbi_z24,short,9,1.3065964070781222,inf,3501,-0.20595548736731212,-0.021097044386808095,0.3144815766923736,1276,-0.2627725966875694
to_lo24,long,4,1.9450372331732613,2.3383140812917147,3502,-0.2059886185621028,-0.03845036104455632,0.3238149628783552,1201,-0.2891625031200279
persist6,long,7,0.5340424588761487,0.6444933987154325,3504,-0.2065943798314181,-0.03905612231387162,0.3190639269406393,1291,-0.25518236393725285
disp96,short,7,3.75805215634166,6.059231054126832,3496,-0.20682832420640346,-0.021969881225899435,0.31836384439359267,1304,-0.12983060798792498
atr_pct,short,8,0.012094484505518277,0.015124676814742086,3505,-0.2071854071228028,-0.02232696414229879,0.2907275320970043,430,0.07655037729052111
body_frac,short,0,-inf,-0.6436358353304513,3506,-0.20724123364910987,-0.02238279066860585,0.31717056474614946,1558,-0.19739622619859004
to_hi480,long,8,19.85925902942041,26.50988731005353,3457,-0.2072512855516119,-0.03971302803406543,0.3234017934625398,1373,-0.22241569747572992
to_lo96,short,6,6.466596891528056,7.822962234413181,3496,-0.20745113674565416,-0.022592693765150135,0.3197940503432494,1368,-0.2555971735371553
disp24,long,8,2.5465056132978923,3.967506729560891,3503,-0.20757285150342944,-0.040034593985882966,0.31772766200399655,1391,-0.28027362274266177
dn_wick,short,3,0.15681995529632675,0.20978457692788208,3505,-0.2076412750686748,-0.02278283208817078,0.31554921540656206,1247,-0.22697697851681742
tbi_z96,long,2,-0.8518656553010091,-0.5408809655324626,3487,-0.20769897081675326,-0.040160713299206785,0.3206194436478348,1282,-0.20013562621794317
persist96,long,0,-inf,0.01715222048620262,3496,-0.2078628796178555,-0.040324622100309016,0.3263729977116705,1572,-0.2133962135375978
gap,short,5,0.0005443704028349444,inf,3506,-0.20793396069351808,-0.023075517713014054,0.33086138049058755,104,-0.03912285086829238
persist6,short,4,0.2744145460548171,0.35077937020610805,3505,-0.20794644645269067,-0.023088003472186647,0.32011412268188305,1202,-0.2484497241751072
close_loc,short,0,-inf,0.12751566778012038,3506,-0.20823784104489163,-0.023379398064387602,0.3143183114660582,1554,-0.22649561464118975
tbi,short,7,0.017641626508084502,0.02984672154514574,3505,-0.20853854281886194,-0.02368009983835792,0.31326676176890156,1084,-0.2510342563858705
kyle,long,1,1.991664260283054e-07,2.3478044036757976e-07,3505,-0.20862637017237579,-0.04108811265482931,0.33894436519258203,2063,-0.2502681781937558
range_z,short,3,-0.5884290365514424,-0.43804389920169773,3486,-0.20864217767343435,-0.023783734692930325,0.32157200229489386,1143,-0.18937330196689123
since_lo480,long,4,232.0,297.0,3441,-0.20868898907734124,-0.04115073155979476,0.3292647486195873,1112,-0.3070282004936639
disp24,short,1,-3.557982494331823,-2.2414411109090997,3503,-0.208720426441239,-0.02386198346073498,0.31287467884670284,1377,-0.11640830197587634
absorb,short,8,0.08648879105454607,0.17189992412152197,3504,-0.20872213841369383,-0.023863695433189808,0.3219178082191781,1451,-0.21591753607678738
range_per_trade,short,3,4.692035744200119e-08,5.1952925754032596e-08,3505,-0.20895282712666857,-0.02409438414616455,0.3241084165477889,1652,-0.2489906941631962
tbi_z96,short,9,1.3025270434164882,inf,3487,-0.20901762029146817,-0.024159177310964147,0.3186119873817035,1225,-0.27407409488995554
dq_z96,short,9,1.3024925944845485,inf,3487,-0.20902321910641294,-0.02416477612590892,0.3186119873817035,1225,-0.27407409488995554
avg_trade_usd,long,9,5170.308523926393,inf,3506,-0.2090334429280174,-0.041495185410470925,0.31289218482601255,3131,-0.2402689885636157
disp96,short,3,-3.0089392664793455,-1.2291624003956825,3495,-0.20920540877763635,-0.02434696579713233,0.32045779685264664,1295,-0.3235369910250081
range_rank,short,3,0.2791666666666667,0.38125,3388,-0.20949502504524078,-0.02463658206473676,0.3217237308146399,1298,-0.2022269927134958
hi_pos,long,6,0.559322033898305,0.6949152542372882,3269,-0.20950523277722555,-0.041966975259679073,0.31997552768430715,1221,-0.3288528790187128
dq_z96,long,2,-0.8516995814319112,-0.5408303643544059,3487,-0.2097704647262763,-0.04223220720872983,0.32004588471465445,1285,-0.2022875980066334
vol_per_trade_z,long,4,-0.33190751035545324,-0.06017283232426621,3486,-0.20978651382796965,-0.04224825631042317,0.3204245553643144,1384,-0.2522792861846942
minofday,short,8,1140.0,1260.0,2922,-0.2098246856422401,-0.024966242661736082,0.31519507186858314,1074,-0.1905295780134308
hour,short,8,19.0,21.0,2922,-0.2098246856422401,-0.024966242661736082,0.31519507186858314,1074,-0.1905295780134308
lo_pos,long,5,0.3898305084745763,0.5423728813559322,3445,-0.21004591610171308,-0.04250765858416661,0.31901306240928884,1277,-0.24058578106513837
ats_rank480,short,7,0.7208333333333333,0.8229166666666666,3370,-0.21046495012724706,-0.025606507146743035,0.31988130563798217,1232,-0.19140831294005023
minofday,long,5,660.0,840.0,4383,-0.21054090064715547,-0.043002643129609,0.3214693132557609,1611,-0.3028965508911447
hour,long,5,11.0,14.0,4383,-0.21054090064715547,-0.043002643129609,0.3214693132557609,1611,-0.3028965508911447
rpt_rank,short,8,0.7979166666666667,0.9020833333333333,3368,-0.21081424726269263,-0.025955804282188605,0.3182897862232779,1325,-0.2254824417706024
trade_intensity,long,0,-inf,0.40127469749884204,3496,-0.2108189771594546,-0.04328071964190813,0.34725400457665906,1991,-0.22484348863640613
rv_vs_range,long,9,0.9109957472705922,inf,3506,-0.21082077023257634,-0.043282512715029864,0.3240159726183685,1717,-0.22991731511141372
since_lo480,long,3,161.0,232.0,3451,-0.21110630454433166,-0.043568047026785184,0.3187481889307447,1332,-0.12714736460153878
pos96,long,0,-inf,0.1552798121620817,3496,-0.2111421967687288,-0.04360393925118233,0.3103546910755149,1517,-0.261688192088567
to_hi480,short,3,5.788859935718729,7.825404703013429,3457,-0.21124124697885174,-0.02638280399834772,0.31761643043100957,1321,-0.21410888650111357
pos480,long,0,-inf,0.15720251592183546,3458,-0.21136851059359707,-0.043830253076050596,0.316657027183343,1385,-0.29507451995787787
lo_pos,short,6,0.5423728813559322,0.6949152542372882,3866,-0.2114215744066931,-0.026563131426189074,0.3173823072943611,1444,-0.2865704780422036
to_hi24,short,5,2.118740936210524,2.5480032448256655,3503,-0.21149451414824835,-0.02663607116774433,0.321153297173851,1153,-0.2136485313976706
lo_pos,short,9,0.9491525423728814,inf,3621,-0.21154409268667818,-0.026685649706174153,0.3156586578293289,1371,-0.20263770715116627
dq,short,7,0.03537842527030936,0.05983951883741134,3505,-0.2119122193421919,-0.027053776361687876,0.31212553495007134,1088,-0.2570568425433162
pos24,long,2,0.2574501913043092,0.3427709625795179,3503,-0.21193014862725518,-0.0443918911097087,0.31715672280902085,1131,-0.24494715041713613
m1_jump,short,3,0.17423158700980695,0.19397261912296726,3506,-0.21206089948166326,-0.02720245650115924,0.3154592127780947,1209,-0.21304275513873683
range_per_trade,long,3,4.6919166314532726e-08,5.195277209200453e-08,3505,-0.2120725767641748,-0.04453431924662832,0.32439372325249644,1652,-0.21537637659832337
tbi_ma96,long,3,-0.005084491695126003,-0.003707272151290242,3486,-0.2121475779072292,-0.04460932038968274,0.31899024670109005,909,-0.2829393645212996
tbi_z96,short,8,0.8556823419501975,1.3025270434164882,3486,-0.21220922275937942,-0.0273507797788754,0.31353987378083764,1336,-0.17598517750611004
vol_of_vol,short,5,-0.3024053859275736,-0.0934007416983828,3455,-0.21230983828384756,-0.027451395303343534,0.31345875542691753,1124,-0.2270793893734306
tbi_z24,short,8,0.8768637522671332,1.3065964070781222,3501,-0.2127337592950955,-0.027875316314591475,0.31533847472150817,1287,-0.14703894449540336
pos24,short,5,0.5238588235294104,0.6138155484190788,3503,-0.212859976211123,-0.028001533230618963,0.32343705395375394,1208,-0.2859572028809516
absorb,short,1,-0.22610371242931349,-0.11164256179823663,3504,-0.21299714979720866,-0.028138706816704634,0.3224885844748858,1439,-0.20813986746221022
up_wick,long,0,-inf,0.04542873367404921,3505,-0.21310788524851731,-0.04556962773097084,0.3164051355206847,1614,-0.2741635270260421
kyle_z,long,5,-0.17600922235696884,0.0651151679246672,3487,-0.21312147745562163,-0.045583219938075153,0.3171780900487525,1216,-0.24535300585328318
lo_pos,long,4,0.2711864406779661,0.3898305084745763,3342,-0.21312895120468323,-0.04559069368713675,0.31867145421903054,1183,-0.23270930755469244
pos480,long,6,0.6480094049741114,0.7656027926285855,3457,-0.21320314690568418,-0.0456648893881377,0.3213769164015042,1670,-0.2002105354930415
avg_trade_usd,long,1,2527.7066535501667,2858.12592960165,3505,-0.21320728324085894,-0.04566902572331247,0.3303851640513552,1063,-0.2676541914720413
extreme_late,short,3,0.5254237288135594,0.6271186440677966,3502,-0.21322705619204016,-0.028368613211536137,0.31610508280982297,1222,-0.2405219391206376
efficiency,short,6,0.12518583711810038,0.15271276772948428,3505,-0.2132987777449329,-0.028440334764428865,0.31497860199714695,1273,-0.2217150432427205
wick_skew,short,7,0.15735193798445804,0.26830559920779834,3505,-0.21330779092090055,-0.028449347940396524,0.3135520684736091,1277,-0.2346571716685534
body_frac,short,8,0.49057350048631326,0.652686249048428,3505,-0.2134256126014134,-0.028567169620909383,0.31440798858773183,1283,-0.19182606664052246
dq_z96,short,8,0.8558136946848116,1.3024925944845485,3486,-0.2137151754677319,-0.028856732487227865,0.3129661503155479,1336,-0.1781109661302794
pos96,long,1,0.1552798121620817,0.24512193508457547,3496,-0.2139797552432541,-0.04644149772570763,0.32065217391304346,1388,-0.3416144473309754
ats_z96,long,2,-0.9180069413378932,-0.6013958243341335,3487,-0.2140164484425823,-0.04647819092503583,0.3197591052480642,1465,-0.25465036129909024
ats_rank480,short,0,-inf,0.08541666666666667,3399,-0.21425205400087233,-0.029393611020368304,0.31832892027066784,1314,-0.22548358323753
to_hi96,short,0,-inf,1.2632164189852033,3496,-0.21430496394440032,-0.0294465209638963,0.30234553775743706,1365,-0.2333770648193487
efficiency,long,3,0.05899240190775233,0.07929147162585962,3504,-0.21468474078167926,-0.04714648326413279,0.3182077625570776,1238,-0.1708713469063888
updn_ratio,long,3,0.4666666666666667,0.48333333333333334,3501,-0.21481859587228844,-0.04728033835474196,0.31876606683804626,1266,-0.23949434542186018
minofday,short,3,420.0,540.0,2921,-0.21486860150359374,-0.03001015852308972,0.3166723724751797,1074,-0.21892528179312679
hour,short,3,7.0,9.0,2921,-0.21486860150359374,-0.03001015852308972,0.3166723724751797,1074,-0.21892528179312679
since_hi480,long,4,147.0,212.0,3494,-0.2150827854743821,-0.047544527956835614,0.31997710360618203,1107,-0.21250759893855806
range_z,short,2,-0.7377978945572881,-0.5884290365514424,3486,-0.21535392070076398,-0.030495477720259956,0.3218588640275387,1130,-0.2528410735575374
pos96,short,3,0.34026403902954716,0.4354589347887745,3496,-0.21576348265816261,-0.03090503967765859,0.31750572082379863,1200,-0.28620398474504305
absorb,long,0,-inf,-0.22612345643195042,3504,-0.21589745483073827,-0.0483591973131918,0.3259132420091324,1738,-0.20937735646492223
since_hi96,long,5,51.0,64.0,3383,-0.21593312733934567,-0.04839486982179919,0.32013006207508127,1129,-0.2698411312333448
gap,long,0,-inf,-0.0005257101044773937,3505,-0.2159967607365062,-0.048458503218959725,0.3269614835948645,93,-0.1360907266609283
pos96,long,3,0.34030749706592617,0.4354958480886109,3496,-0.2164376786712298,-0.048899421153683315,0.31864988558352403,1200,-0.14387153286993584
minofday,short,4,540.0,660.0,2922,-0.21645960706727896,-0.031601164086774935,0.3193018480492813,1074,-0.24695940871884414
hour,short,4,9.0,11.0,2922,-0.21645960706727896,-0.031601164086774935,0.3193018480492813,1074,-0.24695940871884414
accel,short,2,-1.036975652347249,-0.6571891013657015,3503,-0.21653870239912115,-0.03168025941861713,0.31886954039394805,1196,-0.2047654207958481
absorb_z,short,9,0.43128175088064513,inf,3383,-0.21658898535008653,-0.031730542369582504,0.3154005320721253,1186,-0.16506034632718372
persist24,short,4,0.1377810616339354,0.18076595828734104,3503,-0.21672709565208642,-0.0318686526715824,0.3163003140165572,1395,-0.21257215281738986
to_lo480,short,5,12.952719591817235,15.313468818299018,3458,-0.2169377477897239,-0.03207930480921989,0.31434355118565643,1185,-0.2749332560569884
to_hi480,long,5,10.437870989391957,13.059180410274578,3458,-0.21718929984770466,-0.049651042330158185,0.31203007518796994,1201,-0.40115459806792586
since_hi24,short,7,20.0,22.0,2801,-0.2177036235804982,-0.03284518059999417,0.31774366297750806,1024,-0.25113446915003707
since_hi480,short,9,463.0,inf,3490,-0.21774639290398295,-0.03288794992347893,0.3108882521489971,1940,-0.13903530252807092
dq,long,2,-0.06865308247677468,-0.04454807457786378,3506,-0.21777760615417585,-0.05023934863662938,0.31403308613804903,1040,-0.23788761771357766
to_lo24,short,5,2.337704760328866,2.7913688515834565,3504,-0.21783844316994305,-0.03298000018943903,0.3144977168949772,1255,-0.21976489042258335
since_hi24,long,2,4.0,7.0,3824,-0.21784367924736445,-0.05030542172981797,0.31537656903765693,1362,-0.25352624887154135
tbi,long,2,-0.034379939239324586,-0.022324033570758017,3505,-0.21809773152380246,-0.05055947400625599,0.31383737517831667,1039,-0.23968591132847575
tbi_z8,short,8,0.9243139745485558,1.3375160244679378,3504,-0.2181706675579461,-0.03331222457744207,0.3127853881278539,1248,-0.25423570259513495
hi_pos,short,4,0.2711864406779661,0.423728813559322,3996,-0.21866500209062706,-0.033806559110123036,0.31506506506506504,1471,-0.2788019123661326
tbi_ma24,short,4,-0.004387394750025326,-0.0022939326652590872,3500,-0.21875237638650138,-0.03389393340599736,0.31485714285714284,998,-0.27720766555515314
to_lo24,long,0,-inf,0.8280959916277925,3503,-0.2188540252037069,-0.05131576768616042,0.31087639166428777,1737,-0.2363625494141462
to_lo24,short,0,-inf,0.8277384538231906,3503,-0.21896202647943463,-0.03410358349893061,0.31258920924921496,1736,-0.21134557752034877
dow,long,3,3.0,4.0,4990,-0.21938029725640978,-0.05184203973886331,0.30781563126252504,1848,-0.3493538344857295
dn_wick,short,2,0.10455130174779967,0.15681995529632675,3505,-0.21960641969047612,-0.034747976709972095,0.3115549215406562,1329,-0.18312114676971877
since_lo24,short,3,8.0,11.0,3184,-0.22023382833673757,-0.03537538535623355,0.3118718592964824,1151,-0.12237102831309613
updn_ratio,long,0,-inf,0.42105263157894735,3503,-0.22030037547133952,-0.05276211795379304,0.32029688838138737,1358,-0.3089327823026877
avg_trade_usd,long,2,2858.12592960165,3164.6297376701305,3505,-0.2203319812074305,-0.052793723689884026,0.3252496433666191,1052,-0.23874166273349312
dq_cum24,short,4,-0.20781480858979245,-0.10747963601179693,3500,-0.2207592004834427,-0.03590075750293867,0.31457142857142856,997,-0.2765860478725581
ats_rank480,short,5,0.5083333333333333,0.6166666666666667,3429,-0.22112508285517876,-0.03626663987467474,0.3146689997083698,1303,-0.19731682902036507
kyle_z,short,3,-0.6166924317910941,-0.39314503655536437,3486,-0.22117793627868268,-0.03631949329817866,0.31554790590935167,1130,-0.1566275062248533
kyle_z,short,4,-0.39314503655536437,-0.17597387653597554,3486,-0.22124113294071845,-0.03638268996021443,0.3158347676419966,1155,-0.22243760680391636
rpt_rank,long,2,0.1875,0.28541666666666665,3392,-0.22127229684970567,-0.0537340393321592,0.31692216981132076,1291,-0.26951033902716776
to_lo480,long,3,8.391899493998514,10.62965588321862,3457,-0.2215499654399798,-0.054011707922433316,0.3118310673994793,1257,-0.1290757743444965
disp24,long,6,0.765599949838423,1.533667174853768,3502,-0.22167557240719488,-0.0541373148896484,0.32153055396916047,1199,-0.21373823043992593
ats_z96,short,1,-1.3170933854153533,-0.9178898040298049,3486,-0.22182391536717336,-0.036965472386669335,0.31612162937464144,1397,-0.20069456039888928
ats_z96,short,5,-0.06558570838727278,0.22191010350255916,3487,-0.22190330529235555,-0.03704486231185153,0.3143102953828506,1336,-0.22459419188244426
to_lo96,long,5,5.3512628736507395,6.4667250708631165,3496,-0.22199720487107966,-0.05445894735353318,0.3212242562929062,1275,-0.3378580054993489
vol_of_vol,long,7,0.18138423356926006,0.6218430001516837,3455,-0.22235464225313528,-0.05481638473558881,0.314616497829233,1322,-0.3241592375793689
kyle,short,2,2.3483384272323078e-07,2.648656145817244e-07,3505,-0.22239353418844066,-0.03753509120793663,0.32439372325249644,1636,-0.2065489134387591
tbi_ma8,short,3,-0.009020144274962913,-0.005504043799500987,3504,-0.2224602321774417,-0.037601789196937685,0.3133561643835616,963,-0.2422046687805891
disp24,short,3,-1.3419066272726325,-0.5936708255733326,3503,-0.22256686731355388,-0.037708424333049856,0.3182986011989723,1190,-0.2845019945976412
is_weekend,long,1,1.0,inf,10032,-0.22272789979333532,-0.05518964227578885,0.32974481658692184,3694,-0.25243358604625865
to_hi24,short,4,1.7430465146374254,2.118740936210524,3503,-0.2229789297993583,-0.03812048681885427,0.31886954039394805,1157,-0.24500094922549331
efficiency,long,1,0.020166126381260415,0.03976952598563994,3505,-0.22361787387637813,-0.05607961635883166,0.31383737517831667,1196,-0.2549657268469047
pos24,short,0,-inf,0.16884289079273707,3503,-0.22372299000186419,-0.03886454702136016,0.3077362260919212,1839,-0.18791144164609322
lo_pos,short,0,-inf,0.01694915254237288,3407,-0.22379631329672753,-0.038937870316223505,0.3087760493102436,1333,-0.2859886386475386
wick_skew,short,9,0.42124382327831456,inf,3506,-0.2238861011981448,-0.03902765821764079,0.3123217341699943,1313,-0.2507365268696236
to_lo96,short,7,7.822962234413181,9.337191572736632,3496,-0.2242159987385966,-0.03935755575809258,0.3137871853546911,1199,-0.11713705063759886
since_lo480,long,1,35.0,90.0,3437,-0.2243250388484392,-0.05678678133089274,0.3101542042478906,1377,-0.3274874129063465
gap,long,5,0.0005444089520571384,inf,3506,-0.22495290417626454,-0.057414646658718066,0.32857957786651454,104,-0.18746717144013875
up_wick,short,9,0.5815681597265723,inf,3506,-0.22504823398094848,-0.04018979100044445,0.3120365088419852,1271,-0.2352173048846744
pos24,short,8,0.7852596814329798,0.8671281822242074,3503,-0.22539382116335835,-0.040535378182854326,0.30516699971453043,1249,-0.2460451005481499
to_hi480,short,9,26.509844738871895,inf,3458,-0.22603124730556629,-0.04117280432506226,0.34037015615962984,1422,-0.3694153368191543
persist96,short,3,0.05425276539953477,0.07499455407643561,3495,-0.22700335758539103,-0.04214491460488701,0.3133047210300429,1321,-0.2763955544753542
ats_rank480,short,6,0.6166666666666667,0.7208333333333333,3399,-0.22703997261911688,-0.04218152963861285,0.313915857605178,1249,-0.18132376331076777
since_lo480,short,2,90.0,161.0,3475,-0.22756083543541686,-0.042702392454912835,0.3148201438848921,1437,-0.28606719296533645
range_per_trade,short,1,3.561593910429564e-08,4.1733650063872745e-08,3505,-0.22775298085545367,-0.04289453787494965,0.32268188302425105,2207,-0.1842915820050493
disp6,short,2,-0.9936013162572082,-0.5806787362435571,3505,-0.22882255532574736,-0.043964112345243334,0.3141226818830242,1237,-0.22987308218777147
to_hi96,short,3,2.85550178009381,3.70027052807179,3496,-0.2293194561973547,-0.04446101321685067,0.3103546910755149,1193,-0.2715658634323768
extreme_late,short,9,0.9830508474576272,inf,4613,-0.22936734057426944,-0.04450889759376542,0.30977671797095163,1573,-0.18014393353815195
rv_vs_range,short,9,0.9109684766862494,inf,3506,-0.2295519020298486,-0.044693459049344575,0.3174557900741586,1717,-0.24066254844769452
since_lo24,short,7,20.0,22.0,2928,-0.22966230622859776,-0.04480386324809374,0.3125,1024,-0.28410346558067234
pos24,long,0,-inf,0.16889496936966675,3503,-0.22994604072478816,-0.06240778320724169,0.30488153011704255,1841,-0.2456444521313973
since_hi24,long,1,2.0,4.0,3181,-0.23035688413272337,-0.0628186266151769,0.31342345174473435,1181,-0.2868975689991519
since_hi480,long,7,356.0,419.0,3462,-0.23044298113980116,-0.06290472362225469,0.31311380704794917,1544,-0.23346233945806846
dow,short,5,5.0,6.0,5016,-0.2305998414055149,-0.045741398425010876,0.31658692185007975,1848,-0.3943806594954042
pos480,long,3,0.3298541128056457,0.4294104773374343,3457,-0.23083641652397396,-0.06329815900642749,0.303731559155337,1805,-0.35345383506369193
tbi_ma24,long,2,-0.009372911072035273,-0.006665502469025113,3501,-0.23090789623959349,-0.06336963872204701,0.31505284204512995,1072,-0.3140885959992258
updn_ratio,short,1,0.42021052631578976,0.45,2812,-0.23094772829940116,-0.04608928531889714,0.31614509246088196,1026,-0.2943347724275892
ats_z96,short,0,-inf,-1.3170933854153533,3487,-0.2309970918599275,-0.04613864887942348,0.3131631775164898,1075,-0.24245203911089389
dn_wick,short,0,-inf,0.0476732575337281,3506,-0.23135716094459174,-0.04649871796408772,0.3057615516257844,1568,-0.23079026587774054
efficiency,short,4,0.07929479009051228,0.10096825040241555,3505,-0.23140701589531235,-0.04654857291480832,0.3115549215406562,1285,-0.19388638254689197
to_lo480,long,6,15.313733944199747,17.99357945247185,3457,-0.23188103623041456,-0.06434277871286809,0.3153022852183974,1260,-0.28359960432408926
pos96,short,7,0.7289502985080096,0.8090926637980135,3496,-0.23247509879519845,-0.04761665581469443,0.3103546910755149,967,-0.16049301470224303
disp6,short,1,-1.6835563673760034,-0.9936013162572082,3505,-0.23278857271531064,-0.04793012973480662,0.31269614835948645,1367,-0.20348315328447392
is_weekend,short,1,1.0,inf,10032,-0.23317829463911544,-0.04831985165861141,0.3229665071770335,3695,-0.33261118740580736
pos96,short,8,0.8090926637980135,0.8846386044988493,3496,-0.23334518320873351,-0.04848674022822949,0.30663615560640733,1156,-0.18167678293977027
persist24,short,2,0.0655147387118726,0.1004616209331345,3503,-0.23388568588484568,-0.049027242904341656,0.3148729660291179,1229,-0.24757985584293568
efficiency,short,7,0.15271276772948428,0.18728180937773461,3505,-0.23389173415783784,-0.04903329117733382,0.3087018544935806,1331,-0.203530048423096
since_hi24,short,6,17.0,20.0,3603,-0.23420338087205694,-0.04934493789155292,0.31362753261171245,1245,-0.24252493262948427
absorb,short,0,-inf,-0.22610371242931349,3504,-0.23431606267991945,-0.04945761969941542,0.3190639269406393,1738,-0.2417440493379574
dq_cum24,long,6,-0.007043097722356117,0.10044985265746602,3500,-0.23434834166871243,-0.06681008415116596,0.312,1012,-0.3157743976296053
pos96,short,6,0.6329324980352523,0.7289502985080096,3496,-0.23437275143537564,-0.04951430845487162,0.31407322654462244,1259,-0.04482707607092584
tbi_ma24,long,6,-0.0002028752862964843,0.0020352792725836528,3500,-0.23467622477475705,-0.06713796725721058,0.312,1018,-0.31429054428678077
dn_wick,long,8,0.4821286402681777,0.5996035678889904,3505,-0.23471983481229858,-0.0671815772947521,0.3095577746077033,1202,-0.29290040115701516
disp96,long,1,-7.428242099446507,-4.8352192464526365,3495,-0.23574953812793628,-0.06821128061038981,0.3055793991416309,1337,-0.22763363291220837
dow,short,6,6.0,inf,5016,-0.23575674787271605,-0.05089830489221203,0.3293460925039872,1847,-0.27080827218026593
to_lo96,long,3,3.3858857314716357,4.369742688485707,3496,-0.23584968770108428,-0.0683114301835378,0.31092677345537756,1364,-0.3010555080953247
disp24,short,5,0.09164073869890149,0.7651211417499388,3503,-0.23628061178909945,-0.05142216880859543,0.3174421924065087,1142,-0.27310099441113844
since_hi96,short,3,25.0,37.0,3310,-0.23630570549723837,-0.05144726251673434,0.30634441087613296,1236,-0.1666322589956413
body_frac,short,2,-0.4742666229819878,-0.31945705070570485,3505,-0.2364572768758747,-0.05159883389537068,0.3101283880171184,1209,-0.20282312907891537
atr_rank,short,0,-inf,0.06458333333333334,3418,-0.2365764254805486,-0.051717982500044585,0.3437682855471036,1133,-0.4543840846368529
dq_cum24,long,2,-0.4470462427156462,-0.3167060916609393,3501,-0.2367862782594963,-0.06924802074194983,0.3130534133104827,1078,-0.3018625167144784
wick_skew,long,0,-inf,-0.44536613272310566,3505,-0.23692919797392947,-0.069390940456383,0.3089871611982882,1256,-0.2847793323991788
pos96,short,9,0.8846386044988493,inf,3496,-0.23757958851530006,-0.05272114553479604,0.29605263157894735,1397,-0.3083577022284362
persist24,long,7,0.2814901052358526,0.35032434544471625,3503,-0.23765921927968708,-0.07012096176214061,0.3071652868969455,1349,-0.273566712609979
close_loc,long,5,0.5125881168177059,0.6112580645161226,3506,-0.23841242182865743,-0.07087416431111096,0.3114660581859669,1206,-0.28387881443259533
range_per_trade,long,0,-inf,3.5606234612504774e-08,3505,-0.23881576061405677,-0.07127750309651029,0.32667617689015693,2704,-0.2898766559200529
disp96,short,8,6.059231054126832,8.812339920252885,3496,-0.23962949191399982,-0.0547710489334958,0.30463386727688785,1100,-0.18059099367201
to_lo480,long,2,6.187450383506311,8.391899493998514,3457,-0.23980954364285204,-0.07227128612530556,0.3060457043679491,1365,-0.24575678249854932
disp96,long,4,-1.2290359374394204,0.3258296392142681,3496,-0.24045119234329593,-0.07291293482574945,0.31178489702517165,1430,-0.1982261864043579
tbi_ma24,long,7,0.0020352792725836528,0.004728899240359251,3501,-0.24067930522537653,-0.07314104770783006,0.3073407597829192,1125,-0.19853900184927387
dq_cum24,long,7,0.10044985265746602,0.22996557221616826,3501,-0.2407348996123391,-0.07319664209479262,0.3073407597829192,1123,-0.19614775388505304
to_hi24,short,7,3.0679787501285096,3.7475774383001337,3502,-0.24154777258813398,-0.05668932960762996,0.30953740719588807,1231,-0.24816218132443332
atr_rank,short,5,0.45416666666666666,0.5583333333333333,3462,-0.24199090356138528,-0.057132460580881256,0.30387059503177355,1250,-0.2198137773519171
close_loc,short,1,0.12751566778012038,0.22422299322091718,3505,-0.24271109252031453,-0.05785264953981051,0.30470756062767473,1313,-0.19986612518687244
atr_rank,long,3,0.25416666666666665,0.3541666666666667,3498,-0.24290780823314678,-0.07536955071560031,0.31360777587192684,1390,-0.22805411112023788
wick_skew,long,1,-0.44536613272310566,-0.29002608371630906,3505,-0.2444851792722741,-0.07694692175472762,0.30556348074179746,1268,-0.26582610267702517
flow_eff,long,1,-0.10039390885577024,0.0009935050586900994,3505,-0.24453209081166388,-0.07699383329411741,0.3195435092724679,1931,-0.27466257180398845
persist96,long,5,0.09721696384447032,0.12224670293880374,3496,-0.2445567064854527,-0.07701844896790622,0.30720823798627,1203,-0.1721860260606987
range_z,short,0,-inf,-0.9242926684651616,3487,-0.24459598870816093,-0.05973754572765691,0.3137367364496702,1550,-0.35009543434553747
pos24,long,1,0.16889496936966675,0.2574501913043092,3503,-0.24632565326681824,-0.07878739574927177,0.3025977733371396,1199,-0.3083036953262804
tbi_ma96,long,2,-0.006637642738433765,-0.005084491695126003,3486,-0.24661589177844506,-0.07907763426089859,0.3072289156626506,1003,-0.2668469044998134
range_rank,short,2,0.17916666666666667,0.2791666666666667,3446,-0.24696673751639298,-0.06210829453588895,0.3113755078351712,1284,-0.2966811198730361
persist96,short,8,0.18862354237955942,0.24153813541436167,3496,-0.24718882617225713,-0.0623303831917531,0.29605263157894735,1097,-0.2701419279935117
since_hi480,short,1,16.0,47.0,3494,-0.24727898405822607,-0.06242054107772205,0.30309101316542647,1035,-0.24781482997356177
to_hi96,short,5,4.543649791077551,5.4808116833192715,3496,-0.24764371586944958,-0.06278527288894556,0.3069221967963387,1052,-0.17525513548580482
wick_skew,short,8,0.26830559920779834,0.42124382327831456,3505,-0.24776367912386363,-0.0629052361433596,0.3035663338088445,1280,-0.2621550644573757
tbi_ma96,short,7,0.0005142379691459302,0.002328733167448705,3486,-0.24801104833944204,-0.06315260535893802,0.3089500860585198,1251,-0.35956193981000484
dq_z96,short,0,-inf,-1.285505189616678,3487,-0.24813965026795573,-0.06328120728745171,0.3097218239174075,1265,-0.1822540742243712
since_hi96,short,2,14.0,25.0,3506,-0.2485653981134247,-0.06370695513292068,0.3040501996577296,1263,-0.32825362450036527
tbi_z96,short,0,-inf,-1.2847960970910701,3487,-0.2488468127707699,-0.06398836979026587,0.3094350444508173,1265,-0.1822540742243712
to_hi480,short,2,3.930816756924312,5.788859935718729,3458,-0.2494308808553259,-0.06457243787482186,0.30364372469635625,1013,-0.11237603628771052
range_rank,short,1,0.08541666666666667,0.17916666666666667,3381,-0.24950624347729436,-0.06464780049679034,0.31647441585329783,1199,-0.2913478809779629
tbi_ma8,long,0,-inf,-0.01881795369219306,3504,-0.25068623225508807,-0.0831479747375416,0.3090753424657534,2390,-0.25870549448231434
range_z,short,1,-0.9242926684651616,-0.7377978945572881,3486,-0.25266389197442546,-0.06780544899392144,0.3129661503155479,1371,-0.24193767174579117
range_per_trade,short,4,5.1952925754032596e-08,5.700005144871637e-08,3505,-0.25312687535831757,-0.06826843237781355,0.30385164051355207,1340,-0.2427900458837449
to_hi96,short,4,3.70027052807179,4.543649791077551,3495,-0.2536394377464199,-0.06878099476591587,0.3050071530758226,1221,-0.3210875890468231
to_hi24,long,8,3.7472219404572784,4.731812020188345,3503,-0.25382158719441705,-0.08628332967687058,0.29945760776477304,1335,-0.22404877710386645
range_rank,long,0,-inf,0.08541666666666667,3391,-0.25480310233113196,-0.08726484481358548,0.32851666175169564,1267,-0.20673483501153847
kyle,short,1,1.9917298706873809e-07,2.3483384272323078e-07,3505,-0.2549018931451051,-0.07004345016460106,0.3218259629101284,2066,-0.2707746523115008
disp96,long,0,-inf,-7.428242099446507,3496,-0.255218261270967,-0.0876800037534205,0.30663615560640733,1604,-0.324274206373481
persist96,long,6,0.12224670293880374,0.15151552661542153,3495,-0.25534741529612204,-0.08780915777857556,0.303862660944206,1192,-0.2765577317896489
to_lo480,short,7,17.993524261025527,22.071513026952985,3458,-0.2554220851250875,-0.0705636421445835,0.30682475419317523,1367,-0.2234945769989354
range_per_trade,short,2,4.1733650063872745e-08,4.692035744200119e-08,3505,-0.25600385659223546,-0.07114541361173143,0.3101283880171184,1889,-0.2594906746278226
to_lo480,short,4,10.630130844913717,12.952719591817235,3457,-0.25659923544555796,-0.07174079246505394,0.303153022852184,1280,-0.15466822134989372
since_lo96,short,5,57.0,69.0,3290,-0.2571475883473585,-0.07228914536685449,0.30638297872340425,1194,-0.16310360009331185
since_hi480,long,5,212.0,280.0,3446,-0.2571813855710807,-0.08964312805353425,0.3076030179918746,1060,-0.2713251013415558
absorb,short,9,0.17189992412152197,inf,3505,-0.2574876300841736,-0.07262918710366956,0.3106990014265335,1802,-0.24095835707492436
flow_eff,long,2,0.0009935050586900994,0.02347712254317017,3505,-0.2578099299436308,-0.0902716724260843,0.3360912981455064,2085,-0.26197706194648246
dn_wick,long,9,0.5996035678889904,inf,3506,-0.2579188725163517,-0.09038061499880523,0.3020536223616657,1202,-0.25227784452641583
to_hi96,long,8,7.947464081063922,10.230501978132606,3496,-0.25878696824340347,-0.091248710725857,0.30320366132723114,1687,-0.23047790578914462
pos96,long,4,0.4354958480886109,0.5315883402736458,3495,-0.2594332378446701,-0.09189498032712362,0.30758226037195996,1221,-0.19698950041756622
vol_per_trade_z,short,0,-inf,-1.3282405153333656,3487,-0.2603756936662417,-0.07551725068573767,0.3031258961858331,1025,-0.24807951513408047
since_lo480,long,9,472.0,inf,3619,-0.26228083592317275,-0.09474257840562628,0.30339872893064385,910,-0.31167465070864314
accel,short,1,-1.594917431329,-1.036975652347249,3503,-0.26291589369354473,-0.07805745071304071,0.3014558949471881,1327,-0.24530113682342466
vol_per_trade_z,short,1,-1.3282405153333656,-0.921237118612,3486,-0.2629922912813415,-0.07813384830083747,0.30349971313826735,1384,-0.19615341516173113
trade_intensity,short,1,0.4012847317635256,0.5065875908533283,3496,-0.26322908559862745,-0.07837064261812343,0.30778032036613273,1354,-0.20067876631814424
since_lo480,short,8,447.0,472.0,3344,-0.2636806474951434,-0.0788222045146394,0.3005382775119617,1215,-0.2246324040699768
to_lo480,short,8,22.071513026952985,29.06103262290562,3457,-0.2639415503504026,-0.0790831073698986,0.30546716806479607,1206,-0.20301928089991278
flow_eff,short,3,0.023477182105547306,0.0455351467296046,3505,-0.26456203461044886,-0.07970359162994484,0.31440798858773183,1861,-0.28222085208032066
pos24,short,4,0.43394589652428106,0.5238588235294104,3503,-0.2657523306735076,-0.0808938876930036,0.3045960605195547,1133,-0.16537806236908095
tbi_ma96,long,6,-0.0009751635526630124,0.0005141340842066832,3486,-0.26578574318677123,-0.09824748566922475,0.30665519219736087,1054,-0.17770240703481724
kyle_z,short,0,-inf,-1.1707427017604262,3487,-0.2665699537843739,-0.0817115108038699,0.3094350444508173,1483,-0.28489816227288817
accel,long,0,-inf,-1.5949999338919287,3503,-0.2667480221599381,-0.09920976464239162,0.28889523265772193,1475,-0.3066947776686583
rpt_rank,short,7,0.6958333333333333,0.7979166666666667,3394,-0.2671212773401668,-0.08226283435966275,0.30082498526812024,1263,-0.23718083419675054
m1_jump,short,0,-inf,0.13224379570194147,3506,-0.26743126601468814,-0.08257282303418412,0.30034227039361094,1093,-0.27747087564112255
disp6,long,0,-inf,-1.6833695162593407,3505,-0.2686029130240938,-0.10106465550654731,0.2867332382310984,1542,-0.27807884378169573
vol_of_vol,short,3,-0.6296254970542744,-0.46900241152371164,3455,-0.26890259580823533,-0.08404415282773131,0.2998552821997106,1156,-0.1892470029602791
to_hi480,short,1,2.220382992129387,3.930816756924312,3457,-0.2702838133635525,-0.08542537038304848,0.29331790569858257,968,-0.2243864933214802
dq,short,9,0.09469078469987095,inf,3506,-0.270942572331343,-0.08608412935083898,0.30661722760981175,2209,-0.26287152086427207
atr_pct,short,2,0.0054618254691937195,0.006396721362641232,3505,-0.2709649699214656,-0.0861065269409616,0.30984308131241084,1986,-0.13550136141738348
tbi,short,9,0.047269109146392284,inf,3506,-0.272637762219854,-0.08777931923934995,0.3060467769537935,2212,-0.26280332690129726
dow,long,5,5.0,6.0,5016,-0.2735817443847739,-0.10604348686722742,0.30462519936204147,1848,-0.16721262783880342
disp24,short,9,3.9673832398711566,inf,3503,-0.2754688948521112,-0.09061045187160716,0.28546959748786754,1211,-0.17303935323348574
since_lo480,short,7,406.0,447.0,3468,-0.2755557936807555,-0.09069735070025148,0.29930795847750863,1441,-0.16820966716210245
atr_pct,short,1,0.004192491564477755,0.0054618254691937195,3505,-0.27564190108850484,-0.09078345810800081,0.31925820256776033,2830,-0.2593580004141637
tbi,short,0,-inf,-0.05162400499327896,3506,-0.2769060967057072,-0.09204765372520318,0.30861380490587564,2220,-0.21258182510758228
disp6,short,9,1.749491596183005,inf,3505,-0.276934989836674,-0.09207654685616995,0.28302425106990015,1363,-0.21414956395964657
dq,short,0,-inf,-0.1031843437351249,3506,-0.27771999445393064,-0.09286155147342662,0.3083285795778665,2216,-0.21210892155570926
pos480,long,2,0.24998267450977849,0.3298541128056457,3457,-0.2777991034597562,-0.11026084594220975,0.3008388776395719,1553,-0.1224458663160444
vol_of_vol,short,4,-0.46900241152371164,-0.3024053859275736,3455,-0.27833747827806865,-0.09347903529756463,0.29290882778581767,946,-0.3293798071952326
atr_rank,long,0,-inf,0.06458333333333334,3418,-0.2784450774076291,-0.11090681989008261,0.33265067290813344,1133,-0.2965837640855875
since_lo96,long,4,43.0,57.0,3643,-0.2795427377083116,-0.11200448019076514,0.3024979412572056,1338,-0.18130674944366434
since_hi480,short,6,280.0,356.0,3466,-0.2808203505254864,-0.09596190754498235,0.2919792267743797,1187,-0.24469988433154924
since_hi96,long,6,64.0,77.0,3670,-0.28364083806420615,-0.11610258054665967,0.2989100817438692,1241,-0.17349511991357192
pos480,short,8,0.8485013276253289,0.9121277851577703,3457,-0.2844280804427735,-0.09956963746226949,0.29331790569858257,816,-0.26203337008690236
pos480,short,4,0.42943995032960885,0.529651237837501,3457,-0.2857754613897029,-0.10091701840919887,0.29476424645646515,1131,-0.13580790290754333
to_lo480,short,9,29.06103262290562,inf,3458,-0.2860254612017297,-0.1011670182212257,0.3131868131868132,875,-0.5547004161896825
range_rank,short,0,-inf,0.08541666666666667,3391,-0.28605146829996997,-0.10119302531946595,0.31347685048658214,1267,-0.3803390944447133
disp24,long,0,-inf,-3.5574011619109456,3503,-0.2865267134596505,-0.118988455942104,0.2829003711104767,1539,-0.3067908972212174
vol_of_vol,short,2,-0.7844736401501188,-0.6296254970542744,3455,-0.28681851377146245,-0.10196007079095842,0.29696092619392184,1056,-0.2715766381323975
to_lo96,short,8,9.337191572736632,11.421834716872644,3496,-0.2898647590107589,-0.1050063160302549,0.2911899313501144,940,-0.27135548273302385
to_lo24,short,9,5.191061691984229,inf,3504,-0.2920966693488685,-0.1072382263683645,0.2796803652968037,1197,-0.17199565150357007
persist96,short,9,0.24153813541436167,inf,3496,-0.29276191067933416,-0.10790346769883014,0.27946224256292906,1062,-0.21996352335972363
trade_intensity,short,0,-inf,0.4012847317635256,3496,-0.2960495095114745,-0.1111910665309705,0.31721967963386727,1991,-0.33819451006943574
to_hi24,long,9,4.731812020188345,inf,3503,-0.29652547311505106,-0.1289872155975046,0.27918926634313446,1608,-0.3188571177954983
vol_of_vol,long,1,-0.9973373401970906,-0.7845097013382104,3455,-0.2979234109735154,-0.1303851534559689,0.2995658465991317,1306,-0.24493256107867697
atr_rank,short,1,0.06458333333333334,0.15833333333333333,3496,-0.2983671340028046,-0.1135086910223006,0.3049199084668192,1258,-0.3605239676951338
to_hi96,long,9,10.230501978132606,inf,3496,-0.2994277219184065,-0.13188946440086002,0.30348970251716245,1487,-0.3195287502714025
since_lo96,short,9,94.0,inf,4234,-0.2996012464938104,-0.1147428035133064,0.28932451582427965,1492,-0.17416288667176727
avg_trade_usd,short,0,-inf,2527.6153714278703,3506,-0.3017464566070067,-0.1168880136265027,0.3060467769537935,1608,-0.11145921516025335
since_hi480,short,8,419.0,463.0,3439,-0.30213591876223606,-0.11727747578173203,0.28874672870020357,1699,-0.19804432981592635
to_lo96,short,9,11.421834716872644,inf,3496,-0.30238663782889835,-0.11752819484839433,0.2911899313501144,1252,-0.38368178714396756
since_hi480,long,2,47.0,92.0,3421,-0.30521222996852787,-0.1376739724509814,0.2896813797135341,986,-0.34837166672340414
to_hi480,long,9,26.50988731005353,inf,3458,-0.3073138273641619,-0.13977556984661543,0.31434355118565643,1422,-0.18114778414038715
kyle,long,0,-inf,1.991664260283054e-07,3505,-0.31295366085194914,-0.14541540333440267,0.33295292439372326,3687,-0.2883727636440633
dq_cum24,short,9,0.4084907647781796,inf,3501,-0.3288034710138952,-0.14394502803339115,0.276492430734076,1952,-0.30901559414187496
tbi_ma24,short,9,0.008454574201346017,inf,3501,-0.32994275281183566,-0.14508430983133164,0.2762067980576978,1957,-0.3113923592272411
tbi_ma8,short,9,0.01442878604440023,inf,3504,-0.3334630142652577,-0.14860457128475368,0.2805365296803653,2202,-0.22666801835076208
flow_eff,short,2,0.0009966265176465357,0.023477182105547306,3505,-0.3336713129285055,-0.14881286994800147,0.3095577746077033,2085,-0.3095152013143217
pos480,short,7,0.7656029173200577,0.8485013276253289,3458,-0.3383316981520368,-0.15347325517153276,0.2764603817235396,1066,-0.06210639430701778
tbi_ma96,short,9,0.004726663401159637,inf,3487,-0.3554577904002523,-0.1705993474197483,0.26068253513048467,1932,-0.24855664205364156
disp96,short,9,8.812339920252885,inf,3496,-0.3734330656047416,-0.18857462262423758,0.26058352402745993,985,-0.46043131357821426
kyle,short,0,-inf,1.9917298706873809e-07,3506,-0.3785219763087795,-0.19366353332827546,0.30718767826583,3686,-0.32527083683736646
atr_pct,long,0,-inf,0.004192425182040492,3506,-0.3977709510657669,-0.2302326935482204,0.3297204791785511,2442,-0.24837400629542974
atr_pct,short,0,-inf,0.004192491564477755,3506,-0.42004038546342254,-0.23518194248291852,0.31916714204221336,2441,-0.4363287854778535
