feature,side,bin,lo,hi,n,exp_r,lift,wr,n_test,exp_r_test
tbi_ma96,long,9,0.0047254010127430815,inf,3487,0.1447952518861062,0.22143235059018984,0.6068253513048466,1932,-0.022967820633344106
tbi_ma24,long,9,0.008454360435815095,inf,3502,0.1101796348595674,0.18681673356365106,0.59565962307253,1958,-0.04828410987486224
dq_cum24,long,9,0.40847396070095277,inf,3502,0.10979810931266946,0.18643520801675312,0.5953740719588806,1953,-0.04950618860694634
persist96,long,9,0.24157870517675684,inf,3497,0.06852862281551575,0.1451657215195994,0.5676293966256791,1060,-0.05296376971611121
disp96,long,9,8.812259787323299,inf,3497,0.06232917503980482,0.13896627374388848,0.5747783814698313,986,0.08980651338247639
since_hi480,long,6,280.0,356.0,3466,0.05831652549257696,0.13495362419666063,0.5735718407386036,1187,-0.021148936627621705
atr_pct,long,8,0.01209467368322986,0.015125065045819246,3506,0.035367734041109995,0.11200483274519366,0.5387906446092413,430,-0.3056557516663459
to_lo24,long,9,5.191716118884818,inf,3504,0.027101144400577405,0.10373824310466107,0.5499429223744292,1197,-0.06075909936666266
since_hi480,long,8,419.0,463.0,3439,0.02665164972977935,0.103288748433863,0.5568479209072404,1699,-0.1363106233704394
disp24,short,0,-inf,-3.5582270825511917,3504,0.023444462126209712,0.11592840393615444,0.5399543378995434,1540,-0.015950092751397884
disp24,long,9,3.967556860269467,inf,3504,0.021123514804821896,0.09776061350890555,0.5442351598173516,1211,-0.09222967876069935
tbi_ma8,long,9,0.014429968322520798,inf,3505,0.019111903952042295,0.09574900265612594,0.5583452211126961,2202,-0.09977418569925368
pos480,long,8,0.8484892860420894,0.912127636486904,3458,0.015210680366294714,0.09184777907037836,0.5520532099479468,816,-0.06330710417834784
to_lo96,long,9,11.420847525303955,inf,3497,0.014343882885167428,0.09098098158925108,0.556762939662568,1252,0.02796746978423259
pos480,long,7,0.7656027614557175,0.8484892860420894,3458,0.014091474924632976,0.09072857362871663,0.550028918449971,1067,-0.26677758480082037
pos96,long,8,0.8091177277414976,0.8846750563014569,3496,0.009642503542107647,0.0862796022461913,0.5434782608695652,1158,-0.07895548419885204
atr_pct,short,9,0.015125065045819246,inf,3506,0.002165361664852174,0.09464930347479691,0.5094124358243012,258,-0.33624150476905873
since_hi480,short,2,47.0,92.0,3422,0.0016071189093087516,0.0940910607192535,0.5441262419637639,986,-0.0690610025996907
pos24,short,1,0.16885106090320068,0.25732745322226325,3503,0.00017548826255919635,0.09265943007250393,0.5412503568369968,1198,-0.1142633260248915
since_lo480,short,1,35.0,90.0,3437,-0.0015901877249161463,0.09089375408502859,0.5356415478615071,1377,0.0075547097088376385
disp6,short,0,-inf,-1.683511564095863,3506,-0.0018749586872841262,0.09060898312266061,0.5353679406731318,1542,-0.09717490054646631
to_hi24,short,9,4.732522399748711,inf,3504,-0.0032952166964681697,0.08918872511347657,0.528824200913242,1609,-0.02770098581409528
disp96,short,0,-inf,-7.426423940291588,3497,-0.0035295609552995094,0.08895438085464523,0.5396053760366029,1604,-0.03906045285218078
to_hi480,long,1,2.2205009344347406,3.930816756924312,3458,-0.011081039203198986,0.06555605950088467,0.5323886639676113,969,-0.048722279635637404
avg_trade_usd,short,9,5170.506489220891,inf,3506,-0.011325331952123785,0.08115860985782095,0.5293782087849401,3131,-0.17265274751154822
pos24,short,2,0.25732745322226325,0.34267005692957053,3504,-0.011736263441942394,0.08074767836800234,0.5368150684931506,1131,-0.13372921313062866
persist96,short,7,0.15150286218807263,0.18864550031202978,3496,-0.011894925465470515,0.08058901634447423,0.5323226544622426,1387,-0.09983676214152609
pos480,short,2,0.24998299317228478,0.3298950993580277,3458,-0.012096238382242126,0.08038770342770261,0.5358588779641411,1553,-0.18726146081519784
vol_of_vol,short,1,-0.9972908337428363,-0.7843945584498624,3456,-0.012694755189642836,0.0797891866203019,0.5413773148148148,1306,-0.15023855279607018
tbi_ma96,short,2,-0.0066377527299552805,-0.005085064284127192,3487,-0.012935370705777353,0.07954857110416738,0.5334098078577574,1003,-0.0632458288180052
to_hi96,short,8,7.94786074620019,10.230939531896672,3496,-0.013858944732514223,0.07862499707743051,0.5346109839816934,1687,-0.1348668773406933
to_hi480,long,0,-inf,2.2205009344347406,3458,-0.016700340963076446,0.05993675774100721,0.5277617119722383,1054,-0.01138051113768322
accel,long,1,-1.5948466722011192,-1.0369045145840763,3503,-0.017289002861250156,0.0593480958428335,0.5281187553525549,1328,-0.07641929862774499
pos96,long,7,0.7289644247048697,0.8091177277414976,3496,-0.017359317007177473,0.05927778169690618,0.5348970251716247,967,-0.0795988409752592
pos480,long,4,0.4294717520841592,0.5297469011962922,3458,-0.017549852341159935,0.059087246362923715,0.5344129554655871,1133,-0.3051862955479127
to_lo480,short,0,-inf,3.6751248042994415,3458,-0.0186834269913248,0.07380051481861993,0.5196645459803354,1520,-0.002478051802859077
to_lo96,short,1,1.548522436847114,2.43858937326728,3496,-0.019467502406781856,0.07301643940316288,0.5268878718535469,1293,-0.16277445890273864
since_hi480,short,5,212.0,280.0,3446,-0.019703180248688272,0.07278076156125646,0.5293093441671504,1060,-0.07606466395912839
to_lo480,long,4,10.630130844913717,12.952280230762838,3458,-0.019906946747112797,0.056730151956970856,0.5320994794679005,1280,-0.06340771776953631
dow,short,3,3.0,4.0,4992,-0.02076261088848309,0.07172133092146164,0.5224358974358975,1848,-0.021003150308354562
m1_jump,long,0,-inf,0.13225421248372002,3506,-0.021433599213310985,0.05520349949077267,0.5319452367370222,1093,-0.07468396167501735
dq_cum24,short,2,-0.44740475046223144,-0.31673054432916425,3501,-0.021728927649518906,0.07075501416042583,0.5295629820051414,1080,-0.003918825572743063
atr_rank,long,5,0.45416666666666666,0.5583333333333333,3462,-0.02174593643821488,0.05489116226586877,0.5283073367995378,1251,-0.04049607857941655
since_lo480,short,9,472.0,inf,3619,-0.021877827960631802,0.07060611384931294,0.528046421663443,910,-0.06952156127850005
persist96,long,8,0.18864550031202978,0.24157870517675684,3496,-0.021935273677968936,0.05470182502611472,0.5280320366132724,1100,-0.04558703480823272
pos480,short,3,0.3298950993580277,0.4294717520841592,3458,-0.02224104967184922,0.07024289213809551,0.5240023134759977,1805,-0.049497917822563284
disp96,long,8,6.059231054126832,8.812259787323299,3496,-0.02341223793124813,0.053224860772835524,0.5271739130434783,1100,-0.0783072320690709
atr_rank,short,9,0.9127083333333379,inf,3458,-0.02506678479217273,0.06741715701777201,0.5014459224985541,1538,-0.006450132011298455
to_hi96,long,1,1.2628837056931554,2.0540763833425153,3496,-0.0251068194996352,0.051530279204448456,0.5245995423340961,1205,-0.05477874320822676
to_lo24,long,5,2.337871034437379,2.7914807113882643,3503,-0.02547274444931108,0.05116435425477257,0.5312589209249214,1255,-0.12357642360365377
disp96,short,4,-1.2291624003956825,0.32595998432668083,3496,-0.02558658862506569,0.06689735318487905,0.5266018306636155,1431,-0.12431028814933298
pos96,short,0,-inf,0.15526098587921128,3497,-0.025594705364361085,0.06688923644558364,0.5210180154418073,1517,-0.07629222022231776
pos480,short,0,-inf,0.15719628017411952,3458,-0.026036849547529273,0.06644709226241546,0.5240023134759977,1385,-0.0004201806345797237
range_per_trade,short,9,9.802237330722748e-08,inf,3506,-0.02645746088400008,0.06602648092594465,0.5077010838562465,45,0.07221095124187805
to_lo480,long,8,22.069215175107843,29.05961524463106,3458,-0.027098991311498687,0.04953810739258496,0.5341237709658763,1207,-0.11233491334785566
persist96,short,6,0.1222412085365729,0.15150286218807263,3496,-0.02718843155873331,0.06529551025121143,0.5254576659038902,1193,-0.043688114867466925
since_lo480,long,5,297.0,355.0,3470,-0.02724565246357077,0.04939144624051288,0.5305475504322766,1168,-0.026131539753797735
disp96,short,1,-7.426423940291588,-4.834122764050597,3496,-0.027253289145259457,0.06523065266468528,0.5205949656750573,1338,-0.05216675707005745
pos24,long,7,0.7015350101330949,0.7853343211255969,3503,-0.027316312135398486,0.04932078656868517,0.5304025121324579,1331,-0.10804592194211551
accel,short,0,-inf,-1.5948466722011192,3504,-0.027433859717109085,0.06505008209283565,0.5245433789954338,1475,-0.07808940526905699
disp6,long,9,1.7503833742913975,inf,3506,-0.027477007161396918,0.04916009154268673,0.5299486594409584,1362,-0.09263795484819413
to_hi24,short,8,3.7475774383001337,4.732522399748711,3504,-0.027929698581907945,0.0645542432280368,0.5248287671232876,1334,-0.21660532670494692
since_lo96,long,9,94.0,inf,4234,-0.02843116402563711,0.04820593467844654,0.5266887104393009,1493,-0.09776852100537085
tbi_ma24,short,2,-0.00937502087601858,-0.006667167564706792,3501,-0.028977787128029755,0.06350615468191498,0.525849757212225,1073,0.0029316054074332663
atr_rank,long,7,0.6729166666666667,0.7958333333333333,3493,-0.02918625712915995,0.0474508415749237,0.5184655024334383,1169,-0.10305980301164792
to_lo24,short,2,1.2268758260535517,1.5876620660501664,3504,-0.02928422898689298,0.06319971282305176,0.531107305936073,1097,-0.19808465164592215
since_lo480,long,2,90.0,161.0,3475,-0.029653413093014863,0.04698368561106879,0.5292086330935252,1437,0.00633606992180591
to_hi480,long,3,5.788720051854162,7.824084173065477,3458,-0.030011920517808065,0.04662517818627559,0.5277617119722383,1321,-0.09316681144758449
vol_of_vol,long,4,-0.4689926654072825,-0.30243465266710984,3455,-0.030814879065937967,0.045822219638145686,0.5264833574529667,946,-0.06302709661251109
to_hi24,long,3,1.4065503168146938,1.742894283044307,3503,-0.03141491748971728,0.04522218121436637,0.5298315729374822,1119,-0.08735282320455047
dn_wick,short,9,0.5995754233922119,inf,3506,-0.03198676027827473,0.060497181531670004,0.5282373074729035,1204,-0.12075442756461222
to_hi96,short,9,10.230939531896672,inf,3497,-0.032058813791846,0.06042512801809874,0.5341721475550472,1487,-0.03608164368628881
updn_ratio,long,2,0.45,0.4666666666666667,2907,-0.03218942135487656,0.04444767734920709,0.5242518059855521,1003,-0.08585517312325369
pos96,long,9,0.8846750563014569,inf,3497,-0.03333434591393998,0.04330275279014367,0.5224478124106376,1396,-0.032334399690185624
close_loc,long,1,0.12754868363673152,0.2242490117726961,3506,-0.033377404546509414,0.04325969415757424,0.5239589275527667,1313,-0.1026927875632191
to_hi480,short,5,10.436381472271139,13.05892642728981,3458,-0.03340265450110366,0.059081287308841074,0.5211104684788895,1202,0.0029105365410843995
tbi_ma24,short,7,0.0020347098732218976,0.0047259478124308165,3501,-0.03351983457996328,0.05896410722998146,0.5218508997429306,1125,-0.15315815541913683
to_lo480,short,2,6.187768349158728,8.391934021636711,3458,-0.033618346838304974,0.05886559497163976,0.5208212839791787,1365,-0.05234654351559274
kyle,long,9,5.851994940059667e-07,inf,3506,-0.03396799570172889,0.04266910300235476,0.5,139,-0.055141518342900556
dq_cum24,short,7,0.10034887914538465,0.22989882962895875,3501,-0.03405365094831344,0.0584302908616313,0.5215652670665524,1123,-0.15439853068601694
since_lo480,long,0,-inf,35.0,3442,-0.034560828894245305,0.04207626980983835,0.5127832655432888,1586,-0.18747010415059912
atr_rank,long,6,0.5583333333333333,0.6729166666666667,3456,-0.034852696603411934,0.04178440210067172,0.5205439814814815,1164,-0.11195833041157972
pos96,short,4,0.4354589347887745,0.531584886784167,3496,-0.035278957869598566,0.05720498394034617,0.5245995423340961,1221,-0.2032238454160371
range_z,long,8,0.5279635508319275,1.2160179863600726,3487,-0.035318393547241256,0.0413187051568424,0.515055921995985,1397,-0.0762011570407041
to_lo24,short,3,1.5876620660501664,1.94469337940717,3503,-0.036105232938251276,0.05637870887169346,0.5269768769626035,1140,-0.17774649847534602
to_lo24,short,1,0.827840074492022,1.2268758260535517,3503,-0.03611956804874007,0.056364373761204664,0.5249785897801884,1249,-0.13204853264859545
since_hi96,long,1,5.0,14.0,3771,-0.036215334451568756,0.0404217642525149,0.5125961283479183,1376,-0.10567002999701373
avg_trade_usd,long,0,-inf,2527.6724227543054,3506,-0.03624068521094068,0.04039641349314297,0.5353679406731318,1608,-0.12091172111091414
since_hi480,long,1,16.0,47.0,3495,-0.03698442970597994,0.03965266899810371,0.5201716738197425,1035,-0.04672572866966693
persist24,short,7,0.281507686704159,0.3503416783814374,3504,-0.03845320883072034,0.054030732979224394,0.5188356164383562,1349,-0.13901258027339888
vol_per_trade_z,long,5,-0.05999545697988574,0.21820298859104706,3487,-0.03860010823734898,0.03803699046673467,0.5216518497275595,1301,-0.10724522121541401
tbi_ma96,short,6,-0.0009750282643225718,0.0005139727421631557,3486,-0.038703859052577304,0.05378008275736743,0.5269650028686174,1054,-0.24977774747597545
kyle,long,8,4.6745641277079266e-07,5.851994940059667e-07,3506,-0.039006433171418116,0.03763066553266554,0.5059897318881916,451,-0.02001065802972464
atr_pct,long,7,0.010249311073295382,0.01209467368322986,3506,-0.03900851648241369,0.03762858222166996,0.5071306332002282,603,-0.2509825353020369
persist96,long,3,0.05426807897852991,0.07499455407643561,3496,-0.03961686145020247,0.037020237253881184,0.5240274599542334,1321,-0.1122950179493973
tbi_ma96,short,0,-inf,-0.009092647196742083,3487,-0.03967041522813696,0.052813526581807775,0.5141955835962145,2120,-0.013662071035262277
pos24,long,8,0.7853343211255969,0.8671486883707433,3504,-0.03975981838666034,0.036877280317423315,0.5225456621004566,1249,-0.08166039778652529
pos24,long,6,0.6138201987520263,0.7015350101330949,3503,-0.03985510624536488,0.03678199245871877,0.5246931201827005,1204,-0.06594897967829043
flow_eff,long,9,0.4774840660680811,inf,3506,-0.040268765004916135,0.03636833369916752,0.5059897318881916,700,-0.08734240989012992
range_per_trade,long,4,5.1952925754032596e-08,5.699910875808247e-08,3506,-0.04041224283747303,0.036224855866610624,0.5228180262407301,1340,-0.10242957354103273
efficiency,long,7,0.15272424026135883,0.18728294350306854,3506,-0.04050621063289889,0.036130888071184766,0.5228180262407301,1330,-0.10256368340825628
wick_skew,long,8,0.26827995758219486,0.42123129386923064,3506,-0.04070256293806694,0.03593453576601671,0.5248146035367941,1280,-0.05138919023316205
avg_trade_usd,long,6,4047.6735243894605,4342.049107701712,3505,-0.0413852155907644,0.035251883113319255,0.5141226818830242,928,-0.11802011269201083
vol_per_trade_z,long,0,-inf,-1.3281914629032372,3487,-0.04163185526452153,0.03500524343956212,0.5230857470605105,1025,-0.06315084951236936
rpt_rank,long,7,0.6958333333333333,0.7979166666666667,3394,-0.04248135328634715,0.034155745417736506,0.5212139068945197,1263,-0.08502258882680698
kyle,short,9,5.851994940059667e-07,inf,3506,-0.04268962957852423,0.04979431223142051,0.49229891614375354,139,-0.04735330404009382
rpt_rank,long,4,0.3875,0.49166666666666664,3442,-0.04273165131531987,0.03390544738876378,0.5206275421266705,1351,-0.0701647592747963
vol_per_trade_z,long,1,-1.3281914629032372,-0.9211781561351056,3487,-0.0427432115824621,0.03389388712162155,0.5227989675939203,1384,-0.11112877377430455
since_lo96,short,4,43.0,57.0,3643,-0.04285806571918963,0.049625876090755104,0.5207246774636288,1338,-0.21258588007392157
to_hi96,long,0,-inf,1.2628837056931554,3497,-0.04307084325962557,0.033566255444458085,0.5161567057477838,1365,-0.09526577184738924
dq,long,7,0.03539876713441858,0.059866209902457335,3506,-0.043536268795555944,0.03310082990852771,0.517969195664575,1088,-0.04908142919167724
dn_wick,long,3,0.15679598616262683,0.209767655199687,3505,-0.04359811072187814,0.03303898798220551,0.5189728958630527,1246,-0.08753383955568997
tbi_ma8,short,0,-inf,-0.01881843291634543,3505,-0.043602418921243,0.048881522888701734,0.5255349500713267,2390,-0.109471959673526
since_hi480,long,9,463.0,inf,3492,-0.04394136579520142,0.03269573290888223,0.5189003436426117,1940,-0.19379365073726654
disp96,long,2,-4.834122764050597,-3.0090458137023144,3496,-0.04411688479390943,0.03252021391017422,0.5185926773455377,1087,-0.06624914568915347
persist24,long,9,0.4468113475016744,inf,3504,-0.0441339139631035,0.03250318474098016,0.5085616438356164,1199,-0.17470267659861574
vol_of_vol,long,3,-0.6295576061096902,-0.4689926654072825,3456,-0.0446451103835694,0.03199198832051425,0.5231481481481481,1156,-0.15687354232694625
efficiency,long,6,0.12519092447190217,0.15272424026135883,3505,-0.0449354669104049,0.031701631793678756,0.5192582025677603,1274,-0.11832616847330817
lo_pos,long,9,0.9491525423728814,inf,3621,-0.04499014693398503,0.03164695177009862,0.52002209334438,1372,-0.11040137183775549
to_lo480,short,3,8.391934021636711,10.630130844913717,3458,-0.04513098343067749,0.04735295837926724,0.5156159629843841,1257,-0.1781732428106688
atr_pct,short,4,0.00731595416114364,0.008167571581567333,3505,-0.045435403394193455,0.04704853841575128,0.512981455064194,1120,-0.08499176617177102
hi_pos,long,1,0.01694915254237288,0.06779661016949153,3176,-0.04545575967402877,0.031181339030054885,0.5173173803526449,1098,-0.09539159928312577
dow,long,4,4.0,5.0,5016,-0.0454978297411584,0.03113926896292525,0.511164274322169,1848,-0.01443501927226864
flow_eff,long,8,0.2591524804410624,0.4774840660680811,3506,-0.04601573626440525,0.030621362439678404,0.5062749572162007,671,-0.12266873234073293
to_hi96,long,7,6.547636807737297,7.94786074620019,3496,-0.046017427326682216,0.030619671377401438,0.5200228832951945,1398,-0.049010737160105136
to_hi96,long,3,2.8551461322109923,3.7001975314526265,3497,-0.046124470964553604,0.03051262773953005,0.5164426651415499,1193,-0.04396469673144151
since_hi480,short,7,356.0,419.0,3462,-0.046157373269895476,0.04632656854004926,0.5187752744078568,1544,-0.17842607831770238
lo_pos,long,3,0.15254237288135594,0.2711864406779661,3669,-0.0462498893889548,0.030387209315128852,0.5189424911420005,1237,-0.12156206562096519
tbi,long,7,0.017648038045180718,0.02987765117185882,3506,-0.04645959839074863,0.03017750031333502,0.5165430690245294,1087,-0.05147047271833042
rpt_rank,long,8,0.7979166666666667,0.9020833333333333,3368,-0.04648170765862353,0.030155391045460125,0.5198931116389549,1326,-0.11194966820800265
gap,long,4,0.0001556829197818829,0.0005444706268430196,3506,-0.04653084736309674,0.030106251340986913,0.513405590416429,2199,-0.07715841815473676
absorb,long,6,0.02230870240549339,0.048931638257179264,3504,-0.04667137487435015,0.029965723829733504,0.5156963470319634,969,-0.06881436267998238
to_lo24,long,0,-inf,0.827840074492022,3504,-0.046717946860898675,0.029919151843184978,0.5128424657534246,1737,-0.10644882229241362
since_lo96,short,0,-inf,6.0,3064,-0.04671967833992362,0.04576426347002112,0.5065274151436031,1316,-0.029630511062169598
tbi_ma24,long,4,-0.004386527098122857,-0.0022937733203875336,3501,-0.04710455555474204,0.02953254314934161,0.5184233076263924,1000,-0.0425238339371994
up_wick,long,9,0.5815639251776091,inf,3506,-0.04714036224148913,0.02949673646259452,0.5211066742726754,1272,-0.08691125679747436
tbi_ma24,short,1,-0.012937925425561794,-0.00937502087601858,3501,-0.047265660225498496,0.04521828158444624,0.5158526135389888,1229,-0.025031043985111634
dn_wick,long,0,-inf,0.04766701925243474,3506,-0.04752296633848661,0.029114132365597047,0.5265259555048488,1568,-0.10147554149324113
close_loc,short,6,0.6112541704479642,0.7054296557421015,3505,-0.047782992125371064,0.04470094968457367,0.5158345221112696,1214,-0.1437226037224868
accel,long,9,1.596065609178245,inf,3504,-0.048109889281251275,0.028527209422832378,0.5188356164383562,1451,-0.14808818664233986
to_lo480,long,7,17.993401986212874,22.069215175107843,3458,-0.04816760721849357,0.02846949148559008,0.5213996529786004,1367,-0.20397048542119592
tbi_ma8,long,3,-0.009017418601262506,-0.005504043799500987,3505,-0.04859514033867898,0.02804195836540467,0.517546362339515,961,-0.10252509481566137
disp24,long,2,-2.2414411109090997,-1.3422658319616105,3504,-0.04862442273820885,0.028012675965874805,0.5171232876712328,1245,-0.07246331771025939
absorb_z,long,3,-0.10245370534506239,-0.03142246035699296,3383,-0.048886076793281316,0.027751021910802337,0.5152231746970145,1326,-0.08733612769039169
absorb_z,long,4,-0.03142246035699296,0.04282344679383983,3383,-0.048888581014811625,0.02774851768927203,0.5167011528229383,1313,-0.07971395415656077
vol_of_vol,long,2,-0.7843945584498624,-0.6295576061096902,3455,-0.0489167501529379,0.027720348551145753,0.5195369030390738,1056,-0.05101574793247077
vol_of_vol,long,5,-0.30243465266710984,-0.09346793925475119,3456,-0.048929346011683396,0.027707752692400257,0.5170717592592593,1124,-0.07739008432033433
disp6,long,1,-1.683511564095863,-0.9934783363380847,3505,-0.049427857791154946,0.027209240912928707,0.5126961483594864,1369,-0.12510280558906225
disp96,long,3,-3.0090458137023144,-1.2291624003956825,3496,-0.04952890467715098,0.027108194026932673,0.5180205949656751,1295,-0.04402181651455067
extreme_late,long,9,0.9830508474576272,inf,4614,-0.04965645172070704,0.026980646983376613,0.5171218032076289,1574,-0.14170674604601305
vol_of_vol,short,9,1.3854004759080636,inf,3456,-0.04978598563391274,0.042697956176032,0.49508101851851855,1546,-0.09910412278858981
ats_z96,long,1,-1.3169834884341334,-0.9176991885237411,3487,-0.0499605552371798,0.026676543466903853,0.5170633782621165,1398,-0.08113472431953961
gap,short,2,-0.00014035361811962462,0.0,2112,-0.049992220847244626,0.04249172096270011,0.4990530303030303,722,0.021922577718138977
since_lo480,long,7,406.0,447.0,3468,-0.05004128922697293,0.026595809477110724,0.5167243367935409,1441,-0.12592465284236276
to_hi24,long,2,1.0695692026966934,1.4065503168146938,3504,-0.05008261181177439,0.026554486892309263,0.521689497716895,1249,-0.06521398379381582
wick_skew,short,1,-0.445341877303924,-0.2899940102573931,3506,-0.05029815170557242,0.04218579010437232,0.5182544209925841,1269,-0.10867171470158767
dq_cum24,short,1,-0.6182010785611506,-0.44740475046223144,3501,-0.05039663910112001,0.04208730270882473,0.5144244501570979,1230,-0.02453751077237931
to_lo96,long,8,9.33704157620771,11.420847525303955,3496,-0.0504612894064898,0.026175809297593854,0.5177345537757437,941,-0.08698255455129035
avg_trade_usd,long,5,3754.7972006560703,4047.6735243894605,3506,-0.050581808265474246,0.026055290438609408,0.5125499144324016,854,-0.15167895402769813
tbi_ma8,long,8,0.008540376451014622,0.014429968322520798,3504,-0.05097030342531148,0.02566679527877217,0.516837899543379,1228,-0.09962859136109763
flow_eff,long,6,0.11176733654077298,0.16727683884853617,3506,-0.05104497212851467,0.02559212657556898,0.5114090131203651,986,-0.12136910106515025
tbi,long,9,0.04727719554701333,inf,3506,-0.05107592004246561,0.025561178661618042,0.5285225328009128,2212,-0.09470118871339617
range_per_trade,long,2,4.173347665870556e-08,4.6919743034555483e-08,3506,-0.05122107122415961,0.025416027479924046,0.5205362236166572,1890,-0.05171103271265414
ats_z96,long,5,-0.0655573944957823,0.22197714064899585,3487,-0.051234862124001156,0.025402236580082498,0.5162030398623458,1336,-0.08452053597253535
dq,long,9,0.094692496043802,inf,3506,-0.05137435389319347,0.025262744810890185,0.5282373074729035,2210,-0.09465560301933133
to_lo96,short,3,3.3850517787431493,4.3697006517345995,3497,-0.05143533139464299,0.041048610415301744,0.5132971118101229,1366,-0.08024463787437855
absorb_z,long,2,-0.19088776081266484,-0.10245370534506239,3383,-0.05155867712545416,0.025078421578629495,0.5137451965710907,1263,-0.11803364773393367
atr_pct,long,6,0.009089982062590797,0.010249311073295382,3506,-0.051626614132548244,0.02501048457153541,0.5054192812321734,677,-0.1277727111343169
dq_z96,long,0,-inf,-1.2853995099012647,3487,-0.05177713311694429,0.024859965587139363,0.5184972755950674,1266,-0.13947839462627823
tbi_z96,long,0,-inf,-1.284734597379641,3487,-0.05179214222709286,0.024844956476990795,0.5184972755950674,1265,-0.1387038981554348
rpt_z,long,4,-0.34750319186302736,-0.10238943341746227,3487,-0.051840304573220114,0.02479679413086354,0.5159162603957557,1265,-0.06812646098598772
hi_pos,long,5,0.423728813559322,0.559322033898305,3475,-0.052099540623069075,0.024537558081014578,0.5153956834532374,1206,-0.050032096502454965
pos24,long,0,-inf,0.16885106090320068,3504,-0.05225079850297844,0.024386300201105215,0.5082762557077626,1840,-0.10141636745158573
gap,long,2,-0.00014035361811962462,0.0,2112,-0.052470822894813356,0.024166275809270298,0.4990530303030303,722,-0.14543439902781774
tbi_ma96,long,7,0.0005139727421631557,0.002327303336602634,3487,-0.05251477453321574,0.02412232417086791,0.517923716661887,1250,0.002314045167417487
tbi_ma96,short,5,-0.0023371495983311235,-0.0009750282643225718,3487,-0.05253431788301231,0.03994962392693242,0.515055921995985,987,-0.20735845510847029
accel,long,2,-1.0369045145840763,-0.6569274478060144,3504,-0.05271453463289924,0.023922564071184413,0.514554794520548,1197,-0.12016025026553241
close_loc,long,0,-inf,0.12754868363673152,3506,-0.052841854075434694,0.02379524462864896,0.5205362236166572,1555,-0.09415570982828148
dq_cum24,long,4,-0.20779682245533027,-0.10744105755340438,3501,-0.05287646207723113,0.023760636626852523,0.5155669808626107,999,-0.04577256631734387
flow_eff,long,7,0.16727683884853617,0.2591524804410624,3505,-0.05298380549020869,0.023653293213874965,0.5055634807417975,783,-0.06556334053678033
wick_skew,long,9,0.42123129386923064,inf,3506,-0.05312170015756741,0.023515398546516242,0.5191100969766115,1314,-0.06821620648892629
persist6,long,6,0.4381464161846145,0.5340408933803142,3505,-0.05331000079919026,0.023327097904893394,0.5169757489300999,1356,-0.09304692794123932
body_frac,long,2,-0.47418587791251765,-0.319402291677422,3506,-0.05341778875353802,0.023219309950545636,0.5145464917284654,1208,-0.10953966364416863
persist6,short,9,0.789222913887391,inf,3506,-0.05367132089496003,0.038812620914984705,0.5059897318881916,1414,-0.0846306954894988
since_hi96,long,0,-inf,5.0,3154,-0.05380332285072568,0.022833775853357975,0.5110970196575777,1171,-0.09633579056412887
efficiency,long,4,0.07929706819036454,0.10096868035763551,3506,-0.05394942866584854,0.022687670038235117,0.5142612664004563,1283,-0.09961445316238654
to_hi96,long,2,2.0540763833425153,2.8551461322109923,3496,-0.053955569769061885,0.022681528935021768,0.5143020594965675,1158,-0.20093860117394594
up_wick,long,2,0.09829612082697817,0.14703789816320756,3506,-0.054031975767845374,0.02260512293623828,0.513405590416429,1271,-0.12740601243505328
rpt_rank,short,0,-inf,0.09166666666666666,3388,-0.05406866233064964,0.03841527947929509,0.5100354191263282,1186,-0.048641177127686626
absorb_z,short,7,0.15505170715228742,0.24581065623553078,3383,-0.05418535631609171,0.038298585493853024,0.5093112621933196,1360,-0.15478923561666064
persist24,long,3,0.10048504050212383,0.13778304850601575,3503,-0.05436000570774398,0.022277092996339676,0.5175563802455039,1272,-0.08414937283866807
tbi_ma8,short,7,0.004512005489972333,0.008540376451014622,3504,-0.0544191510040155,0.038064790805929234,0.5091324200913242,984,-0.14361526609224246
to_hi96,long,5,4.543525932125451,5.4808116833192715,3496,-0.05443918994077759,0.022197908763306066,0.5131578947368421,1052,-0.0782350408230338
range_per_trade,short,8,8.003314175457509e-08,9.802237330722748e-08,3506,-0.054721454291464494,0.03776248751848024,0.5037079292641187,326,-0.11362106971356296
atr_rank,long,8,0.7958333333333333,0.9127083333333379,3476,-0.0547797862416537,0.021857312462429952,0.4974108170310702,1332,-0.08213370463049281
hi_pos,long,4,0.2711864406779661,0.423728813559322,3996,-0.0548441772130353,0.021792921491048355,0.5142642642642643,1471,-0.08104114079317154
kyle_z,long,3,-0.6166140931928931,-0.3931373119670784,3486,-0.054847322275493576,0.021789776428590077,0.5160642570281124,1130,-0.14830335839365166
kyle,long,6,3.604793423877703e-07,4.0541936020398104e-07,3505,-0.05490080320831784,0.021736295495765813,0.505848787446505,844,-0.08978456555802929
hi_pos,short,8,0.8305084745762712,0.9491525423728814,3535,-0.05531372307883079,0.037170218731113945,0.5114568599717114,1448,-0.14582698126650145
persist24,long,4,0.13778304850601575,0.180776828043532,3503,-0.055456027241838034,0.02118107146224562,0.5147016842706251,1394,-0.088884663253412
dq_z96,long,8,0.8559866340548344,1.3026031427319462,3487,-0.05547920313747674,0.02115789556660691,0.515055921995985,1338,-0.11772839822550474
tbi_z96,long,8,0.8559839315366705,1.3026164386430967,3487,-0.055502023826388455,0.021135074877695198,0.515055921995985,1336,-0.11798685570841137
since_hi96,short,6,64.0,77.0,3672,-0.05562351243647805,0.03686042937346669,0.5147058823529411,1241,-0.1776740870229273
tbi_z8,long,0,-inf,-1.3254577366168998,3505,-0.055637176963980337,0.020999921740103317,0.5138373751783167,1315,-0.10292252509376995
kyle_z,long,8,0.7221831906291847,1.3114920139272421,3487,-0.05573580064912221,0.020901298054961444,0.5073128763980499,1457,-0.08414570527250434
pos480,short,5,0.5297469011962922,0.6480119556913679,3458,-0.055779449411992824,0.03670449239795191,0.5147484094852516,1081,-0.08520253448594492
vol_per_trade_z,short,8,0.8872707945349163,1.3945116302448515,3487,-0.055858409650284296,0.03662553215966044,0.5096071121307715,1182,-0.13143819297670714
since_lo96,long,6,69.0,80.0,3434,-0.05592478034494711,0.02071231835913654,0.5180547466511357,1255,-0.17548040848078733
tbi_ma96,long,1,-0.009092647196742083,-0.0066377527299552805,3487,-0.05616164848636211,0.02047545021772154,0.5141955835962145,1598,-0.20342566933543857
vol_of_vol,short,7,0.18137798237017336,0.6218336782608651,3455,-0.05641314742868628,0.03607079438125846,0.5108538350217077,1322,-0.05862641551550044
lo_pos,long,6,0.5423728813559322,0.6949152542372882,3866,-0.056417235478751326,0.020219863225332327,0.5129332643559235,1445,-0.08301534345618088
persist6,long,8,0.6444756599844669,0.789222913887391,3505,-0.056580375151483356,0.020056723552600297,0.5115549215406562,1320,-0.12166384724688928
rv_vs_range,long,0,-inf,0.4788405383470096,3506,-0.05678927436757968,0.01984782433650397,0.511123787792356,1224,-0.09279099134188101
updn_ratio,short,5,0.5,0.5166666666666667,4040,-0.0568624304231201,0.035621511386824636,0.5113861386138614,1431,-0.11580535361256414
to_hi24,long,7,3.0679275852230234,3.7475774383001337,3503,-0.056930771652063346,0.019706327052020307,0.5112760491007707,1231,-0.09302979832823184
to_lo96,short,0,-inf,1.548522436847114,3497,-0.05726741250415566,0.03521652930578908,0.5041464112096082,1489,-0.08200465912250983
tbi_ma8,short,1,-0.01881843291634543,-0.013168222731794297,3504,-0.05726781443733293,0.03521612737261181,0.5108447488584474,1186,-0.1121475211654779
flow_eff,short,5,0.07379746999947026,0.11176733654077298,3506,-0.057330313594548765,0.03515362821539597,0.5091272104962921,1206,-0.07664225335821424
absorb_z,short,6,0.10212630792793635,0.15505170715228742,3383,-0.05733300618689413,0.035150935623050605,0.5116760271947975,1537,-0.1882564530985982
range_rank,long,9,0.9020833333333333,inf,3460,-0.05742552018975654,0.019211578514327116,0.49653179190751445,1379,-0.07318515366743136
to_lo480,short,1,3.6751248042994415,6.187768349158728,3458,-0.05750341204355301,0.034980529766391724,0.4985540775014459,1491,-0.1690957241482899
body_frac,short,4,-0.16182518882795027,0.014486261210626735,3506,-0.05750675109104101,0.034977190718903726,0.5125499144324016,1251,-0.14268877418124948
since_lo480,long,8,447.0,472.0,3344,-0.05763728838668047,0.018999810317403186,0.5179425837320574,1215,-0.09693669336125736
since_hi96,long,3,25.0,37.0,3311,-0.057788002157974305,0.018849096546109348,0.5125339776502568,1236,-0.10272496504801963
since_lo96,long,5,57.0,69.0,3290,-0.05798187459519645,0.018655224108887203,0.5164133738601824,1194,-0.1421642969775497
since_hi24,short,0,-inf,2.0,2817,-0.058013731464998115,0.03447021034494662,0.5019524316648917,1118,-0.06845393003291397
persist96,short,0,-inf,0.017156944827467442,3497,-0.058075438332006214,0.03440850347793852,0.5150128681727195,1573,-0.11201689331687453
since_hi96,long,4,37.0,51.0,3627,-0.0581361871781929,0.018500911525890756,0.514750482492418,1290,-0.15334145576754427
since_lo96,long,2,17.0,29.0,3307,-0.05816040694330724,0.01847669176077641,0.5107348049591776,1259,-0.132361532208192
to_hi480,long,7,15.76356090509998,19.857213792297916,3458,-0.05826287052839555,0.018374228175688102,0.5098322729901678,1614,-0.10986663044480874
pos480,long,9,0.912127636486904,inf,3458,-0.05828240405926158,0.018354694644822075,0.510989010989011,1014,-0.0019310764378861337
to_hi24,long,4,1.742894283044307,2.118727684054666,3504,-0.05833127815560415,0.018305820548479505,0.5148401826484018,1157,-0.11920698221127833
close_loc,long,3,0.3193089857882955,0.415212601233271,3505,-0.05836944937931144,0.018267649324772213,0.512981455064194,1200,-0.10666367365465074
persist24,short,8,0.3503416783814374,0.4468113475016744,3503,-0.05853252746904923,0.033951414340895505,0.504424778761062,1256,-0.0789257836017727
vol_of_vol,long,8,0.6218336782608651,1.3854004759080636,3456,-0.058702220506644635,0.017934878197439018,0.5040509259259259,1434,-0.11874704498160994
ats_rank480,long,5,0.5083333333333333,0.6166666666666667,3429,-0.05894853296220083,0.017688565741882822,0.5132691746864976,1303,-0.1143290093039041
lo_pos,long,0,-inf,0.01694915254237288,3407,-0.05924644330433687,0.017390655399746782,0.5130613442911652,1333,-0.046336168671704626
ats_rank480,long,6,0.6166666666666667,0.7208333333333333,3400,-0.05924863825298965,0.017388460451094004,0.5138235294117647,1249,-0.16774749463032446
since_hi24,long,6,17.0,20.0,3603,-0.05942153005208218,0.017215568652001474,0.5140160976963641,1245,-0.051574672236624756
disp6,long,7,0.6375958645415715,1.0524826155948963,3505,-0.05957937689102374,0.017057721813059916,0.514978601997147,1238,-0.11164523762792991
atr_pct,short,5,0.008167571581567333,0.009089982062590797,3506,-0.059643188638329334,0.0328407531716154,0.5011409013120365,882,-0.07094841255017939
trade_intensity,short,8,1.370229261731995,1.8875350813089147,3496,-0.05966485737489863,0.03281908443504611,0.5045766590389016,1220,-0.11193551229988921
to_hi24,long,5,2.118727684054666,2.5479335580979225,3504,-0.05980331382669698,0.016833784877386675,0.5148401826484018,1153,-0.07991694673083925
kyle,short,7,4.0541936020398104e-07,4.6745641277079266e-07,3506,-0.05982487309398498,0.032659068715959756,0.49885909868796346,603,-0.020245387533326834
since_lo480,long,6,355.0,406.0,3431,-0.05984478133293551,0.01679231737114814,0.5129699795977849,1229,-0.139889204441418
to_lo24,long,8,4.102118870517556,5.191716118884818,3504,-0.05984493591996231,0.016792162784121344,0.5105593607305936,1247,-0.21635312578614052
updn_ratio,long,7,0.5333333333333333,0.55,3327,-0.05999851715805714,0.016638581546026515,0.5097685602645026,1198,-0.04725291839512607
persist96,short,5,0.09720592707243211,0.1222412085365729,3497,-0.06009572642317903,0.03238821538676571,0.5095796396911638,1203,-0.17691291631373757
accel,long,8,1.040189854432382,1.596065609178245,3503,-0.0600973720690197,0.01653972663506395,0.5135598058806737,1311,-0.09867384149251453
close_loc,long,8,0.7952942694359326,0.8856180652305655,3506,-0.06013737989103582,0.016499718813047834,0.5102681118083285,1298,-0.059460074213371704
dow,long,1,1.0,2.0,5014,-0.060174942014376336,0.016462156689707318,0.5057838053450339,1824,-0.10397707185636547
range_rank,short,8,0.8,0.9020833333333333,3391,-0.060183189724096905,0.03230075208584783,0.5001474491300502,1252,-0.0443104391257286
tbi,short,2,-0.034395644915459704,-0.022338205079410173,3506,-0.0602019329722575,0.03228200883768723,0.5085567598402738,1041,-0.11375496761824028
tbi_ma8,long,6,0.0009904996649229346,0.004512005489972333,3505,-0.06044981040859362,0.016187288295490036,0.5115549215406562,980,-0.04935153054523938
wick_skew,long,4,-0.09272247707060864,-0.009940357852846693,3506,-0.06047793456828174,0.016159164135801915,0.5105533371363377,1290,-0.141930044156821
ats_z96,long,4,-0.33049841694450066,-0.0655573944957823,3487,-0.06067042264294691,0.01596667606113674,0.5110410094637224,1313,-0.09166554024765815
to_hi480,short,4,7.824084173065477,10.436381472271139,3458,-0.060699465348972484,0.03178447646097225,0.5098322729901678,1539,-0.16444807675951817
kyle_z,long,4,-0.3931373119670784,-0.1758357104935221,3487,-0.06087953067366938,0.015757568030414275,0.5101806710639518,1158,-0.07425016458234072
up_wick,long,8,0.4665475570477383,0.5815639251776091,3506,-0.06088500923534147,0.01575208946874218,0.5119794637763834,1160,-0.06534007997184992
dq,short,2,-0.06866158295194695,-0.044586892866346345,3506,-0.06091299318058798,0.031570948629356756,0.5082715345122647,1039,-0.11788812218449254
range_rank,short,9,0.9020833333333333,inf,3460,-0.0610336114703839,0.031450330339560836,0.49046242774566473,1379,-0.08686900683549727
range_per_trade,long,6,6.279382136502443e-08,7.000438068741286e-08,3505,-0.061078960214727654,0.015558138489356,0.5101283880171184,955,-0.0659249011092052
disp24,long,1,-3.5582270825511917,-2.2414411109090997,3503,-0.06113543210545179,0.015501666598631864,0.5067085355409648,1377,-0.13073137289002054
dn_wick,long,2,0.10450030706485797,0.15679598616262683,3506,-0.061358864364837826,0.015278234339245828,0.5099828864803194,1331,-0.10812512395275392
body_frac,long,0,-inf,-0.6436042115353835,3506,-0.06141810691482452,0.015218991789259131,0.5116942384483743,1558,-0.11727231349520383
kyle_z,short,6,0.06528999057993118,0.34837236113995035,3486,-0.061428533360567236,0.0310554084493775,0.5071715433161216,1239,-0.10724694095992915
trade_intensity,long,7,1.0938878960260576,1.370229261731995,3496,-0.061437416687738784,0.015199682016344869,0.5040045766590389,1196,-0.03695134108191981
to_lo96,short,5,5.351251350612213,6.466596891528056,3496,-0.061456449764691806,0.03102749204525293,0.5125858123569794,1275,-0.050581416417645096
since_lo24,short,1,2.0,5.0,4163,-0.061671610774302485,0.03081233103564225,0.5078068700456402,1605,-0.1005097260661619
range_z,long,1,-0.9242794816880429,-0.7377978945572881,3487,-0.061681612416896105,0.014955486287187549,0.5202179523946086,1371,-0.12627164900750798
kyle_z,long,9,1.3114920139272421,inf,3487,-0.06210298190292977,0.014534116801153886,0.5010037281330657,1423,-0.058528244275973654
atr_pct,long,9,0.015125065045819246,inf,3506,-0.06223308768188296,0.014404011022200694,0.479749001711352,258,0.27365260310327244
close_loc,short,9,0.8856180652305655,inf,3506,-0.0622522975922605,0.030231644217684234,0.5096976611523103,1456,-0.08662243783884266
lo_pos,short,2,0.06779661016949153,0.15254237288135594,3437,-0.062465569277693145,0.03001837253225159,0.5065464067500728,1222,-0.09481641099838208
since_hi480,short,3,92.0,147.0,3444,-0.06247011903479877,0.030013822775145964,0.5130662020905923,1157,-0.05753702665043652
to_lo480,long,9,29.05961524463106,inf,3458,-0.06252891542142174,0.014108183282661918,0.5280508964719491,875,-0.05452468899710929
absorb_z,long,9,0.43140599372614735,inf,3383,-0.06253135433924864,0.014105744364835013,0.5116760271947975,1187,-0.1890240131106466
dq,short,3,-0.044586892866346345,-0.02431959365157378,3505,-0.06256350061228533,0.02992044119765941,0.5055634807417975,950,-0.08627915580494626
pos24,long,5,0.5238716255241218,0.6138201987520263,3504,-0.06263118988073373,0.014005908823349927,0.514269406392694,1209,-0.0644040857360729
range_z,short,5,-0.27990754820756203,-0.08804694109288413,3487,-0.0626607585312755,0.02982318327866923,0.5073128763980499,1218,-0.12180125847876301
rpt_rank,short,1,0.09166666666666666,0.1875,3410,-0.06266717078515217,0.029816771024792563,0.5085043988269795,1245,-0.04976629510618491
persist6,long,5,0.35078755526717126,0.4381464161846145,3506,-0.06275279722847912,0.01388430147560453,0.5114090131203651,1312,-0.11988026803505411
hi_pos,short,6,0.559322033898305,0.6949152542372882,3270,-0.06275990656627459,0.02972403524367015,0.5085626911314984,1221,-0.10880581091802068
to_hi480,short,6,13.05892642728981,15.76356090509998,3458,-0.06281386864667851,0.029670073163266225,0.503181029496819,1300,-0.03356049313235572
absorb,long,9,0.17190602807652683,inf,3505,-0.06288299710112608,0.013754101602957577,0.5186875891583452,1802,-0.10221456067483985
ats_z96,short,7,0.5292105668568872,0.9037830810640106,3487,-0.0629955130088211,0.029488428801123637,0.5078864353312302,1226,-0.08985105400976771
atr_rank,short,8,0.7958333333333333,0.9127083333333379,3476,-0.06319945067303256,0.029284491136912172,0.49309551208285385,1332,-0.07752139371960752
gap,short,1,-0.0005256714265318089,-0.00014035361811962462,3506,-0.06350932054706027,0.02897462126288447,0.504563605248146,2245,-0.15035410148707457
dow,long,0,-inf,1.0,5015,-0.06352407078156089,0.013113027922522766,0.5120638085742771,1824,-0.15181839894529434
dn_wick,long,4,0.209767655199687,0.26638218905490874,3506,-0.06354336021382614,0.013093738490257509,0.5077010838562465,1259,-0.0891019817210454
tbi,short,3,-0.022338205079410173,-0.012210516705190098,3505,-0.06378400153323065,0.02869994027671409,0.5049928673323824,953,-0.0874479169359048
since_hi480,short,0,-inf,16.0,3419,-0.06380945776005433,0.02867448404989041,0.5007312079555426,1093,-0.1817817284805602
trade_intensity,long,9,1.8875350813089147,inf,3497,-0.06395785982662704,0.012679238877456617,0.5010008578781813,1534,-0.09580470346887905
disp6,short,6,0.30917486296632013,0.6375958645415715,3505,-0.06415508421736006,0.028328857592584675,0.5101283880171184,1162,-0.15903848077657612
efficiency,short,1,0.02017440569351897,0.03977119726476743,3506,-0.06425469249467754,0.0282292493152672,0.5074158585282373,1197,-0.10485290065415591
disp6,long,2,-0.9934783363380847,-0.5804695387770318,3505,-0.06437160565556686,0.01226549304851679,0.5081312410841655,1237,-0.118697479500723
ats_rank480,long,1,0.08541666666666667,0.1875,3395,-0.06439049666496388,0.012246602039119772,0.5086892488954344,1297,-0.1380452300760313
lo_pos,long,8,0.8305084745762712,0.9491525423728814,3595,-0.06446891662739973,0.012168182076683923,0.5090403337969402,1363,-0.10550915149899637
persist24,long,6,0.226929388891745,0.281507686704159,3503,-0.06452236619584524,0.012114732508238413,0.5084213531258921,1404,-0.13382259985204098
close_loc,short,2,0.2242490117726961,0.3193089857882955,3506,-0.06461670783605321,0.027867233973891528,0.5085567598402738,1251,-0.13061924209762743
wick_skew,long,5,-0.009940357852846693,0.0688453898360524,3506,-0.06474007689882637,0.011897021805257285,0.5091272104962921,1310,-0.11195128477181754
rpt_z,long,9,1.349560424703983,inf,3487,-0.06487583881139364,0.011761259892690015,0.5081732147978205,1348,-0.12919451075498833
tbi_ma8,short,2,-0.013168222731794297,-0.009017418601262506,3504,-0.06489508478629001,0.027588857023654725,0.5068493150684932,1035,-0.06848743828342212
persist24,long,2,0.06551575437046779,0.10048504050212383,3504,-0.06491644032441513,0.011720658379668528,0.5131278538812786,1230,-0.06982317647641541
up_wick,long,4,0.19726002537407494,0.2519018547829733,3506,-0.06494922467047679,0.011687874033606868,0.5088419851682829,1220,-0.08846684440551819
range_z,short,7,0.15584302232689307,0.5279635508319275,3487,-0.06509462847864306,0.02738931333130168,0.5018640665328362,1329,-0.11732430817185445
range_z,short,9,1.2160179863600726,inf,3487,-0.065155503531814,0.027328438278130737,0.496988815600803,1388,-0.11604882700091919
absorb,long,5,-0.009596696749464374,0.02230870240549339,3505,-0.06540745102715767,0.011229647676925983,0.5032810271041369,1130,-0.12609054150330798
dq,short,6,0.01465245721988553,0.03539876713441858,3505,-0.0654677553772588,0.02701618643268594,0.5015691868758916,967,-0.08860140098441609
avg_trade_usd,short,8,4692.486210319331,5170.506489220891,3506,-0.06547377144447585,0.02701017036546889,0.49857387335995434,1416,-0.11966993268636353
vol_per_trade_z,short,6,0.21820298859104706,0.5284029990128012,3486,-0.06567422466605893,0.026809717143885803,0.5037292025243832,1289,-0.11134507923755266
flow_eff,short,9,0.4774840660680811,inf,3506,-0.06578784780093026,0.026696094009014473,0.4877353108956075,700,-0.07596824121835172
kyle,short,8,4.6745641277079266e-07,5.851994940059667e-07,3506,-0.06583470727501617,0.026649234534928568,0.48887621220764405,451,-0.10228857492961066
body_frac,long,8,0.4906328143485975,0.6527999898162,3506,-0.06598979872719675,0.010647299976886904,0.5091272104962921,1283,-0.09616731893520071
wick_skew,long,7,0.15729688563437044,0.26827995758219486,3506,-0.06600674784898411,0.010630350855099543,0.5085567598402738,1277,-0.06515598986312768
tbi_z24,long,0,-inf,-1.2988739750206857,3502,-0.0660285640804028,0.01060853462368086,0.5091376356367789,1267,-0.14647456468570746
vol_per_trade_z,short,9,1.3945116302448515,inf,3487,-0.06608859592775083,0.026395345882193902,0.5027244049326068,1301,-0.11398928307292833
tbi_z8,long,4,-0.304293009124711,-0.007884435257472004,3504,-0.06626355922157295,0.010373539482510699,0.507420091324201,1283,-0.06806739976146062
body_frac,long,9,0.6527999898162,inf,3506,-0.06626476785841989,0.01037233084566376,0.5091272104962921,1534,-0.09574937200680687
gap,long,3,0.0,0.0001556829197818829,18922,-0.0663067358562271,0.010330362847856558,0.5084029172391925,7524,-0.10148637598357609
since_lo96,long,1,6.0,17.0,3881,-0.06635736476080949,0.010279733943274166,0.5034784849265653,1438,-0.1514512886090757
lo_pos,short,1,0.01694915254237288,0.06779661016949153,3338,-0.0664212728846008,0.026062668925343938,0.5035949670461354,1110,-0.0735089899333835
dn_wick,long,1,0.04766701925243474,0.10450030706485797,3506,-0.0665085854198077,0.010128513284275956,0.5105533371363377,1440,-0.04848860666093873
dq,long,5,-0.0048578900741630855,0.01465245721988553,3506,-0.06651340756552883,0.010123691138554824,0.5025670279520822,922,-0.1145494395560078
since_hi480,short,4,147.0,212.0,3495,-0.06656319215563627,0.02592074965430846,0.5078683834048641,1107,-0.1588539060404547
since_hi96,short,5,51.0,64.0,3385,-0.06665261668660881,0.025831325123335927,0.5093057607090103,1130,-0.11611402084770392
to_hi24,short,0,-inf,0.691143664634356,3504,-0.06666357446481311,0.02582036734513163,0.4980022831050228,1550,-0.05224856411514199
to_lo24,long,6,2.7914807113882643,3.356893640273218,3504,-0.06666956944469236,0.009967529259391289,0.5108447488584474,1358,-0.09762610832504895
since_hi24,long,9,24.0,inf,4329,-0.06667160549261698,0.00996549321146667,0.5075075075075075,1727,-0.13590825217528502
minofday,long,7,960.0,1140.0,4381,-0.0667136589833766,0.009923439720707056,0.5058205889066423,1611,-0.09017132011678625
hour,long,7,16.0,19.0,4381,-0.0667136589833766,0.009923439720707056,0.5058205889066423,1611,-0.09017132011678625
tbi_z24,long,6,0.26260554168157,0.5489123013768831,3501,-0.06674608124034946,0.009891017463734192,0.5075692659240217,1350,-0.10860231360183241
tbi_z24,long,9,1.306907452067582,inf,3502,-0.06714160837838459,0.00949549032569906,0.5097087378640777,1276,-0.07337713432575807
flow_eff,short,0,-inf,-0.10034717400158845,3506,-0.0671943791114635,0.025289562698481233,0.49885909868796346,1168,-0.08544559747011142
up_wick,short,1,0.045396049333566946,0.09829612082697817,3506,-0.06745113833812309,0.025032803471821644,0.5062749572162007,1372,-0.08612053835980568
avg_trade_usd,short,7,4342.049107701712,4692.486210319331,3506,-0.06758704907793038,0.024896892732014356,0.4980034227039361,1113,-0.10717859333828217
disp24,short,8,2.5464177153895204,3.967556860269467,3503,-0.0676737017346794,0.024810240075265333,0.504424778761062,1391,-0.11093405668984833
range_z,long,2,-0.7377978945572881,-0.5883913831371873,3487,-0.06773820196675498,0.008898896737328674,0.5121881273300831,1130,-0.14070823266824106
body_frac,short,6,0.18572048275224626,0.33959989974937715,3505,-0.06775127686217869,0.024732664947766048,0.505848787446505,1108,-0.1064149608921536
hi_pos,long,7,0.6949152542372882,0.8305084745762712,3620,-0.06793547591710693,0.008701622786976726,0.5077348066298343,1276,-0.12000414614776451
absorb_z,short,5,0.04282344679383983,0.10212630792793635,3383,-0.06806871689029141,0.024415224919653325,0.5054685190659178,1322,-0.1869414558147515
hi_pos,long,9,0.9491525423728814,inf,3649,-0.06815616489689018,0.008480933807193475,0.5067141682652782,1280,-0.13284788584750803
pos480,short,6,0.6480119556913679,0.7656027614557175,3458,-0.06815763021757454,0.024326311592370198,0.507807981492192,1671,-0.22652237659847632
to_lo96,long,2,2.43858937326728,3.3850517787431493,3496,-0.06822944522680305,0.008407653477280605,0.504862700228833,1392,-0.09022824095783859
tbi,long,5,-0.002519951448795077,0.0072549752844471,3506,-0.06824746322504574,0.008389635479037913,0.5017113519680547,926,-0.1124252808327788
since_lo24,long,4,11.0,14.0,3131,-0.06828151978066438,0.008355578923419274,0.5122963909294155,1137,-0.15147875362898985
wick_skew,short,0,-inf,-0.445341877303924,3506,-0.06832887735288508,0.024155064457059658,0.5108385624643468,1256,-0.07730130097880616
range_per_trade,short,7,7.000438068741286e-08,8.003314175457509e-08,3506,-0.06844647794568959,0.02403746386425515,0.5017113519680547,600,-0.1275470162368494
since_lo24,long,5,14.0,18.0,4394,-0.0685306172534308,0.008106481450652847,0.5127446517979062,1589,-0.0657115270059887
kyle,long,7,4.0541936020398104e-07,4.6745641277079266e-07,3506,-0.06854007328689002,0.008097025417193635,0.49629207073588133,603,-0.11341475489661507
rpt_z,long,3,-0.595264731259697,-0.34750319186302736,3486,-0.0685947013754593,0.008042397328624357,0.5071715433161216,1275,-0.12571067928186574
rv_vs_range,long,8,0.818012255848559,0.9109868061328902,3506,-0.06860338304727356,0.00803371565681009,0.5091272104962921,1382,-0.11488649101127013
extreme_late,long,8,0.9491525423728814,0.9830508474576272,2511,-0.06860723353869481,0.008029865165388839,0.5069693349263241,1025,-0.07724018077419323
tbi_ma8,short,5,-0.0022926622538515587,0.0009904996649229346,3504,-0.06864401644534784,0.023839925364596892,0.5037100456621004,992,-0.10457069936382371
since_hi96,long,8,87.0,94.0,3438,-0.06869001712144138,0.007947081582642276,0.5116346713205352,1345,-0.156938000837
efficiency,short,3,0.05902314225697087,0.07929706819036454,3505,-0.06869121839006821,0.023792723419876524,0.5067047075606277,1238,-0.1589360794239063
range_z,long,0,-inf,-0.9242794816880429,3487,-0.06887798646645472,0.007759112237628929,0.5170633782621165,1550,-0.06225137004815811
body_frac,long,7,0.33959989974937715,0.4906328143485975,3506,-0.06901543763614544,0.007621661067938212,0.50656018254421,1246,-0.04763195722591854
to_lo96,long,4,4.3697006517345995,5.351251350612213,3496,-0.069324362945905,0.0073127357581786595,0.5094393592677345,1312,-0.1968919883475223
lo_pos,short,7,0.6949152542372882,0.8305084745762712,3339,-0.06933939215572163,0.023144549654223107,0.5067385444743935,1345,-0.09709555725644183
avg_trade_usd,long,4,3470.6721320568263,3754.7972006560703,3506,-0.06950747152213903,0.0071296271819446255,0.5071306332002282,785,-0.08260210744978788
tbi,short,6,0.0072549752844471,0.017648038045180718,3505,-0.06953784249305124,0.022946099316893495,0.49957203994293864,968,-0.08561910309154343
updn_ratio,long,1,0.4207368421052634,0.45,2813,-0.06954677054310325,0.0070903281609804025,0.5090650551013153,1026,-0.07031572565518926
hour,long,2,4.0,7.0,4383,-0.06962489856209624,0.007012200141987418,0.5071868583162218,1611,-0.1158682489258752
minofday,long,2,240.0,420.0,4383,-0.06962489856209624,0.007012200141987418,0.5071868583162218,1611,-0.1158682489258752
avg_trade_usd,long,7,4342.049107701712,4692.486210319331,3506,-0.06963686389630402,0.007000234807779629,0.49914432401597264,1113,-0.12202515403760439
kyle_z,short,5,-0.1758357104935221,0.06528999057993118,3487,-0.06966800692500816,0.02281593488493658,0.5053054201319186,1217,-0.09411583764395982
ats_z96,long,8,0.9037830810640106,1.4144396601189604,3487,-0.06968528909960153,0.00695180960448212,0.5053054201319186,1168,-0.05368626239541282
trade_intensity,short,3,0.5970823234742321,0.6868382695016174,3497,-0.0697074258988537,0.022776515911091033,0.5027166142407778,1076,-0.09399262659166584
atr_rank,short,3,0.25416666666666665,0.3541666666666667,3499,-0.06974698968762413,0.022736952122320603,0.5107173478136611,1390,-0.09734610267735094
wick_skew,short,3,-0.18100345686371339,-0.09272247707060864,3505,-0.06975518147967878,0.022728760330265954,0.505848787446505,1260,-0.10876760591701029
since_hi24,long,8,22.0,24.0,3600,-0.06979220496812706,0.006844893735956592,0.5077777777777778,1386,-0.09365515318758534
trade_intensity,long,5,0.7907494064818188,0.918363921435535,3496,-0.06979571016670066,0.006841388537382989,0.5037185354691075,1131,-0.08242283300014568
pos96,short,1,0.15526098587921128,0.24508466036683874,3496,-0.06998459598670893,0.022499345823235803,0.5080091533180778,1386,-0.008919377119980797
atr_rank,long,9,0.9127083333333379,inf,3458,-0.07002132698475443,0.006615771719329228,0.48033545401966454,1538,-0.11717850111287259
persist6,long,1,0.065140408451604,0.13242102245085957,3505,-0.0700439794619408,0.006593119242142856,0.5078459343794579,1240,-0.07220529297711974
atr_pct,short,7,0.010249311073295382,0.01209467368322986,3506,-0.07007271556142182,0.022411226248522917,0.4885909868796349,603,0.14078629720399666
dow,long,2,2.0,3.0,4990,-0.07019643871423786,0.00644065998984579,0.4993987975951904,1848,-0.06121764795462007
updn_ratio,long,4,0.48333333333333334,0.5,3548,-0.0702034674373273,0.006433631266756348,0.5031003382187148,1137,-0.066384280304508
to_lo96,long,7,7.82256975580471,9.33704157620771,3496,-0.0703065924039903,0.006330506300093353,0.5068649885583524,1200,-0.15770069535980422
absorb,long,8,0.08648879105454607,0.17190602807652683,3505,-0.07036824013164988,0.006268858572433769,0.5089871611982881,1453,-0.10689927859208072
persist96,long,4,0.07499455407643561,0.09720592707243211,3496,-0.07049710961075967,0.006139989093323986,0.5082951945080092,1163,-0.10638913656408329
lo_pos,short,4,0.2711864406779661,0.3898305084745763,3342,-0.07057059183897668,0.021913349970968055,0.5053859964093357,1183,-0.11988622167552127
absorb,long,3,-0.0647186189376664,-0.03597904380761817,3504,-0.07057667944877338,0.00606041925531027,0.5014269406392694,972,-0.13421005075202094
trade_intensity,long,6,0.918363921435535,1.0938878960260576,3497,-0.07072480238926523,0.005912296314818419,0.5010008578781813,1120,-0.08341823835090358
pos24,long,9,0.8671486883707433,inf,3504,-0.07084736283158476,0.005789735872498897,0.5042808219178082,1486,-0.17671389758739658
avg_trade_usd,long,8,4692.486210319331,5170.506489220891,3506,-0.07087929860866339,0.005757800095420262,0.49914432401597264,1416,-0.10563371625475543
dq,long,0,-inf,-0.1031805999569669,3506,-0.07090278390271369,0.005734314801369961,0.515687393040502,2216,-0.12336139142851814
disp6,long,3,-0.5804695387770318,-0.25464931564380544,3505,-0.07091416656035567,0.005722932143727988,0.5075606276747504,1199,-0.09773821333615015
pos96,short,5,0.531584886784167,0.6329718808602768,3496,-0.07098821413021286,0.021495727679731874,0.5051487414187643,1367,0.0040228632798829985
disp6,long,8,1.0524826155948963,1.7503833742913975,3505,-0.07106659488509957,0.005570503818984079,0.5072753209700428,1467,-0.1156013645549673
disp24,long,5,0.09166305878366275,0.7653511384889606,3504,-0.0710721850175957,0.0055649136864879545,0.5134132420091324,1142,-0.0824934655251746
vol_of_vol,long,9,1.3854004759080636,inf,3456,-0.07116208398629896,0.005475014717784693,0.48726851851851855,1546,-0.06575345324269036
vol_per_trade_z,short,4,-0.33182077816536704,-0.05999545697988574,3487,-0.0712265858038716,0.021257356006073133,0.5038715227989676,1385,-0.11939968397448283
updn_ratio,short,3,0.4666666666666667,0.48333333333333334,3502,-0.07126675679445255,0.02121718501549219,0.5045688178183895,1267,-0.12589397442481787
ats_rank480,long,7,0.7208333333333333,0.8229166666666666,3370,-0.07127761528172205,0.005359483422361602,0.5062314540059347,1233,-0.13166881725157134
since_lo24,long,9,24.0,inf,4772,-0.07131030747698819,0.005326791227095465,0.5029337803855826,1747,-0.06396412391493511
tbi,long,0,-inf,-0.05162393790163991,3506,-0.07139198819407885,0.0052451105100047996,0.5154021677124929,2220,-0.12421106028783892
tbi_z96,short,1,-1.284734597379641,-0.8519475488601072,3487,-0.07144315681545949,0.02104078499448525,0.5050186406653283,1273,-0.1526668737350684
updn_ratio,long,8,0.55,0.576271186440678,4147,-0.07161124319998416,0.005025855504099494,0.5037376416686762,1599,-0.15326275758253416
trade_intensity,long,0,-inf,0.4012983782738478,3497,-0.07161765176382019,0.005019446940263461,0.5287389190734916,1991,-0.09279471901655034
pos480,long,1,0.15719628017411952,0.24998299317228478,3458,-0.0716235171489437,0.005013581555139951,0.5052053209947946,1283,0.05134719859073712
minofday,long,8,1140.0,1260.0,2922,-0.07162649490740476,0.005010603796678892,0.501368925393566,1074,-0.1124408559442153
hour,long,8,19.0,21.0,2922,-0.07162649490740476,0.005010603796678892,0.501368925393566,1074,-0.1124408559442153
updn_ratio,long,9,0.576271186440678,inf,3588,-0.07164512126835644,0.004991977435727213,0.5089186176142698,1538,-0.07858697801681643
since_hi96,long,2,14.0,25.0,3506,-0.0717080025805136,0.004929096123570051,0.5014261266400456,1263,0.06164544379765218
close_loc,long,7,0.7054296557421015,0.7952942694359326,3506,-0.07178691922423812,0.0048501794798455344,0.5062749572162007,1230,-0.10016302368446865
m1_jump,short,9,0.4226050426986277,inf,3506,-0.07187046269262037,0.020613479117324363,0.5048488305761551,1315,-0.1646919805784612
range_per_trade,long,9,9.802237330722748e-08,inf,3506,-0.07190213782563129,0.004734960878452363,0.4885909868796349,45,-0.33148283569414133
minofday,long,1,120.0,240.0,2922,-0.07199296571750687,0.004644132986576788,0.5041067761806981,1074,-0.04719140355171517
hour,long,1,2.0,4.0,2922,-0.07199296571750687,0.004644132986576788,0.5041067761806981,1074,-0.04719140355171517
range_rank,long,5,0.4875,0.5916666666666667,3413,-0.07201265107757542,0.004624447626508238,0.5039554644008204,1243,-0.13442395777532418
efficiency,short,0,-inf,0.02017440569351897,3506,-0.07202457072061486,0.02045937108932988,0.504563605248146,1280,-0.10482846758935052
m1_jump,long,5,0.21533501860375653,0.24119169424059048,3506,-0.07202738714466767,0.004609711559415988,0.5037079292641187,1359,-0.12974874440362813
tbi_z8,long,8,0.9243473087183567,1.337664611077404,3504,-0.07207079496804795,0.004566303736035698,0.5054223744292238,1250,-0.0847848118422511
hi_pos,long,3,0.15254237288135594,0.2711864406779661,3556,-0.07208292635138996,0.004554172352693689,0.5053430821147357,1292,-0.09112210500700423
extreme_late,long,3,0.5254237288135594,0.6271186440677966,3502,-0.0721097178748094,0.004527380829274258,0.5034266133637921,1222,-0.06521866982140086
range_rank,long,2,0.17916666666666667,0.2791666666666667,3447,-0.072153767165661,0.004483331538422647,0.5108790252393386,1284,-0.14498713562248797
atr_pct,long,2,0.0054618254691937195,0.006396912288073445,3506,-0.07220185313920456,0.004435245564879092,0.5154021677124929,1986,-0.1286302699694528
is_weekend,long,0,-inf,1.0,25027,-0.07222075506764554,0.004416343636438114,0.5002597195029368,9192,-0.09914258128322584
tbi_z8,long,7,0.594296180581796,0.9243473087183567,3504,-0.07225286339601357,0.0043842353080700835,0.5051369863013698,1289,-0.08441125964696247
absorb,short,7,0.048931638257179264,0.08648879105454607,3504,-0.07226594639938694,0.0202179954105578,0.4982876712328767,1109,-0.15496135715984982
range_rank,long,6,0.5916666666666667,0.6958333333333333,3393,-0.07230420164185117,0.004332897062232485,0.5019157088122606,1300,-0.09582967433579166
dq_z96,long,9,1.3026031427319462,inf,3487,-0.07240438335483945,0.004232715349244201,0.5098938915973616,1224,-0.11697343079426438
since_lo24,long,3,8.0,11.0,3185,-0.0724730193364763,0.004164079367607348,0.5080062794348509,1151,-0.13628149429343253
flow_eff,long,0,-inf,-0.10034717400158845,3506,-0.07249258987382408,0.0041445088302595745,0.49629207073588133,1168,-0.10644622675284772
vol_of_vol,long,6,-0.09346793925475119,0.18137798237017336,3456,-0.07266109844290201,0.003976000261181639,0.5037615740740741,1207,-0.012430015401993264
flow_div,long,0,-inf,-0.0,28137,-0.0726844050929636,0.003952693611120051,0.5052422077691296,9847,-0.09872298516142598
since_lo24,long,8,22.0,24.0,3921,-0.07276918259615744,0.0038679161079262087,0.5044631471563377,1407,-0.09818967706818532
since_lo24,short,0,-inf,2.0,2567,-0.07278930069873617,0.01969464111120857,0.5029216984807168,1116,-0.07583943057396017
dq_cum24,short,6,-0.007098324098792795,0.10034887914538465,3501,-0.07292146540368019,0.019562476406264545,0.5035704084547272,1013,-0.14563726499511626
sess_us,long,1,1.0,inf,11685,-0.07297237875384205,0.0036647199502416045,0.5037227214377407,4296,-0.09367945226491206
kyle_z,short,7,0.34837236113995035,0.7221831906291847,3487,-0.07297814057845232,0.019505801231492412,0.4992830513335245,1346,-0.1240243420630494
atr_rank,short,4,0.3541666666666667,0.45416666666666666,3407,-0.0730000749999172,0.019483866810027534,0.5036689169357206,1253,-0.12807564974430702
trade_intensity,short,4,0.6868382695016174,0.7907494064818188,3496,-0.07302282759557584,0.0194611142143689,0.5014302059496567,1106,-0.05096897704555538
tbi_z96,long,9,1.3026164386430967,inf,3487,-0.07304538432810136,0.0035917143759822967,0.5096071121307715,1225,-0.11606058971205316
up_wick,short,5,0.2519018547829733,0.3116842640865729,3506,-0.07307517545846716,0.019408766351477577,0.5022818026240731,1222,-0.14435715599112692
since_hi24,long,5,14.0,17.0,3291,-0.07309329590200052,0.0035438028020831347,0.5047098146460043,1144,-0.025846906944406167
range_z,long,9,1.2160179863600726,inf,3487,-0.0730962573077566,0.0035408413963270574,0.4964152566676226,1388,-0.06363738268496084
sess_eu,long,0,-inf,1.0,23372,-0.07315088567325913,0.0034862130308245254,0.5030806092760568,8591,-0.09646197889314984
kyle,short,4,2.94352386218753e-07,3.2543919378651527e-07,3506,-0.07321351262971376,0.019270429180230975,0.5014261266400456,1140,-0.09979794980046412
up_wick,short,6,0.3116842640865729,0.38191714813897687,3505,-0.07321539455444652,0.019268547255498217,0.501283880171184,1271,-0.12802975406322642
range_rank,short,7,0.6958333333333333,0.8,3413,-0.07324158624040278,0.019242355569541958,0.4980955171403457,1322,-0.12906103133309058
persist6,long,4,0.2744145460548171,0.35078755526717126,3505,-0.07334640823480902,0.003290690469274632,0.505848787446505,1202,-0.07229176911324203
trade_intensity,long,1,0.4012983782738478,0.5065972339046803,3496,-0.07344617363723749,0.0031909250668461647,0.5128718535469108,1354,-0.13307644642625105
kyle_z,long,0,-inf,-1.1708227367338226,3487,-0.07358819506058509,0.0030489036434985656,0.5167765987955263,1483,-0.136110486272287
dow,long,5,5.0,6.0,5016,-0.07368347006156363,0.002953628642520023,0.511164274322169,1848,-0.023318008369374216
rv_vs_range,long,4,0.6225149082542218,0.6645762396152448,3506,-0.07395222072910124,0.0026848779749824164,0.5042783799201369,1209,-0.11342170653559652
pos96,long,6,0.6329718808602768,0.7289644247048697,3497,-0.07396224207683966,0.002674856627243996,0.5087217615098656,1258,-0.18647462388988506
dn_wick,short,8,0.4820893645405433,0.5995754233922119,3506,-0.07400547141327886,0.018478470396665878,0.5042783799201369,1202,-0.06619371506187256
ats_z96,short,9,1.4144396601189604,inf,3487,-0.07408362012099655,0.018400321688948187,0.4975623745339834,1266,-0.1089659846572218
absorb,short,2,-0.11164174880612888,-0.0647186189376664,3505,-0.07416838167254697,0.01831556013739777,0.5032810271041369,1215,-0.10740947395115454
since_lo96,short,1,6.0,17.0,3881,-0.07417719740562174,0.01830674440432299,0.4913682040711157,1438,-0.02824815593705607
persist96,long,2,0.03505468743264874,0.05426807897852991,3496,-0.07420992566989172,0.0024271730341919318,0.5080091533180778,1389,-0.09759865012663302
dq_z96,short,1,-1.2853995099012647,-0.8517543222537121,3487,-0.07423176361309433,0.018252178196850405,0.5035847433323773,1270,-0.1535814689671908
since_lo96,short,8,89.0,94.0,2965,-0.074243838299785,0.01824010351015974,0.5059021922428331,998,-0.18487334441026962
close_loc,long,4,0.415212601233271,0.5125342824446624,3506,-0.07425370974617518,0.002383388957908475,0.5034227039361096,1163,-0.11646959804318559
lo_pos,short,5,0.3898305084745763,0.5423728813559322,3445,-0.07436908698694124,0.0181148548230035,0.5042089985486212,1277,-0.1470641507377822
pos24,short,9,0.8671486883707433,inf,3504,-0.07463215037133576,0.017851791438608974,0.492865296803653,1486,-0.04077855415423451
tbi_ma24,short,5,-0.0022937733203875336,-0.00020800207712689408,3501,-0.07466451570486833,0.017819426105076405,0.5032847757783491,1047,-0.1352515894804404
to_lo96,long,0,-inf,1.548522436847114,3497,-0.07477795572560363,0.0018591429784800273,0.4955676293966257,1489,-0.09852093219445517
rv_vs_range,long,2,0.5350282252907254,0.5809102710874434,3506,-0.07478901212070528,0.0018480865833783722,0.5025670279520822,1238,-0.07579157965740377
disp96,short,7,3.758051141697411,6.059231054126832,3496,-0.07485833771326962,0.017625604096675115,0.5022883295194508,1304,-0.1069042175742833
tbi_ma24,short,6,-0.00020800207712689408,0.0020347098732218976,3501,-0.07494637628315844,0.0175375655267863,0.5027135104255926,1022,-0.1393630118965307
rv_vs_range,long,6,0.7077884118622327,0.7577213620186095,3505,-0.07495551160978689,0.0016815870942967631,0.5032810271041369,1218,-0.11599063329809048
pos24,long,3,0.34267005692957053,0.4339993731615374,3503,-0.07517262621364386,0.0014644724904397943,0.5041393091635741,1106,-0.1044851610843006
since_lo24,long,7,20.0,22.0,2928,-0.07525167216883441,0.0013854265352492429,0.505464480874317,1024,-0.07411081750280744
sess_asia,long,1,1.0,inf,11687,-0.07528033510113893,0.0013567636029447189,0.5034653888936426,4296,-0.09605584324981209
range_z,short,6,-0.08804694109288413,0.15584302232689307,3486,-0.07530947909720817,0.017174462712736566,0.4994262765347103,1209,-0.10933428251396762
body_frac,long,1,-0.6436042115353835,-0.47418587791251765,3506,-0.07541992196760987,0.001217176736473785,0.5039931545921278,1332,-0.12002867677070517
rpt_z,long,8,0.8132561014666402,1.349560424703983,3487,-0.07547365902249836,0.0011634396815852904,0.5047318611987381,1278,-0.08044762204415994
persist96,short,1,0.017156944827467442,0.03505468743264874,3496,-0.07547921165326818,0.017004730156676556,0.506578947368421,1498,-0.09137278196313638
dn_wick,long,6,0.32703846030987604,0.3951454693186264,3505,-0.07550345571209748,0.001133642991986178,0.5027104136947218,1226,-0.1039653515915403
since_hi24,long,2,4.0,7.0,3824,-0.07553933962309772,0.00109775908098593,0.5023535564853556,1362,-0.10454299626905796
to_hi480,long,2,3.930816756924312,5.788720051854162,3458,-0.07554592433026533,0.0010911743738183238,0.5023134759976865,1013,-0.17021195369425335
tbi_ma96,short,3,-0.005085064284127192,-0.00370729864151965,3486,-0.07555701612981708,0.016926925680127658,0.5020080321285141,909,-0.10641214137755428
disp24,long,3,-1.3422658319616105,-0.5936708255733326,3503,-0.07573701028702985,0.0009000884170538015,0.5072794747359406,1191,-0.05391134110932825
accel,short,4,-0.3192368204433671,-0.013040791450973144,3503,-0.07573902270999987,0.01674491909994487,0.5061375963459892,1180,-0.09667747110909916
atr_pct,short,6,0.009089982062590797,0.010249311073295382,3506,-0.07577626818900798,0.016707673620936753,0.4920136908157444,677,-0.0009155515915323647
kyle,long,5,3.2543919378651527e-07,3.604793423877703e-07,3506,-0.0758297963021019,0.0008073024019817493,0.49914432401597264,966,-0.1513975342347176
absorb_z,short,8,0.24581065623553078,0.43140599372614735,3383,-0.07588631340555616,0.01659762840438858,0.5001477978125923,1093,-0.06456955429082567
dq_cum24,long,3,-0.31673054432916425,-0.20779682245533027,3501,-0.07595478294543122,0.0006823157586524353,0.5061411025421308,1029,-0.17533292341914078
absorb,short,4,-0.03597904380761817,-0.009596696749464374,3505,-0.07596661737004803,0.016517324439896702,0.49814550641940086,1059,-0.08575590071208822
ats_rank480,long,8,0.8229166666666666,0.91875,3460,-0.07597319619971685,0.0006639025043668062,0.5017341040462427,1238,-0.07368730863025612
wick_skew,long,6,0.0688453898360524,0.15729688563437044,3505,-0.07605777075085102,0.0005793279532326362,0.5047075606276747,1329,-0.12079523932690718
atr_pct,long,5,0.008167571581567333,0.009089982062590797,3506,-0.0760808230534255,0.0005562756506581473,0.4934398174557901,882,-0.06187451401038192
flow_div,short,2,1.0,inf,6909,-0.07611958649301667,0.016364355316928064,0.5019539730785931,3039,-0.11763574266765635
dq_z96,long,4,-0.2698647349399618,-0.010757346452267558,3487,-0.07612528994089167,0.0005118087631919843,0.5024376254660167,1373,-0.10978732108444689
tbi_z96,long,4,-0.27037955880908365,-0.01107023432368363,3487,-0.0761927792343916,0.0004443194696920477,0.5024376254660167,1372,-0.10742717402635532
range_z,short,3,-0.5883913831371873,-0.43800294381813737,3486,-0.07621956993795487,0.01626437187198987,0.504302925989673,1143,-0.11610874367135486
minofday,long,3,420.0,540.0,2922,-0.07630185367501566,0.0003352450290679959,0.5078713210130048,1074,-0.10966805701370291
hour,long,3,7.0,9.0,2922,-0.07630185367501566,0.0003352450290679959,0.5078713210130048,1074,-0.10966805701370291
tbi_z8,long,1,-1.3254577366168998,-0.9272259421591014,3504,-0.07632351332165266,0.00031358538243099476,0.5031392694063926,1206,-0.10045089790978376
tbi_ma8,long,4,-0.005504043799500987,-0.0022926622538515587,3504,-0.07641613135010387,0.00022096735397977851,0.5017123287671232,929,-0.08588595085253357
dow,short,2,2.0,3.0,4990,-0.07642313845839084,0.016060803351553896,0.4945891783567134,1848,-0.12894315598145287
m1_jump,long,4,0.19398576860285607,0.21533501860375653,3505,-0.07643627684982018,0.00020082185426346932,0.5021398002853067,1284,-0.10324286081648902
since_lo24,short,2,5.0,8.0,3459,-0.07650599579587605,0.015977946014068684,0.4984099450708297,1223,-0.09736928021141851
absorb,long,4,-0.03597904380761817,-0.009596696749464374,3505,-0.07651581603589987,0.00012128266818378641,0.4972895863052782,1059,-0.11022366582984408
m1_jump,long,1,0.13225421248372002,0.1547969221685139,3506,-0.07652286770833444,0.00011423099574921214,0.5031374786081004,1238,-0.11032274065659439
efficiency,long,9,0.23906175600383808,inf,3506,-0.07652439577486446,0.00011270292921919389,0.5042783799201369,1499,-0.11199333391607881
range_rank,long,7,0.6958333333333333,0.8,3413,-0.07667673942682247,-3.964072273882069e-05,0.4980955171403457,1322,-0.04979690241454767
body_frac,long,5,0.014486261210626735,0.18572048275224626,3506,-0.0767564928309661,-0.00011939412688244389,0.5034227039361096,1164,-0.13033606685959773
extreme_late,short,5,0.7288135593220338,0.8135593220338984,3652,-0.07679760910034793,0.01568633270959681,0.5008214676889375,1354,-0.11091555975676613
tbi_z8,short,6,0.2812882497678994,0.594296180581796,3505,-0.07679996702672787,0.01568397478321687,0.49900142653352353,1342,-0.12672079891196927
extreme_late,long,1,0.2542372881355932,0.3898305084745763,3279,-0.07682916915264487,-0.00019207044856121847,0.5038121378469046,1152,-0.099833510711227
tbi_z96,long,5,-0.01107023432368363,0.25354013003916914,3487,-0.07687455699825904,-0.00023745829417538833,0.5007169486664754,1295,-0.16152160040750582
tbi,short,1,-0.05162393790163991,-0.034395644915459704,3506,-0.0768848567274395,0.015599085082505237,0.5028522532800913,1303,-0.17090734424245735
dq,short,1,-0.1031805999569669,-0.06866158295194695,3506,-0.07689912431768568,0.015584817492259054,0.5028522532800913,1312,-0.16648721976309078
since_lo480,short,3,161.0,232.0,3453,-0.07690567101554467,0.015578270794400065,0.5010136113524472,1332,-0.22187230857300907
flow_eff,short,8,0.2591524804410624,0.4774840660680811,3506,-0.07691386996735074,0.015570071842594,0.4885909868796349,671,-0.04214092517379627
tbi_z96,short,6,0.25354013003916914,0.5365913499557815,3486,-0.07692612989154907,0.01555781191839567,0.49770510613884106,1388,-0.1291429519255743
dq_z96,long,5,-0.010757346452267558,0.25343031455876724,3487,-0.07696375771870677,-0.0003266590146231152,0.5007169486664754,1294,-0.1592884306765907
dq_z96,short,6,0.25343031455876724,0.5364803786440808,3486,-0.07697014539957214,0.015513796410372593,0.49770510613884106,1383,-0.12850630381238543
minofday,short,0,-inf,120.0,2921,-0.07711469380817074,0.015369248001774,0.500171174255392,1074,-0.11330231124382951
hour,short,0,-inf,2.0,2921,-0.07711469380817074,0.015369248001774,0.500171174255392,1074,-0.11330231124382951
since_hi96,short,7,77.0,87.0,3520,-0.07717586222786053,0.015308079582084202,0.503125,1261,-0.04063489194034783
minofday,long,6,840.0,960.0,2921,-0.07717644665642426,-0.0005393479523406047,0.5039370078740157,1074,-0.0866466845496831
hour,long,6,14.0,16.0,2921,-0.07717644665642426,-0.0005393479523406047,0.5039370078740157,1074,-0.0866466845496831
since_hi24,long,3,7.0,10.0,3354,-0.07727198755404922,-0.0006348888499655703,0.49821109123434704,1195,-0.08339681534219393
to_lo480,long,5,12.952280230762838,15.313468818299018,3458,-0.07727407591886912,-0.0006369772147854641,0.5026026604973973,1185,-0.1281770210483127
rpt_rank,short,2,0.1875,0.28541666666666665,3392,-0.07729604595950738,0.015187895850437352,0.5029481132075472,1291,-0.06765666988993156
sess_asia,long,0,-inf,1.0,23372,-0.07731553855636908,-0.0006784398522854257,0.5029094643162759,8591,-0.10139215389951613
to_hi96,long,6,5.4808116833192715,6.547636807737297,3497,-0.07745329840866237,-0.0008161997045787184,0.50328853302831,1120,-0.09958808273197796
tbi,short,4,-0.012210516705190098,-0.002519951448795077,3506,-0.07746133338622999,0.01502260842371475,0.497718197375927,988,-0.07184645424636693
pos24,long,4,0.4339993731615374,0.5238716255241218,3504,-0.07748318879182246,-0.00084609008773881,0.507420091324201,1133,-0.09440832643044804
since_lo96,short,7,80.0,89.0,3598,-0.07753264878334383,0.014951293026600906,0.5050027793218455,1287,-0.150102794480111
dq,short,4,-0.02431959365157378,-0.0048578900741630855,3506,-0.07756834097373222,0.014915600836212517,0.497718197375927,994,-0.07206954924458472
minofday,long,9,1260.0,inf,4382,-0.07761310637532683,-0.0009760076712431731,0.5006846188954815,1610,-0.1074269340258635
hour,long,9,21.0,inf,4382,-0.07761310637532683,-0.0009760076712431731,0.5006846188954815,1610,-0.1074269340258635
ats_rank480,short,3,0.29583333333333334,0.40208333333333335,3420,-0.0776705543214757,0.01481338748846904,0.502046783625731,1290,-0.08210284140312452
rpt_z,long,7,0.4523890031510715,0.8132561014666402,3487,-0.07776220251303785,-0.0011251038089541976,0.5035847433323773,1247,-0.08943012326721214
kyle_z,short,9,1.3114920139272421,inf,3487,-0.07777152286939003,0.014712418940554708,0.489532549469458,1423,-0.12628323659121302
rv_vs_range,long,5,0.6645762396152448,0.7077884118622327,3506,-0.07796752727386697,-0.0013304285697833124,0.5034227039361096,1220,-0.058859374354330765
kyle,short,5,3.2543919378651527e-07,3.604793423877703e-07,3506,-0.07797160480822474,0.01451233700172,0.49657729606389045,966,-0.013367675552065545
since_lo24,long,0,-inf,2.0,2567,-0.07798930806828497,-0.001352209364201315,0.4927931437475653,1116,-0.12484355463529834
ats_rank480,short,9,0.91875,inf,3416,-0.07815607743144613,0.014327864378498603,0.49765807962529274,1155,-0.1660969545137598
ats_z96,short,2,-0.9176991885237411,-0.6012405948062625,3487,-0.07820092490352103,0.01428301690642371,0.5024376254660167,1466,-0.10213498661125513
up_wick,long,3,0.14703789816320756,0.19726002537407494,3505,-0.0782939610609235,-0.0016568623568398444,0.5024251069900143,1260,-0.08495498420254147
ats_rank480,short,2,0.1875,0.29583333333333334,3419,-0.07831968248501466,0.014164259324930081,0.5001462415911085,1391,-0.11701883938797988
rpt_z,short,2,-0.8708857492124426,-0.595264731259697,3487,-0.07832137356091623,0.014162568249028507,0.501577287066246,1301,-0.09373279174426456
vol_per_trade_z,long,2,-0.9211781561351056,-0.5995791121432545,3487,-0.0783400748297519,-0.0017029761256682485,0.5035847433323773,1490,-0.08964522508123424
accel,long,7,0.6428865837284514,1.040189854432382,3504,-0.07834508500638371,-0.0017079863023000547,0.5065639269406392,1265,-0.10284015767845331
disp6,long,5,0.0220181102500532,0.30917486296632013,3506,-0.07836028765740725,-0.0017231889533236011,0.50656018254421,1190,-0.10277089624166863
persist6,short,7,0.5340408933803142,0.6444756599844669,3505,-0.07838080432819125,0.014103137481753486,0.49814550641940086,1291,-0.0936973851704556
sess_us,long,0,-inf,1.0,23374,-0.07846914510686337,-0.0018320464027797162,0.5027808676307007,8591,-0.10258048769897259
since_hi24,short,1,2.0,4.0,3182,-0.07854799989506424,0.013935941914880498,0.497171590194846,1182,-0.07161556527558731
absorb_z,long,1,-0.4268140292833722,-0.19088776081266484,3383,-0.07863421142528049,-0.0019971127211968337,0.5010345846881467,1146,-0.089961251564498
trade_intensity,short,2,0.5065972339046803,0.5970823234742321,3496,-0.07864540574760054,0.013838536062344198,0.5020022883295194,1159,-0.09171837614268608
accel,short,6,0.2983149688737525,0.6428865837284514,3503,-0.07867088771490571,0.013813054095039023,0.5024264915786468,1265,-0.15254487489944957
efficiency,long,2,0.03977119726476743,0.05902314225697087,3506,-0.078743501423494,-0.002106402719410344,0.5011409013120365,1153,-0.0912104411669942
since_hi24,long,7,20.0,22.0,2801,-0.07874915417872257,-0.002112055474638913,0.5041056765440914,1024,-0.06000311621649064
rv_vs_range,short,1,0.4788405383470096,0.5350282252907254,3506,-0.07892991654755352,0.013554025262391217,0.49486594409583573,1162,-0.11093419909565692
wick_skew,long,2,-0.2899940102573931,-0.18100345686371339,3506,-0.07894308135565933,-0.0023059826515756804,0.49942954934398176,1302,-0.08099372861138439
dq_cum24,short,5,-0.10744105755340438,-0.007098324098792795,3501,-0.0789726840493159,0.013511257760628836,0.5009997143673236,1056,-0.13292101219427124
persist6,short,0,-inf,0.065140408451604,3506,-0.07902613931553006,0.01345780249441468,0.5028522532800913,1217,-0.14704968117813194
tbi_z24,long,5,-0.008739855243720911,0.26260554168157,3501,-0.07911074179374766,-0.00247364308966401,0.5012853470437018,1225,-0.1467195517358473
tbi_z8,long,9,1.337664611077404,inf,3505,-0.07917038272868256,-0.002533284024598903,0.501283880171184,1341,-0.10768617838956947
rv_vs_range,long,1,0.4788405383470096,0.5350282252907254,3506,-0.07919486182122473,-0.002557763117141079,0.49857387335995434,1162,-0.1017531516908093
tbi,long,8,0.02987765117185882,0.04727719554701333,3506,-0.07929424726133587,-0.0026571485572522147,0.5017113519680547,1189,-0.10905801797872088
rv_vs_range,short,7,0.7577213620186095,0.818012255848559,3506,-0.07947524632398147,0.01300869548596327,0.5011409013120365,1331,-0.08065172799097252
is_weekend,short,0,-inf,1.0,25027,-0.07956027981321634,0.012923661996728397,0.4949854157509889,9192,-0.09084187175506157
dq,long,8,0.059866209902457335,0.094692496043802,3506,-0.07956843044428656,-0.002931331740202908,0.5017113519680547,1189,-0.11226018192877786
to_hi480,short,9,26.5097383109178,inf,3458,-0.07962218834794256,0.012861753462002176,0.5213996529786004,1422,-0.2183687670197503
ats_rank480,short,4,0.40208333333333335,0.5083333333333333,3392,-0.07969007243320447,0.012793869376740263,0.5005896226415094,1338,-0.15416624116377442
range_rank,long,8,0.8,0.9020833333333333,3391,-0.07973636657183569,-0.0030992678677520397,0.49159539958714243,1252,-0.1326316251902258
to_hi24,long,6,2.5479335580979225,3.0679275852230234,3503,-0.07976140340863247,-0.0031243047045488165,0.5027119611761347,1153,-0.16995571443808513
tbi_z8,short,2,-0.9272259421591014,-0.597790866770417,3504,-0.07979157808366054,0.012692363726284198,0.5005707762557078,1305,-0.09649115920879239
range_rank,short,4,0.38125,0.4875,3423,-0.07979638407921004,0.012687557730734697,0.5013146362839614,1264,-0.13039861225584104
disp24,short,7,1.5336506237859626,2.5464177153895204,3504,-0.07979792107132518,0.01268602073861956,0.4985730593607306,1420,-0.11133413038604308
tbi_ma96,long,8,0.002327303336602634,0.0047254010127430815,3487,-0.07981497317812691,-0.00317787447404326,0.5001433897332951,1174,-0.11496448346527419
trade_intensity,short,9,1.8875350813089147,inf,3497,-0.0799168208954604,0.012567120914484337,0.49013440091507005,1534,-0.08565728496765576
m1_jump,long,3,0.1742467449069275,0.19398576860285607,3506,-0.07997249052482072,-0.0033353918207370686,0.5014261266400456,1210,-0.11427951811548889
updn_ratio,long,6,0.5166666666666667,0.5333333333333333,3680,-0.07998885559361256,-0.0033517568895289063,0.5008152173913043,1330,-0.11313247308739581
extreme_late,long,7,0.8813559322033898,0.9491525423728814,3975,-0.08005729745931518,-0.0034201987552315294,0.5021383647798742,1626,-0.10756519655387498
rpt_rank,long,9,0.9020833333333333,inf,3469,-0.08027700210485944,-0.0036399034007757874,0.5015854713173825,1311,-0.10523582166889463
rpt_z,short,0,-inf,-1.2285072505599988,3487,-0.08029910382378776,0.01218483798615698,0.4975623745339834,1252,-0.08233786469778265
tbi_z96,long,7,0.5365913499557815,0.8559839315366705,3487,-0.08036417122271287,-0.003727072518629221,0.5007169486664754,1235,-0.06701661511830494
ats_z96,long,6,0.22197714064899585,0.5292105668568872,3486,-0.08038106933505262,-0.0037439706309689708,0.5005737234652897,1295,-0.1381612781802958
tbi_ma24,short,0,-inf,-0.012937925425561794,3502,-0.08052012958067183,0.01196381222927291,0.49771559109080526,2206,-0.14460437567631917
to_lo24,long,4,1.94469337940717,2.337871034437379,3504,-0.08055871746238431,-0.00392161875830066,0.5031392694063926,1201,-0.0875292478596295
dq_cum24,long,8,0.22989882962895875,0.40847396070095277,3501,-0.08057214888699149,-0.003935050182907837,0.5001428163381891,1195,-0.09040661100296121
since_hi480,long,0,-inf,16.0,3419,-0.08061694379279948,-0.003979845088715822,0.49049429657794674,1093,-0.019342440437777726
extreme_late,long,0,-inf,0.2542372881355932,3484,-0.0806382972734635,-0.004001198569379846,0.5011481056257175,1168,-0.10232123703694823
tbi_ma24,long,8,0.0047259478124308165,0.008454360435815095,3501,-0.08066974326180686,-0.004032644557723203,0.5001428163381891,1200,-0.08975115128617854
tbi,long,4,-0.012210516705190098,-0.002519951448795077,3506,-0.0807184764056863,-0.004081377701602648,0.49714774671990875,988,-0.13636453518617808
tbi_z24,long,1,-1.2988739750206857,-0.8752500186325841,3501,-0.0807204381806432,-0.004083339476559547,0.49928591830905455,1261,-0.049028640281889066
pos96,short,2,0.24508466036683874,0.3402541016085287,3496,-0.08074673365199243,0.011737208157952303,0.5011441647597255,1415,-0.18436230163736592
to_lo24,short,7,3.356893640273218,4.102118870517556,3503,-0.08080696703441986,0.011676974775524873,0.4947188124464745,1406,-0.09802549300287483
rpt_z,long,1,-1.2285072505599988,-0.8708857492124426,3487,-0.0808287028423419,-0.004191604138258254,0.5012905075996559,1357,-0.13088657307858154
rpt_rank,short,5,0.49166666666666664,0.59375,3402,-0.08086528959345289,0.011618652216491845,0.4997060552616108,1291,-0.1423936405824528
dq,long,4,-0.02431959365157378,-0.0048578900741630855,3506,-0.08087503959996938,-0.004237940895885722,0.49714774671990875,994,-0.13614957575239123
atr_pct,short,3,0.006396912288073445,0.00731595416114364,3506,-0.08090389475543788,0.011580047054506853,0.5019965772960638,1657,-0.11169549027836259
dn_wick,short,7,0.3951454693186264,0.4820893645405433,3506,-0.08103327014398638,0.011450671665958354,0.5,1182,-0.1083099999281482
hi_pos,short,2,0.06779661016949153,0.15254237288135594,3300,-0.0811469733387315,0.011336968471213238,0.4996969696969697,1239,-0.09666175922976926
dq_cum24,short,0,-inf,-0.6182010785611506,3502,-0.0812426516013776,0.011241290208567137,0.4974300399771559,2209,-0.14318216969980793
up_wick,long,7,0.38191714813897687,0.4665475570477383,3506,-0.08124394985642333,-0.004606851152339678,0.5014261266400456,1227,-0.10283322535841197
vol_per_trade_z,short,3,-0.5995791121432545,-0.33182077816536704,3486,-0.08128755247353096,0.011196389336413773,0.49885255306942056,1328,-0.12393171668344657
trade_intensity,short,6,0.918363921435535,1.0938878960260576,3497,-0.08130986918931628,0.011174072620628459,0.49385187303402917,1120,-0.11534289354764626
range_z,long,4,-0.43800294381813737,-0.27990754820756203,3487,-0.08131701348822175,-0.004679914784138095,0.501577287066246,1152,-0.18803455643121356
absorb,short,5,-0.009596696749464374,0.02230870240549339,3505,-0.08137278907281423,0.011111152737130509,0.49186875891583454,1130,-0.0785584627493868
extreme_late,long,6,0.8135593220338984,0.8813559322033898,3267,-0.08144721833626131,-0.004810119632177659,0.49984695439240895,1285,-0.06283241708088722
persist6,short,3,0.2012729212130513,0.2744145460548171,3505,-0.08148702078501421,0.010996921024930523,0.5004279600570614,1286,-0.14964020643881246
persist24,short,5,0.180776828043532,0.226929388891745,3504,-0.08153180120998291,0.01095214059996183,0.4977168949771689,1313,-0.08184461793777154
to_lo96,long,6,6.466596891528056,7.82256975580471,3497,-0.08160526709333077,-0.004968168389247116,0.5035744924220761,1367,-0.05022366617691476
flow_eff,short,7,0.16727683884853617,0.2591524804410624,3505,-0.08160761793201726,0.010876323877927474,0.48901569186875893,783,-0.10589127652739458
persist6,long,2,0.13242102245085957,0.2012729212130513,3505,-0.08161999837875525,-0.004982899674671595,0.5015691868758916,1249,-0.11678540595713473
dq_z96,long,7,0.5364803786440808,0.8559866340548344,3487,-0.08162772149452699,-0.004990622790443336,0.5001433897332951,1239,-0.06553793114774661
extreme_late,short,2,0.3898305084745763,0.5254237288135594,3349,-0.08166125273879489,0.010822689071149846,0.4989549119140042,1166,-0.15513931804215317
gap,short,0,-inf,-0.0005256714265318089,3506,-0.08166242968760949,0.010821512122335245,0.5068454078722191,93,-0.10921311169021496
hi_pos,short,0,-inf,0.01694915254237288,3482,-0.08167682357384368,0.01080711823610106,0.5025847214244687,1356,-0.08978593834485832
tbi_z8,long,3,-0.597790866770417,-0.304293009124711,3505,-0.08171790432739139,-0.0050808056233077326,0.5018544935805992,1301,-0.09947766997651195
ats_z96,long,9,1.4144396601189604,inf,3487,-0.08173760096761203,-0.0051005022635283725,0.4975623745339834,1266,-0.11297572151738895
tbi_z96,short,3,-0.5410070957053507,-0.27037955880908365,3486,-0.08177867304076264,0.010705268769182097,0.4991394148020654,1217,-0.1327124530822485
range_rank,long,1,0.08541666666666667,0.17916666666666667,3381,-0.08179551051085444,-0.005158411806770791,0.5119787045252884,1199,-0.14399250649005524
range_per_trade,long,8,8.003314175457509e-08,9.802237330722748e-08,3506,-0.08182681359692727,-0.0051897148928436165,0.49486594409583573,326,-0.13909763467151112
m1_jump,short,2,0.1547969221685139,0.1742467449069275,3506,-0.08195455737547387,0.010529384434470865,0.4982886480319452,1185,-0.13022416706599518
efficiency,long,8,0.18728294350306854,0.23906175600383808,3506,-0.08202515534764686,-0.005388056643563205,0.5,1394,-0.05344379673087511
since_lo96,long,0,-inf,6.0,3064,-0.08205850521923014,-0.005421406515146485,0.4879242819843342,1316,-0.13331431048196477
dq_z96,short,3,-0.5410679285510918,-0.2698647349399618,3486,-0.08213457161960576,0.010349370190338977,0.4991394148020654,1217,-0.13434798449999868
tbi_z24,long,7,0.5489123013768831,0.877382171049589,3501,-0.08216841047518317,-0.005531311771099515,0.5001428163381891,1301,-0.04078458699690668
tbi_ma96,long,4,-0.00370729864151965,-0.0023371495983311235,3487,-0.08235934935822435,-0.005722250654140698,0.5021508459994264,860,-0.13206490194484352
tbi,long,6,0.0072549752844471,0.017648038045180718,3505,-0.08236177603309304,-0.005724677329009387,0.4964336661911555,968,-0.11415452623130617
dq_z96,short,2,-0.8517543222537121,-0.5410679285510918,3487,-0.08240856325839378,0.010075378551550954,0.4987094924003441,1283,-0.15493151943758085
tbi_z24,long,4,-0.27945271097948304,-0.008739855243720911,3501,-0.08252695976445498,-0.005889861060371329,0.49928591830905455,1327,-0.10306786311761394
tbi_ma24,long,3,-0.006667167564706792,-0.004386527098122857,3501,-0.08257854105764532,-0.005941442353561671,0.5027135104255926,1027,-0.17311322694020714
to_lo480,short,6,15.313468818299018,17.993401986212874,3458,-0.08267355955721228,0.009810382252732452,0.49942163100057835,1261,-0.0811664427538334
tbi_z24,long,2,-0.8752500186325841,-0.5588726108628785,3501,-0.08267807327741694,-0.006040974573333288,0.5007140816909454,1286,-0.10599909227640689
rv_vs_range,long,3,0.5809102710874434,0.6225149082542218,3505,-0.08274271734845734,-0.0061056186443736865,0.49957203994293864,1186,-0.07143439477264685
m1_jump,long,6,0.24119169424059048,0.27544907834037397,3506,-0.08275460504831869,-0.006117506344235038,0.49942954934398176,1366,-0.12293673063667247
ats_rank480,long,9,0.91875,inf,3416,-0.08278597926293489,-0.0061488805588512385,0.4991217798594848,1155,-0.06367062017733759
range_per_trade,long,7,7.000438068741286e-08,8.003314175457509e-08,3506,-0.08285782093433167,-0.006220722230248013,0.49629207073588133,600,-0.11864277850722126
range_rank,short,6,0.5916666666666667,0.6958333333333333,3393,-0.08294550054935335,0.00953844126059139,0.4948423224285293,1300,-0.09750838412176657
since_lo24,long,6,18.0,20.0,2516,-0.08296397680821367,-0.006326878104130018,0.5043720190779014,888,-0.10463882787537974
dn_wick,long,5,0.26638218905490874,0.32703846030987604,3506,-0.08303513608537784,-0.006398037381294186,0.49885909868796346,1229,-0.10551653640385425
vol_per_trade_z,short,7,0.5284029990128012,0.8872707945349163,3487,-0.08311834299521834,0.0093655988147264,0.4981359334671637,1202,-0.07952269302093366
tbi_z24,long,3,-0.5588726108628785,-0.27945271097948304,3501,-0.08313637224292095,-0.006499273538837294,0.49928591830905455,1308,-0.06827895905387928
flow_eff,long,3,0.023478606814670372,0.04555056422291326,3506,-0.08316532567072481,-0.006528226966641154,0.5114090131203651,1863,-0.06701672104136089
kyle_z,long,7,0.34837236113995035,0.7221831906291847,3487,-0.08322955267086041,-0.006592453966776754,0.4958416977344422,1346,-0.0752286175353948
tbi,short,5,-0.002519951448795077,0.0072549752844471,3506,-0.08325010371218973,0.009233838097755007,0.4937250427837992,926,-0.09183578126516329
disp96,long,6,1.9178598999348613,3.758051141697411,3496,-0.08327937273370067,-0.006642274029617021,0.5005720823798627,1261,-0.11936730233343207
to_hi24,long,1,0.691143664634356,1.0695692026966934,3503,-0.08339216040749445,-0.006755061703410795,0.5029974307736226,1332,-0.05632008022573745
kyle,short,6,3.604793423877703e-07,4.0541936020398104e-07,3505,-0.08342916711883669,0.009054774691108047,0.49072753209700426,844,-0.06613255700260677
m1_jump,long,2,0.1547969221685139,0.1742467449069275,3506,-0.0834507512198024,-0.006813652515718749,0.49914432401597264,1185,-0.07790613619433391
rpt_z,short,5,-0.10238943341746227,0.15502042994774456,3487,-0.08345843460731361,0.009025507202631122,0.4981359334671637,1210,-0.1624077955110964
absorb,short,3,-0.0647186189376664,-0.03597904380761817,3504,-0.08351700489362306,0.00896693691632168,0.4940068493150685,972,-0.0710502238116973
rpt_rank,short,3,0.28541666666666665,0.3875,3397,-0.08353367477177187,0.008950267038172866,0.4983809243450103,1273,-0.08794825624320124
efficiency,short,5,0.10096868035763551,0.12519092447190217,3506,-0.08356398338927168,0.008919958420673058,0.49857387335995434,1239,-0.07645957823044136
sess_eu,long,1,1.0,inf,11687,-0.08360892816899602,-0.006971829464912371,0.5031231282621716,4296,-0.10591504564266419
to_hi24,long,0,-inf,0.691143664634356,3504,-0.08363104084312409,-0.006993942139040435,0.4997146118721461,1550,-0.17391739336060782
trade_intensity,short,5,0.7907494064818188,0.918363921435535,3496,-0.08368412487199177,0.008799816937952967,0.4937070938215103,1131,-0.12257965604064718
atr_rank,long,1,0.06458333333333334,0.15833333333333333,3497,-0.08369161852402672,-0.007054519819943067,0.5158707463540178,1258,-0.12748548156612854
tbi_z96,long,2,-0.8519475488601072,-0.5410070957053507,3487,-0.08372462444239256,-0.007087525738308911,0.4987094924003441,1281,-0.06220933132939326
tbi_z96,long,3,-0.5410070957053507,-0.27037955880908365,3486,-0.08372623428054041,-0.007089135576456754,0.4974182444061962,1217,-0.07904441454210605
dq_z96,long,3,-0.5410679285510918,-0.2698647349399618,3486,-0.08379575074999998,-0.007158652045916328,0.4974182444061962,1217,-0.07725727362018787
extreme_late,long,4,0.6271186440677966,0.7288135593220338,3426,-0.08391000519633372,-0.00727290649225007,0.4994162288382954,1315,-0.15488929769917786
tbi_z8,short,5,-0.007884435257472004,0.2812882497678994,3504,-0.08395285889379782,0.008531082916146918,0.4974315068493151,1255,-0.0846946152821436
rpt_z,short,6,0.15502042994774456,0.4523890031510715,3486,-0.08396330615255568,0.008520635657389058,0.4985656913367757,1354,-0.14677315496813806
m1_jump,short,6,0.24119169424059048,0.27544907834037397,3506,-0.08401828689286996,0.00846565491707478,0.4968625213918996,1366,-0.09962439404504456
hour,long,0,-inf,2.0,2921,-0.08402409408653784,-0.007386995382454187,0.4957206436152003,1074,-0.09171872622258558
minofday,long,0,-inf,120.0,2921,-0.08402409408653784,-0.007386995382454187,0.4957206436152003,1074,-0.09171872622258558
rpt_rank,long,6,0.59375,0.6958333333333333,3438,-0.08406193675985228,-0.007424838055768629,0.5011634671320535,1271,-0.05449958812152892
vol_per_trade_z,long,7,0.5284029990128012,0.8872707945349163,3487,-0.08406412961953635,-0.007427030915452701,0.4992830513335245,1202,-0.1441464123326745
range_per_trade,short,5,5.699910875808247e-08,6.279382136502443e-08,3506,-0.08406849436783778,0.008415447442106955,0.49743297204791787,1167,-0.1453201890837422
pos96,long,3,0.3402541016085287,0.4354589347887745,3497,-0.08407464749883109,-0.007437548794747437,0.5012868172719473,1202,-0.006192451844979178
rpt_z,long,0,-inf,-1.2285072505599988,3487,-0.08411402151423031,-0.007476922810146655,0.49842271293375395,1252,-0.11040087253325535
dq_z96,short,7,0.5364803786440808,0.8559866340548344,3487,-0.08422239315175863,0.00826154865818611,0.4952681388012618,1239,-0.152505778028744
since_lo96,long,3,29.0,43.0,3548,-0.08426253926168686,-0.007625440557603211,0.5016910935738444,1309,0.011740583421631767
body_frac,long,3,-0.319402291677422,-0.16182518882795027,3505,-0.08431440757273027,-0.007677308868646621,0.4978601997146933,1203,-0.09894969032045248
disp96,short,5,0.32595998432668083,1.9178598999348613,3497,-0.08433232375253628,0.008151618057408452,0.5012868172719473,1481,-0.038334324185053316
up_wick,short,0,-inf,0.045396049333566946,3506,-0.08433340813147701,0.008150533678467728,0.504563605248146,1612,-0.08666744526177393
persist6,long,7,0.5340408933803142,0.6444756599844669,3505,-0.0844387512571128,-0.0078016525530291425,0.49671897289586303,1291,-0.1265868839445078
tbi_z24,long,8,0.877382171049589,1.306907452067582,3501,-0.08444048339923176,-0.007803384695148102,0.5004284490145673,1286,-0.15620388577849578
since_hi96,short,9,94.0,inf,3580,-0.08452367652714751,0.007960265282797224,0.4963687150837989,1574,-0.10734084679697471
m1_jump,short,3,0.1742467449069275,0.19398576860285607,3506,-0.08456482733541333,0.007919114474531405,0.4960068454078722,1210,-0.09741859018293066
tbi_z24,short,8,0.877382171049589,1.306907452067582,3501,-0.08468085698044163,0.007803084829503107,0.4961439588688946,1286,-0.056223622481352466
tbi_z96,short,2,-0.8519475488601072,-0.5410070957053507,3487,-0.08481406250868645,0.007669879301258287,0.4975623745339834,1281,-0.15652183823806015
dq,short,5,-0.0048578900741630855,0.01465245721988553,3506,-0.08483596901310836,0.0076479727968363775,0.49286936679977184,922,-0.08968319613190527
ats_z96,long,0,-inf,-1.3169834884341334,3487,-0.08485874844265145,-0.008221649738567802,0.501577287066246,1075,-0.07946143527303866
rv_vs_range,long,9,0.9109868061328902,inf,3506,-0.08486285392467374,-0.008225755220590089,0.5039931545921278,1717,-0.10507065784355014
dn_wick,short,5,0.26638218905490874,0.32703846030987604,3506,-0.08489737247184213,0.007586569338102603,0.497718197375927,1229,-0.10681673468071344
tbi_ma8,short,4,-0.005504043799500987,-0.0022926622538515587,3504,-0.08490962471090903,0.007574317099035707,0.4957191780821918,929,-0.11841894216003401
to_lo24,long,7,3.356893640273218,4.102118870517556,3503,-0.08491031331311204,-0.008273214609028384,0.49985726520125606,1406,-0.12443344650610119
updn_ratio,short,6,0.5166666666666667,0.5333333333333333,3680,-0.08496052059532926,0.0075234212146154805,0.4956521739130435,1330,-0.10317001374434931
ats_rank480,short,0,-inf,0.08541666666666667,3399,-0.08496402984640004,0.007519911963544693,0.4992644895557517,1314,-0.13576093043844684
range_z,long,6,-0.08804694109288413,0.15584302232689307,3486,-0.08497531188765305,-0.008338213183569393,0.49483648881239245,1209,-0.09667251355016322
since_hi96,long,9,94.0,inf,3580,-0.08500492256640953,-0.008367823862325874,0.5002793296089385,1574,-0.09081400374429348
to_hi24,short,1,0.691143664634356,1.0695692026966934,3503,-0.08505903332102192,0.007424908488922813,0.4944333428489866,1332,-0.17423193423853633
absorb_z,long,0,-inf,-0.4268140292833722,3383,-0.08510780847763448,-0.008470709773550827,0.5001477978125923,1244,-0.13963641845150307
persist24,long,5,0.180776828043532,0.226929388891745,3504,-0.08516750131698071,-0.008530402612897059,0.4991438356164384,1313,-0.14145234579745014
tbi_z24,short,7,0.5489123013768831,0.877382171049589,3501,-0.08524687663139548,0.00723706517854926,0.49557269351613825,1301,-0.17579668968164583
tbi_z96,short,7,0.5365913499557815,0.8559839315366705,3487,-0.08530654512289153,0.0071773966870532085,0.49469457986808146,1235,-0.15122624730323722
tbi_z24,short,4,-0.27945271097948304,-0.008739855243720911,3501,-0.08531767126277269,0.007166270547172046,0.4975721222507855,1327,-0.11051052761027678
rpt_z,long,5,-0.10238943341746227,0.15502042994774456,3487,-0.08535268879739014,-0.008715590093306483,0.49899627186693435,1210,-0.06310805196110447
dq_z96,long,6,0.25343031455876724,0.5364803786440808,3486,-0.08550145676766534,-0.008864358063581684,0.49713138267355134,1383,-0.0772571174268599
tbi_z24,short,1,-1.2988739750206857,-0.8752500186325841,3501,-0.08550205866304554,0.006981883146899195,0.49700085689802914,1261,-0.1732795427942921
ats_z96,short,3,-0.6012405948062625,-0.33049841694450066,3486,-0.08551735123932398,0.006966590570620754,0.49713138267355134,1344,-0.11976966519052608
rpt_z,long,6,0.15502042994774456,0.4523890031510715,3486,-0.08554400595978019,-0.008906907255696539,0.49770510613884106,1354,-0.07568580036186938
tbi_z96,long,6,0.25354013003916914,0.5365913499557815,3486,-0.08559956102785025,-0.008962462323766601,0.49713138267355134,1388,-0.076485007281395
trade_intensity,long,4,0.6868382695016174,0.7907494064818188,3496,-0.08572908817580856,-0.009091989471724904,0.4965675057208238,1106,-0.15875124338619992
tbi_z8,short,9,1.337664611077404,inf,3505,-0.08574321979038464,0.006740722019560094,0.49358059914407987,1341,-0.1025720080935583
close_loc,long,5,0.5125342824446624,0.6112541704479642,3506,-0.08577016174740819,-0.009133063043324535,0.49885909868796346,1207,-0.12288836955662008
since_hi24,long,1,2.0,4.0,3182,-0.08579056878514217,-0.009153470081058518,0.4996857322438718,1182,-0.1564776566125609
m1_jump,short,8,0.3259782127000296,0.4226050426986277,3506,-0.08583009270049459,0.006653849109450147,0.49657729606389045,1471,-0.1251786966943981
rv_vs_range,short,3,0.5809102710874434,0.6225149082542218,3505,-0.08590469980351524,0.006579242006429495,0.4970042796005706,1186,-0.14459250157016293
dq_z96,long,2,-0.8517543222537121,-0.5410679285510918,3487,-0.08596179058430345,-0.009324691880219796,0.4975623745339834,1283,-0.0637066864672757
m1_jump,long,8,0.3259782127000296,0.4226050426986277,3506,-0.08598434668094529,-0.009347247976861636,0.4997147746719909,1471,-0.09485843993651433
since_hi24,short,4,10.0,14.0,4235,-0.08603973753170814,0.0064442042782365955,0.500590318772137,1504,-0.11777979296036271
to_hi96,short,4,3.7001975314526265,4.543525932125451,3496,-0.08606690276047999,0.006417039049464751,0.4982837528604119,1222,-0.1430755350288345
absorb,short,1,-0.2260759549890487,-0.11164174880612888,3504,-0.08610160671255061,0.006382335097394123,0.5017123287671232,1439,-0.11446183903168101
extreme_late,short,6,0.8135593220338984,0.8813559322033898,3267,-0.08614840505257225,0.006335536757372487,0.4964799510254056,1285,-0.1604964488125232
vol_of_vol,short,8,0.6218336782608651,1.3854004759080636,3456,-0.08620972837559399,0.0062742134343507505,0.49074074074074076,1434,-0.07932973182507241
dq,long,6,0.01465245721988553,0.03539876713441858,3505,-0.08625347163262817,-0.009616372928544517,0.4944365192582026,967,-0.11106387360942213
to_lo480,long,1,3.6751248042994415,6.187768349158728,3458,-0.08625491167575508,-0.009617812971671427,0.4866975130133025,1491,-0.011761755380052162
ats_z96,long,3,-0.6012405948062625,-0.33049841694450066,3486,-0.08625788906017698,-0.009620790356093326,0.4991394148020654,1344,-0.09627160046673647
accel,short,5,-0.013040791450973144,0.2983149688737525,3504,-0.08630968318133264,0.006174258628612095,0.4985730593607306,1186,-0.1774879289809312
disp24,long,6,0.7653511384889606,1.5336506237859626,3503,-0.0864189267307771,-0.009781828026693445,0.5029974307736226,1199,-0.10290136818104469
m1_jump,short,7,0.27544907834037397,0.3259782127000296,3506,-0.08660911191352468,0.005874829896420061,0.497718197375927,1366,-0.12424994250667065
tbi_ma24,short,3,-0.006667167564706792,-0.004386527098122857,3501,-0.08661868075637398,0.0058652610535707556,0.49700085689802914,1027,-0.03484375759070999
kyle,long,2,2.3480638548455447e-07,2.648600490650778e-07,3506,-0.08666442858741372,-0.010027329883330063,0.5057045065601825,1637,-0.10390260021274562
hour,long,5,11.0,14.0,4383,-0.08671924106331391,-0.010082142359230259,0.5010266940451745,1611,-0.10769221248215895
minofday,long,5,660.0,840.0,4383,-0.08671924106331391,-0.010082142359230259,0.5010266940451745,1611,-0.10769221248215895
tbi_z8,long,5,-0.007884435257472004,0.2812882497678994,3504,-0.08672675515574894,-0.010089656451665291,0.4980022831050228,1255,-0.13366406123664246
to_hi96,long,4,3.7001975314526265,4.543525932125451,3496,-0.08677439495679781,-0.010137296252714159,0.49742562929061784,1222,-0.06260373767086193
range_per_trade,long,1,3.560992216142104e-08,4.173347665870556e-08,3506,-0.08687768805129253,-0.010240589347208881,0.5034227039361096,2208,-0.09517213911995208
range_z,short,4,-0.43800294381813737,-0.27990754820756203,3487,-0.0869312963988827,0.0055526454110620405,0.4964152566676226,1152,-0.026088378955055683
trade_intensity,short,7,1.0938878960260576,1.370229261731995,3496,-0.08693625219952085,0.0055476896104238865,0.48998855835240274,1196,-0.16527868910423302
minofday,short,9,1260.0,inf,4382,-0.08695144692554341,0.005532494884401329,0.49497946143313554,1610,-0.10619739808010256
hour,short,9,21.0,inf,4382,-0.08695144692554341,0.005532494884401329,0.49497946143313554,1610,-0.10619739808010256
close_loc,short,5,0.5125342824446624,0.6112541704479642,3506,-0.08696682021896504,0.005517121590979696,0.4960068454078722,1207,-0.09749898928185857
wick_skew,short,2,-0.2899940102573931,-0.18100345686371339,3506,-0.08698898171193689,0.005494960098007845,0.4968625213918996,1302,-0.13715388089851982
tbi_z96,short,5,-0.01107023432368363,0.25354013003916914,3487,-0.08699587383361249,0.00548806797633225,0.49498135933467163,1295,-0.04674775162086337
atr_rank,short,2,0.15833333333333333,0.25416666666666665,3414,-0.08699892703577285,0.00548501477417189,0.505858230814294,1320,-0.09510577504777103
dq_z96,short,5,-0.010757346452267558,0.25343031455876724,3487,-0.08705674387863735,0.005427197931307387,0.49498135933467163,1294,-0.048986994740160515
to_lo480,short,5,12.952280230762838,15.313468818299018,3458,-0.0871346187856297,0.005349323024315039,0.49537304800462695,1185,-0.08797900577133289
efficiency,short,8,0.18728294350306854,0.23906175600383808,3506,-0.08725546438761703,0.00522847742232771,0.4945807187678266,1394,-0.16684282676134043
updn_ratio,short,8,0.55,0.576271186440678,4147,-0.08741727576477154,0.005066666045173196,0.4928864239209067,1599,-0.054386943157962095
absorb,long,7,0.048931638257179264,0.08648879105454607,3504,-0.08744147958070245,-0.010804380876618794,0.4954337899543379,1109,-0.06051052060921875
extreme_late,short,4,0.6271186440677966,0.7288135593220338,3426,-0.08745977783116234,0.0050241639787824005,0.4953298307063631,1315,-0.061790954135570286
since_lo24,long,2,5.0,8.0,3459,-0.0874899977027402,-0.010852898998656546,0.49696444058976585,1223,-0.11175592065479843
dn_wick,long,7,0.3951454693186264,0.4820893645405433,3506,-0.08749091492288717,-0.01085381621880352,0.4960068454078722,1182,-0.10569233716138973
hour,long,4,9.0,11.0,2922,-0.08751322636922017,-0.010876127665136515,0.502053388090349,1074,-0.11596242256335844
minofday,long,4,540.0,660.0,2922,-0.08751322636922017,-0.010876127665136515,0.502053388090349,1074,-0.11596242256335844
range_per_trade,long,5,5.699910875808247e-08,6.279382136502443e-08,3506,-0.08762957372725298,-0.010992475023169329,0.49714774671990875,1167,-0.0828801170713965
is_weekend,long,1,1.0,inf,10032,-0.08765462583617463,-0.011017527132090976,0.5101674641148325,3695,-0.10078411085156255
rpt_rank,long,3,0.28541666666666665,0.3875,3397,-0.08776079847287621,-0.011123699768792558,0.49896967912864293,1273,-0.1212472501648322
updn_ratio,short,4,0.48333333333333334,0.5,3548,-0.08776963741547232,0.0047143043944724156,0.4935174746335964,1137,-0.1384240374802487
m1_jump,long,7,0.27544907834037397,0.3259782127000296,3506,-0.08784789762696785,-0.011210798922884194,0.49857387335995434,1366,-0.09827304685296889
kyle_z,short,2,-0.8631817620451518,-0.6166140931928931,3487,-0.08789877945752318,0.004585162352421554,0.49899627186693435,1256,-0.10364977674339837
persist24,long,8,0.3503416783814374,0.4468113475016744,3503,-0.08791701822049984,-0.011279919516416187,0.48958035969169283,1256,-0.12807365677520388
hour,short,8,19.0,21.0,2922,-0.08793651163471038,0.00454743017523436,0.4934976043805613,1074,-0.09379392593794626
minofday,short,8,1140.0,1260.0,2922,-0.08793651163471038,0.00454743017523436,0.4934976043805613,1074,-0.09379392593794626
disp24,long,7,1.5336506237859626,2.5464177153895204,3504,-0.08800802934876968,-0.011370930644686028,0.4977168949771689,1420,-0.1172976337977692
to_hi480,short,8,19.857213792297916,26.5097383109178,3458,-0.08816797108202448,0.004315970727920254,0.4973973395026027,1374,-0.07515021392245527
updn_ratio,long,0,-inf,0.4207368421052634,3506,-0.08820775939837072,-0.011570660694287069,0.5002852253280091,1358,-0.16207304967651967
tbi_ma96,short,8,0.002327303336602634,0.0047254010127430815,3487,-0.08834464002788932,0.004139301782055418,0.49440780040149124,1174,-0.10737749477087938
ats_z96,short,6,0.22197714064899585,0.5292105668568872,3486,-0.0884091564137618,0.004074785396182931,0.49483648881239245,1295,-0.07590098328559573
range_rank,long,3,0.2791666666666667,0.38125,3388,-0.08847704744272356,-0.011839948738639902,0.500590318772137,1298,-0.10943218319685112
m1_jump,short,4,0.19398576860285607,0.21533501860375653,3505,-0.08850391744225572,0.003980024367689017,0.4955777460770328,1284,-0.11495337588985478
disp6,long,4,-0.25464931564380544,0.0220181102500532,3505,-0.08852100917466767,-0.011883910470584014,0.49900142653352353,1121,-0.06156119427492762
kyle,long,3,2.648600490650778e-07,2.94352386218753e-07,3505,-0.08855756262858647,-0.011920463924502814,0.5015691868758916,1355,-0.13204090844435537
since_lo480,short,4,232.0,297.0,3441,-0.08864555127664527,0.003838390533299471,0.5056669572798606,1113,-0.12596263778378983
trade_intensity,long,8,1.370229261731995,1.8875350813089147,3496,-0.08874357972320165,-0.012106481019118001,0.49056064073226546,1220,-0.07393600238981994
vol_per_trade_z,long,3,-0.5995791121432545,-0.33182077816536704,3486,-0.08880049535486458,-0.012163396650780922,0.4979919678714859,1328,-0.09822473326740803
dow,short,1,1.0,2.0,5014,-0.08882537271332726,0.0036585690966174783,0.48942959712804146,1824,-0.0784690106204267
to_hi480,long,6,13.05892642728981,15.76356090509998,3458,-0.08893930105402163,-0.01230220234993798,0.49219201850780797,1300,-0.19339798366023905
dq_cum24,long,0,-inf,-0.6182010785611506,3502,-0.08899013673680725,-0.012353038032723598,0.49571673329525984,2209,-0.08488215902252678
to_hi480,long,8,19.857213792297916,26.5097383109178,3458,-0.08899909964917214,-0.012362000945088492,0.5,1374,-0.13361535672274527
extreme_late,short,0,-inf,0.2542372881355932,3484,-0.08901067759882156,0.003473264211123178,0.49569460390355913,1168,-0.1215480629111745
disp24,short,1,-3.5582270825511917,-2.2414411109090997,3503,-0.08901981615140607,0.0034641256585386665,0.49214958606908366,1377,-0.06784624592615959
up_wick,short,7,0.38191714813897687,0.4665475570477383,3506,-0.08903562232464025,0.0034483194853044824,0.4937250427837992,1227,-0.11523173348620888
efficiency,short,2,0.03977119726476743,0.05902314225697087,3506,-0.08906736852999562,0.0034165732799491116,0.4957216200798631,1153,-0.12070022998060276
kyle,long,4,2.94352386218753e-07,3.2543919378651527e-07,3506,-0.0890675232675148,-0.012430424563431144,0.49543639475185397,1140,-0.08167713268212902
efficiency,long,5,0.10096868035763551,0.12519092447190217,3506,-0.08910565104447721,-0.012468552340393554,0.4982886480319452,1239,-0.13807831113429225
up_wick,short,3,0.14703789816320756,0.19726002537407494,3505,-0.0891283164962815,0.0033556253136632352,0.4938659058487874,1260,-0.12900685850637822
absorb_z,short,1,-0.4268140292833722,-0.19088776081266484,3383,-0.08914416521702911,0.003339776592915622,0.49571386343482116,1146,-0.12566579027399435
accel,long,3,-0.6569274478060144,-0.3192368204433671,3503,-0.08914801247856115,-0.012510913774477495,0.497858978018841,1229,-0.07102579560023359
avg_trade_usd,short,3,3164.671427944695,3470.6721320568263,3505,-0.08924059383503427,0.0032433479749104654,0.4964336661911555,936,-0.15411963104672147
tbi_z24,short,3,-0.5588726108628785,-0.27945271097948304,3501,-0.08925828157514044,0.0032256602348042923,0.49557269351613825,1308,-0.15231362601394274
range_z,long,7,0.15584302232689307,0.5279635508319275,3487,-0.08928391224674402,-0.012646813542660368,0.4926871236019501,1329,-0.07877301189598
body_frac,short,3,-0.319402291677422,-0.16182518882795027,3505,-0.08931483712014474,0.003169104689800001,0.49757489300998575,1203,-0.11591819481531679
tbi_z8,long,6,0.2812882497678994,0.594296180581796,3505,-0.0893339584060647,-0.012696859701981048,0.4964336661911555,1342,-0.08804870171808184
tbi_ma24,long,0,-inf,-0.012937925425561794,3502,-0.08933450757227063,-0.012697408868186974,0.49543118218161053,2206,-0.0834873892997447
ats_rank480,short,8,0.8229166666666666,0.91875,3460,-0.08934418228149994,0.0031397595284447938,0.49248554913294795,1238,-0.15434541747762073
disp6,short,8,1.0524826155948963,1.7503833742913975,3505,-0.0894000875535818,0.0030838542563629417,0.48958630527817404,1467,-0.0999603046852687
extreme_late,long,2,0.3898305084745763,0.5254237288135594,3349,-0.08945147400666863,-0.012814375302584974,0.4965661391460137,1166,-0.06007709785805149
kyle_z,long,2,-0.8631817620451518,-0.6166140931928931,3487,-0.08952322963776492,-0.012886130933681267,0.49899627186693435,1256,-0.13089554414170732
kyle_z,long,1,-1.1708227367338226,-0.8631817620451518,3487,-0.08957962918904527,-0.01294253048496162,0.5032979638657872,1178,-0.07583172322684573
gap,short,5,0.0005444706268430196,inf,3506,-0.08962459386821503,0.0028593479417297063,0.5048488305761551,104,0.049582011904615
range_rank,long,4,0.38125,0.4875,3423,-0.08968795988836399,-0.013050861184280338,0.49634823254455157,1264,-0.08135369851250847
since_hi96,short,2,14.0,25.0,3506,-0.0896883279207619,0.002795613889182841,0.49286936679977184,1263,-0.2759680550667037
since_lo480,short,0,-inf,35.0,3442,-0.08969499674022698,0.0027889450697177603,0.4799535153980244,1586,0.031992841000997335
range_rank,long,0,-inf,0.08541666666666667,3391,-0.08994951760970459,-0.013312418905620932,0.5160719551754644,1267,-0.09148505846312985
extreme_late,long,5,0.7288135593220338,0.8135593220338984,3652,-0.08999808940451688,-0.013360990700433228,0.49698795180722893,1354,-0.10185500837464877
hi_pos,long,2,0.06779661016949153,0.15254237288135594,3300,-0.09014813920187358,-0.013511040497789922,0.49636363636363634,1239,-0.11467922856320353
minofday,short,5,660.0,840.0,4383,-0.09022943055812291,0.002254511251821828,0.4971480720967374,1611,-0.1261596931372634
hour,short,5,11.0,14.0,4383,-0.09022943055812291,0.002254511251821828,0.4971480720967374,1611,-0.1261596931372634
dq,short,8,0.059866209902457335,0.094692496043802,3506,-0.09025813431666312,0.00222580749328162,0.4934398174557901,1189,-0.09770790734671425
tbi,short,8,0.02987765117185882,0.04727719554701333,3506,-0.0902694100187548,0.0022145317911899387,0.4934398174557901,1189,-0.10087660028385839
absorb_z,short,0,-inf,-0.4268140292833722,3383,-0.09027391284077523,0.0022100289691695113,0.49689624593556014,1244,-0.08632036929507433
ats_rank480,long,0,-inf,0.08541666666666667,3399,-0.09043129271801163,-0.01379419401392798,0.4980876728449544,1314,-0.06544290940412587
tbi_z8,long,2,-0.9272259421591014,-0.597790866770417,3504,-0.0904394925565776,-0.013802393852493947,0.4965753424657534,1305,-0.12672338894652843
efficiency,short,9,0.23906175600383808,inf,3506,-0.09045608930451911,0.0020278525054256286,0.49115801483171706,1499,-0.10995617892381195
absorb_z,long,8,0.24581065623553078,0.43140599372614735,3383,-0.0904616476720029,-0.01382454896791925,0.49689624593556014,1093,-0.15470929540658485
persist6,short,2,0.13242102245085957,0.2012729212130513,3505,-0.09046260191861517,0.0020213398913295627,0.4955777460770328,1249,-0.09640595286883406
disp6,short,4,-0.25464931564380544,0.0220181102500532,3505,-0.09046732088310867,0.002016620926836063,0.49757489300998575,1121,-0.15992131298197404
ats_rank480,long,2,0.1875,0.29583333333333334,3419,-0.09047317819447144,-0.013836079490387787,0.4960514770400702,1391,-0.09785275926760006
rv_vs_range,short,2,0.5350282252907254,0.5809102710874434,3506,-0.09049535540197763,0.001988586407967105,0.49229891614375354,1238,-0.13332944318167675
since_hi24,short,9,24.0,inf,4329,-0.09056061094717409,0.0019233308627706475,0.4878724878724879,1727,-0.06451905549993477
accel,short,3,-0.6569274478060144,-0.3192368204433671,3503,-0.09058645960866045,0.0018974822012842868,0.49842991721381674,1229,-0.1576723248774428
trade_intensity,long,3,0.5970823234742321,0.6868382695016174,3497,-0.09061930660642209,-0.013982207902338437,0.4947097512153274,1076,-0.12088560291622855
to_hi96,short,6,5.4808116833192715,6.547636807737297,3497,-0.09066181870990601,0.0018221231000387222,0.4964255075779239,1120,-0.10421725015923697
rpt_rank,short,6,0.59375,0.6958333333333333,3438,-0.0906982856797913,0.0017856561301534402,0.49621873182082604,1271,-0.16138853566699152
since_hi24,long,4,10.0,14.0,4235,-0.09074912245336737,-0.01411202374928372,0.4939787485242031,1504,-0.10853030520170932
rpt_rank,long,5,0.49166666666666664,0.59375,3402,-0.09080103492435047,-0.01416393622026682,0.49617871840094063,1291,-0.0809395716720024
minofday,short,6,840.0,960.0,2921,-0.09080643906212862,0.001677502747816112,0.49263950701814446,1074,-0.13016105981429388
hour,short,6,14.0,16.0,2921,-0.09080643906212862,0.001677502747816112,0.49263950701814446,1074,-0.13016105981429388
tbi,long,3,-0.022338205079410173,-0.012210516705190098,3505,-0.09087043586844597,-0.014233337164362314,0.49186875891583454,953,-0.11388612384658046
vol_per_trade_z,long,9,1.3945116302448515,inf,3487,-0.09096809496007237,-0.014330996255988715,0.4926871236019501,1301,-0.10269968245436359
persist6,long,3,0.2012729212130513,0.2744145460548171,3505,-0.09097369890529024,-0.014336600201206584,0.4964336661911555,1286,-0.07171110044320389
range_per_trade,long,3,4.6919743034555483e-08,5.1952925754032596e-08,3505,-0.09107614146261969,-0.014439042758536039,0.5001426533523537,1652,-0.06951143129803378
atr_rank,long,4,0.3541666666666667,0.45416666666666666,3407,-0.09117117941449089,-0.014534080710407238,0.4963310830642794,1253,-0.0774744502380414
dq_cum24,short,8,0.22989882962895875,0.40847396070095277,3501,-0.09122838706297628,0.0012555547469684514,0.4944301628106255,1195,-0.1292668994975755
tbi_ma24,short,8,0.0047259478124308165,0.008454360435815095,3501,-0.0912982301278182,0.0011857116821265418,0.4944301628106255,1200,-0.13000912439390536
range_rank,short,3,0.2791666666666667,0.38125,3388,-0.09129968049088837,0.0011842613190563706,0.49763872491145217,1298,-0.12107800438927582
range_rank,short,5,0.4875,0.5916666666666667,3413,-0.09133563154052654,0.0011483102694181957,0.4928215646059185,1243,-0.07139777619580759
tbi_z24,short,2,-0.8752500186325841,-0.5588726108628785,3501,-0.09134793230350019,0.0011360095064445463,0.4961439588688946,1286,-0.11135350402850451
wick_skew,short,6,0.0688453898360524,0.15729688563437044,3505,-0.09138562970417931,0.0010983121057654283,0.49186875891583454,1329,-0.09116429764144907
hi_pos,long,0,-inf,0.01694915254237288,3482,-0.09141260383723476,-0.01477550513315111,0.4956921309592188,1356,-0.13581599957678797
tbi_ma96,short,4,-0.00370729864151965,-0.0023371495983311235,3487,-0.09143632157896064,0.001047620230984092,0.4961284772010324,860,-0.08493174680924352
ats_rank480,long,4,0.40208333333333335,0.5083333333333333,3392,-0.09148848118011646,-0.014851382476032807,0.49557783018867924,1338,-0.062218002297274255
rpt_z,short,1,-1.2285072505599988,-0.8708857492124426,3487,-0.09149640106750227,0.0009875407424424637,0.49469457986808146,1357,-0.07084107447713019
rv_vs_range,short,5,0.6645762396152448,0.7077884118622327,3506,-0.09150973359964625,0.0009742082102984911,0.49515116942384485,1220,-0.16588627516584725
rpt_rank,short,9,0.9020833333333333,inf,3469,-0.0915118283582927,0.0009721134516520319,0.49178437590083596,1311,-0.14008902077279592
pos96,short,3,0.3402541016085287,0.4354589347887745,3497,-0.09153134976544233,0.0009525920445024039,0.49671146697169,1202,-0.22226990848789244
disp96,short,6,1.9178598999348613,3.758051141697411,3496,-0.0915335532839469,0.000950388525997839,0.494279176201373,1261,-0.09534225057395376
sess_eu,short,0,-inf,1.0,23372,-0.09159192627695976,0.0008920155329849716,0.49255519424952937,8591,-0.11468281284474822
atr_pct,long,3,0.006396912288073445,0.00731595416114364,3506,-0.09163178576660228,-0.014994687062518622,0.49743297204791787,1657,-0.06201041676551928
m1_jump,short,1,0.13225421248372002,0.1547969221685139,3506,-0.09164057916937014,0.0008433626405745936,0.49286936679977184,1238,-0.09861262372471646
dq_cum24,long,5,-0.10744105755340438,-0.007098324098792795,3501,-0.09165566194715087,-0.015018563243067218,0.4961439588688946,1056,-0.07498056999341421
body_frac,short,5,0.014486261210626735,0.18572048275224626,3506,-0.0916584088823044,0.0008255329276403295,0.49315459212778096,1164,-0.09373487933344336
rpt_z,long,2,-0.8708857492124426,-0.595264731259697,3487,-0.09176187020353335,-0.015124771499449699,0.49555491826785203,1301,-0.11844342328495751
dq,long,3,-0.044586892866346345,-0.02431959365157378,3505,-0.09191084516994533,-0.015273746465861673,0.4912981455064194,950,-0.11480514823905368
flow_eff,long,4,0.04555056422291326,0.07379746999947026,3505,-0.09193807293976677,-0.01530097423568312,0.5004279600570614,1493,-0.11446901675135475
sess_us,short,0,-inf,1.0,23374,-0.09200156450142108,0.0004823773085236571,0.4937537434756567,8591,-0.11608808234752475
since_lo480,long,3,161.0,232.0,3453,-0.09205156291864175,-0.015414464214558096,0.49290472053287,1332,0.014063093888498987
disp96,long,5,0.32595998432668083,1.9178598999348613,3497,-0.09211885588447284,-0.015481757180389188,0.49671146697169,1481,-0.1693014587569437
ats_z96,short,0,-inf,-1.3169834884341334,3487,-0.09218376058742798,0.0003001812225167516,0.4964152566676226,1075,-0.1290909187665363
tbi_ma8,long,5,-0.0022926622538515587,0.0009904996649229346,3504,-0.09222524636084926,-0.01558814765676561,0.4937214611872146,992,-0.09604778099386228
vol_of_vol,short,6,-0.09346793925475119,0.18137798237017336,3456,-0.09224614440138465,0.00023779740856008647,0.4933449074074074,1207,-0.18848772144411602
tbi_z24,short,5,-0.008739855243720911,0.26260554168157,3501,-0.09226274608759101,0.00022119572235372587,0.49328763210511284,1225,-0.06950472466247794
rv_vs_range,short,6,0.7077884118622327,0.7577213620186095,3505,-0.09230110232491551,0.0001828394850292292,0.4938659058487874,1218,-0.09801048072322997
extreme_late,short,7,0.8813559322033898,0.9491525423728814,3975,-0.09236105586194716,0.00012288594799757246,0.4940880503144654,1626,-0.10892556497891603
persist24,long,0,-inf,0.03281299540568285,3504,-0.09246466164448137,-0.01582756294039772,0.5011415525114156,1233,-0.04977204915192471
sess_asia,short,0,-inf,1.0,23372,-0.09247593296787218,8.008842072554367e-06,0.49341091904843404,8591,-0.1171433897885993
sess_asia,short,1,1.0,inf,11687,-0.09249995812353418,-1.601631358943978e-05,0.49268417900231026,4296,-0.11692256899568847
since_hi96,short,0,-inf,5.0,3154,-0.09254074516751835,-5.680335757361765e-05,0.4854153455928979,1171,-0.11537938408884557
flow_eff,short,1,-0.10034717400158845,0.0010056846335143455,3506,-0.09274878816089885,-0.00026484635095411213,0.5019965772960638,1933,-0.13430055521739548
dn_wick,short,6,0.32703846030987604,0.3951454693186264,3505,-0.09277694332071082,-0.0002930015107660833,0.49529243937232525,1226,-0.10806916038446197
rv_vs_range,long,7,0.7577213620186095,0.818012255848559,3506,-0.092786018398046,-0.016148919693962344,0.49486594409583573,1331,-0.13821192479540417
since_hi24,short,3,7.0,10.0,3354,-0.09279816860763765,-0.0003142267976929125,0.4964221824686941,1195,-0.13221581017939188
since_hi24,short,2,4.0,7.0,3824,-0.0928310945387998,-0.000347152728855063,0.4934623430962343,1362,-0.11464115060054413
tbi_z8,short,1,-1.3254577366168998,-0.9272259421591014,3504,-0.09286975845713775,-0.00038581664719301856,0.4934360730593607,1206,-0.11708488424385623
to_hi480,short,2,3.930816756924312,5.788720051854162,3458,-0.09295204853179398,-0.00046810672184924296,0.4910352805089647,1013,-0.03577707774681419
disp24,short,4,-0.5936708255733326,0.09166305878366275,3503,-0.09299694718958947,-0.0005130053796447293,0.5015700827861833,1171,-0.20077149453552576
dq_cum24,short,3,-0.31673054432916425,-0.20779682245533027,3501,-0.09309335899708435,-0.0006094171871396104,0.493573264781491,1029,-0.03285388747555503
m1_jump,short,5,0.21533501860375653,0.24119169424059048,3506,-0.09309711873666818,-0.000613176926723441,0.4917284654877353,1359,-0.0911828091363341
tbi_z8,short,3,-0.597790866770417,-0.304293009124711,3505,-0.09318895322801148,-0.0007050114180667394,0.4950071326676177,1301,-0.12201095324490364
ats_z96,short,8,0.9037830810640106,1.4144396601189604,3487,-0.09324068056799693,-0.0007567387580521973,0.49182678520217954,1168,-0.15752095928100737
disp96,long,7,3.758051141697411,6.059231054126832,3496,-0.09339484072860257,-0.01675774202451892,0.4959954233409611,1304,-0.12674525161562797
sess_us,short,1,1.0,inf,11685,-0.09344886155401251,-0.0009649197440677743,0.49199828840393667,4296,-0.11903293822899193
pos24,short,0,-inf,0.16885106090320068,3504,-0.09346013902589717,-0.0009761972159524346,0.490296803652968,1840,-0.09280213553111685
persist24,short,9,0.4468113475016744,inf,3504,-0.09350149526986501,-0.001017553459920273,0.4811643835616438,1199,-0.013176457431558968
kyle_z,short,8,0.7221831906291847,1.3114920139272421,3487,-0.09353904449085612,-0.001055102680911385,0.4855176369371953,1457,-0.11627526855335965
up_wick,long,6,0.3116842640865729,0.38191714813897687,3505,-0.09354877280457599,-0.016911674100492338,0.4938659058487874,1271,-0.08434824977101232
accel,short,7,0.6428865837284514,1.040189854432382,3504,-0.09357004506116216,-0.0010861032512174268,0.4914383561643836,1265,-0.11216422265340606
flow_div,long,2,1.0,inf,6909,-0.09360405572291147,-0.01696695701882782,0.4938486032710957,3039,-0.10217349196625436
rpt_z,short,8,0.8132561014666402,1.349560424703983,3487,-0.09363169480480787,-0.0011477529948631382,0.49240034413535994,1278,-0.14186334596808492
rpt_rank,long,2,0.1875,0.28541666666666665,3392,-0.09363662162184026,-0.01699952291775661,0.4949882075471698,1291,-0.13956297022165898
minofday,short,4,540.0,660.0,2922,-0.09368242755272548,-0.0011984857427807388,0.49589322381930184,1074,-0.11167166760786126
hour,short,4,9.0,11.0,2922,-0.09368242755272548,-0.0011984857427807388,0.49589322381930184,1074,-0.11167166760786126
gap,long,1,-0.0005256714265318089,-0.00014035361811962462,3506,-0.0937348379712025,-0.01709773926711884,0.4894466628636623,2245,-0.09327589587023
absorb,long,2,-0.11164174880612888,-0.0647186189376664,3505,-0.09374713639497322,-0.017110037690889562,0.49415121255349503,1215,-0.10745480700702419
up_wick,long,5,0.2519018547829733,0.3116842640865729,3506,-0.09375114541569499,-0.017114046711611333,0.49543639475185397,1222,-0.06884586500126086
persist24,short,1,0.03281299540568285,0.06551575437046779,3503,-0.0937913229111088,-0.0013073811011640596,0.5004282043962318,1237,-0.17335478604655016
updn_ratio,short,0,-inf,0.4207368421052634,3506,-0.09380351251480405,-0.0013195707048593158,0.4960068454078722,1358,-0.058131420071825125
vol_of_vol,long,0,-inf,-0.9972908337428363,3456,-0.09384733314072503,-0.01721023443664138,0.5115740740740741,1688,-0.21749866051061975
range_per_trade,short,3,4.6919743034555483e-08,5.1952925754032596e-08,3505,-0.09387635450094194,-0.0013924126909971996,0.49814550641940086,1652,-0.15449741352329346
extreme_late,short,3,0.5254237288135594,0.6271186440677966,3502,-0.09394924481245366,-0.0014653030025089248,0.4920045688178184,1222,-0.14368161273435692
rv_vs_range,short,4,0.6225149082542218,0.6645762396152448,3506,-0.09395588366300026,-0.0014719418530555195,0.4925841414717627,1209,-0.09683925562959955
minofday,short,1,120.0,240.0,2922,-0.09411151504980202,-0.00162757323985728,0.49110198494182067,1074,-0.15995133519716065
hour,short,1,2.0,4.0,2922,-0.09411151504980202,-0.00162757323985728,0.49110198494182067,1074,-0.15995133519716065
since_lo96,short,3,29.0,43.0,3548,-0.09418849972350925,-0.0017045579135645111,0.49492671927846676,1309,-0.22949821704780288
sess_eu,short,1,1.0,inf,11687,-0.09426782022501488,-0.0017838784150701475,0.4943954821596646,4296,-0.1218431501233944
body_frac,short,1,-0.6436042115353835,-0.47418587791251765,3506,-0.09439668614816922,-0.001912744338224484,0.4940102681118083,1332,-0.09452878235739973
accel,long,5,-0.013040791450973144,0.2983149688737525,3504,-0.09441001146770171,-0.01777291276361806,0.4971461187214612,1186,-0.05136144852318088
up_wick,long,0,-inf,0.045396049333566946,3506,-0.09446138290818748,-0.017824284204103827,0.4925841414717627,1612,-0.1417898153738688
to_lo96,short,6,6.466596891528056,7.82256975580471,3497,-0.09457394700769813,-0.002090005197753389,0.4927080354589648,1367,-0.17401058439476655
avg_trade_usd,short,2,2858.1495839718464,3164.671427944695,3506,-0.09458610414130028,-0.002102162331355545,0.49857387335995434,1053,-0.11152343541849569
dq_z96,short,4,-0.2698647349399618,-0.010757346452267558,3487,-0.09458889723568054,-0.0021049554257357994,0.4921135646687697,1373,-0.10451186401618091
since_hi24,short,7,20.0,22.0,2801,-0.09459144098258256,-0.0021074991726378195,0.49375223134594787,1024,-0.15103899524508052
flow_eff,short,4,0.04555056422291326,0.07379746999947026,3505,-0.09461093905215748,-0.0021269972422127414,0.4978601997146933,1493,-0.09700206622694209
to_lo96,short,2,2.43858937326728,3.3850517787431493,3496,-0.09468674290370356,-0.0022028010937588244,0.4897025171624714,1392,-0.10882242194987508
ats_rank480,long,3,0.29583333333333334,0.40208333333333335,3420,-0.09469032670568248,-0.018053228001598823,0.4953216374269006,1290,-0.13494213211988298
tbi_z96,short,4,-0.27037955880908365,-0.01107023432368363,3487,-0.0949188905618933,-0.002434948751948565,0.4921135646687697,1372,-0.10655155086414625
since_lo24,long,1,2.0,5.0,4163,-0.0950496163958791,-0.018412517691795444,0.4885899591640644,1605,-0.09688416399200335
avg_trade_usd,long,1,2527.6724227543054,2858.1495839718464,3506,-0.09505642575949472,-0.018419327055411064,0.5031374786081004,1063,-0.11705636063336206
tbi_ma96,long,3,-0.005085064284127192,-0.00370729864151965,3486,-0.09510630840496095,-0.0184692097008773,0.4934021801491681,909,-0.10806323314818059
dq,long,1,-0.1031805999569669,-0.06866158295194695,3506,-0.09518498345119032,-0.01854788474710667,0.49315459212778096,1312,-0.04992536083086611
close_loc,short,7,0.7054296557421015,0.7952942694359326,3506,-0.09521471065400691,-0.002730768844062176,0.4900171135196805,1230,-0.11802381949660237
tbi,long,1,-0.05162393790163991,-0.034395644915459704,3506,-0.09524560440472,-0.018608505700636352,0.49315459212778096,1303,-0.04583766236509038
extreme_late,short,1,0.2542372881355932,0.3898305084745763,3279,-0.09531446733304186,-0.0028305255230971216,0.4934431229033242,1152,-0.1176187936705064
to_lo480,long,6,15.313468818299018,17.993401986212874,3458,-0.0954877671022531,-0.018850668398169443,0.4947946790052053,1261,-0.13551104138287443
dn_wick,long,8,0.4820893645405433,0.5995754233922119,3506,-0.09561363455923613,-0.01897653585515248,0.49087278950370794,1202,-0.15597877069813926
tbi_z8,short,8,0.9243473087183567,1.337664611077404,3504,-0.09568663571852948,-0.0032026939085847417,0.4905821917808219,1250,-0.1312543795690407
close_loc,short,4,0.415212601233271,0.5125342824446624,3506,-0.09576619084235351,-0.003282249032408771,0.4920136908157444,1163,-0.09935877580945598
since_lo24,short,9,24.0,inf,4772,-0.09599359378635153,-0.0035096519764067913,0.49245599329421624,1747,-0.1618630580636434
since_lo24,short,3,8.0,11.0,3185,-0.09604043776600284,-0.0035564959560581005,0.4879120879120879,1151,-0.07004584898774936
wick_skew,long,3,-0.18100345686371339,-0.09272247707060864,3505,-0.09610044887049145,-0.019463350166407795,0.4912981455064194,1260,-0.1025558386030521
trade_intensity,long,2,0.5065972339046803,0.5970823234742321,3496,-0.09611096846240776,-0.019473869758324103,0.4954233409610984,1159,-0.12520752869615814
persist6,long,0,-inf,0.065140408451604,3506,-0.09612092893856093,-0.01948383023447728,0.49486594409583573,1217,-0.0758805486988958
avg_trade_usd,short,6,4047.6735243894605,4342.049107701712,3505,-0.09618814398056735,-0.003704202170622617,0.4838801711840228,928,-0.11457406026184816
tbi_ma24,long,5,-0.0022937733203875336,-0.00020800207712689408,3501,-0.0962061247069374,-0.01956902600285375,0.4938588974578692,1047,-0.07386097268267373
flow_div,short,0,-inf,-0.0,28137,-0.09624849364968818,-0.0037645518397434463,0.49113267228204854,9847,-0.11698690974238096
disp24,long,8,2.5464177153895204,3.967556860269467,3503,-0.09626041211502111,-0.019623313410937454,0.49243505566657153,1391,-0.11437548041660499
kyle_z,long,5,-0.1758357104935221,0.06528999057993118,3487,-0.09640825866188293,-0.01977115995779928,0.49354746200172067,1217,-0.11786261436001069
disp24,short,6,0.7653511384889606,1.5336506237859626,3503,-0.09646670953250022,-0.003982767722555486,0.4947188124464745,1199,-0.13262658599069757
dq_z96,long,1,-1.2853995099012647,-0.8517543222537121,3487,-0.09651585589412709,-0.019878757190043436,0.4926871236019501,1270,-0.0675410087134014
tbi_ma24,long,6,-0.00020800207712689408,0.0020347098732218976,3501,-0.09654371360869304,-0.01990661490460939,0.4938588974578692,1022,-0.07449926037335998
kyle,short,3,2.648600490650778e-07,2.94352386218753e-07,3505,-0.09655107116338126,-0.004067129353436519,0.49586305278174037,1355,-0.061892726692072506
lo_pos,long,1,0.01694915254237288,0.06779661016949153,3338,-0.09666997532863952,-0.02003287662455587,0.4910125823846615,1110,-0.13758379706494414
since_lo24,short,6,18.0,20.0,2516,-0.09671470887276375,-0.00423076706281901,0.49205087440381556,888,-0.12825839857661694
pos96,long,2,0.24508466036683874,0.3402541016085287,3496,-0.09689311649280757,-0.02025601778872392,0.49399313501144165,1415,-0.03391479622944926
avg_trade_usd,short,5,3754.7972006560703,4047.6735243894605,3506,-0.09691393438489543,-0.004429992574950692,0.48687963491158015,854,-0.06906977578611737
ats_z96,long,2,-0.9176991885237411,-0.6012405948062625,3487,-0.09697189467324915,-0.0203347959691655,0.49498135933467163,1466,-0.11631769133563877
absorb,long,0,-inf,-0.2260759549890487,3505,-0.09705680465767999,-0.020419705953596337,0.498716119828816,1738,-0.07550883711758952
tbi_z8,short,7,0.594296180581796,0.9243473087183567,3504,-0.09712038399838055,-0.004636442188435813,0.4911529680365297,1289,-0.13229417119606202
avg_trade_usd,long,3,3164.671427944695,3470.6721320568263,3505,-0.097200871973962,-0.02056377326987835,0.4944365192582026,936,-0.05847583759211278
hi_pos,short,9,0.9491525423728814,inf,3649,-0.09724556932278798,-0.0047616275128432445,0.4894491641545629,1280,-0.08702315051147333
updn_ratio,long,3,0.4666666666666667,0.48333333333333334,3502,-0.09731422845396492,-0.02067712974988127,0.49314677327241574,1267,-0.08809760052901563
rpt_z,short,7,0.4523890031510715,0.8132561014666402,3487,-0.09736040679816862,-0.004876464988223889,0.4915400057355893,1247,-0.12804573091476806
hi_pos,short,3,0.15254237288135594,0.2711864406779661,3556,-0.0974003020661364,-0.00491636025619166,0.4904386951631046,1292,-0.1188935561242768
absorb,long,1,-0.2260759549890487,-0.11164174880612888,3504,-0.09741579604590765,-0.020778697341824,0.4962899543378995,1439,-0.10971133375935739
body_frac,short,7,0.33959989974937715,0.4906328143485975,3506,-0.09743669171135164,-0.0049527499014069,0.48916143753565317,1246,-0.16481469119101713
efficiency,long,0,-inf,0.02017440569351897,3506,-0.0976007444759934,-0.020963645771909747,0.4920136908157444,1280,-0.11101456085054437
flow_eff,short,6,0.11176733654077298,0.16727683884853617,3506,-0.0976212746327892,-0.005137332822844468,0.4857387335995436,986,-0.05730363298210268
body_frac,short,9,0.6527999898162,inf,3506,-0.09773616707824169,-0.005252225268296953,0.4860239589275528,1534,-0.1258914145468375
dq_cum24,long,6,-0.007098324098792795,0.10034887914538465,3501,-0.09809066512798859,-0.021453566423904932,0.4930019994287346,1013,-0.06980776246076857
to_hi24,short,6,2.5479335580979225,3.0679275852230234,3503,-0.09810471087258063,-0.005620769062635894,0.49386240365401085,1153,-0.04747317954816138
since_hi24,short,8,22.0,24.0,3600,-0.09812454195592059,-0.005640600145975852,0.4897222222222222,1386,-0.11471664803741352
wick_skew,short,5,-0.009940357852846693,0.0688453898360524,3506,-0.09813943526411198,-0.005655493454167243,0.4877353108956075,1310,-0.10509992837096928
persist6,long,9,0.789222913887391,inf,3506,-0.09830148623023438,-0.021664387526150727,0.48716486023958927,1414,-0.11978787872747357
tbi_ma8,long,2,-0.013168222731794297,-0.009017418601262506,3504,-0.09830645035202307,-0.021669351647939414,0.4894406392694064,1035,-0.13768623222979437
up_wick,long,1,0.045396049333566946,0.09829612082697817,3506,-0.09834163105080916,-0.021704532346725508,0.4897318881916714,1372,-0.12710392920945315
hi_pos,short,7,0.6949152542372882,0.8305084745762712,3620,-0.09861796252070651,-0.006134020710761773,0.4886740331491713,1276,-0.09975131281294686
persist24,short,0,-inf,0.03281299540568285,3504,-0.0986385541695916,-0.006154612359646858,0.4960045662100457,1233,-0.1865792203608472
to_lo24,short,8,4.102118870517556,5.191716118884818,3504,-0.09875088155195108,-0.006266939742006344,0.4837328767123288,1247,0.011406934678396992
persist24,short,6,0.226929388891745,0.281507686704159,3503,-0.09878381259731596,-0.006299870787371223,0.4884384813017414,1404,-0.08455622018229648
rpt_z,short,3,-0.595264731259697,-0.34750319186302736,3486,-0.0988091617735724,-0.006325219963627657,0.4899598393574297,1275,-0.09082289306535947
tbi_z24,short,9,1.306907452067582,inf,3502,-0.09881265446954234,-0.006328712659597599,0.4868646487721302,1276,-0.14240955733762978
absorb,short,0,-inf,-0.2260759549890487,3505,-0.09882720122724077,-0.006343259417296035,0.4978601997146933,1738,-0.16046715559367458
since_hi24,long,0,-inf,2.0,2817,-0.09886980731426422,-0.022232708610180563,0.4955626553070642,1118,-0.15540327285397465
extreme_late,short,8,0.9491525423728814,0.9830508474576272,2511,-0.09892453033969453,-0.006440588529749797,0.4886499402628435,1025,-0.13332835563783332
vol_per_trade_z,short,2,-0.9211781561351056,-0.5995791121432545,3487,-0.09907836776047,-0.006594425950525271,0.4926871236019501,1490,-0.12671046336342343
vol_per_trade_z,long,4,-0.33182077816536704,-0.05999545697988574,3487,-0.09914649496767271,-0.022509396263589054,0.49240034413535994,1385,-0.09307446803487873
hour,short,7,16.0,19.0,4381,-0.09922209603488925,-0.0067381542249445175,0.4889294681579548,1611,-0.11735750708746148
minofday,short,7,960.0,1140.0,4381,-0.09922209603488925,-0.0067381542249445175,0.4889294681579548,1611,-0.11735750708746148
to_hi96,short,0,-inf,1.2628837056931554,3497,-0.0992784635592521,-0.006794521749307364,0.4818415784958536,1365,-0.1177494173527193
tbi_z96,long,1,-1.284734597379641,-0.8519475488601072,3487,-0.09933087337014376,-0.02269377466606011,0.49125322626899914,1273,-0.06840246108511364
since_lo24,short,7,20.0,22.0,2928,-0.09946456025209845,-0.00698061844215371,0.49077868852459017,1024,-0.15708464425541074
kyle_z,short,1,-1.1708227367338226,-0.8631817620451518,3487,-0.09946874022512328,-0.006984798415178545,0.49555491826785203,1178,-0.15782158988882
minofday,short,2,240.0,420.0,4383,-0.09954853544576574,-0.007064593635821001,0.4893908281998631,1611,-0.10269507349161106
hour,short,2,4.0,7.0,4383,-0.09954853544576574,-0.007064593635821001,0.4893908281998631,1611,-0.10269507349161106
lo_pos,long,5,0.3898305084745763,0.5423728813559322,3445,-0.0995819205255585,-0.02294482182147485,0.4914368650217707,1277,-0.06339965921967043
tbi_z24,short,6,0.26260554168157,0.5489123013768831,3501,-0.09960722511290775,-0.00712328330296301,0.48814624393030565,1350,-0.10532894233606856
range_z,long,5,-0.27990754820756203,-0.08804694109288413,3487,-0.09968852160556346,-0.02305142290147981,0.489532549469458,1218,-0.08089841059555068
accel,long,6,0.2983149688737525,0.6428865837284514,3503,-0.09969324540854169,-0.023056146704458033,0.4958606908364259,1265,-0.07045725276380761
vol_per_trade_z,long,6,0.21820298859104706,0.5284029990128012,3486,-0.09971444047708362,-0.02307734177299997,0.48938611589214,1289,-0.10347375458627606
m1_jump,long,9,0.4226050426986277,inf,3506,-0.09994070774436908,-0.02330360904028543,0.4917284654877353,1315,-0.06411261389192802
to_lo24,short,4,1.94469337940717,2.337871034437379,3504,-0.10012519819385667,-0.007641256383911929,0.492865296803653,1201,-0.1377492440210704
lo_pos,long,4,0.2711864406779661,0.3898305084745763,3342,-0.10021095581094065,-0.023573857106857,0.4910233393177738,1183,-0.09906249355173438
kyle_z,long,6,0.06528999057993118,0.34837236113995035,3486,-0.10025377088402496,-0.023616672179941303,0.4885255306942054,1239,-0.10006657108169871
persist6,short,4,0.2744145460548171,0.35078755526717126,3505,-0.10042990925469009,-0.00794596744474535,0.4910128388017118,1202,-0.14979957928991328
persist24,long,1,0.03281299540568285,0.06551575437046779,3503,-0.10051806117240843,-0.023880962468324773,0.4975735084213531,1237,-0.05544481654552676
dq,long,2,-0.06866158295194695,-0.044586892866346345,3506,-0.10052963363232222,-0.023892534928238562,0.4885909868796349,1039,-0.08793765910849935
wick_skew,short,7,0.15729688563437044,0.26827995758219486,3506,-0.10094328290362664,-0.008459341093681905,0.484312606959498,1277,-0.1498528504468711
tbi,long,2,-0.034395644915459704,-0.022338205079410173,3506,-0.10098230150047573,-0.024345202796392074,0.4883057615516258,1041,-0.09152202109785892
to_lo96,short,7,7.82256975580471,9.33704157620771,3496,-0.10105944735565847,-0.008575505545713735,0.4891304347826087,1200,-0.07372105381010288
efficiency,long,1,0.02017440569351897,0.03977119726476743,3506,-0.10109369392991362,-0.024456595225829963,0.4903023388476897,1197,-0.11901331281025612
to_hi480,short,7,15.76356090509998,19.857213792297916,3458,-0.10143953215326411,-0.008955590343319372,0.48554077501445925,1614,-0.10528444937108396
dn_wick,short,4,0.209767655199687,0.26638218905490874,3506,-0.10150108525165451,-0.009017143441709771,0.4883057615516258,1259,-0.1256615706418799
pos480,short,9,0.912127636486904,inf,3458,-0.10161573877848168,-0.009131796968536943,0.48785425101214575,1014,-0.22819971103329326
up_wick,short,4,0.19726002537407494,0.2519018547829733,3506,-0.10162049543234321,-0.009136553622398472,0.48659440958357103,1220,-0.13295716455512907
dow,long,6,6.0,inf,5016,-0.10162578161078561,-0.02498868290670196,0.509170653907496,1847,-0.17829215491603692
accel,short,8,1.040189854432382,1.596065609178245,3503,-0.10165042819210485,-0.00916648638216011,0.48158721096203255,1311,-0.10935319120693122
persist96,short,4,0.07499455407643561,0.09720592707243211,3496,-0.1016884212287725,-0.009204479418827766,0.4897025171624714,1163,-0.12411381494959227
gap,short,3,0.0,0.0001556829197818829,18922,-0.10176969462987347,-0.00928575281992873,0.48821477645069233,7524,-0.10472039179611173
tbi_ma8,short,6,0.0009904996649229346,0.004512005489972333,3505,-0.10188884953611949,-0.00940490772617475,0.4861626248216833,980,-0.15679259550822672
since_lo96,long,7,80.0,89.0,3598,-0.10200041234299352,-0.025363313638909868,0.4936075597554197,1287,-0.07861873023845242
to_hi480,long,4,7.824084173065477,10.436381472271139,3458,-0.10208832553703572,-0.025451226832952062,0.48872180451127817,1539,-0.041302737463428066
avg_trade_usd,short,4,3470.6721320568263,3754.7972006560703,3506,-0.10210921096362434,-0.009625269153679603,0.48916143753565317,785,-0.13790617924286772
vol_per_trade_z,long,8,0.8872707945349163,1.3945116302448515,3487,-0.10214894871604269,-0.025511850011959034,0.4886722110696874,1182,-0.07824205309618482
efficiency,long,3,0.05902314225697087,0.07929706819036454,3505,-0.10215610714855088,-0.025519008444467223,0.4884450784593438,1238,-0.0529664104281667
pos24,short,3,0.34267005692957053,0.4339993731615374,3503,-0.10219630866403746,-0.009712366854092727,0.4901512988866686,1106,-0.12192149578741021
hour,short,3,7.0,9.0,2922,-0.1022253358548508,-0.009741394044906065,0.4890485968514716,1074,-0.11733239499718776
minofday,short,3,420.0,540.0,2922,-0.1022253358548508,-0.009741394044906065,0.4890485968514716,1074,-0.11733239499718776
dow,short,4,4.0,5.0,5016,-0.10226075371357339,-0.009776811903628654,0.48145933014354064,1848,-0.17022292809780618
dn_wick,short,2,0.10450030706485797,0.15679598616262683,3506,-0.10231908468506344,-0.009835142875118705,0.4854535082715345,1331,-0.10827475049616636
body_frac,long,6,0.18572048275224626,0.33959989974937715,3505,-0.10243505747402358,-0.025797958769939927,0.4904422253922967,1108,-0.1029122772103135
rv_vs_range,short,0,-inf,0.4788405383470096,3506,-0.10252353131389397,-0.010039589503949231,0.4831717056474615,1224,-0.11243174489763791
tbi_z96,short,9,1.3026164386430967,inf,3487,-0.1025443406676124,-0.010060398857667657,0.48752509320332665,1225,-0.11627875804327528
close_loc,long,2,0.2242490117726961,0.3193089857882955,3506,-0.10261529221572961,-0.02597819351164596,0.4883057615516258,1251,-0.08636764010392338
since_lo96,short,2,17.0,29.0,3307,-0.10266703187951051,-0.010183090069565776,0.4844269730873904,1259,-0.0634666132403739
accel,short,9,1.596065609178245,inf,3504,-0.10271967954895418,-0.010235737739009446,0.4771689497716895,1451,-0.05720004044995162
ats_rank480,short,7,0.7208333333333333,0.8229166666666666,3370,-0.10273059362676214,-0.010246651816817401,0.48931750741839763,1233,-0.09235129052673215
dn_wick,short,1,0.04766701925243474,0.10450030706485797,3506,-0.10294665680996025,-0.010462715000015513,0.4860239589275528,1440,-0.16903177698094166
lo_pos,long,2,0.06779661016949153,0.15254237288135594,3437,-0.1029604444705452,-0.026323345766461545,0.4890893220832121,1222,-0.12106364669605672
wick_skew,short,4,-0.09272247707060864,-0.009940357852846693,3506,-0.10305005103169447,-0.010566109221749734,0.48659440958357103,1290,-0.07629541935172612
dq_z96,short,9,1.3026031427319462,inf,3487,-0.10306524283588195,-0.010581301025937212,0.48723831373673643,1224,-0.11549084496272423
rpt_z,short,9,1.349560424703983,inf,3487,-0.1035874973098073,-0.011103555499862569,0.48580441640378547,1348,-0.11010127266144475
range_per_trade,short,6,6.279382136502443e-08,7.000438068741286e-08,3505,-0.10363707962324965,-0.011153137813304917,0.487018544935806,955,-0.17528635696092373
since_lo96,long,8,89.0,94.0,2965,-0.10364609208358028,-0.027008993379496624,0.4917369308600337,998,-0.05061827880524111
since_lo24,short,8,22.0,24.0,3921,-0.10373375019620105,-0.011249808386256319,0.4909461871971436,1407,-0.1308515349426569
tbi_z8,short,4,-0.304293009124711,-0.007884435257472004,3504,-0.10379443165331251,-0.011310489843367771,0.4891552511415525,1283,-0.14570218330385537
updn_ratio,short,7,0.5333333333333333,0.55,3327,-0.10379782670376378,-0.011313884893819043,0.4863240156296964,1198,-0.1692061834698443
avg_trade_usd,long,2,2858.1495839718464,3164.671427944695,3506,-0.10405152462234815,-0.0274144259182645,0.4957216200798631,1053,-0.09583089810219267
body_frac,short,8,0.4906328143485975,0.6527999898162,3506,-0.10412313423044399,-0.011639192420499253,0.4860239589275528,1283,-0.12098799009855266
rv_vs_range,short,9,0.9109868061328902,inf,3506,-0.10417128893662665,-0.011687347126681916,0.4937250427837992,1717,-0.1268640642498501
range_z,long,3,-0.5883913831371873,-0.43800294381813737,3486,-0.10418082695992972,-0.02754372825584607,0.4919678714859438,1143,-0.10814467289085912
kyle,long,1,1.9917099227125685e-07,2.3480638548455447e-07,3506,-0.1041907065957092,-0.027553607891625545,0.5042783799201369,2065,-0.06914868934634733
lo_pos,long,7,0.6949152542372882,0.8305084745762712,3339,-0.10421332777874463,-0.02757622907466098,0.48996705600479185,1345,-0.11712311977012285
to_lo24,short,6,2.7914807113882643,3.356893640273218,3504,-0.10433792395760716,-0.011853982147662423,0.4865867579908676,1358,-0.12424968016549479
ats_z96,long,7,0.5292105668568872,0.9037830810640106,3487,-0.10439324884574479,-0.027756150141661134,0.48809865213650705,1226,-0.13623962409668877
since_hi24,short,5,14.0,17.0,3291,-0.10446143549083185,-0.011977493680887116,0.4916438772409602,1144,-0.19387616634045712
absorb,short,6,0.02230870240549339,0.048931638257179264,3504,-0.1045509190441496,-0.01206697723420487,0.48087899543379,969,-0.1355028314778487
close_loc,short,8,0.7952942694359326,0.8856180652305655,3506,-0.10460557492948516,-0.012121633119540426,0.4851682829435254,1298,-0.1555921328831035
rpt_rank,long,1,0.09166666666666666,0.1875,3410,-0.10498098920261152,-0.02834389049852787,0.4868035190615836,1245,-0.14502376084169613
accel,long,4,-0.3192368204433671,-0.013040791450973144,3503,-0.10504712565478673,-0.028410026950703077,0.4907222380816443,1180,-0.12935904561572714
tbi_z24,short,0,-inf,-1.2988739750206857,3502,-0.10507994345364287,-0.012596001643698132,0.4894346087949743,1267,-0.07184797841761369
disp24,long,4,-0.5936708255733326,0.09166305878366275,3503,-0.10509555754666823,-0.028458458842584577,0.49643163003140167,1171,-0.03474926452265058
since_hi480,long,4,147.0,212.0,3495,-0.10516393936607475,-0.0285268406619911,0.4907010014306152,1107,-0.036470110904872614
rv_vs_range,short,8,0.818012255848559,0.9109868061328902,3506,-0.10528615654736642,-0.012802214737421685,0.48802053622361663,1382,-0.10245870904627528
since_hi96,long,7,77.0,87.0,3520,-0.1053606346245311,-0.02872353592044745,0.4914772727272727,1261,-0.1773994212705203
pos480,long,6,0.6480119556913679,0.7656027614557175,3458,-0.1053677763818459,-0.028730677677762245,0.4907460960092539,1671,-0.001864973331129786
range_per_trade,short,0,-inf,3.560992216142104e-08,3506,-0.1054388045134935,-0.012954862703548758,0.49714774671990875,2704,-0.027178177135431567
absorb_z,long,5,0.04282344679383983,0.10212630792793635,3383,-0.1054419693718135,-0.02880487066772984,0.48832397280520246,1322,-0.03207911364139421
disp6,short,5,0.0220181102500532,0.30917486296632013,3506,-0.10548144558284725,-0.012997503772902513,0.4905875641756988,1190,-0.12714460004654124
pos96,long,5,0.531584886784167,0.6329718808602768,3496,-0.10549256175774503,-0.02885546305366138,0.48941647597254007,1367,-0.22340045275501275
lo_pos,short,8,0.8305084745762712,0.9491525423728814,3595,-0.10561923978890529,-0.013135297978960556,0.4890125173852573,1363,-0.11079626702559174
persist6,short,1,0.065140408451604,0.13242102245085957,3505,-0.10586066252149982,-0.013376720711555087,0.4887303851640514,1240,-0.15001679162285295
close_loc,long,9,0.8856180652305655,inf,3506,-0.10589915132125184,-0.02926205261716819,0.4860239589275528,1456,-0.13753171448516588
persist6,short,8,0.6444756599844669,0.789222913887391,3505,-0.10603021935214078,-0.013546277542196047,0.4841654778887304,1320,-0.08761457096812662
pos480,short,1,0.15719628017411952,0.24998299317228478,3458,-0.10610787471457496,-0.013623932904630223,0.48554077501445925,1283,-0.23848295114417187
ats_rank480,short,1,0.08541666666666667,0.1875,3395,-0.10611536590569809,-0.013631424095753353,0.48718703976435934,1297,-0.06937031190091635
atr_rank,short,7,0.6729166666666667,0.7958333333333333,3493,-0.10612087822948921,-0.013636936419544471,0.4772401946750644,1169,-0.06420027204578874
disp6,short,3,-0.5804695387770318,-0.25464931564380544,3505,-0.10618350473544597,-0.01369956292550123,0.49015691868758915,1199,-0.1216804782001804
rpt_rank,long,0,-inf,0.09166666666666666,3388,-0.10655239222690861,-0.02991529352282496,0.48642266824085006,1186,-0.14051152316748466
since_lo24,short,4,11.0,14.0,3131,-0.10691899744642283,-0.014435055636478095,0.4848291280740977,1137,-0.0628159115184949
disp6,short,2,-0.9934783363380847,-0.5804695387770318,3505,-0.10712453098029766,-0.014640589170352922,0.4893009985734665,1237,-0.1021752987797546
persist96,long,5,0.09720592707243211,0.1222412085365729,3497,-0.10734083824926498,-0.030703739545181324,0.48784672576494137,1203,-0.03916751485824214
since_hi96,short,3,25.0,37.0,3311,-0.1073895705711079,-0.014905628761163164,0.48414376321353064,1236,-0.11578170979017044
ats_z96,short,4,-0.33049841694450066,-0.0655573944957823,3487,-0.10741721287138942,-0.01493327106144468,0.4843705190708345,1313,-0.12224942865149101
body_frac,short,0,-inf,-0.6436042115353835,3506,-0.10743676462112146,-0.014952822811176728,0.4857387335995436,1558,-0.10068070052933568
flow_eff,long,5,0.07379746999947026,0.11176733654077298,3506,-0.10755588341132244,-0.030918784707238786,0.4863091842555619,1206,-0.11811424517617233
atr_pct,long,4,0.00731595416114364,0.008167571581567333,3505,-0.10800838361368163,-0.03137128490959798,0.48245363766048505,1120,-0.06713432971386492
vol_of_vol,long,7,0.18137798237017336,0.6218336782608651,3455,-0.10822966740477426,-0.031592568700690604,0.4868306801736614,1322,-0.1403487881803455
disp24,short,3,-1.3422658319616105,-0.5936708255733326,3503,-0.1082333715021493,-0.015749429692204567,0.4898658292891807,1191,-0.16413024396661646
tbi_ma8,long,1,-0.01881843291634543,-0.013168222731794297,3504,-0.10825045963895465,-0.03161336093487099,0.4825913242009132,1186,-0.10099936364545785
absorb_z,long,7,0.15505170715228742,0.24581065623553078,3383,-0.10835989694792424,-0.03172279824384058,0.48684599467927875,1360,-0.07122003388455586
since_hi96,short,8,87.0,94.0,3438,-0.10845735540878539,-0.01597341359884065,0.4869109947643979,1345,-0.053743296554048484
pos96,short,6,0.6329718808602768,0.7289644247048697,3497,-0.10865326878546644,-0.016169326975521703,0.4875607663711753,1258,-0.030864502361442916
absorb,short,8,0.08648879105454607,0.17190602807652683,3505,-0.10867123733928864,-0.016187295529343906,0.4881597717546362,1453,-0.1093448579303291
to_lo24,short,0,-inf,0.827840074492022,3504,-0.1088082549895957,-0.016324313179650968,0.4857305936073059,1737,-0.09949894415514965
up_wick,short,8,0.4665475570477383,0.5815639251776091,3506,-0.10882426578752474,-0.016340323977580007,0.4840273816314889,1160,-0.14873287179859676
tbi_ma96,short,1,-0.009092647196742083,-0.0066377527299552805,3487,-0.10887785039460605,-0.016393908584661318,0.4843705190708345,1598,-0.0024820242758709556
wick_skew,long,0,-inf,-0.445341877303924,3506,-0.10921266056780218,-0.03257556186371853,0.4851682829435254,1256,-0.1437952234193345
since_lo24,short,5,14.0,18.0,4394,-0.10923970800136586,-0.01675576619142112,0.48566226672735546,1589,-0.15730975719794343
dow,short,0,-inf,1.0,5015,-0.10924154516665606,-0.016757603356711323,0.4871385842472582,1824,-0.054944224041972474
updn_ratio,short,9,0.576271186440678,inf,3588,-0.10927459773629548,-0.016790655926350748,0.4846711259754738,1538,-0.14420973624963826
tbi_ma8,long,7,0.004512005489972333,0.008540376451014622,3504,-0.10931552112168548,-0.03267842241760183,0.4871575342465753,984,-0.06322100750202993
lo_pos,short,0,-inf,0.01694915254237288,3407,-0.10932912919947775,-0.016845187389533015,0.48253595538597005,1333,-0.17386296925334482
to_lo96,short,4,4.3697006517345995,5.351251350612213,3496,-0.10934185883661915,-0.016857917026674413,0.483695652173913,1312,-0.02487399598351527
hi_pos,long,6,0.559322033898305,0.6949152542372882,3270,-0.1095134453435142,-0.03287634663943055,0.48623853211009177,1221,-0.09850205134796483
to_hi96,short,2,2.0540763833425153,2.8551461322109923,3496,-0.10958184641116676,-0.017097904601222028,0.48197940503432496,1158,-0.017513690219726263
gap,short,4,0.0001556829197818829,0.0005444706268430196,3506,-0.11035020096651345,-0.017866259156568712,0.479749001711352,2199,-0.17919274366998347
kyle_z,short,4,-0.3931373119670784,-0.1758357104935221,3487,-0.11038564845384438,-0.017901706643899645,0.48637797533696586,1158,-0.14492384120379298
absorb_z,short,9,0.43140599372614735,inf,3383,-0.110490360255433,-0.018006418445488268,0.4847768253029855,1187,-0.029182825362550905
flow_eff,long,1,-0.10034717400158845,0.0010056846335143455,3506,-0.11058357671066102,-0.033946478006577366,0.4945807187678266,1933,-0.1033070960025229
persist6,short,5,0.35078755526717126,0.4381464161846145,3506,-0.11062118096043472,-0.01813723915048998,0.48459783228750714,1312,-0.09775741843668488
persist96,short,2,0.03505468743264874,0.05426807897852991,3496,-0.11068410413227203,-0.018200162322327296,0.4879862700228833,1389,-0.12896283541429646
range_z,short,8,0.5279635508319275,1.2160179863600726,3487,-0.11084540171036276,-0.01836145990041803,0.47662747347289935,1397,-0.11915914193241019
flow_eff,long,2,0.0010056846335143455,0.023478606814670372,3505,-0.11090249575749428,-0.034265397053410626,0.5124108416547789,2084,-0.0993461990044055
pos96,long,1,0.15526098587921128,0.24508466036683874,3496,-0.11097923692123933,-0.03434213821715568,0.4862700228832952,1386,-0.1971986116710644
to_lo480,long,0,-inf,3.6751248042994415,3458,-0.11101987838910282,-0.03438277968501917,0.47628687102371314,1520,-0.15778048383881157
since_lo480,long,4,232.0,297.0,3441,-0.11105057140337928,-0.03441347269929562,0.4940424295263005,1113,-0.08720285868569362
tbi,short,7,0.017648038045180718,0.02987765117185882,3506,-0.11110772082273425,-0.018623779012789513,0.4803194523673702,1087,-0.15386695811459133
since_hi96,long,5,51.0,64.0,3385,-0.1112999545466711,-0.03466285584258745,0.4895125553914328,1130,-0.11790129119837503
up_wick,short,2,0.09829612082697817,0.14703789816320756,3506,-0.11139383232529061,-0.018909890515345876,0.48288648031945236,1271,-0.08514339360890737
pos24,short,4,0.4339993731615374,0.5238716255241218,3504,-0.1115101456305751,-0.01902620382063036,0.4874429223744292,1133,-0.1244378387435904
body_frac,long,4,-0.16182518882795027,0.014486261210626735,3506,-0.1116198870536034,-0.03498278834951975,0.4840273816314889,1251,-0.07547356770645157
updn_ratio,long,5,0.5,0.5166666666666667,4040,-0.11171855695206852,-0.035081458247984865,0.4853960396039604,1431,-0.10150686830325131
range_per_trade,long,0,-inf,3.560992216142104e-08,3506,-0.11175934972600286,-0.03512225102191921,0.4968625213918996,2704,-0.15999476623658915
persist96,long,1,0.017156944827467442,0.03505468743264874,3496,-0.11178548045245322,-0.03514838174836957,0.4891304347826087,1498,-0.1325358392757011
since_lo480,short,6,355.0,406.0,3431,-0.11231543373085182,-0.01983149192090708,0.48469833867677065,1229,-0.07521843606254879
tbi_z8,short,0,-inf,-1.3254577366168998,3505,-0.11232517379618481,-0.019841231986240077,0.48359486447931527,1315,-0.11208019411244416
pos96,long,0,-inf,0.15526098587921128,3497,-0.11234779812250022,-0.035710699418416564,0.47812410637689445,1517,-0.11771490307866739
range_per_trade,short,1,3.560992216142104e-08,4.173347665870556e-08,3506,-0.11245222760346257,-0.019968285793517837,0.4914432401597262,2208,-0.11614313371503782
absorb_z,short,2,-0.19088776081266484,-0.10245370534506239,3383,-0.11268340110576548,-0.020199459295820746,0.4827076559266923,1263,-0.09147026143725989
dq_cum24,long,1,-0.6182010785611506,-0.44740475046223144,3501,-0.1131078498932214,-0.03647075118913774,0.4824335904027421,1230,-0.18175619042371216
lo_pos,short,6,0.5423728813559322,0.6949152542372882,3866,-0.11319427058647324,-0.020710328776528508,0.483445421624418,1445,-0.14076657312502555
avg_trade_usd,short,1,2527.6724227543054,2858.1495839718464,3506,-0.11324172625168884,-0.0207577844417441,0.4920136908157444,1063,-0.07647756032107211
updn_ratio,short,1,0.4207368421052634,0.45,2813,-0.11335440629572237,-0.02087046448577763,0.4870245289726271,1026,-0.15851790805667906
atr_rank,long,2,0.15833333333333333,0.25416666666666665,3414,-0.11385070214045363,-0.03721360343636998,0.4941417691857059,1320,-0.1531110390860059
tbi_ma96,long,0,-inf,-0.009092647196742083,3487,-0.11393270042230769,-0.037295601718224033,0.48035560653857184,2120,-0.2076149722772236
to_hi24,short,7,3.0679275852230234,3.7475774383001337,3503,-0.11398703491444853,-0.021503093104503795,0.48472737653439907,1231,-0.12054291524500535
dq,short,7,0.03539876713441858,0.059866209902457335,3506,-0.1140207301392564,-0.021536788329311662,0.47889332572732457,1088,-0.15646001698033404
absorb_z,short,3,-0.10245370534506239,-0.03142246035699296,3383,-0.11402082160239488,-0.021536879792450142,0.4803428909252143,1326,-0.12261798176066536
kyle,short,2,2.3480638548455447e-07,2.648600490650778e-07,3506,-0.11410584203000788,-0.021621900220063148,0.49115801483171706,1637,-0.10937193278681295
to_hi96,short,5,4.543525932125451,5.4808116833192715,3496,-0.11412444751929272,-0.021640505709347987,0.48312356979405036,1052,-0.1258648061656839
dq_z96,short,8,0.8559866340548344,1.3026031427319462,3487,-0.11416040564235745,-0.021676463832412715,0.4817895038715228,1338,-0.09076469524596686
tbi_z96,short,8,0.8559839315366705,1.3026164386430967,3487,-0.1142008834919946,-0.021716941682049865,0.4817895038715228,1336,-0.09075401569929721
disp6,long,6,0.30917486296632013,0.6375958645415715,3505,-0.11431960693221407,-0.03768250822813042,0.4881597717546362,1162,-0.06838168287413061
close_loc,short,3,0.3193089857882955,0.415212601233271,3505,-0.11433927865127658,-0.02185533684133184,0.48502139800285304,1200,-0.10106383055229848
hi_pos,short,4,0.2711864406779661,0.423728813559322,3996,-0.11435060176129687,-0.021866659951352133,0.48323323323323325,1471,-0.13595448408768965
pos96,short,9,0.8846750563014569,inf,3497,-0.11435624376863966,-0.021872301958694926,0.4758364312267658,1396,-0.19395529624035518
range_rank,short,2,0.17916666666666667,0.2791666666666667,3447,-0.11479283403609629,-0.022308892226151553,0.48738033072236725,1284,-0.09760551497043334
disp6,short,7,0.6375958645415715,1.0524826155948963,3505,-0.11487899469483297,-0.02239505288488823,0.4815977175463623,1238,-0.1121401834229
hi_pos,short,5,0.423728813559322,0.559322033898305,3475,-0.11500940676144115,-0.02252546495149642,0.4805755395683453,1206,-0.16430762522123527
absorb_z,long,6,0.10212630792793635,0.15505170715228742,3383,-0.11508980807804269,-0.03845270937395903,0.484185634052616,1537,-0.024133013474372723
to_lo480,long,3,8.391934021636711,10.630130844913717,3458,-0.11509283140334696,-0.038455732699263306,0.48207056101792944,1257,-0.0251192494614106
dq_cum24,short,4,-0.20779682245533027,-0.10744105755340438,3501,-0.11534428308740757,-0.022860341277462837,0.4832904884318766,999,-0.1594687412464287
tbi_ma8,short,8,0.008540376451014622,0.014429968322520798,3504,-0.11536269835051115,-0.02287875654056641,0.4794520547945205,1228,-0.11426941142289575
since_hi96,short,1,5.0,14.0,3771,-0.11543065155879294,-0.0229467097488482,0.4781225139220366,1376,-0.10510499199856611
disp96,short,2,-4.834122764050597,-3.0090458137023144,3496,-0.11544428988981677,-0.02296034807987203,0.48026315789473684,1087,-0.14679142438467038
ats_rank480,short,6,0.6166666666666667,0.7208333333333333,3400,-0.11546219156473686,-0.022978249754792124,0.48294117647058826,1249,-0.04710650650317902
efficiency,short,4,0.07929706819036454,0.10096868035763551,3506,-0.1155696329266886,-0.02308569111674387,0.482030804335425,1283,-0.11133245808418243
atr_rank,short,6,0.5583333333333333,0.6729166666666667,3456,-0.11570211686202904,-0.023218175052084303,0.47800925925925924,1164,-0.0683623424596245
tbi_ma24,long,1,-0.012937925425561794,-0.00937502087601858,3501,-0.115820070889659,-0.03918297218557534,0.4810054270208512,1229,-0.1809918620718746
persist24,short,4,0.13778304850601575,0.180776828043532,3503,-0.11605696602441067,-0.02357302421446593,0.4824436197544961,1394,-0.12760617598490764
rpt_z,short,4,-0.34750319186302736,-0.10238943341746227,3487,-0.1164104582824035,-0.02392651647245876,0.480642386005162,1265,-0.1478886483429106
atr_rank,long,3,0.25416666666666665,0.3541666666666667,3499,-0.11644084916634448,-0.039803750462260826,0.48785367247785083,1390,-0.13203456257633958
ats_rank480,short,5,0.5083333333333333,0.6166666666666667,3429,-0.11667461134378755,-0.024190669533842815,0.4820647419072616,1303,-0.10285219476350246
vol_of_vol,short,5,-0.30243465266710984,-0.09346793925475119,3456,-0.11698042686564009,-0.02449648505569535,0.4788773148148148,1124,-0.14391832402680396
extreme_late,short,9,0.9830508474576272,inf,4614,-0.11707147522650145,-0.024587533416556714,0.47941048981361073,1574,-0.07833202807153693
body_frac,short,2,-0.47418587791251765,-0.319402291677422,3506,-0.11718616714299454,-0.024702225333049804,0.4817455790074159,1208,-0.10532516642638268
gap,long,0,-inf,-0.0005256714265318089,3506,-0.11763285702907926,-0.04099575832499561,0.49087278950370794,93,-0.13386838695787395
persist6,short,6,0.4381464161846145,0.5340408933803142,3505,-0.1178550254016031,-0.025371083591658364,0.48074179743223966,1356,-0.1226035436645875
range_z,short,2,-0.7377978945572881,-0.5883913831371873,3487,-0.11787311365425306,-0.02538917184430832,0.4855176369371953,1130,-0.10401584556563989
hi_pos,short,1,0.01694915254237288,0.06779661016949153,3176,-0.1179620984232959,-0.025478156613351163,0.47858942065491183,1098,-0.1208819467821968
dow,short,5,5.0,6.0,5016,-0.1180404471392081,-0.02555650532926336,0.48724082934609253,1848,-0.230152720243959
hi_pos,long,8,0.8305084745762712,0.9491525423728814,3535,-0.11807571374776567,-0.041438615043682014,0.48401697312588404,1448,-0.07734826374319168
disp24,short,2,-2.2414411109090997,-1.3422658319616105,3504,-0.11837945624470239,-0.025895514434757655,0.4800228310502283,1245,-0.13945390790844778
persist24,short,2,0.06551575437046779,0.10048504050212383,3504,-0.11863287731520385,-0.02614893550525911,0.4837328767123288,1230,-0.15406783836216187
disp6,short,1,-1.683511564095863,-0.9934783363380847,3505,-0.11882420768728809,-0.026340265877343352,0.48245363766048505,1369,-0.09029291141714606
pos24,short,8,0.7853343211255969,0.8671486883707433,3504,-0.11895584433194797,-0.026471902522003238,0.4754566210045662,1249,-0.13659834995568385
accel,short,2,-1.0369045145840763,-0.6569274478060144,3504,-0.11923895893441268,-0.026755017124467942,0.4837328767123288,1197,-0.1120612794704589
gap,long,5,0.0005444706268430196,inf,3506,-0.11926254710908608,-0.04262544840500243,0.49229891614375354,104,-0.2269544232250968
to_lo96,long,3,3.3850517787431493,4.3697006517345995,3497,-0.11937972814567628,-0.04274262944159263,0.479839862739491,1366,-0.13278259314760107
since_hi24,short,6,17.0,20.0,3603,-0.11942001980625509,-0.026936077996310356,0.48320843741326674,1245,-0.16814235244932088
atr_pct,short,1,0.004192657520570914,0.0054618254691937195,3506,-0.11974869867865207,-0.02726475686870733,0.49857387335995434,2832,-0.16003060051928267
absorb_z,short,4,-0.03142246035699296,0.04282344679383983,3383,-0.11976056480244239,-0.027276622992497654,0.4797516996748448,1313,-0.1329250355557784
dn_wick,short,3,0.15679598616262683,0.209767655199687,3505,-0.11988724686553194,-0.027403305055587204,0.4776034236804565,1246,-0.1246317290674343
pos480,long,5,0.5297469011962922,0.6480119556913679,3458,-0.1200686802005071,-0.04343158149642344,0.48438403701561594,1081,-0.13117070927328767
since_lo480,short,8,447.0,472.0,3344,-0.12019201023459981,-0.027708068424655077,0.4820574162679426,1215,-0.14667362860380706
tbi_ma8,short,3,-0.009017418601262506,-0.005504043799500987,3505,-0.12020178754917882,-0.02771784573923408,0.48074179743223966,961,-0.10095701779887054
to_lo96,long,5,5.351251350612213,6.466596891528056,3496,-0.12040973323694772,-0.04377263453286406,0.4859839816933638,1275,-0.17747386722269348
tbi_ma24,short,4,-0.004386527098122857,-0.0022937733203875336,3501,-0.12042747527273041,-0.027943533462785677,0.48043416166809483,1000,-0.16117422951539254
kyle_z,short,3,-0.6166140931928931,-0.3931373119670784,3486,-0.12048764114313924,-0.028003699333194507,0.48078026391279405,1130,-0.07251609784521534
since_hi480,short,9,463.0,inf,3492,-0.12077204431299733,-0.028288102503052595,0.4793814432989691,1940,-0.013174825647077691
kyle,short,1,1.9917099227125685e-07,2.3480638548455447e-07,3506,-0.1208923283521265,-0.028408386542181766,0.49429549343981743,2065,-0.16405679413792665
pos480,long,3,0.3298950993580277,0.4294717520841592,3458,-0.12091388353860813,-0.04427678483452448,0.4751301330248699,1805,-0.17164012585856908
lo_pos,short,3,0.15254237288135594,0.2711864406779661,3669,-0.12117892654616066,-0.02869498473621593,0.4783319705641864,1237,-0.09930254388399819
persist24,long,7,0.281507686704159,0.3503416783814374,3504,-0.12118329462675627,-0.044546195922672616,0.4791666666666667,1349,-0.06893484789699691
wick_skew,long,1,-0.445341877303924,-0.2899940102573931,3506,-0.1212845210397648,-0.04464742233568114,0.4780376497432972,1269,-0.1099555822588125
close_loc,long,6,0.6112541704479642,0.7054296557421015,3505,-0.12159841035636428,-0.04496131165228062,0.48017118402282455,1214,-0.06756139655069396
ats_z96,short,5,-0.0655573944957823,0.22197714064899585,3487,-0.12160867245148393,-0.029124730641539198,0.4786349297390307,1336,-0.1311613530884754
dow,long,3,3.0,4.0,4992,-0.12193131403899375,-0.0452942153349101,0.47275641025641024,1848,-0.16501165550751845
close_loc,short,0,-inf,0.12754868363673152,3506,-0.12204954979518873,-0.02956560798524399,0.47632629777524244,1555,-0.12576238824614727
atr_rank,short,0,-inf,0.06458333333333334,3418,-0.12238494849889975,-0.029901006688955012,0.5070216500877707,1133,-0.2842947786210579
to_hi480,long,5,10.436381472271139,13.05892642728981,3458,-0.1229411124639934,-0.04630401375990975,0.47686524002313474,1202,-0.22702559500687697
trade_intensity,short,1,0.4012983782738478,0.5065972339046803,3496,-0.12296549376187041,-0.030481551951925673,0.4856979405034325,1354,-0.10392030185524276
to_hi24,short,5,2.118727684054666,2.5479335580979225,3504,-0.1230188628519325,-0.030534921041987767,0.4820205479452055,1153,-0.14173759863880378
since_hi96,long,6,64.0,77.0,3672,-0.12306249160739266,-0.04642539290330901,0.4842047930283224,1241,-0.05449831040034437
since_hi480,short,1,16.0,47.0,3495,-0.12314881554379116,-0.030664873733846423,0.47639484978540775,1035,-0.17929964135551435
persist24,short,3,0.10048504050212383,0.13778304850601575,3503,-0.12322664504236022,-0.030742703232415486,0.48044533257208105,1272,-0.13220398945368533
to_hi96,short,3,2.8551461322109923,3.7001975314526265,3497,-0.12333379507079488,-0.030849853260850144,0.4755504718329997,1193,-0.1683403370623077
pos24,short,5,0.5238716255241218,0.6138201987520263,3504,-0.12338240159819805,-0.030898459788253313,0.4828767123287671,1209,-0.156661872062932
efficiency,short,6,0.12519092447190217,0.15272424026135883,3505,-0.12348068141842537,-0.030996739608480636,0.4776034236804565,1274,-0.09835478743111306
since_hi96,short,4,37.0,51.0,3627,-0.12351897650789959,-0.03103503469795485,0.48249241797628895,1290,-0.07217707942449732
since_hi480,long,3,92.0,147.0,3444,-0.12355877266511314,-0.04692167396102949,0.48577235772357724,1157,-0.18764212557326584
disp96,long,1,-7.426423940291588,-4.834122764050597,3496,-0.12363897550953823,-0.047001876805454576,0.47339816933638446,1338,-0.1354612209640508
ats_z96,short,1,-1.3169834884341334,-0.9176991885237411,3487,-0.12367840917634394,-0.031194467366399206,0.47978204760539145,1398,-0.13810837616913363
lo_pos,short,9,0.9491525423728814,inf,3621,-0.12372644313888212,-0.031242501328937383,0.476111571389119,1372,-0.10348261286318808
wick_skew,short,9,0.42123129386923064,inf,3506,-0.12389699653189395,-0.03141305472194922,0.4768967484312607,1314,-0.14868049093037938
atr_pct,short,8,0.01209467368322986,0.015125065045819246,3506,-0.12397465575613768,-0.03149071394619295,0.45636052481460354,430,0.21654771713442034
to_lo96,short,8,9.33704157620771,11.420847525303955,3496,-0.1240806286892416,-0.03159668687929687,0.4799771167048055,941,-0.1435428479490772
disp96,short,3,-3.0090458137023144,-1.2291624003956825,3496,-0.12422543658852185,-0.031741494778577115,0.47797482837528604,1295,-0.17698271537391722
to_hi96,short,7,6.547636807737297,7.94786074620019,3496,-0.12431863248548203,-0.03183469067553729,0.4776887871853547,1398,-0.1603802580307698
atr_pct,long,1,0.004192657520570914,0.0054618254691937195,3506,-0.12443994500379495,-0.047802846299711294,0.4997147746719909,2832,-0.09211228724921493
to_hi24,short,4,1.742894283044307,2.118727684054666,3504,-0.12467357732571877,-0.03218963551577403,0.4805936073059361,1157,-0.10955585989715734
is_weekend,short,1,1.0,inf,10032,-0.12472481987933486,-0.03224087806939012,0.48863636363636365,3695,-0.18231657182863553
disp24,short,5,0.09166305878366275,0.7653511384889606,3504,-0.12512933394354736,-0.032645392133602624,0.4843036529680365,1142,-0.15399798410475346
disp6,short,9,1.7503833742913975,inf,3506,-0.12543775241661956,-0.03295381060667482,0.4654877353108956,1362,-0.11900873210913351
since_lo96,short,6,69.0,80.0,3434,-0.125546106794834,-0.03306216498488926,0.481654047757717,1255,-0.05445398867814107
range_rank,short,1,0.08541666666666667,0.17916666666666667,3381,-0.1257333981359023,-0.03324945632595758,0.4880212954747116,1199,-0.12561178533407108
accel,long,0,-inf,-1.5948466722011192,3504,-0.12578743771804177,-0.049150339013958114,0.4657534246575342,1475,-0.11802820665391768
kyle,long,0,-inf,1.9917099227125685e-07,3506,-0.1259139963214049,-0.04927689761732125,0.5165430690245294,3687,-0.10623845079422117
tbi_ma96,long,5,-0.0023371495983311235,-0.0009750282643225718,3487,-0.12615762880563566,-0.04952053010155201,0.48092916547175224,987,-0.012401049850103117
to_lo480,long,2,6.187768349158728,8.391934021636711,3458,-0.12618893512964136,-0.0495518364255577,0.47455176402544824,1365,-0.13851884248130852
up_wick,short,9,0.5815639251776091,inf,3506,-0.12647074134375225,-0.03398679953380751,0.47632629777524244,1272,-0.1295515342971837
since_lo480,short,7,406.0,447.0,3468,-0.1265312967057109,-0.03404735489576616,0.4795271049596309,1441,-0.0969741491529523
rpt_rank,short,8,0.7979166666666667,0.9020833333333333,3368,-0.12660180371589602,-0.034117861905951286,0.47743467933491684,1326,-0.11780630869047641
to_hi24,short,2,1.0695692026966934,1.4065503168146938,3504,-0.12699504974209413,-0.0345111079321494,0.478310502283105,1249,-0.1671032867751737
persist96,short,8,0.18864550031202978,0.24157870517675684,3496,-0.1276660178141988,-0.035182076004254076,0.4719679633867277,1100,-0.14966767116214932
rpt_rank,short,4,0.3875,0.49166666666666664,3442,-0.1276955253253527,-0.03521158351540796,0.47617664148750727,1351,-0.15195404230522896
to_hi96,short,1,1.2628837056931554,2.0540763833425153,3496,-0.1282934139341767,-0.03580947212423197,0.4702517162471396,1205,-0.16388594271447177
tbi_z96,short,0,-inf,-1.284734597379641,3487,-0.12840238013424438,-0.03591843832429964,0.48035560653857184,1265,-0.0916102887165578
dq_z96,short,0,-inf,-1.2853995099012647,3487,-0.1284923241208728,-0.036008382310928067,0.48035560653857184,1266,-0.09082489873971743
flow_eff,short,3,0.023478606814670372,0.04555056422291326,3506,-0.1286482361492914,-0.036164294339346675,0.48716486023958927,1863,-0.17524216332761805
to_hi480,short,0,-inf,2.2205009344347406,3458,-0.12906070342877002,-0.03657676161882528,0.46963562753036436,1054,-0.19904445761201023
to_hi24,long,8,3.7475774383001337,4.732522399748711,3504,-0.12906404896965787,-0.052426950265574215,0.4708904109589041,1334,0.022162912056212496
tbi_ma96,short,7,0.0005139727421631557,0.002327303336602634,3487,-0.1290899716119091,-0.03660602980196437,0.47720103240607975,1250,-0.2164218783553968
persist96,long,0,-inf,0.017156944827467442,3497,-0.12915354702621315,-0.0525164483221295,0.4812696597083214,1573,-0.12122736652005212
since_hi480,long,7,356.0,419.0,3462,-0.1293623678344589,-0.052725269130375244,0.4777585210860774,1544,-0.02698991385326852
since_lo96,short,5,57.0,69.0,3290,-0.12956003474240843,-0.037076092932463695,0.4790273556231003,1194,-0.09075529859442832
range_z,short,0,-inf,-0.9242794816880429,3487,-0.12972278709028942,-0.037238845280344685,0.48293662173788354,1550,-0.1986088170273395
efficiency,short,7,0.15272424026135883,0.18728294350306854,3506,-0.13019319638539065,-0.03770925457544591,0.4734740444951512,1330,-0.11487101724710257
vol_of_vol,short,2,-0.7843945584498624,-0.6295576061096902,3455,-0.13065602782792107,-0.03817208601797634,0.47901591895803186,1056,-0.17633497590622452
vol_per_trade_z,short,5,-0.05999545697988574,0.21820298859104706,3487,-0.13085270688832754,-0.0383687650783828,0.47232578147404647,1301,-0.10898461286555482
close_loc,short,1,0.12754868363673152,0.2242490117726961,3506,-0.13095420438701083,-0.038470262577066094,0.47318881916714206,1313,-0.11231645287474602
dow,short,6,6.0,inf,5016,-0.13140919261946163,-0.03892525080951689,0.49003189792663476,1847,-0.13445452403680133
pos480,long,0,-inf,0.15719628017411952,3458,-0.13166204483819804,-0.05502494613411439,0.4742625795257374,1385,-0.17833320637346797
wick_skew,short,8,0.26827995758219486,0.42123129386923064,3506,-0.13176145940925774,-0.039277517599313,0.47261836851112377,1280,-0.16724549836717034
to_lo96,long,1,1.548522436847114,2.43858937326728,3496,-0.13204222075993258,-0.055405122055848924,0.4679633867276888,1293,-0.03148192411605688
avg_trade_usd,long,9,5170.506489220891,inf,3506,-0.13209776392382694,-0.055460665219743285,0.47005134055904163,3131,-0.07024117976300999
vol_of_vol,short,3,-0.6295576061096902,-0.4689926654072825,3456,-0.1324695243588918,-0.039985582548947074,0.4756944444444444,1156,-0.058389578740387346
vol_of_vol,short,0,-inf,-0.9972908337428363,3456,-0.13268777367827767,-0.04020383186833293,0.48842592592592593,1688,-0.06034202578645082
persist96,short,3,0.05426807897852991,0.07499455407643561,3496,-0.13283554437772455,-0.04035160256777981,0.47368421052631576,1321,-0.11352633873130633
dn_wick,short,0,-inf,0.04766701925243474,3506,-0.1332088516272103,-0.040724909817265564,0.46891043924700515,1568,-0.1217560973845974
to_lo480,short,7,17.993401986212874,22.069215175107843,3458,-0.13347059301377293,-0.04098665120382819,0.47686524002313474,1367,-0.03405297011175497
kyle_z,short,0,-inf,-1.1708227367338226,3487,-0.13371153510956038,-0.041227593299615645,0.4823630628047032,1483,-0.12093489972424372
rpt_rank,short,7,0.6958333333333333,0.7979166666666667,3394,-0.13394244474216702,-0.04145850293222228,0.4725987035945787,1263,-0.14244139325812588
vol_of_vol,short,4,-0.4689926654072825,-0.30243465266710984,3455,-0.13423537731393434,-0.0417514355039896,0.4726483357452967,946,-0.1543487769107426
to_lo24,long,1,0.827840074492022,1.2268758260535517,3503,-0.1342373696404106,-0.057600270936326955,0.4730231230373965,1249,-0.0863420143871125
updn_ratio,short,2,0.45,0.4666666666666667,2907,-0.13425159726670177,-0.041767655456757036,0.4719642242862057,1003,-0.13539251863050217
range_per_trade,short,4,5.1952925754032596e-08,5.699910875808247e-08,3506,-0.13471468270846307,-0.04223074089851833,0.47290359383913294,1340,-0.12246597828114514
atr_pct,short,2,0.0054618254691937195,0.006396912288073445,3506,-0.1348451945467274,-0.04236125273678265,0.4823160296634341,1986,-0.07546057149988188
dq_cum24,long,7,0.10034887914538465,0.22989882962895875,3501,-0.13530226771805293,-0.05866516901396927,0.4730077120822622,1123,-0.060536952877676325
tbi_ma24,long,7,0.0020347098732218976,0.0047259478124308165,3501,-0.13596037246507364,-0.05932327376098999,0.472722079405884,1125,-0.06286746860018243
tbi,short,0,-inf,-0.05162393790163991,3506,-0.13607808318155643,-0.04359414137161169,0.48288648031945236,2220,-0.11301193783583902
vol_per_trade_z,short,0,-inf,-1.3281914629032372,3487,-0.13619059220841895,-0.04370665039847421,0.47490679667335817,1025,-0.150646609274943
atr_rank,short,5,0.45416666666666666,0.5583333333333333,3462,-0.1364000982885761,-0.04391615647863137,0.46880415944540726,1251,-0.15889512173727247
dq,short,0,-inf,-0.1031805999569669,3506,-0.13666732924502795,-0.04418338743508321,0.48260125499144324,2216,-0.11392255238461184
absorb,short,9,0.17190602807652683,inf,3505,-0.1373544515832095,-0.04487050977326476,0.47845934379457916,1802,-0.12468383012776321
range_z,short,1,-0.9242794816880429,-0.7377978945572881,3487,-0.13751633977914762,-0.045032397969202886,0.4794952681388013,1371,-0.11416948251016379
disp96,short,8,6.059231054126832,8.812259787323299,3496,-0.13768498905411058,-0.04520104724416585,0.4688215102974828,1100,-0.13990100742393222
to_hi24,long,9,4.732522399748711,inf,3504,-0.13790924664445714,-0.061272147940373486,0.4603310502283105,1609,-0.1547206348369537
vol_per_trade_z,short,1,-1.3281914629032372,-0.9211781561351056,3487,-0.13795219003610185,-0.04546824822615711,0.4740464582735876,1384,-0.10907363022972473
pos24,short,6,0.6138201987520263,0.7015350101330949,3503,-0.13820872743159437,-0.04572478562164964,0.47102483585498145,1204,-0.15835565800809037
atr_rank,short,1,0.06458333333333334,0.15833333333333333,3497,-0.13836946131182257,-0.04588551950187783,0.48412925364598225,1258,-0.17722629986431454
to_hi480,short,3,5.788720051854162,7.824084173065477,3458,-0.13991556409656272,-0.047431622286617986,0.4699248120300752,1321,-0.11398536182050686
persist96,long,6,0.1222412085365729,0.15150286218807263,3496,-0.14009852017700175,-0.0634614214729181,0.46939359267734554,1193,-0.16858697694557523
tbi_ma24,long,2,-0.00937502087601858,-0.006667167564706792,3501,-0.14070373037774467,-0.06406663167366101,0.4730077120822622,1073,-0.21468252200525603
range_per_trade,short,2,4.173347665870556e-08,4.6919743034555483e-08,3506,-0.1407453850495433,-0.04826144323959855,0.47461494580718766,1890,-0.16513435587505423
dn_wick,long,9,0.5995754233922119,inf,3506,-0.1424573435565519,-0.06582024485246825,0.46862521391899603,1204,-0.09971875901078826
since_lo96,short,9,94.0,inf,4234,-0.14285359061072292,-0.05036964880077818,0.4700047236655645,1493,-0.1406018761083418
since_lo96,long,4,43.0,57.0,3643,-0.14331464026695834,-0.06667754156287468,0.47268734559429043,1338,-0.03854464321861092
disp6,long,0,-inf,-1.683511564095863,3506,-0.1434531614507577,-0.06681606274667405,0.4560752994865944,1542,-0.09318377086238458
tbi_ma8,long,0,-inf,-0.01881843291634543,3505,-0.14453961493556297,-0.06790251623147932,0.4701854493580599,2390,-0.12351912112439467
accel,short,1,-1.5948466722011192,-1.0369045145840763,3503,-0.14523061029610326,-0.05274666848615853,0.46959748786754213,1328,-0.13537899552508162
persist96,long,7,0.15150286218807263,0.18864550031202978,3496,-0.14581974831386937,-0.06918264960978572,0.46510297482837526,1387,-0.09539988057761145
to_lo24,long,3,1.5876620660501664,1.94469337940717,3503,-0.14732143858507524,-0.07068433988099158,0.46959748786754213,1140,-0.043285120481735
pos96,long,4,0.4354589347887745,0.531584886784167,3496,-0.14737985027806402,-0.07074275157398037,0.46996567505720827,1221,-0.01873669251494108
pos24,short,7,0.7015350101330949,0.7853343211255969,3503,-0.14751199743813417,-0.05502805562818944,0.4653154439052241,1331,-0.12222475755258262
dq_cum24,long,2,-0.44740475046223144,-0.31673054432916425,3501,-0.1479898480022001,-0.07135274929811646,0.4692944872893459,1080,-0.2073217513290243
since_lo480,long,9,472.0,inf,3619,-0.14915853015510136,-0.0725214314510177,0.46642718983144515,910,-0.1909390166218368
to_hi480,short,1,2.2205009344347406,3.930816756924312,3458,-0.1491978909869908,-0.05671394917704606,0.46038172353961826,969,-0.1645359096825532
range_rank,short,0,-inf,0.08541666666666667,3391,-0.14924174815938282,-0.056757806349438084,0.48304335004423476,1267,-0.2159853902897126
since_lo480,short,2,90.0,161.0,3475,-0.14991682483514887,-0.057432883025204134,0.4670503597122302,1437,-0.22225516524960506
to_lo480,short,4,10.630130844913717,12.952280230762838,3458,-0.15017804704917015,-0.05769410523922541,0.46558704453441296,1280,-0.13751635276845234
tbi_ma96,long,6,-0.0009750282643225718,0.0005139727421631557,3486,-0.15150605739509806,-0.07486895869101441,0.4713138267355135,1054,0.029762307794847183
to_lo24,short,5,2.337871034437379,2.7914807113882643,3503,-0.15155785368745173,-0.05907391187750699,0.46331715672280904,1255,-0.09750477718488663
to_hi24,short,3,1.4065503168146938,1.742894283044307,3503,-0.15170917336792708,-0.059225231557982344,0.4678846702826149,1119,-0.14305373038112595
to_lo24,long,2,1.2268758260535517,1.5876620660501664,3504,-0.1517289825883564,-0.07509188388427275,0.4680365296803653,1097,-0.0285928624604595
disp96,long,4,-1.2291624003956825,0.32595998432668083,3496,-0.15226627417770275,-0.0756291754736191,0.46596109839816935,1431,-0.0961458356071204
since_lo480,short,5,297.0,355.0,3470,-0.15276144371844688,-0.060277501908502146,0.4642651296829971,1168,-0.22717708657528754
tbi_ma96,long,2,-0.0066377527299552805,-0.005085064284127192,3487,-0.15341632646150802,-0.07677922775742436,0.4642959564095211,1003,-0.1489259231735449
since_lo480,long,1,35.0,90.0,3437,-0.15459244272073774,-0.07795534401665409,0.46086703520512073,1377,-0.21938229602927048
pos96,short,7,0.7289644247048697,0.8091177277414976,3496,-0.1547748060052689,-0.062290864195324175,0.4622425629290618,967,-0.13976308321378586
atr_rank,long,0,-inf,0.06458333333333334,3418,-0.15495619518482803,-0.07831909648074438,0.4929783499122294,1133,-0.09700426527514941
dq,short,9,0.094692496043802,inf,3506,-0.1553447262354909,-0.06286078442554616,0.46805476326297774,2210,-0.13888590898505057
tbi,short,9,0.04727719554701333,inf,3506,-0.15596482757336075,-0.06348088576341601,0.4677695379349686,2212,-0.13889849781089975
m1_jump,short,0,-inf,0.13225421248372002,3506,-0.15674932863700072,-0.06426538682705599,0.4612093553907587,1093,-0.12476296846015947
to_hi96,long,8,7.94786074620019,10.230939531896672,3496,-0.15834000497015938,-0.08170290626607572,0.46167048054919907,1687,-0.07467557515856602
disp24,long,0,-inf,-3.5582270825511917,3504,-0.15942848739451096,-0.0827913886904273,0.4506278538812785,1540,-0.1647057255879948
pos480,short,4,0.4294717520841592,0.5297469011962922,3458,-0.1595664750568501,-0.06708253324690536,0.46182764603817233,1133,0.07756041685723218
to_lo480,short,8,22.069215175107843,29.05961524463106,3458,-0.15968433075431288,-0.06720038894436814,0.46558704453441296,1207,-0.15043753719574676
since_hi480,long,5,212.0,280.0,3446,-0.15986964817978921,-0.08323254947570556,0.4616947185142194,1060,-0.1451042784763669
flow_eff,short,2,0.0010056846335143455,0.023478606814670372,3505,-0.16183832301601397,-0.06935438120606924,0.48587731811697576,2084,-0.17498820201874699
pos24,long,2,0.25732745322226325,0.34267005692957053,3504,-0.16192903555772675,-0.0852919368536431,0.4583333333333333,1131,-0.08399568073544579
pos24,long,1,0.16885106090320068,0.25732745322226325,3503,-0.1630907472257691,-0.08645364852168545,0.454753068798173,1198,-0.09509058579426012
disp24,short,9,3.967556860269467,inf,3504,-0.16688614141557248,-0.07440219960562774,0.4480593607305936,1211,-0.11494585147503425
to_lo480,short,9,29.05961524463106,inf,3458,-0.16919456866014512,-0.07671062685020039,0.4719491035280509,875,-0.30960689021303095
pos96,short,8,0.8091177277414976,0.8846750563014569,3496,-0.16966969029580367,-0.07718574848585893,0.4516590389016018,1158,-0.14262735436539048
disp96,long,0,-inf,-7.426423940291588,3497,-0.1724916947367782,-0.09585459603269454,0.45753503002573637,1604,-0.1694144942323359
pos480,long,2,0.24998299317228478,0.3298950993580277,3458,-0.17285485709989856,-0.09621775839581491,0.45546558704453444,1553,-0.01557789070521194
to_hi480,long,9,26.5097383109178,inf,3458,-0.17445092607052795,-0.0978138273664443,0.47484094852515907,1422,-0.02854288655657161
to_lo24,short,9,5.191716118884818,inf,3504,-0.1754986497105437,-0.08301470790059898,0.4434931506849315,1197,-0.14273539262081156
since_hi480,long,2,47.0,92.0,3422,-0.1761757356912699,-0.09953863698718625,0.45587375803623614,986,-0.19164031224359473
atr_pct,long,0,-inf,0.004192657520570914,3506,-0.17651666009342115,-0.0998795613893375,0.5114090131203651,2442,-0.09672602622634295
to_hi96,long,9,10.230939531896672,inf,3497,-0.18088606035345683,-0.10424896164937318,0.46153846153846156,1487,-0.22709788861636113
vol_of_vol,long,1,-0.9972908337428363,-0.7843945584498624,3456,-0.1848082860054994,-0.10817118730141574,0.45630787037037035,1306,-0.0904830041668725
trade_intensity,short,0,-inf,0.4012983782738478,3497,-0.18570360532135233,-0.09321966351140759,0.46983128395767804,1991,-0.1861909756517823
avg_trade_usd,short,0,-inf,2527.6724227543054,3506,-0.18788910859503688,-0.09540516678509214,0.4589275527666857,1608,-0.03905945312473915
kyle,short,0,-inf,1.9917099227125685e-07,3506,-0.19004068452679468,-0.09755674271684994,0.4817455790074159,3687,-0.17889164601065816
pos480,short,7,0.7656027614557175,0.8484892860420894,3458,-0.1920855372861225,-0.09960159547617775,0.44360902255639095,1067,0.009557899363060517
pos480,short,8,0.8484892860420894,0.912127636486904,3458,-0.19358504405688615,-0.10110110224694141,0.4441873915558126,816,-0.17439604383679663
since_hi480,short,8,419.0,463.0,3439,-0.20367037673126032,-0.11118643492131558,0.4384995638266938,1699,-0.0811889069962793
to_lo96,short,9,11.420847525303955,inf,3497,-0.2081888414523283,-0.11570489964238356,0.44180726336860165,1252,-0.2847231442263006
tbi_ma8,short,9,0.014429968322520798,inf,3505,-0.21005078244952474,-0.11756684063958,0.43537803138373754,2202,-0.13491677926138257
persist96,short,9,0.24157870517675684,inf,3497,-0.216288210102154,-0.12380426829220925,0.4215041464112096,1060,-0.14538018126344138
atr_pct,short,0,-inf,0.004192657520570914,3506,-0.21659134080958997,-0.12410739899964524,0.4883057615516258,2442,-0.26756743487346357
since_hi480,short,6,280.0,356.0,3466,-0.23092275358300154,-0.1384388117730568,0.4221004039238315,1187,-0.18413715404283887
disp96,short,9,8.812259787323299,inf,3497,-0.23745027855924025,-0.14496633674929552,0.4220760651987418,986,-0.3441067887552069
dq_cum24,short,9,0.40847396070095277,inf,3502,-0.27808979993778155,-0.1856058581278368,0.3969160479725871,1953,-0.17875103914446397
tbi_ma24,short,9,0.008454360435815095,inf,3502,-0.27883315222965693,-0.1863492104197122,0.39663049685893775,1958,-0.18016004589239298
tbi_ma96,short,9,0.0047254010127430815,inf,3487,-0.2901684278501268,-0.19768448604018207,0.3871522798967594,1932,-0.1956655174855768
