feature,side,bin,lo,hi,n,exp_r,lift,wr,n_test,exp_r_test
tbi_ma96,long,9,0.004727405578237936,inf,3487,0.1452310910637809,0.24259205009384016,0.385144823630628,1931,-0.01257823177829606
tbi_ma24,long,9,0.008454288618737558,inf,3502,0.1338922299650673,0.23125318899512656,0.38606510565391206,1958,-0.07949695203505104
dq_cum24,long,9,0.40846796091060394,inf,3502,0.13325655771452066,0.23061751674457992,0.3857795545402627,1953,-0.0813115414133731
pos480,long,8,0.8484991643317612,0.9121279040944632,3458,0.0875884522849836,0.18494941131504286,0.3782533256217467,816,0.03494812405064234
vol_of_vol,short,1,-0.9974420805042385,-0.7845299291462965,3456,0.08418441760914906,0.19219655556991033,0.3883101851851852,1306,-0.1608002609434347
disp96,long,9,8.812422739417269,inf,3497,0.0739398107066171,0.17130076973667635,0.3788961967400629,986,0.14906608494921098
since_lo480,long,5,297.0,355.0,3470,0.07287429099798814,0.1702352500280474,0.3786743515850144,1168,0.005422011062561672
since_hi480,long,6,280.0,356.0,3466,0.06953775582317698,0.16689871485323624,0.36930178880553954,1187,-0.09618913122784035
persist96,short,7,0.15149972282980753,0.18863374766082386,3497,0.06373235842259135,0.1717444963833526,0.36259651129539605,1387,-0.04509381125990702
persist96,short,6,0.12223646454896053,0.15149972282980753,3496,0.05712078652385833,0.16513292448461958,0.3624141876430206,1193,0.010161850608424816
pos480,long,4,0.42947997662816345,0.5297904486632068,3458,0.05356196090760216,0.1509229199376614,0.36697513013302485,1134,-0.3362454545420361
to_hi480,long,1,2.220288638285104,3.9303285040876506,3458,0.05189074810399526,0.1492517071340545,0.36292654713707345,969,0.03536328288445594
pos480,short,3,0.3298778371993831,0.42946763981215713,3458,0.039463070306296845,0.1474752082670581,0.35106998264893,1805,0.04125683276796998
disp96,short,0,-inf,-7.425945100160424,3497,0.03886300495056211,0.14687514291132336,0.36259651129539605,1604,0.07163728023232431
pos480,long,7,0.7656029796657938,0.8484991643317612,3458,0.03501983469303453,0.1323807937230938,0.3568536726431463,1067,-0.1047291711589
to_hi96,long,7,6.547531709480768,7.9477587789530855,3497,0.026362558294435054,0.12372351732449431,0.3614526737203317,1398,-0.038634117629745314
since_lo480,short,9,472.0,inf,3620,0.02435266872115633,0.13236480668191758,0.3541436464088398,910,0.024247689422239573
since_lo480,long,6,355.0,406.0,3431,0.021427183389392555,0.11878814241945182,0.35907898571844943,1229,-0.18969964309161058
tbi_ma96,short,2,-0.006638030264792322,-0.005085233294720743,3487,0.01922709544310955,0.1272392334038708,0.35560653857183827,1003,-0.07133857251742946
persist96,long,9,0.24159117288003162,inf,3497,0.013437780900023377,0.11079873993008263,0.33743208464398056,1060,0.03278007873507027
disp6,short,0,-inf,-1.6834829805323752,3506,0.013404293629654822,0.12141643159041608,0.3439817455790074,1542,0.016477361845317822
to_lo480,short,0,-inf,3.6754726002109233,3459,0.010791305728031452,0.11880344368879271,0.34142815842729113,1520,0.11678415103629051
to_hi480,short,5,10.436381472271139,13.058930488400964,3458,0.005819267966978431,0.11383140592773969,0.34644303065355697,1202,0.15245092593320017
since_hi480,long,8,419.0,463.0,3439,0.003881342347756449,0.1012423013778157,0.3498109915673161,1699,-0.16743210389889435
to_hi96,short,9,10.230647829387294,inf,3497,0.003181751692806203,0.11119388965356745,0.35659136402630826,1487,0.1371918229947186
avg_trade_usd,short,9,5170.5665778725825,inf,3506,0.0030548032619845413,0.1110669412227458,0.34740444951511695,3131,-0.16340250741484103
disp96,short,7,3.7578628521988935,6.058842750578467,3497,0.0024077129056556206,0.11041985086641688,0.3517300543322848,1304,0.002857326606115966
accel,short,0,-inf,-1.594831918277911,3504,0.0015010574836299981,0.10951319544439125,0.3447488584474886,1475,-0.000542044591894914
pos96,long,7,0.7289765239943664,0.8091462201966733,3497,0.0010210872287224958,0.09838204625878175,0.3480125822133257,967,-0.04861049782454842
atr_rank,long,6,0.5583333333333333,0.6729166666666667,3456,-0.0018846801997489445,0.09547627883031032,0.3428819444444444,1164,-0.1236637766374348
tbi_ma8,long,9,0.014431363643682799,inf,3505,-0.004448919904817493,0.09291203912524176,0.34893009985734663,2201,-0.09371269919697778
since_lo480,short,1,35.0,90.0,3437,-0.004711319078124457,0.1033008188826368,0.3415769566482397,1377,0.0381667720568031
to_hi480,long,3,5.788449674718482,7.8238194430324075,3457,-0.004975131506945127,0.09238582752311413,0.34365056407289557,1321,0.03027480098609384
to_lo480,long,4,10.630355332374403,12.952719591817235,3458,-0.0056684148720687055,0.09169254415799055,0.34644303065355697,1280,0.0170947666827481
since_hi96,long,4,37.0,51.0,3627,-0.006347175250209361,0.0910137837798499,0.35208161014612627,1290,-0.13239883661824514
atr_pct,long,8,0.012094606897194009,0.015125056567836737,3506,-0.007203477134868818,0.09015748189519043,0.32059326868225896,430,-0.43325690915579435
to_lo24,long,9,5.192111327236613,inf,3504,-0.00761038308853118,0.08975057594152808,0.3370433789954338,1196,-0.14059870763760504
to_lo24,long,0,-inf,0.8278603986257883,3504,-0.008907770434290209,0.08845318859576905,0.339041095890411,1737,-0.09721205265525473
pos24,long,0,-inf,0.1688526949252934,3504,-0.010055646156453612,0.08730531287360564,0.3347602739726027,1840,-0.08483100688385706
pos480,short,0,-inf,0.15714879303521964,3459,-0.012887706474103758,0.0951244314866575,0.3405608557386528,1385,0.16456411967095197
atr_pct,short,4,0.0073159206785242585,0.008167571581567333,3506,-0.013260991664137549,0.0947511462966237,0.3397033656588705,1120,-0.026610706943667285
pos480,short,2,0.24998251517852535,0.3298778371993831,3458,-0.014185176157236683,0.09382696180352457,0.3340080971659919,1553,-0.26152301976993264
to_lo480,long,7,17.99332862132528,22.068916447706687,3458,-0.014935007566984486,0.08242595146307477,0.34962406015037595,1367,-0.3225477386647246
disp24,long,2,-2.241405119940092,-1.342050309148223,3504,-0.015007666983298997,0.08235329204676026,0.3410388127853881,1246,-0.039426810529116584
vol_of_vol,long,8,0.6218251621524795,1.3853929050806535,3456,-0.01634229856771592,0.08101866046234334,0.3258101851851852,1434,-0.14361157582856798
disp96,long,1,-7.426184520226006,-4.834009607462842,3496,-0.016445233363719607,0.08091572566633964,0.3383867276887872,1338,-0.1846820944982302
to_lo96,long,0,-inf,1.5485244787382058,3497,-0.016505134920613174,0.08085582410944608,0.332284815556191,1489,-0.1331311715745352
to_hi96,long,3,2.855100037199966,3.7001813873138834,3496,-0.016523837018966196,0.08083712201109305,0.3403890160183066,1193,-0.02152368641234999
pos96,short,0,-inf,0.15526604129457738,3497,-0.01668627548357092,0.09132586247719034,0.3348584501000858,1517,-0.039842703590344725
vol_per_trade_z,short,8,0.8872945751753769,1.394822602708511,3487,-0.018391481789250753,0.08962065617151051,0.33753943217665616,1184,-0.09725100244848932
disp24,long,9,3.967738756409254,inf,3504,-0.018448384583846414,0.07891257444621284,0.334189497716895,1211,-0.12396894058228625
to_hi24,long,6,2.5478917103524594,3.0678968862797316,3504,-0.020226519045353754,0.07713443998470551,0.3436073059360731,1153,-0.20392598328046815
to_hi24,long,7,3.0678968862797316,3.747562986486351,3503,-0.022366733473435773,0.07499422555662348,0.3379960034256352,1231,-0.07173270167643513
to_lo96,long,9,11.422644175044136,inf,3497,-0.02365277218249219,0.07370818684756707,0.3537317700886474,1252,0.16255912052130758
dow,long,4,4.0,5.0,5016,-0.023875178782204708,0.07348578024785454,0.3277511961722488,1848,0.007562679509673487
dow,short,3,3.0,4.0,4992,-0.02414586474530431,0.08386627321545695,0.32251602564102566,1848,0.10412879138095629
since_hi480,long,9,463.0,inf,3492,-0.024316727032801282,0.07304423199725797,0.3393470790378007,1940,-0.21997871319739706
absorb_z,short,6,0.10212696408865748,0.15506144158081395,3383,-0.025188018258527095,0.08282411970223416,0.3402305645876441,1537,-0.14144735824413174
since_hi480,short,4,147.0,212.0,3495,-0.026092139575106033,0.08191999838565522,0.3393419170243205,1107,-0.15649118906196285
atr_rank,short,9,0.9125,inf,3522,-0.026642260438260505,0.08136987752250074,0.28534923339011925,1564,0.18944881206932782
range_z,long,8,0.5280921641908347,1.216112398472486,3487,-0.026739346892600765,0.07062161213745849,0.32664181244622886,1397,-0.056330615663359535
since_hi480,short,3,92.0,147.0,3444,-0.027503923404286736,0.08050821455647453,0.3437862950058072,1157,-0.05192330462968203
atr_pct,long,7,0.010249401830327467,0.012094606897194009,3506,-0.0281296175759799,0.06923134145407936,0.32658300057045064,603,-0.2587969772824216
dow,long,0,-inf,1.0,5016,-0.028148895928568708,0.06921206310149056,0.3446969696969697,1824,-0.20593591304645997
pos24,short,1,0.1688543289473861,0.2573552966798913,3504,-0.028589710856833313,0.07942242710392794,0.3347602739726027,1199,0.019409797313221344
rpt_rank,short,0,-inf,0.09166666666666666,3388,-0.02867797720488904,0.07933416075587221,0.3382526564344746,1186,0.08293922618163246
disp96,short,1,-7.425945100160424,-4.833896450875086,3496,-0.029959752254203883,0.07805238570655737,0.32723112128146453,1338,0.010342751218171088
since_hi96,long,0,-inf,5.0,3155,-0.0300897521656803,0.06727120686437896,0.33375594294770206,1171,-0.1692580378992195
since_lo480,long,7,406.0,447.0,3468,-0.030388207198542624,0.06697275183151663,0.34342560553633217,1441,-0.08518212840022382
persist24,long,9,0.44683707831169406,inf,3504,-0.030876262544430676,0.06648469648562857,0.3239155251141553,1199,-0.2944515086007136
atr_pct,short,3,0.006396890284854597,0.0073159206785242585,3506,-0.031138723393533723,0.07687341456722753,0.3436965202509983,1657,-0.11266041189627295
persist6,short,9,0.789204860808371,inf,3506,-0.031268528847704834,0.07674360911305642,0.3280091272104963,1415,-0.018303552654997567
disp6,long,9,1.7504127803689253,inf,3506,-0.03160595894031655,0.06575500008974271,0.3342840844266971,1362,-0.09893070397937517
close_loc,short,6,0.6112551439650037,0.7054155376974892,3506,-0.03173421466867921,0.07627792329208205,0.3377067883628066,1214,-0.14828700273543333
since_hi96,long,3,25.0,37.0,3311,-0.031796340956409166,0.06556461807365009,0.3298097251585624,1236,-0.07425197897609022
trade_intensity,long,9,1.8878472969731934,inf,3497,-0.03219131809366248,0.06516964093639678,0.32141835859307977,1534,-0.11142359711659641
dq_cum24,short,2,-0.44738506807866707,-0.3167403913287724,3501,-0.03237641852539554,0.07563571943536572,0.3347614967152242,1080,0.11242821904458584
close_loc,long,1,0.12755528680805375,0.22426119578142742,3506,-0.033241325269234887,0.06411963376082437,0.3354249857387336,1313,-0.08930776633284862
ats_rank480,long,7,0.7208333333333333,0.8229166666666666,3370,-0.03555586181840101,0.06180509721165825,0.3367952522255193,1233,-0.08275950574787899
to_hi24,short,8,3.747623796777492,4.732483869483175,3504,-0.03563875241452578,0.07237338554623549,0.3324771689497717,1334,-0.16626121198145719
tbi_ma96,short,5,-0.0023371495983311235,-0.00097560825944833,3487,-0.03571825816369894,0.07229387979706231,0.33839977057642673,986,-0.21408939092718995
rpt_z,long,4,-0.34747124934619616,-0.10237005909744666,3486,-0.035988026432863696,0.06137293259719556,0.3367756741250717,1265,0.00028276042926299723
accel,long,1,-1.594839295239515,-1.036892382333044,3503,-0.0363480754983643,0.061012883531694956,0.33228661147587785,1328,-0.08241283449011375
pos96,short,5,0.531584886784167,0.6329333333333323,3497,-0.03776782078869216,0.0702443171720691,0.332284815556191,1366,0.06898575418975378
avg_trade_usd,long,6,4047.712626752791,4342.082886975689,3506,-0.037815773476716184,0.05954518555334307,0.33314318311466057,928,-0.1502668838254369
rv_vs_range,long,0,-inf,0.4788301309453464,3506,-0.038460918977376204,0.05890004005268305,0.32943525385054195,1224,-0.06984867005416445
kyle_z,long,9,1.3118991619957379,inf,3487,-0.03919979410482298,0.05816116492523628,0.31517063378262117,1419,-0.08837044922320723
to_lo480,long,8,22.068916447706687,29.059331768976143,3458,-0.039263078935528425,0.05809788009453083,0.34470792365529207,1207,-0.14661454948280608
range_per_trade,long,2,4.1733517332578464e-08,4.692011167902291e-08,3506,-0.03954104844160251,0.05781991058845675,0.33685111237877924,1890,-0.045530438886558125
to_lo480,short,3,8.39179591108392,10.629379422210482,3458,-0.03954958368228663,0.06846255427847463,0.33140543666859457,1257,-0.16990904434789736
atr_rank,long,7,0.6729166666666667,0.7958333333333333,3493,-0.03968067873028581,0.05768028029977345,0.3226452905811623,1169,-0.08898840351957586
dq_cum24,short,7,0.10034170581473653,0.2298958818151539,3501,-0.040370790038437535,0.06764134792232372,0.33161953727506427,1123,-0.1589483850819287
disp6,long,1,-1.683497272314119,-0.9934472838840265,3505,-0.04068414850448312,0.05667681052557614,0.32781740370898715,1369,-0.11428381154053516
avg_trade_usd,long,5,3754.856318079627,4047.712626752791,3506,-0.0407881241286907,0.05657283490136856,0.33086138049058755,853,-0.16050835404093328
pos24,long,3,0.342679245216718,0.43400506607379324,3504,-0.04086760649454949,0.056493352535509765,0.3350456621004566,1106,-0.08116708066863414
pos96,long,9,0.8846914271010914,inf,3497,-0.04114668659314322,0.05621427243691604,0.3382899628252788,1395,-0.07986763165750964
tbi_ma24,short,7,0.002034236096095912,0.004725736174343656,3501,-0.041419420436828294,0.06659271752393296,0.3310482719223079,1125,-0.15623749418017108
to_lo96,short,1,1.5485265206292973,2.438067178399704,3496,-0.04175625883028531,0.06625587913047595,0.33352402745995424,1293,-0.16949268807956352
trade_intensity,long,7,1.0939711885401695,1.3703130397942056,3497,-0.04180364282479901,0.05555731620526025,0.3268515870746354,1196,-0.035074152630870305
tbi_ma24,short,5,-0.0022938635295283206,-0.00020828066117809104,3501,-0.04182758560735658,0.06618455235340467,0.3341902313624679,1046,-0.1354880785397319
since_hi96,long,1,5.0,14.0,3771,-0.04193652044469619,0.05542443858536307,0.32352161230442855,1376,-0.09125358228850626
disp24,short,0,-inf,-3.558129247263444,3504,-0.04202019063871239,0.06599194732204887,0.3079337899543379,1540,0.12187566539645625
absorb,long,6,0.02230433895065754,0.04892814440351868,3505,-0.04211403878485905,0.055246920245200205,0.32952924393723254,969,-0.09305979583743536
gap,short,1,-0.0005256603756902133,-0.00014014571028278563,3506,-0.04230856339865548,0.06570357456210578,0.32743867655447806,2248,-0.134091888674701
rpt_z,short,0,-inf,-1.2284769259434596,3487,-0.04259190727058003,0.06542023069018123,0.3332377401778033,1252,-0.006532578024911013
since_lo96,long,0,-inf,6.0,3064,-0.042639362955362414,0.05472159607469684,0.3139686684073107,1316,-0.18291086387551816
pos480,long,3,0.32990804597701123,0.42947997662816345,3457,-0.042768093558693515,0.05459286547136574,0.3262944749783049,1805,-0.23912200157715272
since_hi96,short,9,94.0,inf,3580,-0.042989816566517895,0.06502232139424335,0.3354748603351955,1574,-0.07381109310324453
persist24,short,1,0.03281537845600219,0.06551663140296231,3504,-0.043215892487229485,0.06479624547353177,0.3398972602739726,1237,-0.09693329920901213
absorb_z,short,5,0.04282344679383983,0.10212696408865748,3383,-0.0433947267744069,0.06461741118635436,0.3319538870824712,1322,-0.12412589257756455
since_hi480,short,2,47.0,92.0,3422,-0.04376087487182923,0.06425126308893203,0.33459964932787845,986,-0.07409968971806424
since_hi480,long,4,147.0,212.0,3495,-0.04449403012226683,0.052866928907792425,0.33791130185979973,1107,0.1363100069518847
vol_of_vol,long,3,-0.6295408419053566,-0.4689922980480831,3455,-0.04457059360894442,0.052790365421114836,0.3377713458755427,1156,-0.13303031851966682
to_lo96,short,3,3.3850349508527406,4.369699146078654,3496,-0.04497037436651881,0.06304176359424245,0.323512585812357,1366,0.11166932308739383
tbi_ma24,short,2,-0.009374989668914122,-0.006667478328224708,3501,-0.04537502515502201,0.06263711280573925,0.33047700656955153,1073,0.11724000698705983
wick_skew,long,9,0.4212287879874139,inf,3506,-0.045615130002091005,0.05174582902796825,0.3334284084426697,1314,-0.05760163307703146
dq_cum24,short,5,-0.10747659291707727,-0.007112390340490388,3501,-0.04565698163271039,0.062355156328050866,0.33304770065695516,1056,-0.13958548074853255
to_hi96,short,8,7.94765681170598,10.230647829387294,3497,-0.04565773712487012,0.06235440083589114,0.33028309979982845,1687,-0.05179316400528149
persist24,long,4,0.13778425802651423,0.18079543695447275,3504,-0.04586300998926974,0.05149794904078952,0.3333333333333333,1394,-0.0780429399812717
tbi_ma8,short,2,-0.01316856571233696,-0.009022729494246236,3505,-0.045943604265487346,0.06206853369527391,0.331811697574893,1031,-0.004688579933340991
accel,long,9,1.5963388350406795,inf,3504,-0.047998530838391736,0.04936242819166752,0.3253424657534247,1450,-0.1260322827074681
disp96,short,4,-1.2288715998461157,0.32595998432668083,3496,-0.04800453519391869,0.06000760276684257,0.324370709382151,1430,-0.05595881709041394
to_hi24,long,5,2.118714431898808,2.5478917103524594,3504,-0.04803845276593808,0.04932250626412118,0.3356164383561644,1153,-0.05861442361172716
kyle_z,long,8,0.72231417692841,1.3118991619957379,3487,-0.048398918330520735,0.04896204069953852,0.3229136793805564,1461,-0.04714232356428377
rpt_rank,short,1,0.09166666666666666,0.1875,3411,-0.048987230714084694,0.05902490724667656,0.3309879800644972,1245,-0.005859756610989364
disp24,long,3,-1.342050309148223,-0.5936506106930726,3503,-0.04908112975974785,0.04827982927031141,0.3348558378532686,1190,-0.05037613641307746
range_per_trade,long,4,5.1953262079919576e-08,5.700005144871637e-08,3505,-0.04929447530613917,0.04806648372392009,0.331811697574893,1340,-0.09961346499271943
lo_pos,long,9,0.9491525423728814,inf,3621,-0.04986295188503506,0.047498007145024196,0.33057166528583265,1372,-0.10962775110678089
to_hi24,short,9,4.732483869483175,inf,3504,-0.05001409847068435,0.057998039490076904,0.3113584474885845,1609,0.11461564670221144
kyle,long,9,5.852467505347643e-07,inf,3506,-0.05045113409198998,0.04690982493806928,0.29634911580148315,139,0.03218780837658979
dow,long,2,2.0,3.0,4990,-0.0510362010526627,0.04632475797739656,0.3156312625250501,1848,-0.1648998962028378
absorb_z,long,2,-0.19088565163490134,-0.10245332901693506,3384,-0.051072530768587525,0.04628842826147173,0.325354609929078,1263,-0.08783685859184645
persist6,long,8,0.6444978352363723,0.7892451288756183,3505,-0.051234123132435215,0.04612683589762404,0.3263908701854494,1321,-0.10779416975445262
dn_wick,long,1,0.04766784334343082,0.10450351469851427,3506,-0.05137160923920164,0.045989349790857614,0.3302909298345693,1440,-0.07018803439417284
since_lo96,short,0,-inf,6.0,3064,-0.051889947128051034,0.05612219083271022,0.31298955613577023,1316,0.09451143810216378
tbi_ma96,short,6,-0.00097560825944833,0.0005130046899019851,3487,-0.05230879176941551,0.055703346191345746,0.3326641812446229,1054,-0.29599988032462604
tbi_ma8,short,1,-0.018818409616573606,-0.01316856571233696,3504,-0.0532030252665403,0.05480911269422096,0.3307648401826484,1186,-0.010077357409653577
flow_eff,long,6,0.11176965527544123,0.16728816113711015,3505,-0.053288922147741585,0.04407203688231767,0.32724679029957204,986,-0.15314876764794885
flow_eff,long,8,0.2591818905826532,0.47752696779972115,3506,-0.05339504936288897,0.04396590966717029,0.3143183114660582,671,-0.09759245727633205
dn_wick,long,3,0.1567771759754373,0.2097372874654048,3506,-0.05348142855943509,0.043879530470624165,0.32943525385054195,1247,-0.07788859964941089
close_loc,long,0,-inf,0.12755528680805375,3506,-0.05365224022828518,0.04370871880177408,0.33171705647461497,1555,-0.07973415470616743
extreme_late,long,9,0.9830508474576272,inf,4615,-0.054409194028522616,0.04295176500153664,0.3269772481040087,1574,-0.13262766227666886
ats_z96,long,5,-0.06552908060429183,0.22198682434207256,3487,-0.05443309334808736,0.0429278656819719,0.3312302839116719,1336,-0.07470162491353874
to_lo24,long,5,2.3380373085458923,2.791517315442821,3504,-0.054444715365978495,0.04291624366408076,0.3296232876712329,1255,-0.13928412102783258
range_z,long,9,1.216112398472486,inf,3487,-0.05445530423159008,0.042905654798469174,0.3137367364496702,1388,-0.07799087678945733
dn_wick,long,2,0.10450351469851427,0.1567771759754373,3506,-0.054491153778366566,0.04286980525169269,0.3280091272104963,1330,-0.0965200012458222
atr_rank,long,5,0.45416666666666666,0.5583333333333333,3462,-0.05500130086889269,0.04235965816116657,0.3327556325823224,1251,0.026406244244964752
lo_pos,long,0,-inf,0.01694915254237288,3407,-0.05524435135628439,0.04211660767377487,0.32814793073084825,1333,-0.06984968498138909
hi_pos,short,8,0.8305084745762712,0.9491525423728814,3535,-0.05547220748914836,0.05253993047161289,0.3284299858557284,1448,-0.048914456185006165
ats_z96,short,9,1.414678822050611,inf,3487,-0.05596994285721753,0.05204219510354373,0.32262689991396615,1266,-0.04074981268260859
range_z,long,7,0.15586503027444093,0.5280921641908347,3487,-0.05601866816822947,0.041342290861829785,0.3206194436478348,1329,-0.11991805409440862
disp96,long,2,-4.834009607462842,-3.0089918875830817,3496,-0.05623278278941664,0.04112817624064262,0.32808924485125857,1087,0.04799692875356979
dow,short,2,2.0,3.0,4991,-0.05632535189324256,0.0516867860675187,0.3145662191945502,1848,-0.08139089194985297
body_frac,short,4,-0.16183371098922766,0.014486261210626735,3506,-0.05639214905211037,0.05161998890865089,0.3314318311466058,1251,-0.06373696000471535
dow,short,0,-inf,1.0,5015,-0.05656661582048893,0.05144552214027233,0.3395812562313061,1824,0.009085886178088141
up_wick,long,9,0.5815630782678165,inf,3506,-0.05684043944394125,0.040520519586118006,0.32886480319452366,1272,-0.07380317978960559
since_lo24,long,0,-inf,2.0,2567,-0.056994031879470504,0.040366927150588754,0.3190494740942735,1116,-0.15713948689383078
persist24,long,2,0.06551595410673595,0.10048604374364867,3504,-0.0570276666532244,0.040333292376834855,0.3324771689497717,1230,-0.09208918521251554
to_lo96,short,6,6.466366819824582,7.8224436007273885,3496,-0.05794500521803514,0.05006713274272612,0.3298054919908467,1366,-0.12099813401366115
atr_pct,long,2,0.005461840715142885,0.006396928790487581,3506,-0.05835754259953854,0.039003416430520715,0.34312606959498004,1986,-0.1752205029324643
m1_jump,short,9,0.4227068432888324,inf,3507,-0.05855798848490343,0.04945414947585783,0.3290561733675506,1314,-0.11417568388629208
to_hi96,long,6,5.480750412335396,6.547531709480768,3496,-0.05859842649453926,0.03876253253552,0.32894736842105265,1120,-0.08867382219914602
range_rank,long,9,0.9020833333333333,inf,3461,-0.058777076672934435,0.03858388235712482,0.2976018491765386,1379,-0.08649036634062168
since_lo24,short,1,2.0,5.0,4164,-0.0589467755799106,0.04906536238085066,0.3239673390970221,1605,0.023524723665881726
wick_skew,long,8,0.2682735949098683,0.4212287879874139,3506,-0.05913038839253864,0.03823057063752062,0.3291500285225328,1280,-0.007101056741644363
persist6,long,6,0.43816136148739004,0.5340542315216142,3506,-0.05917592497491663,0.038185034055142626,0.3280091272104963,1355,-0.05052533504662139
avg_trade_usd,long,4,3470.6797681447647,3754.856318079627,3505,-0.05917594686891595,0.038185012161143304,0.3275320970042796,786,-0.040962312442841264
lo_pos,long,6,0.5423728813559322,0.6949152542372882,3866,-0.05977242060384496,0.0375885384262143,0.3282462493533368,1445,-0.11708318285455001
to_hi480,long,4,7.8238194430324075,10.436165097386928,3458,-0.059775282124795215,0.03758567690526404,0.32620011567379986,1539,0.00651832127792412
hi_pos,long,5,0.423728813559322,0.559322033898305,3475,-0.05995330299478647,0.03740765603527279,0.32805755395683456,1206,-0.03760659553966972
wick_skew,short,1,-0.4453731814226274,-0.29000266127233565,3506,-0.06024615777589251,0.047765980184868745,0.32943525385054195,1269,-0.037639020123712834
to_hi24,short,0,-inf,0.6911793043089463,3504,-0.06037277551220788,0.04763936244855338,0.322203196347032,1550,-0.058134635210350546
dn_wick,short,9,0.5995673821074182,inf,3506,-0.06059424225754627,0.04741789570321499,0.3291500285225328,1204,-0.04677366869241678
disp6,long,2,-0.9934472838840265,-0.5803703869969943,3505,-0.06063615117420448,0.036724807855854774,0.3263908701854494,1237,-0.16583138700660977
up_wick,short,6,0.31168604908485287,0.3818748474683521,3506,-0.06089234654913807,0.04711979141162319,0.3262977752424415,1270,-0.10147888429955232
since_hi480,long,1,16.0,47.0,3495,-0.061010405480183015,0.03635055354987624,0.3158798283261803,1035,-0.04845621154708645
since_lo96,long,9,94.0,inf,4234,-0.06109801629129681,0.036262942738762446,0.3297118564005668,1493,-0.06361486959569952
pos24,short,2,0.2573552966798913,0.3426578058800405,3504,-0.06191409327788008,0.04609804468288117,0.3313356164383562,1129,-0.11167333666734298
atr_rank,short,2,0.15833333333333333,0.25416666666666665,3414,-0.06209929788263364,0.04591284007812762,0.343585237258348,1320,-0.0011010608735316414
tbi_ma8,long,3,-0.00901593259058555,-0.005502957808653355,3504,-0.06230786014909788,0.03505309888096138,0.3259132420091324,962,-0.08129168171551619
to_lo96,short,0,-inf,1.5485265206292973,3497,-0.06240652729872727,0.04560561066203399,0.3159851301115242,1489,-0.04667217233845242
to_hi96,long,0,-inf,1.262635485309872,3497,-0.06252344633721407,0.034837512692845185,0.32742350586216756,1365,-0.17552646703021219
body_frac,long,2,-0.47416872512565866,-0.319400211486068,3506,-0.06273874630784047,0.034622212722218784,0.32658300057045064,1208,-0.08568356243897139
vol_per_trade_z,short,9,1.394822602708511,inf,3487,-0.06298287073096372,0.04502926722979754,0.3217665615141956,1299,-0.03283783588553418
pos24,long,9,0.8671548343018989,inf,3504,-0.06322767609107012,0.03413328293898914,0.3264840182648402,1486,-0.1904912863491549
to_lo96,long,8,9.337125014032106,11.422644175044136,3496,-0.06333558064866025,0.034025378381399005,0.33237986270022885,941,-0.22251550092977102
up_wick,long,8,0.4665455675294313,0.5815630782678165,3506,-0.06380715060030681,0.033553808429752446,0.32857957786651454,1160,-0.04017088913188241
tbi_ma24,short,1,-0.012937568595559869,-0.009374989668914122,3501,-0.06381382767934793,0.04419831028141333,0.3264781491002571,1228,0.07396607924100564
rpt_rank,long,4,0.3875,0.49166666666666664,3442,-0.06386189246857216,0.0334990665614871,0.32800697269029633,1351,-0.05124145587816707
dn_wick,long,0,-inf,0.04766784334343082,3506,-0.06400134866894741,0.03335961036111185,0.3291500285225328,1568,-0.07416324676996738
up_wick,short,5,0.2519018547829733,0.31168604908485287,3506,-0.06407432714835509,0.043937810812406164,0.3277239018824872,1222,-0.06730144848846174
body_frac,long,9,0.6528418662401438,inf,3506,-0.064119781927413,0.03324117710264626,0.32430119794637763,1534,-0.09422461834386346
updn_ratio,short,3,0.4666666666666667,0.48333333333333334,3502,-0.06429196993745111,0.04372016802331015,0.3249571673329526,1267,-0.0730396745291082
dq,long,9,0.09470304819757178,inf,3506,-0.06435574803352252,0.033005210996536735,0.3382772390188249,2209,-0.08970458666005166
dq_cum24,long,0,-inf,-0.6181977959174821,3502,-0.0646002916853007,0.03276066734475856,0.32181610508280983,2209,-0.14019005160456638
tbi,long,9,0.04729584346278459,inf,3506,-0.06460703095947562,0.03275392807058364,0.3382772390188249,2212,-0.08977183472252682
atr_rank,short,3,0.25416666666666665,0.3541666666666667,3500,-0.064862722315166,0.043149415645595254,0.3394285714285714,1390,0.01589889003678915
to_lo24,short,2,1.2269926563104436,1.587579241387533,3504,-0.06487153352768157,0.04314060443307968,0.3296232876712329,1097,-0.14925177321882652
since_hi96,short,8,87.0,94.0,3438,-0.06488988998240545,0.0431222479783558,0.3312972658522397,1345,-0.028545845867243968
since_hi24,short,0,-inf,2.0,2817,-0.06510166218243346,0.042910475778327795,0.31735889243876464,1118,-0.08927676428217579
persist96,short,5,0.0972005536779355,0.12223646454896053,3497,-0.06522203379102275,0.04279010416973851,0.32856734343723193,1203,-0.1137020760525812
tbi_ma24,long,0,-inf,-0.012937747010560831,3502,-0.06532365434434816,0.0320373046857111,0.32153055396916047,2206,-0.13951331891787455
trade_intensity,short,8,1.3702439901465875,1.887821314229241,3497,-0.06536627184416033,0.04264586611660093,0.3171289676865885,1220,-0.06685417449288589
pos480,short,5,0.5297469011962922,0.647986211319545,3458,-0.0653968631388075,0.04261527482195375,0.3316946211683054,1081,0.08700692016692328
hi_pos,short,6,0.559322033898305,0.6949152542372882,3270,-0.06544373232326854,0.042568405637492715,0.3259938837920489,1221,-0.033524309057476054
ats_rank480,long,9,0.91875,inf,3417,-0.06567664465869165,0.03168431437136761,0.3198712320749195,1155,-0.04860234282440894
since_lo24,short,0,-inf,2.0,2568,-0.06583568704186571,0.04217645091889555,0.3263239875389408,1116,0.013601278493376936
hi_pos,long,1,0.01694915254237288,0.06779661016949153,3176,-0.06585364267855219,0.03150731635150707,0.3202141057934509,1098,-0.09311214342839529
accel,long,8,1.0402336941113233,1.5963388350406795,3504,-0.06594062074871754,0.03142033828134172,0.3276255707762557,1312,-0.06842151693181672
dq,short,2,-0.06866457545305621,-0.04459094616508901,3506,-0.06604959359358753,0.041962544367173726,0.32316029663434115,1039,-0.1109027035877267
tbi,short,2,-0.03440075069200429,-0.022340131362341205,3506,-0.06657566937685218,0.04143646858390908,0.32316029663434115,1041,-0.11217279955233243
disp96,long,8,6.060248526502423,8.812422739417269,3496,-0.06665602422880429,0.03070493480125497,0.32151029748283755,1100,-0.18371415093645024
kyle,short,2,2.348184181124215e-07,2.648667276850537e-07,3506,-0.0667244787774884,0.04128765918327286,0.3334284084426697,1636,-0.05505584528089812
to_lo480,long,3,8.392037604551307,10.630355332374403,3457,-0.06697484809090085,0.03038611093915841,0.32716227943303444,1257,0.0932807088728068
ats_rank480,short,0,-inf,0.08541666666666667,3399,-0.06730065231651874,0.04071148564424251,0.3242130038246543,1314,-0.039780103371714504
tbi_ma24,short,6,-0.00020828066117809104,0.002034236096095912,3502,-0.06734839515137181,0.04066374280938945,0.32667047401484867,1023,-0.11233442407204923
since_hi480,short,5,212.0,280.0,3446,-0.06743910461484284,0.04057303334591841,0.3165989553105049,1060,0.14530986802584925
is_weekend,long,0,-inf,1.0,25028,-0.06770485012500743,0.029656108905051826,0.3179239252037718,9192,-0.12698840212383847
pos24,short,9,0.867146355879593,inf,3504,-0.06780903363294453,0.04020310432781672,0.3182077625570776,1486,-0.03728131491211735
efficiency,short,0,-inf,0.020176771211307124,3506,-0.06813722706622274,0.03987491089453851,0.32515687393040504,1280,0.007252144366361074
vol_of_vol,short,9,1.3853853342532436,inf,3456,-0.06817792775132832,0.03983421020943294,0.28501157407407407,1546,0.0681908911779679
persist24,short,7,0.2815001774798226,0.35033094207050286,3503,-0.06849721054347752,0.03951492741728374,0.3245789323437054,1349,-0.13955457551060788
to_hi480,short,2,3.9309886960902545,5.788871939693366,3458,-0.06854471237035238,0.039467425590408875,0.31781376518218624,1013,-0.06892042071769823
lo_pos,short,4,0.2711864406779661,0.3898305084745763,3342,-0.06866059500919498,0.03935154295156627,0.3267504488330341,1183,-0.04037968581963133
dq_cum24,short,6,-0.007112390340490388,0.10034170581473653,3502,-0.06870772147762551,0.03930441648313575,0.32609937178755,1013,-0.11358973950430024
accel,long,2,-1.036892382333044,-0.6569150070148067,3504,-0.06886623243472324,0.028494726595336015,0.3230593607305936,1197,-0.12290961836317654
dq_cum24,short,1,-0.6181945132738136,-0.44738506807866707,3501,-0.0688867917559198,0.039125346204841455,0.32476435304198803,1230,0.0767134201713447
to_lo24,short,3,1.587579241387533,1.944506599541955,3503,-0.06913243317131652,0.03887970478944473,0.3285755067085355,1140,-0.14163363947212496
persist24,short,0,-inf,0.03281537845600219,3504,-0.06930387081527284,0.03870826714548842,0.3321917808219178,1233,-0.1361115258952798
updn_ratio,short,5,0.5,0.5166666666666667,4041,-0.06931271988792725,0.038699418072834,0.32417718386537986,1431,-0.05538335706403902
dn_wick,short,8,0.482104629202031,0.5995673821074182,3506,-0.06937532006901596,0.03863681789174529,0.32544209925841416,1202,-0.018367224832825126
kyle,long,2,2.3481240179848798e-07,2.648633883750657e-07,3506,-0.069396482132509,0.02796447689755026,0.33485453508271534,1638,-0.1270958990917113
tbi_ma96,long,4,-0.0037071584662384427,-0.0023368873113277914,3486,-0.06988596656744979,0.027474992462609468,0.3238668961560528,859,-0.019872417794497988
since_hi96,short,6,64.0,77.0,3672,-0.06994366257504658,0.03806847538571467,0.329520697167756,1241,-0.0898224331554596
disp24,short,4,-0.5937211300382534,0.09161841861414023,3503,-0.07035517596782395,0.037656961992937305,0.3334284898658293,1171,-0.1074080097071747
since_lo96,long,1,6.0,17.0,3881,-0.07050822384183539,0.02685273518822387,0.3107446534398351,1438,-0.15560679626210905
gap,long,4,0.00015567975721473667,0.0005444500685810594,3506,-0.07057937767498922,0.02678158135507004,0.31688533941814034,2199,-0.020104639811913298
body_frac,short,6,0.18572770850153464,0.3396059198355621,3506,-0.07077247751595732,0.03723966044480394,0.3240159726183685,1108,-0.07145648989742936
to_lo96,short,7,7.8224436007273885,9.337030323461132,3496,-0.07102456076930108,0.036987577191460175,0.33123569794050345,1201,0.07226292743810947
hour,short,0,-inf,2.0,2921,-0.07139260739751453,0.036619530563246724,0.3187264635398836,1074,-0.02534018737807044
minofday,short,0,-inf,120.0,2921,-0.07139260739751453,0.036619530563246724,0.3187264635398836,1074,-0.02534018737807044
to_hi96,long,2,2.0539967047053187,2.855100037199966,3497,-0.0715692611023922,0.025791697927667057,0.32141835859307977,1159,-0.1155278211524204
m1_jump,long,0,-inf,0.13225629584007573,3506,-0.07185166030287521,0.02550929872718405,0.31916714204221336,1093,-0.013434463754072454
avg_trade_usd,short,7,4342.070723648543,4692.554511590307,3506,-0.07210321334451658,0.035908924616244675,0.3174557900741586,1113,-0.07729987414061762
since_lo96,short,4,43.0,57.0,3643,-0.07238540766245334,0.035626730298307915,0.3250068624759813,1338,-0.1644204997222019
dq_z96,short,2,-0.8518194978997231,-0.5411331264129366,3487,-0.07241466271260588,0.035597475248155375,0.322340120447376,1283,-0.10760725949459865
vol_of_vol,long,9,1.3853929050806535,inf,3456,-0.07308002148001456,0.024280937550044693,0.2838541666666667,1546,-0.01706756861704835
rv_vs_range,short,7,0.7577209172671941,0.818006565133771,3506,-0.07308443259275091,0.03492770536801035,0.32544209925841416,1331,-0.004104598223729617
hour,long,8,19.0,21.0,2922,-0.07309412812698841,0.024266830903070843,0.31553730321697465,1074,-0.1054090603176805
minofday,long,8,1140.0,1260.0,2922,-0.07309412812698841,0.024266830903070843,0.31553730321697465,1074,-0.1054090603176805
efficiency,long,6,0.1251935454599061,0.1527430590490883,3506,-0.07325792227695921,0.02410303675310005,0.32230462065031373,1275,-0.14418167207624674
disp6,long,8,1.0526339996414609,1.7504127803689253,3505,-0.07333019376505974,0.024030765264999518,0.3209700427960057,1467,-0.07880712883407902
since_hi24,long,6,17.0,20.0,3603,-0.07342020531057747,0.02394075371948179,0.32389675270607826,1245,-0.053412470631459846
to_lo96,short,5,5.351251350612213,6.466366819824582,3497,-0.07361430335894514,0.03439783460181611,0.32370603374320844,1275,-0.013539247741320945
gap,long,2,-0.0001402496642012051,0.0,2112,-0.07372932956723365,0.023631629462825612,0.30445075757575757,719,-0.21880618520329412
to_hi480,long,5,10.436165097386928,13.0589183050675,3458,-0.07373169045733081,0.023629268572728443,0.3207056101792944,1202,-0.29415952725491995
disp96,long,5,0.3262363077069926,1.9183839665668865,3496,-0.07407282738838085,0.02328813164167841,0.3197940503432494,1481,-0.1054908360418832
tbi_ma8,short,7,0.0045115964209103045,0.008539112461697598,3504,-0.0740912976826746,0.03392084027808666,0.3179223744292237,985,-0.08201037352024819
since_lo24,long,1,2.0,5.0,4163,-0.07430082931926725,0.023060129710792007,0.3139562815277444,1605,-0.12074294948080674
to_hi480,short,9,26.509908595644347,inf,3459,-0.07438900792060146,0.03362313004015979,0.3425845620121422,1422,-0.20941579472919788
wick_skew,long,4,-0.09271946973512776,-0.009940357852882886,3505,-0.07442201558495187,0.022938943445107385,0.32353780313837377,1290,-0.1592425659472054
efficiency,long,9,0.2390756015393605,inf,3506,-0.07446542636942322,0.022895532660636042,0.3200228180262407,1499,-0.09376362636211256
up_wick,long,4,0.1972432264962868,0.2519004837595062,3505,-0.07455344001909664,0.022807519010962618,0.3229671897289586,1221,-0.12895587483176008
atr_rank,short,0,-inf,0.06458333333333334,3419,-0.07478225691497516,0.0332298810457861,0.3539046504825972,1133,-0.14285716388535535
tbi,long,0,-inf,-0.0516239244833121,3506,-0.07483296397381034,0.022527995056248917,0.33285795778665145,2220,-0.13795569591421328
dq,long,0,-inf,-0.10317985120133531,3506,-0.07489986472830214,0.02246109430175712,0.33285795778665145,2216,-0.13624474833270017
to_hi24,short,1,0.6911793043089463,1.0695736274444911,3504,-0.07508847173004922,0.03292366623071204,0.3207762557077626,1332,-0.12295161441495833
tbi_ma96,long,7,0.0005142899116155543,0.002328558510295655,3487,-0.07530874247467445,0.022052216555384807,0.31775164898193287,1251,0.05867251374885352
absorb_z,long,3,-0.10245332901693506,-0.0314328756616427,3382,-0.07535235593952358,0.022008603090535678,0.3205204021289178,1326,-0.06426981857322525
tbi_ma96,short,3,-0.005085233294720743,-0.0037073251317490583,3487,-0.07557533716162984,0.032436800799131416,0.3240607972469171,909,-0.036796638876673796
trade_intensity,short,9,1.887821314229241,inf,3497,-0.07557623317086261,0.03243590478989865,0.30826422647983986,1534,-0.011878131581181325
tbi_z96,short,2,-0.8520032228218358,-0.5410406752556695,3487,-0.07564951773133569,0.03236262022942557,0.3214797820476054,1281,-0.10808841717240629
disp24,short,5,0.09161841861414023,0.7651468987603707,3504,-0.07576128996250991,0.03225084799825134,0.3299086757990868,1142,-0.09428701428110917
wick_skew,short,3,-0.181009067890774,-0.09272331263908494,3506,-0.07598612924888334,0.03202600871187791,0.32116371933827725,1260,-0.0419333024115407
persist24,long,3,0.10048604374364867,0.13778425802651423,3503,-0.07608131771375058,0.021279641316308676,0.32315158435626606,1272,-0.06868154429446088
close_loc,long,4,0.4152310106953373,0.5125581395348702,3505,-0.07613370793727604,0.021227251092783214,0.3223965763195435,1163,-0.14351562663983702
efficiency,long,4,0.07929813758438,0.10096911031285548,3505,-0.07618766068216995,0.021173298347889308,0.3232524964336662,1283,-0.08681449870953079
pos480,short,6,0.647986211319545,0.7655802122951468,3458,-0.0763208248620252,0.03169131309873606,0.32735685367264317,1671,-0.17068317317784001
range_rank,short,9,0.9020833333333333,inf,3460,-0.07640603936936916,0.0316060985913921,0.29393063583815027,1379,-0.009842437922619799
rv_vs_range,long,5,0.6645750678969076,0.7077811522786989,3506,-0.0766360739745377,0.020724885055521558,0.32258984597832285,1220,-0.022980155852545245
dn_wick,short,6,0.3270405254724434,0.3951556387879296,3506,-0.07673134932152006,0.03128078863924119,0.32430119794637763,1225,-0.038988140417671804
absorb_z,long,4,-0.0314328756616427,0.04281834112683909,3383,-0.07676278793812212,0.020598171091937137,0.32013006207508127,1313,-0.10097056912430599
dq_z96,long,0,-inf,-1.2853783739581819,3487,-0.07679762843582985,0.020563330594229406,0.32664181244622886,1266,-0.11190137718210819
tbi_z96,long,0,-inf,-1.284722297437355,3487,-0.07683554931472833,0.020525409715330928,0.32664181244622886,1265,-0.11110508069747484
to_lo24,short,1,0.8278807227595546,1.2269926563104436,3504,-0.07698856654770184,0.03102357141305942,0.3230593607305936,1249,-0.022925119996702503
dq,long,7,0.035410688159799295,0.05987332172824238,3506,-0.07714250936572888,0.020218449664330382,0.31717056474614946,1087,-0.042732046973479855
lo_pos,long,3,0.15254237288135594,0.2711864406779661,3669,-0.07725809763914687,0.020102861390912385,0.3202507495230308,1237,-0.0741668881137681
tbi_ma24,short,3,-0.006667478328224708,-0.004387490155624811,3502,-0.07727748543643961,0.030734652524321643,0.3229583095374072,1027,0.04389502701292865
dq_z96,long,6,0.253470359059165,0.5365247697299763,3487,-0.07735624798032352,0.020004711049735738,0.3171780900487525,1383,-0.06287194595370153
up_wick,long,2,0.09828621298532687,0.14701223709687522,3506,-0.07737880028573538,0.01998215874432388,0.31831146605818594,1271,-0.14864166646160454
updn_ratio,long,4,0.48333333333333334,0.5,3548,-0.07777239987409768,0.019588559155961582,0.32074408117249154,1137,-0.04207775908190041
since_hi24,short,3,7.0,10.0,3354,-0.07779315401695845,0.030218983943802805,0.32528324388789503,1195,-0.09792130700561044
since_lo480,long,0,-inf,35.0,3442,-0.07787455385516227,0.019486405174896984,0.2925624636839047,1586,-0.207895536776078
range_per_trade,short,8,8.003415900407924e-08,9.802973815744386e-08,3506,-0.07787998691902324,0.03013215104173801,0.31460353679406733,326,0.012456296841483729
ats_rank480,long,5,0.5083333333333333,0.6166666666666667,3429,-0.07789727405519269,0.01946368497486657,0.3237095363079615,1303,-0.08629119594127328
hi_pos,long,9,0.9491525423728814,inf,3650,-0.0781004094627158,0.019260549567343452,0.32,1280,-0.13231489259964743
trade_intensity,long,8,1.3703130397942056,1.8878472969731934,3496,-0.07824342538706291,0.019117533642996343,0.3092105263157895,1220,-0.08877777383729642
hour,long,1,2.0,4.0,2922,-0.07825910925266229,0.01910184977739697,0.3193018480492813,1074,-0.10222265133223518
minofday,long,1,120.0,240.0,2922,-0.07825910925266229,0.01910184977739697,0.3193018480492813,1074,-0.10222265133223518
rpt_rank,long,7,0.6958333333333333,0.7979166666666667,3394,-0.0782805272468272,0.019080431783232057,0.3205657041838539,1263,-0.11479957855819461
efficiency,short,5,0.10096868035763551,0.12519179813457013,3506,-0.07830213118856928,0.029710006772191974,0.32316029663434115,1239,-0.05912087359778656
atr_rank,long,8,0.7958333333333333,0.9125,3413,-0.07838079870881205,0.018980160321247205,0.29123937884559037,1306,-0.13583236076427455
vol_of_vol,long,2,-0.7843788102696277,-0.6295408419053566,3456,-0.07844027921558719,0.01892067981447207,0.3269675925925926,1056,-0.18497056012617308
range_per_trade,short,7,7.000582717566745e-08,8.003415900407924e-08,3506,-0.07862685169390093,0.029385286266860322,0.31916714204221336,600,-0.11021154952441113
kyle,short,4,2.943523663877253e-07,3.2543919378651527e-07,3506,-0.07872437062670656,0.029287767334054693,0.31888191671420424,1140,-0.07661603747247224
vol_per_trade_z,long,6,0.21824090918090394,0.5284716975799353,3487,-0.07890121499770399,0.01845974403235527,0.3197591052480642,1290,-0.057229349197636926
minofday,long,2,240.0,420.0,4383,-0.07893256335337011,0.01842839567668915,0.32557608943645905,1611,-0.13302609009796076
hour,long,2,4.0,7.0,4383,-0.07893256335337011,0.01842839567668915,0.32557608943645905,1611,-0.13302609009796076
trade_intensity,short,3,0.5970864033658524,0.6868573064907203,3496,-0.0789448007378047,0.029067337222956555,0.3189359267734554,1077,-0.08059645859755801
persist96,long,4,0.07500217959568377,0.09721086953233207,3496,-0.07916002397080191,0.01820093505925735,0.3240846681922197,1163,-0.08337743988400008
kyle,long,6,3.6049026985279546e-07,4.054315697880336e-07,3506,-0.07930778218231055,0.01805317684774871,0.31517398745008557,844,-0.0972054291230968
ats_z96,long,8,0.9038766814966339,1.4146931792995971,3487,-0.0793084720973674,0.01805248693269186,0.3197591052480642,1168,-0.05978421720337681
absorb,short,4,-0.035981078021173604,-0.009596696749464374,3505,-0.07941704906037485,0.02859508890038641,0.31497860199714695,1059,-0.029781739065938374
flow_eff,short,5,0.07379746999947026,0.11176796799917907,3506,-0.07954567113557506,0.028466466825186193,0.3185966913861951,1206,-0.0022115064655507523
since_hi24,short,1,2.0,4.0,3182,-0.07960295724297688,0.02840918071778438,0.31709616593337525,1182,-0.08779088625470072
since_hi24,long,0,-inf,2.0,2818,-0.07962001488795144,0.01774094414210782,0.3243435060326473,1118,-0.19510030732222364
vol_of_vol,short,0,-inf,-0.9974420805042385,3456,-0.07973350327471286,0.028278634686048396,0.3411458333333333,1688,-0.08176580705223473
to_lo480,short,2,6.187291400680103,8.39179591108392,3458,-0.07976743923161128,0.028244698729149975,0.30624638519375363,1365,-0.061640343461670716
tbi,long,7,0.017650026746432398,0.02988870934843351,3506,-0.07980563808593881,0.017555320944120448,0.3163148887621221,1087,-0.04510989362314292
pos96,long,3,0.340260711580503,0.4354714028782575,3496,-0.08008485459992702,0.017276104430132236,0.32036613272311215,1202,-0.0015327249782680448
persist24,short,8,0.35033094207050286,0.4468042827050092,3504,-0.0804059966110086,0.027606141349752658,0.3127853881278539,1256,-0.01597965344819871
tbi_z8,long,0,-inf,-1.325454909702127,3505,-0.08043971562800802,0.016921243402051242,0.3195435092724679,1315,-0.08542785382191188
efficiency,long,7,0.1527430590490883,0.1872837945185027,3506,-0.08046611853335217,0.016894840496707086,0.3197375926982316,1329,-0.11622119071604153
disp24,long,1,-3.558178164907318,-2.241405119940092,3503,-0.08047916781048035,0.016881791219578904,0.316871253211533,1377,-0.14680282004863565
hi_pos,long,7,0.6949152542372882,0.8305084745762712,3620,-0.08049349419253508,0.016867464837524174,0.32154696132596683,1276,-0.11005945751456739
kyle,short,1,1.991722969121001e-07,2.348184181124215e-07,3506,-0.08055994458872283,0.027452193372038428,0.3354249857387336,2067,-0.1235447998195999
updn_ratio,long,2,0.45,0.4666666666666667,2907,-0.08062935372773947,0.01673160530231979,0.31854145166838665,1003,-0.08247092567544276
kyle_z,long,4,-0.3931350694501441,-0.17583084576100785,3486,-0.08066135004202475,0.016699608988034506,0.32243258749282844,1158,-0.10440650398545234
kyle_z,long,7,0.34843683189234964,0.72231417692841,3487,-0.08068701718897899,0.016673941841080273,0.3105821623171781,1346,-0.08496483583679013
is_weekend,short,0,-inf,1.0,25029,-0.08069759819084242,0.027314539769918836,0.3131567381837069,9192,-0.024012976560257453
updn_ratio,short,4,0.48333333333333334,0.5,3548,-0.0807564985925034,0.027255639368257853,0.32074408117249154,1137,-0.08982875944962024
tbi_z24,long,4,-0.279425319631642,-0.00869790003525453,3501,-0.08077421584691322,0.01658674318314604,0.32019423021993715,1327,-0.1272310107448815
wick_skew,short,6,0.06884655856651863,0.15730829226742687,3506,-0.08078986247681899,0.027222275483942265,0.31888191671420424,1329,-0.05215874932545293
tbi_z96,short,1,-1.2847099974950693,-0.8520032228218358,3487,-0.08084030009792505,0.02717183786283621,0.31947232578147405,1273,-0.11255227177211319
tbi_z96,long,6,0.2535446606070902,0.5366509622333785,3487,-0.08099489091161281,0.016366068118446445,0.31603097218239173,1388,-0.05999692924038446
since_hi480,long,0,-inf,16.0,3420,-0.08100293546441874,0.01635802356564052,0.3064327485380117,1093,-0.06685204477684004
body_frac,long,7,0.33961183967111835,0.49064625686928287,3506,-0.08103831906870144,0.016322639961357813,0.3185966913861951,1246,-0.05423517220695527
pos480,long,5,0.5297904486632068,0.6480196078431375,3458,-0.08108103283602665,0.01627992619403261,0.32880277617119724,1080,0.011607543779658317
m1_jump,short,7,0.27545055364667625,0.32598159938131577,3506,-0.08121957218129293,0.026792565779468328,0.3237307472903594,1366,-0.05811145227344047
to_lo24,short,4,1.944506599541955,2.337691902799124,3504,-0.08131251455210893,0.026699623408652326,0.3250570776255708,1201,-0.06003272600182775
updn_ratio,long,6,0.5166666666666667,0.5333333333333333,3680,-0.08138866752928783,0.015972291500771424,0.32065217391304346,1330,-0.11244815284642377
wick_skew,long,7,0.1572948613912923,0.2682735949098683,3506,-0.08149397027195271,0.01586698875810655,0.3220193953223046,1277,-0.040295479623833265
close_loc,long,3,0.3193108711070472,0.4152310106953373,3506,-0.0815070712961733,0.015853887733885963,0.3217341699942955,1200,-0.10063721165014007
pos96,short,1,0.15526604129457738,0.24509166558314902,3496,-0.08156737327092357,0.026444764689837683,0.32379862700228834,1387,0.12223559384178553
tbi_z24,long,7,0.5490049836840841,0.877484374288605,3501,-0.08157066417333111,0.015790294856728143,0.31876606683804626,1301,-0.05195353709491907
dq,short,3,-0.04459094616508901,-0.024321481440029543,3506,-0.08169980557055614,0.026312332390205112,0.3177410154021677,950,-0.022350094581420923
range_z,short,9,1.2161119495103982,inf,3487,-0.08183451181139925,0.026177626149362004,0.30742758818468596,1388,-0.06609044755873915
hi_pos,short,2,0.06779661016949153,0.15254237288135594,3300,-0.08185814616541051,0.026153991795350745,0.3190909090909091,1239,-0.055960939920698706
efficiency,long,8,0.1872837945185027,0.2390756015393605,3506,-0.08234782800493065,0.015013131025128607,0.31888191671420424,1394,0.00012038378838322688
tbi,short,3,-0.022340131362341205,-0.012210648664976053,3506,-0.08240783457941696,0.0256043033813443,0.3174557900741586,953,-0.022716581704539326
avg_trade_usd,long,8,4692.561943063222,5170.584233881731,3506,-0.08244407355754202,0.014916885472517238,0.3154592127780947,1416,-0.07162935421118069
tbi_ma8,long,8,0.008542335965390972,0.014431363643682799,3504,-0.08247140624863938,0.014889552781419874,0.3193493150684932,1229,-0.04115290545438242
m1_jump,long,1,0.13225629584007573,0.15479726110379996,3506,-0.08259721681484326,0.014763742215215994,0.31888191671420424,1238,-0.07894749789711372
trade_intensity,long,5,0.790830640791307,0.9183919845474559,3497,-0.08262729957940883,0.01473365945065043,0.3168430082928224,1130,-0.08366768946846069
disp24,short,6,0.7651468987603707,1.5335513173791278,3504,-0.08262741264857716,0.025384725312184095,0.3233447488584475,1198,-0.041507559270212546
to_lo96,long,2,2.4387634382231385,3.3851629130446024,3497,-0.08273566330936107,0.014625295720698192,0.3179868458678868,1391,-0.07728313846103682
body_frac,long,0,-inf,-0.64359788677637,3506,-0.0827817618528946,0.01457919717716466,0.31717056474614946,1558,-0.09851649677093756
ats_rank480,long,8,0.8229166666666666,0.91875,3460,-0.08278237211241427,0.014578586917644992,0.31676300578034683,1238,-0.06746442448041894
efficiency,short,3,0.05902758227056566,0.07929955213056633,3506,-0.08285740304441637,0.025154734916344887,0.3200228180262407,1238,-0.09390691243386706
m1_jump,long,7,0.2754519264719276,0.3259835585132816,3506,-0.08285838919414366,0.014502569835915594,0.3214489446662864,1367,-0.09908359799837774
persist96,short,0,-inf,0.01715993458408591,3497,-0.08290407767506397,0.025108060285697287,0.3156991707177581,1573,-0.007181960262911235
flow_eff,long,7,0.16728816113711015,0.2591818905826532,3506,-0.08294498603928521,0.014415972990774045,0.3111808328579578,783,-0.10617797988905603
tbi_z8,short,3,-0.5978200673878996,-0.3042949969786389,3504,-0.08300251675939457,0.025009621201366683,0.3213470319634703,1301,-0.03285669955578492
ats_z96,long,4,-0.33046169658864766,-0.06552908060429183,3486,-0.0830272308179594,0.014333728212099855,0.3204245553643144,1313,-0.11263270115492996
persist6,long,5,0.3508005873696504,0.43816136148739004,3505,-0.0831067508775571,0.014254208152502154,0.3186875891583452,1313,-0.12122615687434624
tbi,short,1,-0.05162391106498429,-0.03440075069200429,3506,-0.08311017934469594,0.02490195861606531,0.32030804335424984,1303,-0.11359725097729528
range_z,long,6,-0.08803256459153755,0.15586503027444093,3487,-0.0831436320170435,0.014217327013015757,0.31115572125035845,1209,-0.0976979164291251
vol_per_trade_z,long,9,1.3948420869657747,inf,3487,-0.08316983457665594,0.014191124453403314,0.3143102953828506,1299,-0.11188572226145019
persist6,long,9,0.7892451288756183,inf,3506,-0.08320277637496823,0.014158182655091028,0.3114660581859669,1413,-0.13135353265699146
persist6,long,7,0.5340542315216142,0.6444978352363723,3505,-0.08327331763420252,0.014087641395856734,0.31726105563480744,1291,-0.13221499504678663
vol_per_trade_z,long,5,-0.05995994505921469,0.21824090918090394,3487,-0.0834665143875934,0.013894444642465864,0.31889876684829366,1301,-0.11571910273962394
dq,short,1,-0.1031791024457037,-0.06866457545305621,3506,-0.08347422925496775,0.024537908705793504,0.32030804335424984,1312,-0.11085449542568948
since_lo96,long,6,69.0,80.0,3434,-0.08349057133457853,0.013870387695480726,0.3238206173558532,1255,-0.1399248373533361
close_loc,short,2,0.2242733797901587,0.319312756425799,3506,-0.0835868256896427,0.024425312271118563,0.31916714204221336,1251,-0.08907395630342724
close_loc,short,9,0.8856045041506457,inf,3506,-0.0836790730618992,0.024333064898862056,0.3157444381061038,1456,0.0006736345329100121
ats_z96,long,9,1.4146931792995971,inf,3487,-0.08373101959009639,0.013629939439962865,0.3143102953828506,1266,-0.10776705499360492
since_hi24,short,4,10.0,14.0,4235,-0.0838693222195826,0.024142815741178658,0.32420306965761514,1504,-0.0748051120926072
ats_z96,long,1,-1.3169615090378894,-0.9176917337517752,3487,-0.08387587264532287,0.013485086384736389,0.3174648695153427,1398,-0.07411177797921778
dq_z96,short,1,-1.2853572380150993,-0.8518194978997231,3487,-0.08392954865508002,0.024082589305681232,0.3186119873817035,1269,-0.11403501306998773
range_rank,long,5,0.4875,0.5916666666666667,3413,-0.08395318617641755,0.013407772853641711,0.31878113096982125,1243,-0.11974408390366907
persist96,long,2,0.03505481685289561,0.05427726712592697,3496,-0.08404133541022343,0.013319623619835824,0.31950800915331806,1390,-0.0674595851734257
ats_rank480,short,4,0.40208333333333335,0.5083333333333333,3392,-0.08406831351110869,0.023943824449652568,0.32134433962264153,1338,-0.09444118027840141
kyle_z,short,9,1.311392023092132,inf,3487,-0.08409186238950656,0.0239202755712547,0.30197877831947234,1423,-0.07372386267653865
tbi_z24,short,1,-1.2988523244440568,-0.8751789496441921,3501,-0.08412595645245853,0.023886181508302726,0.3170522707797772,1261,-0.1339947336138476
absorb,long,8,0.08648851731435654,0.17190480728552587,3505,-0.08414350570557844,0.013217453324480821,0.3229671897289586,1453,-0.13170707983327568
rpt_z,short,2,-0.8709505970222,-0.5952754874237328,3487,-0.08418221361643587,0.02382992434432539,0.32004588471465445,1301,-0.056636196545380116
rpt_z,long,3,-0.5952459063687738,-0.34747124934619616,3487,-0.08420498115932964,0.013155977870729613,0.3197591052480642,1275,-0.17055939493705222
extreme_late,short,2,0.3898305084745763,0.5254237288135594,3350,-0.08434648578303637,0.023665652177724886,0.3170149253731343,1166,-0.11262053834736947
avg_trade_usd,short,8,4692.554511590307,5170.5665778725825,3506,-0.08435358067358738,0.02365855728717388,0.3154592127780947,1416,-0.08735777351841954
sess_asia,long,1,1.0,inf,11688,-0.08441322460805546,0.012947734422003795,0.32015742642026007,4296,-0.11025234288483396
absorb_z,short,7,0.15506144158081395,0.24585172300572003,3383,-0.08447186482277527,0.023540273137985984,0.3159917233224948,1361,-0.10372608494432496
pos96,short,3,0.34024097151680804,0.435452700744033,3496,-0.0844901395128859,0.02352199844787535,0.31435926773455375,1202,-0.20988686942023144
since_hi24,short,2,4.0,7.0,3824,-0.08450276111398097,0.023509376846780283,0.3192991631799163,1362,-0.1093195470789945
tbi_ma96,long,1,-0.009092537718015159,-0.006637716066114775,3487,-0.08467464179622827,0.012686317233830985,0.3234872383137367,1598,-0.219046914048162
rv_vs_range,long,8,0.818009410491165,0.9109855288275043,3506,-0.08469824883989815,0.012662710190161103,0.32230462065031373,1382,-0.135144500016791
kyle_z,short,2,-0.8631735849139642,-0.6165833793562542,3487,-0.08473449425083245,0.02327764370992881,0.32377401778032694,1256,-0.04444865680295378
rv_vs_range,long,1,0.4788301309453464,0.5350205477116718,3506,-0.08473699754048492,0.012623961489574342,0.31403308613804903,1161,-0.11808540380147642
vol_of_vol,long,0,-inf,-0.9972848394713414,3456,-0.08475163759590609,0.012609321434153165,0.34230324074074076,1688,-0.24487949203591852
atr_pct,short,7,0.010249277779580427,0.01209454011115816,3506,-0.08520606199688517,0.022806075963876085,0.30547632629777527,603,0.3186750337123717
atr_pct,long,6,0.00909015745078604,0.010249401830327467,3506,-0.08545259037383408,0.011908368656225174,0.30889903023388476,677,-0.14916084811690783
gap,long,3,0.0,0.00015567975721473667,18923,-0.08546296896643145,0.011897990063627809,0.31929398086984095,7524,-0.10177993375756081
updn_ratio,long,1,0.4208421052631581,0.45,2813,-0.08549185413748052,0.011869104892578738,0.32278706007820834,1026,-0.07217843136874919
range_rank,short,7,0.6958333333333333,0.8,3414,-0.08555372930066299,0.022458408660098267,0.3087287639132982,1322,-0.08173648832534051
flow_eff,long,0,-inf,-0.10034138974105476,3506,-0.08576885263751714,0.011592106392542115,0.3080433542498574,1168,-0.13093306372879188
to_hi480,short,6,13.058930488400964,15.764001065538912,3458,-0.08587617228297448,0.02213596567778678,0.31607865818392133,1300,0.1256782533694775
tbi_z8,long,6,0.2813196096702087,0.5943921861079807,3504,-0.08596455995596301,0.011396399074096245,0.3164954337899543,1342,-0.0786873350847022
tbi_z8,long,8,0.9243928663296914,1.3376459266349408,3504,-0.08691896116180112,0.01044199786825814,0.3190639269406393,1250,-0.10035228384702911
close_loc,long,8,0.7953342977171978,0.8856709713313085,3506,-0.08692334320648251,0.010437615823576746,0.3174557900741586,1297,-0.10305361942034087
tbi_z96,long,5,-0.011059489642630798,0.2535446606070902,3487,-0.08694596274621046,0.010414996283848801,0.3137367364496702,1295,-0.19120791449555083
vol_per_trade_z,long,7,0.5284716975799353,0.8872951399842449,3487,-0.08694857425801678,0.010412384772042482,0.3168913105821623,1201,-0.12291792648714168
tbi_z24,long,6,0.2626427597193199,0.5490049836840841,3501,-0.08695459522074504,0.010406363809314215,0.3161953727506427,1350,-0.09779622608248899
absorb,short,0,-inf,-0.2260648520129428,3505,-0.086985781595922,0.021026356364839252,0.3218259629101284,1738,-0.08397954061177879
dq_z96,long,5,-0.010687749058145573,0.253470359059165,3487,-0.08705109508389264,0.01030986394616662,0.3137367364496702,1294,-0.18913294853319074
to_lo480,long,9,29.059331768976143,inf,3459,-0.08717033499104684,0.010190624039012414,0.3420063602197167,875,0.06051376764015868
to_lo24,short,7,3.3568460724390397,4.1021128747230176,3504,-0.0872000035331738,0.02081213442758746,0.3102168949771689,1406,-0.03775708718678782
since_lo24,long,5,14.0,18.0,4394,-0.08724409165934642,0.010116867370712837,0.3227127901684115,1589,-0.03971963053339209
to_lo96,long,4,4.36970366304649,5.3512628736507395,3496,-0.0873286321402325,0.010032326889826762,0.3166475972540046,1312,-0.11714777593365626
range_rank,long,2,0.17916666666666667,0.2791666666666667,3447,-0.08735615736113374,0.01000480166892552,0.3289817232375979,1284,-0.10577438549878929
tbi_z8,long,9,1.3376459266349408,inf,3505,-0.08745688159799626,0.009904077432062994,0.31611982881597717,1341,-0.09289887102441734
since_hi24,long,8,22.0,24.0,3600,-0.08746269853126361,0.00989826049879565,0.32,1386,-0.08771921076905026
extreme_late,long,8,0.9491525423728814,0.9830508474576272,2511,-0.08746296878677493,0.009897990243284333,0.31979291119076064,1025,-0.08657079559545985
since_hi24,long,5,14.0,17.0,3291,-0.08753522430394671,0.009825734726112548,0.31722880583409296,1144,-0.06220635241936225
to_lo480,short,5,12.951503617570971,15.313255748705178,3458,-0.08768552845063927,0.020326609510121982,0.32388663967611336,1185,0.04197381288064216
updn_ratio,long,9,0.576271186440678,inf,3589,-0.08772365107592878,0.00963730795413048,0.3187517414321538,1538,-0.04957582780676909
absorb_z,long,1,-0.4268072516137351,-0.19088565163490134,3383,-0.08772551583814533,0.009635443191913923,0.3171741058232338,1146,-0.10126558183764416
tbi_ma24,long,4,-0.004385945663018844,-0.002293752246977513,3501,-0.08797242470125471,0.009388534328804543,0.3196229648671808,1000,-0.06016484773565355
dn_wick,long,4,0.2097372874654048,0.2663719572671375,3505,-0.08800132547331219,0.009359633556747071,0.31697574893009983,1259,-0.0549467156611411
up_wick,short,1,0.045398602934798145,0.09829912805771981,3506,-0.08800471648023189,0.020007421480529364,0.3143183114660582,1372,-0.0008039339016935045
absorb_z,long,8,0.24579696731213438,0.43138937906376545,3383,-0.08806915448812333,0.009291804541935927,0.3189476795743423,1093,-0.19916274174833248
dq_cum24,short,3,-0.3167403913287724,-0.20781777742339153,3502,-0.0883845464940966,0.01962759146666465,0.31924614505996574,1029,0.04451082368266106
persist6,short,4,0.27443175030768696,0.35078755526717126,3505,-0.08840577182566418,0.019606366135097072,0.3186875891583452,1202,-0.06952768584045715
vol_per_trade_z,long,1,-1.3281816524172114,-0.921167039215202,3487,-0.08843661670733718,0.008924342322722073,0.31574419271580156,1384,-0.10191360492941748
trade_intensity,short,7,1.0939354917484072,1.3702439901465875,3496,-0.0884776722304122,0.01953446573034906,0.31092677345537756,1196,-0.14844673683556628
dq,short,6,0.014653393974095465,0.035404783600175974,3506,-0.08849080280636161,0.019521335154399647,0.3134626354820308,967,-0.013339755069110691
rpt_rank,long,8,0.7979166666666667,0.9020833333333333,3368,-0.08870758860900987,0.008653370421049383,0.31739904988123513,1326,-0.12080885021525406
avg_trade_usd,long,3,3164.679882676057,3470.6797681447647,3506,-0.0888858238194811,0.00847513521057816,0.3174557900741586,936,-0.0870793019980063
range_rank,short,3,0.2791666666666667,0.38125,3388,-0.08905663552105768,0.018955502439703578,0.3252656434474616,1298,-0.12487937974395816
ats_rank480,short,2,0.1875,0.29583333333333334,3419,-0.0890747239577991,0.018937414002962158,0.31471190406551625,1391,-0.05771197543991876
tbi_z24,long,3,-0.5588575888629307,-0.279425319631642,3501,-0.0893049136047992,0.008056045425260061,0.31648100542702085,1308,-0.00640100434700449
body_frac,short,7,0.3396059198355621,0.49064398404962195,3506,-0.08935242602599008,0.018659711934771173,0.3166001140901312,1246,-0.13982095750197576
since_lo96,short,8,89.0,94.0,2966,-0.08938328668719193,0.018628851273569322,0.32366824005394473,998,-0.09710360420978605
dq,short,4,-0.024321481440029543,-0.0048578900741630855,3506,-0.0894629374792687,0.018549200481492556,0.3143183114660582,994,0.025978848090635116
rpt_rank,long,2,0.1875,0.28541666666666665,3392,-0.08979205301546918,0.007568906014590079,0.31721698113207547,1291,-0.11728446901754033
tbi,long,6,0.007258593995165836,0.017650026746432398,3506,-0.08980371487135548,0.007557244158703777,0.31403308613804903,968,-0.10081334431122375
sess_eu,long,0,-inf,1.0,23373,-0.08991633488084615,0.007444624149213111,0.3136097206178069,8591,-0.09948280596431468
tbi_z8,long,4,-0.3042890334168553,-0.007860203970958502,3504,-0.09006085709722551,0.007300101932833744,0.3159246575342466,1283,-0.07796075691606554
persist96,long,8,0.18865910697510907,0.24159117288003162,3496,-0.09019644460201054,0.007164514428048718,0.31407322654462244,1099,-0.1911474485562021
m1_jump,long,4,0.19399691472821723,0.21533653279390727,3506,-0.09020845507502105,0.007152503955038206,0.3166001140901312,1284,-0.12010394647805657
tbi,short,4,-0.012210648664976053,-0.002519951448795077,3506,-0.09032706961264717,0.01768506834811409,0.31403308613804903,988,0.029640736413989684
extreme_late,short,4,0.6271186440677966,0.7288135593220338,3426,-0.09034457415601527,0.01766756380474599,0.3181552831290134,1315,0.012579685365356912
ats_rank480,short,9,0.91875,inf,3417,-0.0904178465099712,0.017594291450790056,0.3125548726953468,1155,-0.12106865804434386
since_lo480,long,4,232.0,297.0,3441,-0.09042773959398351,0.006933219436075749,0.3269398430688753,1113,-0.18401513785676119
range_per_trade,long,5,5.700005144871637e-08,6.279385143381855e-08,3506,-0.09054331728665523,0.006817641743404032,0.31717056474614946,1167,-0.08808283036950727
atr_pct,long,3,0.006396928790487581,0.0073160211263824,3506,-0.09064760335275883,0.006713355677300428,0.32686822589845976,1657,-0.04758724365968497
dq_z96,short,6,0.25344366272556634,0.5365054315695975,3487,-0.09066095256081466,0.017351185399946595,0.3140235159162604,1383,-0.05239824066331474
tbi_z96,short,6,0.25354164022847614,0.53662551728658,3487,-0.0907028446518373,0.01730929330892396,0.3140235159162604,1388,-0.056376207225432205
body_frac,long,8,0.49064625686928287,0.6528418662401438,3506,-0.09079747795049536,0.006563481079563893,0.31916714204221336,1283,-0.08970716928589699
extreme_late,short,7,0.8813559322033898,0.9491525423728814,3975,-0.0908262394160049,0.017185898544756356,0.3172327044025157,1626,-0.011547344131692292
dq_cum24,short,4,-0.20781777742339153,-0.10747659291707727,3501,-0.09095531298713908,0.01705682497362218,0.319908597543559,999,-0.07290744674450006
tbi_z96,long,3,-0.541003828790204,-0.2702960890366698,3487,-0.09097543386557819,0.006385525164481071,0.3137367364496702,1217,-0.07191237254052715
tbi_z96,short,7,0.53662551728658,0.8559947037506886,3487,-0.09112799366353924,0.016884144297222015,0.314883854316031,1235,-0.1245204385792785
flow_eff,long,9,0.47752696779972115,inf,3506,-0.09116431970088347,0.006196639329175788,0.29235596120935536,700,-0.09339346562373907
lo_pos,short,1,0.01694915254237288,0.06779661016949153,3338,-0.09124951262984951,0.016762625330911746,0.310964649490713,1110,0.016566601461474262
kyle,long,8,4.6749903107088417e-07,5.852467505347643e-07,3506,-0.09128647775428793,0.006074481275771329,0.30262407301768396,451,-0.07837040574266112
m1_jump,short,6,0.241197723378321,0.27545055364667625,3505,-0.09135238013022358,0.016659757830537678,0.31611982881597717,1366,-0.05209236289639572
since_lo24,long,2,5.0,8.0,3459,-0.09149974322865455,0.0058612158014047094,0.3139635732870772,1223,-0.097181634631859
flow_eff,short,4,0.04556084874951589,0.07379746999947026,3505,-0.09151842163356988,0.016493716327191377,0.32439372325249644,1493,-0.029896289084129005
absorb_z,long,9,0.43138937906376545,inf,3384,-0.09153821801834092,0.005822741011718341,0.3203309692671395,1187,-0.1903621142289618
to_hi96,long,8,7.9477587789530855,10.230793680641986,3496,-0.09158261068823148,0.005778348341827777,0.31721967963386727,1687,-0.00728769991586581
tbi_ma8,long,1,-0.018818421266459516,-0.013168108404946744,3504,-0.09179726685770218,0.005563692172357082,0.3142123287671233,1186,-0.11967410997903781
since_hi24,long,7,20.0,22.0,2801,-0.09186034581724453,0.005500613212814726,0.3152445555158872,1024,-0.09056522792626823
hour,long,3,7.0,9.0,2922,-0.09187930847055661,0.005481650559502643,0.32340862422997946,1074,-0.09673155053766777
minofday,long,3,420.0,540.0,2922,-0.09187930847055661,0.005481650559502643,0.32340862422997946,1074,-0.09673155053766777
rv_vs_range,short,5,0.6645741683753431,0.7077805320523323,3506,-0.09192676642853663,0.016085371532224627,0.3154592127780947,1220,-0.0659034746536252
lo_pos,short,7,0.6949152542372882,0.8305084745762712,3339,-0.09196733696247594,0.016044800998285313,0.31716082659478884,1345,-0.06315416053568966
tbi_z96,long,2,-0.8519472674650257,-0.541003828790204,3487,-0.09209245291881403,0.0052685061112452275,0.31660453111557213,1281,-0.022790499201178864
dq_cum24,long,4,-0.2077877428216653,-0.10740856528445115,3501,-0.09213300838164576,0.0052279506484134985,0.3181948014852899,1000,-0.06522807780096994
ats_z96,short,8,0.9038631339696763,1.414678822050611,3487,-0.09219608227270856,0.015816055688052694,0.3143102953828506,1168,-0.12825009046774594
range_per_trade,short,3,4.691948400150625e-08,5.195288733852558e-08,3506,-0.09225211384901986,0.01576002411174139,0.3220193953223046,1652,-0.11088851653830212
dq_z96,long,3,-0.5410533428588717,-0.26985915348829026,3487,-0.0922921637715903,0.0050687952584689555,0.31344995698308004,1217,-0.07058616897259137
kyle,short,3,2.648667276850537e-07,2.943523663877253e-07,3506,-0.09236931495559501,0.015642823005166243,0.3237307472903594,1354,0.0031482989341624066
range_rank,long,1,0.08541666666666667,0.17916666666666667,3381,-0.09238265598857573,0.004978303041483528,0.3336291038154392,1199,-0.10021208066331166
extreme_late,long,1,0.2542372881355932,0.3898305084745763,3279,-0.09239199922880069,0.004968959801258568,0.3186947240012199,1152,-0.0876991406541822
dq_z96,short,7,0.5365054315695975,0.8560408896933275,3487,-0.09253444370277052,0.01547769425799074,0.314883854316031,1240,-0.12840523334387818
persist96,long,5,0.09721086953233207,0.12224532933824603,3496,-0.09255928091129241,0.004801678118766847,0.3189359267734554,1203,-0.018284467303623125
pos24,long,4,0.43400506607379324,0.5238844275188331,3503,-0.09264103976335074,0.004719919266708519,0.32172423636882674,1133,-0.08814702733296458
dq_z96,long,2,-0.8517371768122615,-0.5410533428588717,3487,-0.09267203837202166,0.004688920658037596,0.31660453111557213,1283,-0.024319221195323676
tbi_ma8,short,5,-0.0022937186781812197,0.0009898616504244687,3505,-0.09281172557657763,0.015200412384183626,0.3141226818830242,992,-0.026245277943074817
tbi_z24,short,4,-0.2794664066534036,-0.008739855243720911,3501,-0.09296073877481732,0.015051399185943934,0.3159097400742645,1327,-0.053413545350842924
tbi,short,8,0.029888308679663435,0.04727204458680313,3506,-0.09307742505282365,0.014934712907937603,0.3137478608100399,1188,-0.042687712864063275
vol_per_trade_z,short,6,0.21821562878766587,0.5284393388798899,3487,-0.09318025268464361,0.014831885276117646,0.31344995698308004,1290,-0.048807432267722446
dq_z96,long,8,0.856059454642522,1.3026829469839774,3487,-0.09341674753437364,0.003944211495685621,0.3180384284485231,1337,-0.14492485697174573
dq,long,6,0.014655267482515366,0.035410688159799295,3506,-0.0934298591658833,0.00393109986417596,0.31289218482601255,968,-0.09763979180004843
pos96,short,2,0.24509166558314902,0.34024097151680804,3497,-0.09348686796792531,0.014525269992835946,0.31855876465541894,1414,-0.07365917374141864
disp24,short,8,2.5463722138710003,3.967523439797083,3504,-0.09352700973193404,0.014485128228827221,0.3125,1391,-0.16093944681377345
dq,short,8,0.059873012268443895,0.09469176500762781,3506,-0.09355644355406739,0.014455694406693864,0.3137478608100399,1189,-0.03861332416015041
wick_skew,long,6,0.06883971473639482,0.1572948613912923,3506,-0.09357941418259068,0.0037815448474685792,0.3180262407301768,1329,-0.11495527628901034
dn_wick,long,7,0.3951325192145967,0.48208473359306775,3506,-0.09369793967142256,0.0036630193586366933,0.3166001140901312,1182,-0.12751149530544345
range_per_trade,short,0,-inf,3.561097574682568e-08,3506,-0.09372485086567325,0.014287287095088003,0.32116371933827725,2704,0.08514206831237031
vol_per_trade_z,long,2,-0.921167039215202,-0.5995447003909992,3487,-0.09381024969334502,0.003550709336714239,0.31832520791511326,1490,-0.09356500925461927
dq_cum24,long,3,-0.3167208103868369,-0.2077877428216653,3501,-0.09383717720475852,0.003523781825300734,0.3227649243073408,1029,-0.1977931509221941
since_lo96,long,2,17.0,29.0,3307,-0.09389983769605817,0.0034611213340010882,0.3135772603568189,1259,-0.15376973966939267
tbi_z96,long,8,0.856004668791562,1.3026498780111728,3487,-0.09394252153410537,0.0034184374959538855,0.31775164898193287,1336,-0.14305238912769902
tbi_z24,long,2,-0.8752144841383881,-0.5588575888629307,3501,-0.09394952238098965,0.0034114366490696074,0.31676663810339906,1286,-0.10963385665857081
atr_pct,short,1,0.00419239199082186,0.005461779731346222,3506,-0.09395937772848627,0.014052760232274988,0.33513976041072446,2832,-0.10852895134256269
accel,short,9,1.596059087146513,inf,3504,-0.09397265448526544,0.014039483475495815,0.3042237442922374,1451,0.00588783095608974
range_per_trade,short,9,9.802973815744386e-08,inf,3506,-0.09401418706195938,0.013997950898801875,0.3029092983456931,45,-0.15961465673785993
tbi,short,6,0.007256181521353331,0.017649168448060224,3506,-0.09406046342026295,0.01395167454049831,0.311751283513976,968,-0.011470683113503867
up_wick,long,7,0.3818959978036645,0.4665455675294313,3506,-0.09411454707745175,0.0032464119526075114,0.3166001140901312,1227,-0.07062369209220429
to_hi96,short,4,3.7001867478359136,4.543341777425884,3497,-0.09411777684522409,0.013894361115537171,0.31855876465541894,1222,-0.10640432726705619
vol_of_vol,long,6,-0.09348071449840595,0.18136516122085292,3455,-0.09416349908204043,0.00319745994801883,0.3154848046309696,1207,0.0430402140806998
kyle_z,short,1,-1.1708162605379075,-0.8631735849139642,3487,-0.09430275114640049,0.013709386814360763,0.3249211356466877,1178,-0.019412830455819593
vol_of_vol,short,7,0.18136420496741118,0.6218166460440939,3456,-0.09433091169305291,0.013681226267708346,0.31828703703703703,1322,-0.008639907840639652
tbi_z8,long,5,-0.007860203970958502,0.2813196096702087,3505,-0.09437075976570611,0.0029901992643531494,0.31611982881597717,1255,-0.16884860717268851
since_lo24,long,3,8.0,11.0,3185,-0.09439215102411812,0.00296880800594114,0.315541601255887,1151,-0.15066714290598132
kyle_z,short,6,0.06538995817438736,0.34848571185864896,3487,-0.09460736105048599,0.013404776910275265,0.3114425007169487,1237,-0.07788047196222904
tbi_z8,short,5,-0.007884435257472004,0.2813097635671485,3505,-0.09479671494551117,0.013215423015250083,0.31497860199714695,1255,-0.012455188705543473
tbi_ma24,long,3,-0.006666866128319602,-0.004385945663018844,3501,-0.09483481281565978,0.0025261462143994773,0.32247929163096256,1027,-0.19833690191627673
extreme_late,short,1,0.2542372881355932,0.3898305084745763,3279,-0.09486107601384484,0.013151061946916412,0.3177798109179628,1152,-0.05101150164154706
tbi_z8,short,2,-0.9271434941478572,-0.5978200673878996,3505,-0.09487090570668263,0.013141232254078622,0.3164051355206847,1305,-0.057977625388263836
tbi_z96,short,3,-0.5410406752556695,-0.27042577860440875,3487,-0.0948741790686371,0.013137958892124157,0.314883854316031,1216,-0.10555441830170241
up_wick,short,3,0.14702390510969668,0.19725442574814556,3506,-0.09489838944241387,0.013113748518347387,0.31460353679406733,1259,-0.09328153809782956
disp6,short,2,-0.9936435490636504,-0.5806775258095073,3506,-0.0950681207638964,0.01294401719686486,0.32087849401026813,1237,0.025845710415046623
to_hi24,short,6,2.547947495443471,3.067968517147412,3503,-0.09519612472774275,0.012816013233018508,0.3180131316014844,1153,-0.04385873798596957
accel,long,7,0.6429526811907219,1.0402336941113233,3503,-0.09528468484636077,0.00207627418369849,0.321153297173851,1264,-0.1497954936597185
hi_pos,long,3,0.15254237288135594,0.2711864406779661,3556,-0.09538988515168095,0.0019710738783783044,0.3172103487064117,1292,-0.08662484380267281
ats_z96,short,0,-inf,-1.3169395296416455,3487,-0.095414747804729,0.012597390156032257,0.31631775164898196,1075,-0.04065594872655184
dq,long,5,-0.00485566309295411,0.014655267482515366,3506,-0.0954970038302828,0.0018639551997764597,0.3083285795778665,922,-0.15323339236452643
absorb,long,5,-0.009579554283073196,0.02230433895065754,3505,-0.09550178148948973,0.0018591775405695232,0.3064194008559201,1130,-0.14753409972543466
rpt_rank,long,3,0.28541666666666665,0.3875,3397,-0.09556988601967316,0.001791073010386099,0.31616131881071535,1273,-0.12427076333831648
dq_z96,short,3,-0.5411331264129366,-0.26986932645963635,3487,-0.09557210929187977,0.012440028668881484,0.31517063378262117,1218,-0.10703244859599846
ats_z96,long,6,0.22198682434207256,0.5292619922068336,3487,-0.09558315909960328,0.0017777999304559727,0.3143102953828506,1295,-0.11297153771436488
since_lo24,long,7,20.0,22.0,2928,-0.09568861390347158,0.0016723451265876765,0.32172131147540983,1024,-0.05465362402082627
persist96,long,0,-inf,0.017158439705776674,3497,-0.09580833551088357,0.0015526235191756915,0.32227623677437806,1573,-0.10790676151028714
tbi_z24,long,9,1.3069282461329825,inf,3502,-0.0958275096771887,0.0015334493528705584,0.31753283837806967,1276,-0.06561351776428646
absorb,short,2,-0.11164065511416058,-0.06471157843660652,3505,-0.09583132381411065,0.012180814146650606,0.3186875891583452,1215,-0.045120784001287766
hour,short,8,19.0,21.0,2922,-0.09585230429859877,0.012159833662162486,0.3076659822039699,1074,-0.07139096589062456
minofday,short,8,1140.0,1260.0,2922,-0.09585230429859877,0.012159833662162486,0.3076659822039699,1074,-0.07139096589062456
tbi_z24,short,3,-0.5588908551611566,-0.2794664066534036,3502,-0.09590135130358887,0.012110786657172384,0.3172472872644203,1308,-0.09287136765097487
rpt_z,long,8,0.8132983808287847,1.3500166926957637,3487,-0.09594247771739474,0.0014184813126645185,0.31545741324921134,1278,-0.10495057236273136
rv_vs_range,long,4,0.6225089199218601,0.6645750678969076,3505,-0.09611704568914163,0.0012439133409176267,0.3164051355206847,1210,-0.12707692486049607
kyle_z,short,0,-inf,-1.1708162605379075,3487,-0.0961235686566997,0.011888569304061555,0.32692859191281903,1483,-0.024979712450348798
to_hi480,long,0,-inf,2.220288638285104,3458,-0.09613164387139608,0.0012293151586631745,0.3094274146905726,1054,-0.1311979786343069
extreme_late,short,3,0.5254237288135594,0.6271186440677966,3503,-0.09616988591586657,0.011842252044894683,0.3140165572366543,1222,-0.08954437735393705
efficiency,short,1,0.020176771211307124,0.03977230511289976,3506,-0.09623206229069037,0.011780075670070889,0.3134626354820308,1197,-0.03209529475303805
m1_jump,long,9,0.4227139466478719,inf,3506,-0.09631340209828508,0.0010475569317741767,0.3123217341699943,1314,-0.09417799427954397
tbi_z96,short,9,1.3026450459307028,inf,3487,-0.09631513015867195,0.011697007802089307,0.3125896185833094,1225,-0.016803644076897623
kyle,long,5,3.254399326220877e-07,3.6049026985279546e-07,3506,-0.09648991466705278,0.0008710443630064735,0.31089560752994866,966,-0.14771269744590979
since_lo96,long,5,57.0,69.0,3290,-0.09649508790856506,0.0008658711214941939,0.3148936170212766,1194,-0.1607404595914467
avg_trade_usd,long,0,-inf,2527.683833019593,3506,-0.09652855213560595,0.0008324068944533108,0.3194523673702225,1608,-0.16663347451818591
tbi_z8,short,9,1.337855849219293,inf,3505,-0.09662145584947128,0.011390682111289976,0.3101283880171184,1341,0.012050640716559745
sess_us,long,0,-inf,1.0,23375,-0.09670001287557146,0.0006609461544877931,0.31640641711229944,8591,-0.10994853089551154
flow_div,long,0,-inf,-0.0,28138,-0.09673371544086873,0.0006272435891905292,0.31487667922382545,9847,-0.09684962670781383
flow_div,short,2,1.0,inf,6909,-0.0968067256039673,0.011205412356793953,0.31495151251990156,3039,-0.0659695211795123
since_hi24,long,9,24.0,inf,4329,-0.09680949602687577,0.0005514630031834833,0.31554631554631557,1727,-0.10719475790494357
tbi_ma96,short,0,-inf,-0.009093526533523057,3487,-0.09681972033300906,0.011192417627752194,0.30800114711786636,2120,0.09941193626565463
to_hi480,long,6,13.0589183050675,15.76323078477078,3459,-0.0970089818314641,0.0003519771985951575,0.3125180688060133,1300,-0.2627100088794798
flow_eff,short,3,0.02348083973005041,0.04556084874951589,3506,-0.09706552633694338,0.010946611623817881,0.3262977752424415,1863,-0.11935108386214872
rv_vs_range,short,9,0.9109842515221183,inf,3506,-0.09710188281567249,0.010910255145088768,0.3214489446662864,1717,-0.03797251399420231
hour,short,6,14.0,16.0,2922,-0.09713088281421917,0.01088125514654209,0.3131416837782341,1074,-0.07711861657738331
minofday,short,6,840.0,960.0,2922,-0.09713088281421917,0.01088125514654209,0.3131416837782341,1074,-0.07711861657738331
absorb,long,3,-0.06471456040101059,-0.03597719556129552,3505,-0.09718539417868688,0.00017556485137237843,0.30927246790299573,972,-0.1386344386404813
disp96,short,8,6.058842750578467,8.812241768767,3496,-0.09720385933364498,0.01080827862711628,0.32036613272311215,1100,0.027980765606413962
extreme_late,long,6,0.8135593220338984,0.8813559322033898,3267,-0.09723001791703462,0.00013094111302464073,0.31343740434649525,1285,-0.06915971330147463
rpt_z,short,3,-0.5952754874237328,-0.3475334471828782,3487,-0.09747696234726813,0.010535175613493125,0.3143102953828506,1275,-0.00490308690755803
pos24,short,3,0.3426578058800405,0.43394388269511447,3503,-0.09757942757038734,0.010432710390373912,0.31601484441906935,1107,-0.05338729149142359
m1_jump,short,3,0.1742480959211107,0.19400806085357836,3506,-0.0975836147738581,0.010428523186903155,0.31260695949800343,1210,-0.04758247287859913
tbi,long,5,-0.002518788988780718,0.007258593995165836,3506,-0.09764405210721715,-0.00028309307715788934,0.3077581289218483,926,-0.14780014228803198
tbi,long,8,0.02988870934843351,0.04729584346278459,3506,-0.0978430936171715,-0.0004821345871122429,0.3143183114660582,1189,-0.1110764506339749
persist6,long,4,0.27442564189661833,0.3508005873696504,3505,-0.09784977453586655,-0.0004888155058072885,0.31726105563480744,1202,-0.1252659736165386
lo_pos,long,8,0.8305084745762712,0.9491525423728814,3595,-0.09789497603537572,-0.0005340170053164672,0.3143254520166898,1363,-0.07573874878899388
dq_z96,short,9,1.3026825961092816,inf,3487,-0.09800352781259944,0.010008610148161817,0.3120160596501291,1224,-0.015934460478400178
m1_jump,long,5,0.21533653279390727,0.24120008861848957,3506,-0.09803023541165135,-0.0006692763815920877,0.31488876212207645,1359,-0.11211451801181474
wick_skew,long,5,-0.009940357852882886,0.06883971473639482,3506,-0.09808089063871667,-0.0007199316086574092,0.3111808328579578,1310,-0.11562093456806584
disp6,long,0,-inf,-1.683497272314119,3506,-0.0980919521058782,-0.0007309930758189476,0.29806046776953793,1542,-0.08930529724334021
trade_intensity,long,6,0.9183919845474559,1.0939711885401695,3496,-0.09809541026645084,-0.0007344512363915839,0.30749427917620137,1119,-0.12491749904227192
lo_pos,short,2,0.06779661016949153,0.15254237288135594,3438,-0.09810060425167344,0.009911533709087816,0.31239092495637,1222,-0.09576120248403246
wick_skew,short,2,-0.29000266127233565,-0.181009067890774,3506,-0.0981596367947161,0.00985250116604515,0.3137478608100399,1302,-0.10697703373619352
rpt_rank,short,5,0.49166666666666664,0.59375,3402,-0.09827921763296209,0.009732920327799169,0.315108759553204,1291,-0.08865198383702297
rpt_rank,short,6,0.59375,0.6958333333333333,3438,-0.09831658991700488,0.009695548043756372,0.3150087260034904,1271,-0.12934966959469607
ats_z96,short,3,-0.6011956307117143,-0.33039931476256457,3487,-0.0983899432218065,0.009622194738954759,0.3171780900487525,1344,-0.027706209775046526
to_lo96,short,2,2.438067178399704,3.3850349508527406,3497,-0.09839682414326835,0.009615313817492907,0.3131255361738633,1392,-0.03887076858149558
absorb,long,4,-0.03597719556129552,-0.009579554283073196,3504,-0.09840486200552075,-0.0010439029754614887,0.3079337899543379,1059,-0.07024125939478118
since_hi480,short,0,-inf,16.0,3419,-0.09843984611192665,0.00957229184883461,0.30359754314126935,1093,-0.10422789008315048
range_rank,short,6,0.5916666666666667,0.6958333333333333,3394,-0.09847268298960665,0.009539454971154604,0.30966411314083675,1300,-0.08355731929586777
rpt_rank,short,3,0.28541666666666665,0.3875,3397,-0.0985493189122882,0.009462819048473056,0.3152781866352664,1273,0.0028442142939382317
since_lo96,short,3,29.0,43.0,3548,-0.09866572016491389,0.00934641779584737,0.31595264937993234,1309,-0.1908020676629575
sess_us,long,1,1.0,inf,11685,-0.0986831341572439,-0.0013221751271846466,0.3110825845100556,4296,-0.0706895458118646
rpt_z,long,0,-inf,-1.2284920882517292,3487,-0.09871604422543619,-0.0013550851953769288,0.31574419271580156,1252,-0.12267697913783361
tbi_z96,long,9,1.3026498780111728,inf,3487,-0.09875019853021308,-0.0013892395001538216,0.3206194436478348,1225,-0.09397512907940608
dq_z96,long,9,1.3026829469839774,inf,3487,-0.09875815320440826,-0.001397194174348998,0.3206194436478348,1224,-0.09419078117095167
tbi_ma24,short,4,-0.004387490155624811,-0.0022938635295283206,3501,-0.09878301646262587,0.009229121498135387,0.31733790345615537,1000,-0.07588875796805165
tbi_ma8,long,6,0.000991511627111748,0.0045128022756340345,3504,-0.09882397971857258,-0.0014630206885133251,0.3150684931506849,980,-0.07676340318236172
vol_of_vol,short,2,-0.7845299291462965,-0.6296232344121473,3456,-0.09890796037763999,0.009104177583121265,0.3226273148148148,1056,-0.12471794230299074
efficiency,short,2,0.03977230511289976,0.05902758227056566,3506,-0.09894456371689242,0.009067574243868837,0.31517398745008557,1153,-0.09285137339534673
dq,long,8,0.05987332172824238,0.09470304819757178,3506,-0.09897572782261414,-0.0016147687925548854,0.31403308613804903,1190,-0.11429503033311517
updn_ratio,short,6,0.5166666666666667,0.5333333333333333,3680,-0.09897843414754645,0.009033703813214805,0.3130434782608696,1330,-0.06119283599418467
to_hi96,short,0,-inf,1.2628934771968117,3497,-0.0989806532857633,0.009031484674997953,0.3108378610237346,1365,-0.016715585769975266
disp24,short,7,1.5335513173791278,2.5463722138710003,3503,-0.09900714462122924,0.009004993339532016,0.31287467884670284,1421,-0.13321183156447614
range_z,short,6,-0.08802482855652896,0.1559094059968553,3487,-0.09901801753131118,0.008994120429450081,0.30800114711786636,1209,-0.05758656061595522
to_lo480,short,6,15.313255748705178,17.992958429761767,3458,-0.09939511594075943,0.008617022020001822,0.3183921341816079,1261,0.02067101961324045
minofday,long,9,1260.0,inf,4382,-0.09941687076657367,-0.0020559117365144125,0.30602464628023734,1610,-0.13181849881029653
hour,long,9,21.0,inf,4382,-0.09941687076657367,-0.0020559117365144125,0.30602464628023734,1610,-0.13181849881029653
hour,long,6,14.0,16.0,2921,-0.09951790620942919,-0.002156947179369928,0.31496062992125984,1074,-0.05872039958969436
minofday,long,6,840.0,960.0,2921,-0.09951790620942919,-0.002156947179369928,0.31496062992125984,1074,-0.05872039958969436
since_hi24,short,7,20.0,22.0,2801,-0.09959536525640823,0.008416772704353023,0.31417350946090683,1024,-0.06273340918746181
atr_pct,short,9,0.015125048089854229,inf,3507,-0.0996055778822666,0.008406560078494663,0.27516395779868835,258,-0.4443902969066184
body_frac,short,3,-0.31939813129471406,-0.16183371098922766,3506,-0.09961272253421158,0.008399415426549678,0.31488876212207645,1203,-0.05096623167801832
disp96,long,6,1.9183839665668865,3.7580711514398093,3497,-0.09963471563710533,-0.002273756607046068,0.31226765799256506,1261,-0.04401466688312922
flow_eff,short,1,-0.10033560548052108,0.001006028709669071,3506,-0.09966307471187996,0.008349063248881294,0.32116371933827725,1933,-0.0748402390387411
range_per_trade,long,3,4.692011167902291e-08,5.1953262079919576e-08,3506,-0.09978730111137726,-0.002426342081318006,0.3177410154021677,1652,-0.03655596622718268
to_hi24,long,0,-inf,0.6910508267432244,3504,-0.09983004863387167,-0.0024690896038124105,0.3159246575342466,1549,-0.20298380216265066
tbi_z96,long,4,-0.2702960890366698,-0.011059489642630798,3486,-0.09983163883727572,-0.0024706798072164637,0.3123924268502582,1372,-0.08571702046076601
m1_jump,long,2,0.15479726110379996,0.17424742041401908,3506,-0.09989745558376181,-0.0025364965537025552,0.31403308613804903,1185,-0.06915991110201183
tbi_z24,short,6,0.26262045078351104,0.5489383785535121,3502,-0.0999069698914489,0.008105168069312357,0.31267846944603084,1350,0.005918533569843647
disp6,long,3,-0.5803703869969943,-0.2546100385314356,3506,-0.09990787245108024,-0.00254691342102098,0.3177410154021677,1201,-0.03819659474752632
range_rank,long,6,0.5916666666666667,0.6958333333333333,3393,-0.09993271097453073,-0.0025717519444714704,0.3065134099616858,1300,-0.12990668520357662
rpt_z,long,2,-0.8708756829641052,-0.5952459063687738,3487,-0.09997661000754846,-0.002615650977489198,0.31344995698308004,1301,-0.127051348502307
kyle,long,4,2.943544566266517e-07,3.254399326220877e-07,3505,-0.10014180613883991,-0.002780847108780654,0.31326676176890156,1140,-0.14531152343812156
dq_z96,long,4,-0.26985915348829026,-0.010687749058145573,3486,-0.10025082596548224,-0.00288986693542298,0.31210556511761334,1373,-0.0868907301956089
to_lo24,long,1,0.8278603986257883,1.226934241181998,3504,-0.10025323056902756,-0.0028922715389683024,0.3139269406392694,1249,-0.08739218933138548
absorb,long,9,0.17190480728552587,inf,3505,-0.1002549090267079,-0.0028939499966486454,0.32268188302425105,1802,-0.0429015765248366
rpt_z,short,1,-1.2284769259434596,-0.8709505970222,3487,-0.10029497485031462,0.007717163110446637,0.3140235159162604,1357,0.0021012793120249217
kyle,short,9,5.851884731695077e-07,inf,3506,-0.10031173825157873,0.007700399709182529,0.28579577866514544,139,-0.10871080301052716
extreme_late,short,0,-inf,0.2542372881355932,3484,-0.10042186500755294,0.007590272953208313,0.31285878300803677,1168,-0.047061622622664646
since_lo24,short,2,5.0,8.0,3459,-0.10049547845349267,0.007516659507268583,0.3073142526741833,1223,-0.023095526294597577
avg_trade_usd,short,6,4047.6865585105706,4342.070723648543,3506,-0.10053345361752372,0.007478684343237535,0.31061038220193954,928,-0.058700246567964215
rv_vs_range,long,9,0.9109855288275043,inf,3506,-0.10055353074067938,-0.0031925717106201235,0.3194523673702225,1717,-0.10061791234520258
accel,short,6,0.2982736981889366,0.6428655372512463,3504,-0.10061739122608164,0.007394746734679616,0.3150684931506849,1265,-0.046346505238050326
flow_eff,short,8,0.25912206705952107,0.47747283552140146,3506,-0.10067324547130364,0.007338892489457613,0.29920136908157446,671,0.01364346087205121
minofday,long,0,-inf,120.0,2922,-0.10073228757453519,-0.0033713285444759294,0.30903490759753593,1074,-0.08473663705912109
hour,long,0,-inf,2.0,2922,-0.10073228757453519,-0.0033713285444759294,0.30903490759753593,1074,-0.08473663705912109
m1_jump,short,1,0.13225837919643144,0.15479760003908602,3506,-0.10088395695205066,0.007128181008710599,0.31260695949800343,1238,-0.030717188144005005
updn_ratio,short,0,-inf,0.4209473684210527,3506,-0.10089438693059567,0.007117751030165584,0.3154592127780947,1358,-0.012745016338763487
pos96,long,8,0.8091462201966733,0.8846914271010914,3496,-0.10092349776439612,-0.003562538734336859,0.3103546910755149,1159,-0.07164955656488
rpt_z,long,6,0.15507315830104101,0.45243917833634884,3487,-0.10098621888845916,-0.0036252598583998985,0.31230283911671924,1353,-0.09610643254935597
range_per_trade,short,5,5.699910875808247e-08,6.27938313879558e-08,3506,-0.10116829757433941,0.006843840386421843,0.31289218482601255,1167,-0.15304074016972136
range_rank,long,8,0.8,0.9020833333333333,3391,-0.10116961052366587,-0.00380865149360661,0.29637275140076674,1252,-0.18746923068097085
flow_div,long,2,1.0,inf,6909,-0.10139469975772257,-0.0040337407276633125,0.3130699088145897,3039,-0.09657335431304387
absorb,short,3,-0.06471157843660652,-0.035981078021173604,3504,-0.10142358596141321,0.006588551999348047,0.3099315068493151,972,-0.00930675272954322
dn_wick,short,7,0.3951556387879296,0.482104629202031,3506,-0.10144784959708845,0.006564288363672802,0.3143183114660582,1182,-0.0335182937186809
extreme_late,long,0,-inf,0.2542372881355932,3484,-0.10154220550599007,-0.004181246475930808,0.3137198622273249,1168,-0.06289055872136776
extreme_late,long,4,0.6271186440677966,0.7288135593220338,3426,-0.10167792002407054,-0.004316960994011285,0.31027437244600115,1315,-0.12352666250068049
gap,short,0,-inf,-0.0005256603756902133,3506,-0.10167840659700332,0.006333731363757936,0.31916714204221336,93,-0.19862023968197245
flow_eff,long,3,0.023479427178106818,0.045557362199825584,3505,-0.10172849070618727,-0.004367531676128009,0.3281027104136947,1863,-0.08381874334850693
atr_rank,long,1,0.06458333333333334,0.15833333333333333,3497,-0.10173331824869496,-0.004372359218635699,0.3360022876751501,1258,-0.24899221709803143
updn_ratio,short,8,0.55,0.576271186440678,4147,-0.1017800393603025,0.0062320986004587575,0.3110682421027249,1599,0.0017196674640106357
rpt_z,long,9,1.3500166926957637,inf,3487,-0.10183376425981301,-0.004472805229753754,0.3094350444508173,1348,-0.1314756731515399
flow_eff,short,0,-inf,-0.10033560548052108,3506,-0.10190871621386433,0.006103421746896931,0.30661722760981175,1168,-0.045786161846338755
tbi_z8,long,1,-1.325454909702127,-0.9271847181534794,3504,-0.10195379162293729,-0.0045928325928780295,0.3150684931506849,1206,-0.10565668574844961
atr_rank,long,9,0.9125,inf,3522,-0.10208900973582588,-0.004728050705766623,0.2578080636002271,1564,-0.1568858263502483
ats_rank480,long,6,0.6166666666666667,0.7208333333333333,3400,-0.10218707721763935,-0.004826118187580095,0.31441176470588234,1249,-0.17884782811579328
kyle,long,3,2.648633883750657e-07,2.943544566266517e-07,3506,-0.1022296457583071,-0.004868686728247848,0.3220193953223046,1354,-0.17300867107265017
absorb_z,short,2,-0.1908837032562868,-0.10245187469481554,3383,-0.10232536306174639,0.005686774899014868,0.3145137451965711,1263,-0.06450234355026502
since_lo480,long,8,447.0,472.0,3344,-0.1023846275350506,-0.005023668504991349,0.3235645933014354,1215,-0.1246736116794405
updn_ratio,long,8,0.55,0.576271186440678,4147,-0.10240353994145697,-0.005042580911397712,0.307451169520135,1599,-0.20148833909440458
absorb,long,2,-0.11164120196014472,-0.06471456040101059,3504,-0.10244728935368042,-0.005086330323621158,0.3142123287671233,1215,-0.09329992290846259
vol_of_vol,long,4,-0.4689922980480831,-0.3024053859275736,3456,-0.10250584885701623,-0.005144889826956975,0.3191550925925926,946,-0.01384561230627927
range_rank,short,8,0.8,0.9020833333333333,3391,-0.10255242421774483,0.005459713743016431,0.2960778531406665,1252,0.03395375591358821
since_lo24,long,4,11.0,14.0,3131,-0.10269708840286973,-0.005336129372810472,0.31747045672309165,1137,-0.11943689508097287
dn_wick,short,1,0.04766866743442691,0.10450672233217057,3506,-0.10270434378407366,0.0053077941766876,0.311751283513976,1440,-0.10712728770321739
absorb,long,7,0.04892814440351868,0.08648851731435654,3504,-0.10282685997781105,-0.0054659009477517895,0.3102168949771689,1109,-0.08293417043333144
up_wick,short,8,0.4665435780111244,0.5815622313580239,3506,-0.1028553500388491,0.005156787921912154,0.31260695949800343,1160,-0.07309962290449229
kyle_z,long,3,-0.6165987362745736,-0.3931350694501441,3487,-0.10287683349568241,-0.005515874465623155,0.31889876684829366,1130,-0.15607621922060594
range_z,short,7,0.1559094059968553,0.528065137156799,3487,-0.10291400290300244,0.005098135057758815,0.30570691138514483,1329,-0.07338676941368963
persist6,short,1,0.06514743177599955,0.13242471548224968,3505,-0.10292219130335611,0.005089946657405142,0.312981455064194,1239,-0.10628548130055551
since_lo24,short,3,8.0,11.0,3185,-0.10307236681178175,0.004939771148979505,0.3086342229199372,1151,-0.018522646178904433
range_per_trade,long,1,3.561044895412336e-08,4.1733517332578464e-08,3506,-0.10312568027355788,-0.0057647212434986245,0.31488876212207645,2208,-0.059023349566681614
range_per_trade,long,7,7.00071610036001e-08,8.003432479169597e-08,3506,-0.10320715234997033,-0.005846193319911069,0.3100399315459213,600,-0.0671645760279324
ats_z96,short,7,0.5292397035032423,0.9038631339696763,3487,-0.1032837775888107,0.004728360371950555,0.3088614855176369,1226,-0.022452524988804515
avg_trade_usd,long,7,4342.082886975689,4692.561943063222,3506,-0.10335779873969425,-0.0059968397096349935,0.3111808328579578,1113,-0.0823566619399651
kyle,short,7,4.0542639818151695e-07,4.674369129594977e-07,3506,-0.10343630002344835,0.004575837937312907,0.3020536223616657,602,0.09942135930890221
ats_rank480,short,8,0.8229166666666666,0.91875,3460,-0.10358770348146619,0.004424434479295067,0.3086705202312139,1238,-0.1072954138978447
sess_asia,short,1,1.0,inf,11687,-0.10369331866541796,0.004318819295343293,0.3107726533755455,4296,-0.054896606965614325
ats_z96,long,3,-0.6012181127589884,-0.33046169658864766,3487,-0.10374510732147843,-0.006384148291419173,0.31230283911671924,1344,-0.0872006706916075
tbi,long,3,-0.022335890134764336,-0.01221029395661899,3506,-0.1037493587715623,-0.0063883997415030425,0.309469480889903,953,-0.08197472293817382
sess_asia,long,0,-inf,1.0,23372,-0.10383593421080461,-0.006474975180745357,0.3118689029608078,8591,-0.09016482978673768
trade_intensity,long,3,0.5970854318621722,0.6868477879961689,3496,-0.1038637171724123,-0.006502758142353043,0.3137871853546911,1077,-0.1310074244396289
minofday,short,9,1260.0,inf,4382,-0.10386454448882165,0.0041475934719396035,0.30785029666818803,1610,-0.03058734450175568
hour,short,9,21.0,inf,4382,-0.10386454448882165,0.0041475934719396035,0.30785029666818803,1610,-0.03058734450175568
rv_vs_range,short,4,0.6225129121434346,0.6645741683753431,3506,-0.10388509780891626,0.004127040151844993,0.31089560752994866,1209,-0.03310969261215756
tbi_z24,short,2,-0.8751789496441921,-0.5588908551611566,3501,-0.10390405285799335,0.004108085102767903,0.3133390459868609,1286,-0.08843832045072558
body_frac,long,1,-0.64359788677637,-0.47416872512565866,3506,-0.10400594523759103,-0.006644986207531775,0.3131774101540217,1332,-0.10819566304973323
wick_skew,short,0,-inf,-0.4453731814226274,3506,-0.10408178567715395,0.003930352283607302,0.31602966343411293,1256,-0.0012612436075392242
flow_eff,long,4,0.045557362199825584,0.07380423579691525,3506,-0.10412971693751055,-0.006768757907451295,0.32059326868225896,1493,-0.12274279708767546
sess_us,short,1,1.0,inf,11687,-0.1042406795709041,0.003771458389857152,0.3103448275862069,4296,-0.07971054694972401
tbi_z24,long,0,-inf,-1.2988631497323713,3502,-0.10433332889931228,-0.006972369869253023,0.31382067390062823,1267,-0.12394634713821436
tbi_ma8,short,6,0.0009898616504244687,0.0045115964209103045,3504,-0.10452809618618586,0.003484041774575397,0.3073630136986301,980,-0.1263010219583727
dn_wick,short,5,0.26638218905490874,0.3270405254724434,3506,-0.10457305025267943,0.0034390877080818227,0.3097547062179121,1230,-0.08180682126871926
persist6,short,2,0.13242471548224968,0.20128462882638803,3506,-0.10472003301738343,0.0032921049433778243,0.31403308613804903,1249,-0.04025618364977094
updn_ratio,long,7,0.5333333333333333,0.55,3327,-0.10486040407095953,-0.007499445040900277,0.31109107303877365,1198,-0.010688303636085488
atr_rank,short,4,0.3541666666666667,0.45416666666666666,3407,-0.10489407857646178,0.0031180593842994736,0.31992955679483415,1253,-0.16099936176604487
sess_eu,short,0,-inf,1.0,23373,-0.10502288258589823,0.0029892553748630257,0.308775082359988,8591,-0.05603394125497549
tbi_ma8,short,0,-inf,-0.018818409616573606,3505,-0.10505767551983629,0.002954462440924968,0.3166904422253923,2390,-0.020283607231544373
to_hi480,short,4,7.824707829960625,10.436381472271139,3458,-0.1051022222236476,0.002909915737113661,0.3091382301908618,1539,-0.033313148432572
range_z,short,0,-inf,-0.9242742069771953,3487,-0.10512982844934399,0.002882309511417269,0.32549469457986807,1550,-0.12691942787578875
body_frac,long,3,-0.319400211486068,-0.16181579288026393,3506,-0.10526016028228516,-0.007899201252225901,0.3131774101540217,1204,-0.07538183840757372
extreme_late,long,3,0.5254237288135594,0.6271186440677966,3502,-0.10555058948449393,-0.008189630454434674,0.3103940605368361,1222,-0.1478230308506341
minofday,long,7,960.0,1140.0,4381,-0.1056530137185569,-0.008292054688497641,0.3058662405843415,1611,-0.04584910696409693
hour,long,7,16.0,19.0,4381,-0.1056530137185569,-0.008292054688497641,0.3058662405843415,1611,-0.04584910696409693
vol_per_trade_z,short,7,0.5284393388798899,0.8872945751753769,3487,-0.10581296397076771,0.002199173989993544,0.3077143676512762,1201,-0.027539503279198158
tbi_ma96,short,1,-0.009093526533523057,-0.006638030264792322,3487,-0.10585118059282576,0.0021609573679354926,0.3131631775164898,1598,0.13212074767830198
tbi,short,5,-0.002519951448795077,0.007256181521353331,3506,-0.10585814993150923,0.002153988029252027,0.3074729035938391,926,-0.03198635328598009
tbi_z8,short,1,-1.3254520827873542,-0.9271434941478572,3504,-0.10595808690433833,0.002054051056422923,0.3110730593607306,1206,-0.09193088356147619
to_lo96,long,7,7.8225837438626495,9.337125014032106,3497,-0.10632762432723665,-0.008966665297177392,0.3111238204175007,1200,-0.26196845135531943
since_hi24,long,2,4.0,7.0,3824,-0.10642269758067774,-0.009061738550618481,0.3101464435146444,1362,-0.09136431019154498
persist24,short,2,0.06551663140296231,0.10048704698517351,3503,-0.1064386186668775,0.00157351929388376,0.3148729660291179,1230,-0.05798821686468836
extreme_late,long,2,0.3898305084745763,0.5254237288135594,3349,-0.10648266545609955,-0.009121706426040294,0.3120334428187519,1166,-0.05085476479439692
rpt_rank,short,2,0.1875,0.28541666666666665,3392,-0.10650943055006885,0.0015027074106924027,0.3130896226415094,1291,-0.020033372989018524
since_lo96,short,1,6.0,17.0,3881,-0.10659012371176113,0.0014220142490001253,0.3004380314351971,1438,-0.021583349483134468
dq,long,3,-0.04458013606650372,-0.024315992430263566,3506,-0.10662332782282993,-0.009262368792770675,0.30861380490587564,950,-0.08174208342178817
body_frac,short,1,-0.6435915620173563,-0.47415157233879973,3506,-0.10673954824916786,0.0012725897115933998,0.31403308613804903,1332,-0.02866165164687735
to_hi24,long,9,4.732503134615943,inf,3504,-0.1068196814045941,-0.009458722374534836,0.2953767123287671,1609,-0.14996107774922568
accel,short,3,-0.6571659238421051,-0.31928659383792823,3504,-0.1069135850132926,0.0010985529474686617,0.3167808219178082,1230,-0.0997470505489376
tbi_ma8,long,4,-0.005502957808653355,-0.0022922432720932084,3504,-0.10698387966695376,-0.009622920636894502,0.3110730593607306,928,-0.12955832227624378
hi_pos,long,4,0.2711864406779661,0.423728813559322,3996,-0.10699463865828379,-0.009633679628224534,0.31206206206206205,1471,-0.06916647252158008
ats_rank480,long,4,0.40208333333333335,0.5083333333333333,3392,-0.10708043542558045,-0.00971947639552119,0.314563679245283,1338,-0.13099825489397274
persist96,long,3,0.05427726712592697,0.07500217959568377,3497,-0.10708957402888454,-0.009728614998825283,0.3128395767800972,1320,-0.0714799746758892
range_rank,long,4,0.38125,0.4875,3423,-0.10722514163381455,-0.009864182603755295,0.31638913234005256,1264,-0.10053379462146043
hi_pos,short,0,-inf,0.01694915254237288,3482,-0.10739355655401246,0.0006185814067487944,0.3141872487076393,1356,-0.025233675016063793
atr_rank,long,2,0.15833333333333333,0.25416666666666665,3414,-0.1075080956103281,-0.010147136580268848,0.3304042179261863,1320,-0.2016559593462491
range_z,short,8,0.528065137156799,1.2161119495103982,3487,-0.10754703379400468,0.00046510416675657473,0.30140521938629194,1397,-0.08017177426997842
atr_pct,short,2,0.005461779731346222,0.006396890284854597,3506,-0.10760453125439819,0.00040760670636307006,0.32658300057045064,1986,-0.014259955237382944
absorb_z,short,8,0.24585172300572003,0.4313624720179856,3383,-0.10775347457252729,0.00025866338823396506,0.30978421519361515,1092,0.01928682394716812
tbi_ma8,long,2,-0.013168108404946744,-0.00901593259058555,3505,-0.107798770822639,-0.010437811792579743,0.30813124108416545,1035,-0.16238914754643372
body_frac,long,5,0.014493092405153733,0.18574216000011168,3506,-0.10785399273585645,-0.010493033705797197,0.309469480889903,1164,-0.11589472408178667
ats_z96,short,6,0.2220770314527305,0.5292397035032423,3487,-0.10794109839327218,7.103956748907847e-05,0.3114425007169487,1294,-0.015971339285840037
accel,short,4,-0.31928659383792823,-0.013053442074392518,3503,-0.10802130097170327,-9.163010942017658e-06,0.3131601484441907,1180,-0.06373386569700949
since_hi24,long,4,10.0,14.0,4235,-0.10806655746417616,-0.010705598434116906,0.3105076741440378,1504,-0.07719469141024808
hi_pos,long,2,0.06779661016949153,0.15254237288135594,3300,-0.1080675833004121,-0.01070662427035285,0.31212121212121213,1239,-0.1481593596684462
dq,long,4,-0.024315992430263566,-0.00485566309295411,3505,-0.10815845018662773,-0.010797491156568473,0.3072753209700428,994,-0.13049165621872816
hour,short,5,11.0,14.0,4383,-0.10827079911400185,-0.00025866115324059413,0.31804699977184575,1611,-0.07524338001979426
minofday,short,5,660.0,840.0,4383,-0.10827079911400185,-0.00025866115324059413,0.31804699977184575,1611,-0.07524338001979426
persist24,long,0,-inf,0.032814186930842516,3504,-0.108429313625669,-0.011068354595609745,0.3144977168949772,1233,-0.0023060935233659204
ats_rank480,long,3,0.29583333333333334,0.40208333333333335,3420,-0.10846586095874969,-0.01110490192869043,0.3128654970760234,1290,-0.1428924292985899
since_lo96,long,7,80.0,89.0,3599,-0.10854537849891577,-0.01118441946885651,0.32036676854681856,1287,-0.021930561775520736
range_per_trade,long,6,6.279385143381855e-08,7.00071610036001e-08,3506,-0.10857131611889884,-0.011210357088839579,0.31061038220193954,955,-0.07250513965002149
rpt_rank,long,9,0.9020833333333333,inf,3470,-0.10857430056894471,-0.011213341538885452,0.30662824207492795,1311,-0.09772034958869742
ats_z96,short,2,-0.9176842789798093,-0.6011956307117143,3487,-0.10862341421263151,-0.0006112762518702547,0.31172928018353885,1465,-0.06840844445723171
persist6,short,8,0.644457921253501,0.789204860808371,3505,-0.10864021195366838,-0.0006280739929071244,0.3101283880171184,1319,0.0016174502261362131
rv_vs_range,short,3,0.5809072008032298,0.6225129121434346,3506,-0.10864188779322337,-0.000629749832462112,0.311751283513976,1186,-0.11386964397014841
ats_rank480,short,3,0.29583333333333334,0.40208333333333335,3420,-0.10872272759062268,-0.0007105896298614245,0.312280701754386,1290,-0.02586232558286144
since_lo24,short,6,18.0,20.0,2516,-0.10876464686882714,-0.0007525089080658853,0.31279809220985694,888,-0.09530563022179923
m1_jump,long,6,0.24120008861848957,0.2754519264719276,3506,-0.10883222023943674,-0.011471261209377484,0.3123217341699943,1366,-0.08676376217136339
efficiency,short,8,0.1872837156133049,0.23905820244866655,3506,-0.10901413624570054,-0.0010019982849392844,0.30861380490587564,1394,-0.09681476180938639
lo_pos,short,3,0.15254237288135594,0.2711864406779661,3669,-0.10908879204810402,-0.0010766540873427682,0.3120741346415917,1237,-0.0015185615071910818
since_lo24,short,4,11.0,14.0,3131,-0.10910094325668407,-0.0010888052959228123,0.3101245608431811,1137,-0.012172788011978703
dow,long,1,1.0,2.0,5014,-0.10911555832947693,-0.011754599299417676,0.3077383326685281,1824,-0.11612665173586048
extreme_late,long,7,0.8813559322033898,0.9491525423728814,3975,-0.10915606024119928,-0.011795101211140024,0.31018867924528304,1626,-0.09890239054669464
tbi,long,4,-0.01221029395661899,-0.002518788988780718,3505,-0.10916732823884016,-0.011806369208780906,0.30699001426533523,988,-0.1336170764467334
tbi_z8,short,8,0.924352480073673,1.337855849219293,3505,-0.10921235900678641,-0.0012002210460251572,0.3078459343794579,1250,-0.09579653191273478
kyle,short,5,3.2543919378651527e-07,3.60482984876112e-07,3506,-0.10930936015889801,-0.0012972221981367577,0.3074729035938391,966,0.0259232619842852
range_z,short,3,-0.5883520540824202,-0.43797984151656716,3487,-0.10934770753634623,-0.0013355695755849772,0.3137367364496702,1142,-0.08605804672617609
kyle,long,7,4.054315697880336e-07,4.6749903107088417e-07,3506,-0.10944071069209356,-0.012079751662034302,0.2977752424415288,603,-0.13632374359886767
vol_per_trade_z,short,4,-0.33178402778629773,-0.059959722933987825,3487,-0.10946261031845633,-0.0014504723576950762,0.3102953828505879,1385,-0.07380217791561883
absorb,short,7,0.048936296728726646,0.08648824357416701,3505,-0.10956440639397494,-0.0015522684332136827,0.3072753209700428,1108,-0.13520055578649687
since_hi480,short,1,16.0,47.0,3495,-0.10965413381508823,-0.0016419958543269775,0.30414878397711015,1035,-0.17177703583602313
flow_eff,long,1,-0.10034138974105476,0.0010058566715917083,3506,-0.10979938811316214,-0.012438429083102887,0.3217341699942955,1933,-0.08193451082025002
sess_us,short,0,-inf,1.0,23374,-0.10989786715568982,-0.001885729194928562,0.31072987079661163,8591,-0.04461073832786343
avg_trade_usd,short,3,3164.688337407419,3470.683267376022,3506,-0.10997229998202478,-0.00196016202126352,0.31089560752994866,936,-0.057288660610187205
updn_ratio,long,5,0.5,0.5166666666666667,4040,-0.11008184396920694,-0.012720884939147678,0.31336633663366337,1431,-0.14445065471151264
trade_intensity,short,4,0.6868573064907203,0.7908422389080954,3497,-0.1100863458456097,-0.002074207884848439,0.30826422647983986,1107,0.012568427190523718
sess_asia,short,0,-inf,1.0,23374,-0.11017154760843292,-0.0021594096476716673,0.3105159579019423,8591,-0.05701915250220113
range_rank,short,1,0.08541666666666667,0.17916666666666667,3381,-0.11019311349189805,-0.002180975531136789,0.32593907128068617,1199,-0.029712875665263334
flow_div,short,0,-inf,-0.0,28139,-0.11030347777151087,-0.0022913398107496097,0.30967696080173424,9847,-0.05351123051570305
to_lo24,long,6,2.791517315442821,3.3569478478573616,3504,-0.11034035504212186,-0.012979396012062605,0.3119292237442922,1358,-0.051964052702731474
vol_per_trade_z,long,8,0.8872951399842449,1.3948420869657747,3487,-0.1103481334165539,-0.012987174386494646,0.3094350444508173,1184,-0.07817740702404878
lo_pos,short,5,0.3898305084745763,0.5423728813559322,3446,-0.110358000432109,-0.0023458624713477427,0.3093441671503192,1277,-0.08716514318333833
since_hi24,long,3,7.0,10.0,3354,-0.11036769563972522,-0.013006736609665961,0.30709600477042337,1195,-0.050699267520913804
kyle_z,short,5,-0.17582282267823063,0.06538995817438736,3487,-0.11041583687143627,-0.0024036989106750173,0.3100086033839977,1219,-0.06246780234082333
vol_per_trade_z,short,3,-0.5995102886387437,-0.33178402778629773,3487,-0.11042369091849409,-0.002411552957732835,0.3120160596501291,1328,-0.04261809832142646
dq,short,5,-0.0048578900741630855,0.014653393974095465,3506,-0.11045563413426673,-0.002443496173505477,0.3060467769537935,922,-0.02446485713786874
m1_jump,short,4,0.19400806085357836,0.215338046984058,3506,-0.1104613278767359,-0.0024491899159746477,0.3120365088419852,1284,-0.03490072475004486
hi_pos,long,0,-inf,0.01694915254237288,3482,-0.11059988521482765,-0.013238926184768393,0.3116025272831706,1356,-0.08882653739129986
rv_vs_range,short,0,-inf,0.47884234487949734,3506,-0.11068427549022478,-0.0026721375294635197,0.30262407301768396,1224,-0.06960339538319442
extreme_late,short,6,0.8135593220338984,0.8813559322033898,3267,-0.11071894597029182,-0.002706808009530562,0.3116008570554025,1285,-0.13282050550190222
vol_per_trade_z,long,0,-inf,-1.3281816524172114,3487,-0.11072708120326462,-0.013366122173205361,0.3171780900487525,1025,-0.10704313920724712
absorb,short,5,-0.009596696749464374,0.022310202030521382,3505,-0.11083239883418017,-0.0028202608734189116,0.3041369472182596,1130,-0.021688852714813533
minofday,short,2,240.0,420.0,4383,-0.11096819990028593,-0.0029560619395246762,0.30983344741044944,1611,-0.03801507330275567
hour,short,2,4.0,7.0,4383,-0.11096819990028593,-0.0029560619395246762,0.30983344741044944,1611,-0.03801507330275567
trade_intensity,short,2,0.5066008676622968,0.5970864033658524,3497,-0.11098178286517875,-0.0029696449044174927,0.3116957392050329,1159,-0.008424633440862254
dq_z96,short,4,-0.26986932645963635,-0.010757346452267558,3487,-0.11104081679872567,-0.003028678837964413,0.30914826498422715,1373,-0.021431553190370232
tbi_z24,short,5,-0.008739855243720911,0.26262045078351104,3501,-0.11109250524479025,-0.0030803672840289953,0.3096258211939446,1225,-0.002161626954744717
avg_trade_usd,short,4,3470.683267376022,3754.935438762922,3506,-0.11112068945388207,-0.003108551493120809,0.3100399315459213,786,-0.06942423173765543
close_loc,long,9,0.8856709713313085,inf,3506,-0.1111260318825309,-0.013765072852471638,0.3074729035938391,1456,-0.12283754186866887
pos96,long,0,-inf,0.15526351358689433,3497,-0.11115131369098678,-0.013790354660927526,0.3051186731484129,1517,-0.20907597344964896
pos96,long,5,0.5315883402736458,0.6330098323117384,3497,-0.11117100375102452,-0.013810044720965267,0.31255361738633114,1367,-0.1731608695241142
tbi_z96,long,7,0.5366509622333785,0.856004668791562,3487,-0.11122663050176466,-0.013865671471705407,0.3088614855176369,1235,-0.08651745228500128
accel,short,7,0.6428655372512463,1.0401392907012612,3503,-0.11127949413947488,-0.0032673561787136263,0.3105909220667999,1265,-0.05499724231237283
disp24,long,4,-0.5936506106930726,0.09175853105785006,3504,-0.1113100994406385,-0.013949140410579236,0.3170662100456621,1171,0.007761188509158581
updn_ratio,long,0,-inf,0.4208421052631581,3506,-0.11131588032750485,-0.013954921297445591,0.3100399315459213,1358,-0.13757769914413928
range_z,long,2,-0.7377429958066277,-0.5883717186098038,3487,-0.111320888563452,-0.013959929533392743,0.31947232578147405,1130,-0.09529908558424735
m1_jump,short,8,0.32598159938131577,0.4227068432888324,3506,-0.11145045354780839,-0.0034383155870471305,0.311751283513976,1472,-0.06655779529750491
persist24,long,6,0.22693501044517875,0.2815106869360865,3503,-0.11148458355460174,-0.01412362452454248,0.3094490436768484,1404,-0.14572327112853936
close_loc,long,7,0.7054336730650417,0.7953342977171978,3506,-0.1115283561531264,-0.014167397123067138,0.3103251568739304,1231,-0.11381535426002298
wick_skew,short,7,0.15730829226742687,0.2682672322375418,3506,-0.1116917852552323,-0.003679647294471039,0.3077581289218483,1277,-0.06596530553925828
rpt_z,short,7,0.4524196513196272,0.813240207867318,3487,-0.11173698578653822,-0.003724847825776964,0.30914826498422715,1246,-0.10995359789397005
flow_eff,short,9,0.47747283552140146,inf,3506,-0.11180940551456352,-0.003797267553802261,0.29092983456930976,700,-0.022781996790831045
tbi_ma96,short,8,0.002326397477215705,0.0047248960573764666,3487,-0.11182654060817487,-0.0038144026474136172,0.30513335245196443,1174,-0.03578182730421804
tbi_z8,long,3,-0.5977831654164046,-0.3042890334168553,3504,-0.11198818273775783,-0.014627223707698575,0.3107876712328767,1301,-0.10635644275287834
disp6,short,6,0.30910979045005754,0.6372803806917184,3505,-0.11205831786243639,-0.004046179901675134,0.3095577746077033,1161,-0.12178588564298247
to_lo24,long,4,1.9447724865130713,2.3380373085458923,3503,-0.11208573739253835,-0.014724778362479096,0.3140165572366543,1201,-0.11585587076368618
rv_vs_range,short,8,0.818006565133771,0.9109842515221183,3506,-0.11214701456731949,-0.00413487660655823,0.3114660581859669,1382,-0.06329568448834204
since_hi96,long,2,14.0,25.0,3506,-0.11217054705111157,-0.014809588021052311,0.30034227039361094,1263,0.006183037880249638
sess_eu,long,1,1.0,inf,11687,-0.11224957032804495,-0.014888611297985688,0.3166766492684179,4296,-0.0916185595185481
tbi_z96,short,4,-0.27042577860440875,-0.01107023432368363,3487,-0.11226000103917043,-0.0042478630784091725,0.30914826498422715,1373,-0.023542250265834393
since_hi480,short,9,463.0,inf,3492,-0.11227961983430976,-0.004267481873548501,0.3170103092783505,1940,0.14963789667704178
range_z,long,1,-0.924276844332619,-0.7377429958066277,3487,-0.11236517237451583,-0.015004213344456577,0.3234872383137367,1371,-0.1116633582129419
persist6,short,0,-inf,0.06514743177599955,3506,-0.11247169058905945,-0.004459552628298197,0.311751283513976,1218,-0.08941113183084214
up_wick,long,3,0.14701223709687522,0.1972432264962868,3506,-0.11269884274055862,-0.015337883710499364,0.3111808328579578,1259,-0.06425779462395594
to_hi96,short,2,2.054105461608714,2.8553102125807244,3497,-0.1127065986852025,-0.004694460724441241,0.3016871604232199,1158,-0.014396583112839052
disp6,short,4,-0.2548686298138227,0.02183579848691259,3505,-0.11283093226277184,-0.0048187943020105845,0.3146932952924394,1121,-0.1289758052427154
absorb,short,1,-0.2260648520129428,-0.11164065511416058,3505,-0.11290230999941371,-0.004890172038652454,0.3141226818830242,1439,-0.07733875674673882
wick_skew,short,5,-0.009940357852846693,0.06884655856651863,3506,-0.1129453946931306,-0.004933256732369343,0.3074729035938391,1310,-0.035341887402909423
range_z,short,1,-0.9242742069771953,-0.7376880970559674,3487,-0.11309890492240361,-0.0050867669616423555,0.3217665615141956,1371,0.017642147251995907
pos24,long,1,0.1688526949252934,0.25734137495107734,3504,-0.11310910435536783,-0.015748145325308577,0.3062214611872146,1199,-0.1144797773267227
range_z,short,5,-0.2798942167815345,-0.08802482855652896,3487,-0.11311681964677216,-0.005104681686010901,0.305993690851735,1218,-0.07069387391094027
tbi_z24,short,7,0.5489383785535121,0.8774722770780992,3501,-0.11312147494891409,-0.0051093369881528294,0.3093401885175664,1301,-0.1606169801744437
efficiency,short,9,0.23905820244866655,inf,3506,-0.11323761601541067,-0.005225478054649416,0.3029092983456931,1499,-0.05067215979709439
minofday,long,4,540.0,660.0,2922,-0.11337608055563746,-0.0160151215255782,0.31690622861054074,1074,-0.08822765524818516
hour,long,4,9.0,11.0,2922,-0.11337608055563746,-0.0160151215255782,0.31690622861054074,1074,-0.08822765524818516
disp24,short,3,-1.3428216774359494,-0.5937211300382534,3504,-0.11340068097950497,-0.0053885430187437106,0.3142123287671233,1192,-0.0814845597111083
since_lo96,long,8,89.0,94.0,2965,-0.11341067017160947,-0.01604971114155021,0.31534569983136596,998,0.03278840191813685
disp6,long,7,0.6380828015748677,1.0526339996414609,3505,-0.11356436795225652,-0.016203408922197265,0.3152639087018545,1236,-0.1609019344485404
gap,short,3,0.0,0.00015567659464759044,18924,-0.11361088604556616,-0.0055987480848049,0.3085499894314099,7524,-0.03321874359150935
hi_pos,short,3,0.15254237288135594,0.2711864406779661,3556,-0.11371130919784461,-0.005699171237083356,0.3084926884139483,1292,-0.04200459317599913
disp24,long,5,0.09175853105785006,0.7655802270505497,3504,-0.11374380474843566,-0.016382845718376407,0.3144977168949772,1142,-0.04672161936773176
efficiency,long,2,0.039771751188833596,0.05902536226376826,3506,-0.11376069059495265,-0.016399731564893397,0.31061038220193954,1153,-0.11405052396690264
disp24,short,1,-3.558129247263444,-2.2411837893527804,3504,-0.11383073349832837,-0.005818595537567112,0.3099315068493151,1379,-0.0016276246147243763
sess_eu,short,1,1.0,inf,11688,-0.11398988144781412,-0.005977743487052864,0.3142539356605065,4296,-0.0568668001278386
to_hi96,long,5,4.54340207317335,5.480750412335396,3497,-0.11400763032926284,-0.01664667129920358,0.3039748355733486,1052,-0.023868120579459286
trade_intensity,long,4,0.6868477879961689,0.790830640791307,3496,-0.11404241664768049,-0.01668145761762123,0.3094965675057208,1107,-0.16668022333675073
tbi_z8,short,7,0.5943510408824731,0.924352480073673,3504,-0.11410741126898871,-0.006095273308227456,0.3119292237442922,1289,-0.08686713665191287
atr_pct,long,5,0.008167752622716812,0.00909015745078604,3506,-0.11411628731023929,-0.016755328280180032,0.3014831717056475,882,-0.03530681111371948
tbi_z24,long,8,0.877484374288605,1.3069282461329825,3501,-0.11421507179676163,-0.016854112766702373,0.31048271922307913,1286,-0.1635822176793629
pos24,long,6,0.6138297916711032,0.7015662494445949,3504,-0.11423707811963853,-0.01687611908957927,0.3082191780821918,1204,-0.040137941293368694
disp96,long,4,-1.228981158241652,0.3262363077069926,3496,-0.11426681635267184,-0.016905857322612586,0.3112128146453089,1431,-0.14723399669785955
rv_vs_range,long,3,0.5809053122230657,0.6225089199218601,3506,-0.1143145453024834,-0.016953586272424145,0.3057615516257844,1185,-0.06781891646222273
kyle,long,1,1.9917164459167846e-07,2.3481240179848798e-07,3506,-0.11432944373396407,-0.016968484703904815,0.32658300057045064,2065,-0.09474657339010545
ats_z96,long,7,0.5292619922068336,0.9038766814966339,3487,-0.11434329656721039,-0.01698233753715113,0.30800114711786636,1226,-0.11322476861904646
pos24,short,0,-inf,0.1688543289473861,3504,-0.11438639941166719,-0.00637426145090593,0.3062214611872146,1840,0.019940765100657325
dq_z96,long,7,0.5365247697299763,0.856059454642522,3487,-0.1144128390414941,-0.017051880011434845,0.3077143676512762,1240,-0.08094287095644767
to_lo480,short,4,10.629379422210482,12.951503617570971,3458,-0.11441751912827675,-0.006405381167515489,0.31810294968189706,1280,-0.09680238527343753
disp6,short,9,1.7503604678262186,inf,3506,-0.11452087660734732,-0.0065087386465860625,0.3009127210496292,1362,-0.08614222275513359
kyle_z,long,2,-0.8631776734795581,-0.6165987362745736,3487,-0.1145986602498446,-0.017237701219785337,0.31660453111557213,1256,-0.0730899325459776
up_wick,long,1,0.04539732613418254,0.09828621298532687,3506,-0.11471741964587238,-0.017356460615813127,0.30690245293782087,1372,-0.140624414346781
pos24,long,8,0.7853576894994599,0.8671548343018989,3504,-0.11495209607204625,-0.01759113704198699,0.3133561643835616,1249,-0.1036749864482218
hi_pos,short,5,0.423728813559322,0.559322033898305,3476,-0.11500148580613491,-0.006989347845373653,0.30897583429229,1206,-0.09627703515179437
close_loc,short,3,0.319312756425799,0.4152463593421562,3506,-0.11502941577065476,-0.007017277809893502,0.31061038220193954,1200,-0.022804759090871655
lo_pos,short,8,0.8305084745762712,0.9491525423728814,3595,-0.11504954326167423,-0.007037405300912972,0.31126564673157164,1363,-0.051047023902764554
efficiency,long,5,0.10096911031285548,0.1251935454599061,3506,-0.11521802881720651,-0.017857069787147253,0.3097547062179121,1239,-0.09872062912621044
absorb_z,short,1,-0.4268071978424714,-0.1908837032562868,3383,-0.11537164952283649,-0.007359511562075233,0.30860183269287617,1146,-0.05316319157898199
extreme_late,short,8,0.9491525423728814,0.9830508474576272,2511,-0.11537778080158544,-0.00736564284082418,0.30744723217841496,1025,-0.11905543442988903
to_lo24,short,6,2.791391223544418,3.3568460724390397,3503,-0.11549278325435473,-0.007480645293593477,0.3077362260919212,1358,-0.07899582608729128
lo_pos,long,4,0.2711864406779661,0.3898305084745763,3342,-0.11550959402338437,-0.018148634993325113,0.31119090365050867,1183,-0.09096077938763128
to_lo24,long,8,4.102572503379281,5.192111327236613,3504,-0.11555385245366774,-0.018192893423608483,0.3033675799086758,1248,-0.12787065681940635
to_hi96,long,1,1.262635485309872,2.0539967047053187,3496,-0.1155815268166953,-0.01822056778663604,0.30320366132723114,1204,-0.10953543039335085
ats_rank480,short,1,0.08541666666666667,0.1875,3395,-0.11559085670222206,-0.007578718741460808,0.3098674521354934,1297,-0.004798362380015381
since_hi480,short,7,356.0,419.0,3462,-0.11559840937710429,-0.007586271416343035,0.3105141536683998,1544,-0.15037522383699192
gap,short,5,0.0005444295103190993,inf,3506,-0.11574664109757356,-0.007734503136812301,0.3180262407301768,104,-0.024354117370694543
rpt_z,short,6,0.15503800606550983,0.4524196513196272,3487,-0.11574677211153275,-0.007734634150771497,0.3105821623171781,1354,-0.08506420300668414
to_hi96,long,4,3.7001813873138834,4.54340207317335,3496,-0.11593630650070402,-0.018575347470644765,0.3003432494279176,1222,-0.012577533985066166
since_hi96,short,4,37.0,51.0,3627,-0.11606052900104481,-0.008048391040283556,0.31072511717673007,1290,0.03065390747231581
tbi_ma8,short,4,-0.005505236821904035,-0.0022937186781812197,3505,-0.11612412611747375,-0.00811198815671249,0.3087018544935806,928,-0.07353985985205147
minofday,short,1,120.0,240.0,2922,-0.11619639753327872,-0.008184259572517463,0.3052703627652293,1074,-0.10129720745931889
hour,short,1,2.0,4.0,2922,-0.11619639753327872,-0.008184259572517463,0.3052703627652293,1074,-0.10129720745931889
atr_rank,short,1,0.06458333333333334,0.15833333333333333,3497,-0.1162485069500499,-0.008236368989288645,0.3291392622247641,1258,-0.14417070113602717
since_hi96,short,0,-inf,5.0,3154,-0.11625026414499272,-0.008238126184231462,0.2993024730500951,1171,-0.04175522348181417
since_lo480,short,3,161.0,232.0,3453,-0.11627208053897792,-0.008259942578216661,0.30524181870836953,1332,-0.19164032035688067
since_hi96,short,3,25.0,37.0,3312,-0.11629973175004868,-0.008287593789287423,0.3010265700483092,1236,-0.03263204863529302
atr_rank,long,3,0.25416666666666665,0.3541666666666667,3499,-0.11658099279905722,-0.01922003376899796,0.32323521006001715,1390,-0.1019079949625059
atr_pct,long,9,0.015125056567836737,inf,3506,-0.11696661052956159,-0.01960565149950233,0.257843696520251,258,0.23575818223652173
since_lo480,long,2,90.0,161.0,3476,-0.11696824040136644,-0.019607281371307184,0.3069620253164557,1437,0.09477554511956142
vol_per_trade_z,long,4,-0.3317971156259138,-0.05995994505921469,3486,-0.11706781979956073,-0.01970686076950147,0.3098106712564544,1385,-0.09727468005350558
to_hi480,long,7,15.76323078477078,19.857012479627763,3457,-0.11709650485597112,-0.01973554582591186,0.30980619033844375,1614,-0.22119077496778541
trade_intensity,short,6,0.918430681380335,1.0939354917484072,3496,-0.1171060674093094,-0.009093929448548144,0.30577803203661325,1118,-0.03594970848662632
tbi_z24,short,9,1.3069268165382788,inf,3502,-0.11713153608043168,-0.009119398119670427,0.3018275271273558,1276,-0.060337594084257866
tbi_z24,short,8,0.8774722770780992,1.3069268165382788,3501,-0.11714570200372822,-0.00913356404296696,0.3067694944301628,1286,0.02789354981420482
range_rank,long,7,0.6958333333333333,0.8,3413,-0.11718619923166786,-0.0198252402016086,0.3009082918253736,1322,-0.03277711505705964
rpt_z,short,5,-0.10238943341746227,0.15503800606550983,3487,-0.11720315614416364,-0.009191018183402386,0.30828792658445653,1211,-0.10719843342452062
to_lo480,short,1,3.6754726002109233,6.187291400680103,3458,-0.11722991731346322,-0.00921777935270196,0.2781954887218045,1491,-0.13085904559882408
to_lo480,long,6,15.313729726370834,17.99332862132528,3458,-0.11726319446575621,-0.019902235435696955,0.313475997686524,1261,-0.16956830441415902
tbi_z8,short,6,0.2813097635671485,0.5943510408824731,3504,-0.11745258925045816,-0.009440451289696908,0.3062214611872146,1342,-0.06755173793146063
since_lo96,short,7,80.0,89.0,3598,-0.11755708996784181,-0.009544952007080554,0.3157309616453585,1287,-0.04860834166938227
persist24,long,8,0.3503829925345183,0.44683707831169406,3504,-0.11791232931374769,-0.020551370283688433,0.3033675799086758,1256,-0.10304435943296113
wick_skew,long,3,-0.18099760974012988,-0.09271946973512776,3506,-0.1180412805422993,-0.020680321512240044,0.30547632629777527,1260,-0.12156975589883627
m1_jump,long,3,0.17424742041401908,0.19399691472821723,3506,-0.11812444123496776,-0.020763482204908507,0.3097547062179121,1210,-0.14651032896468574
rv_vs_range,long,7,0.7577211396429018,0.818009410491165,3506,-0.11820622527195918,-0.020845266241899918,0.31089560752994866,1331,-0.16786699556090254
efficiency,long,3,0.05902536226376826,0.07929813758438,3506,-0.11836580466317335,-0.021004845633114097,0.3057615516257844,1238,-0.05186188462946668
up_wick,short,4,0.19725442574814556,0.2519018547829733,3506,-0.11848674552736334,-0.010474607566602082,0.30633200228180263,1221,-0.09503442861157053
range_z,short,2,-0.7376880970559674,-0.5883520540824202,3487,-0.11853698841135187,-0.010524850450590609,0.3137367364496702,1131,-0.015676883655695185
rv_vs_range,short,2,0.5350228078916968,0.5809072008032298,3506,-0.11862041413766027,-0.01060827617689901,0.304905875641757,1238,-0.07636862136116432
persist96,short,4,0.07498307199554965,0.0972005536779355,3496,-0.11869595892718504,-0.010683820966423785,0.31178489702517165,1163,-0.09051157409841364
dn_wick,long,6,0.32703626448970874,0.3951325192145967,3506,-0.11870728608819439,-0.021346327058135134,0.3091842555618939,1226,-0.12334299682155768
up_wick,long,0,-inf,0.04539732613418254,3506,-0.11888493250182658,-0.02152397347176732,0.304905875641757,1612,-0.10775447686702151
rpt_rank,long,6,0.59375,0.6958333333333333,3438,-0.11889970950096283,-0.021538750470903575,0.30831878999418266,1271,-0.05984285405839107
since_lo24,short,7,20.0,22.0,2928,-0.11896167156238209,-0.010949533601620834,0.3094262295081967,1024,-0.10885654623302857
absorb,long,0,-inf,-0.22607040350099575,3505,-0.11896833444959017,-0.021607375419530908,0.3146932952924394,1738,-0.0715244383753881
tbi_z8,long,2,-0.9271847181534794,-0.5977831654164046,3505,-0.1191124527299217,-0.021751493699862443,0.3089871611982882,1305,-0.1020047708809687
to_lo96,long,1,1.5485244787382058,2.4387634382231385,3496,-0.11913093821494995,-0.021769979184890695,0.30234553775743706,1294,-0.08055830959498804
hour,short,7,16.0,19.0,4382,-0.11916933095685382,-0.011157192996092566,0.30556823368324965,1611,-0.07660413165661832
minofday,short,7,960.0,1140.0,4382,-0.11916933095685382,-0.011157192996092566,0.30556823368324965,1611,-0.07660413165661832
pos96,short,6,0.6329333333333323,0.7289471990762767,3496,-0.11928937029124553,-0.011277232330484277,0.3114988558352403,1259,0.08797444931580231
persist6,long,2,0.13242286896655464,0.20128162389160933,3505,-0.1193715843930807,-0.022010625363021438,0.30927246790299573,1249,-0.09515350118577194
avg_trade_usd,short,5,3754.935438762922,4047.6865585105706,3506,-0.11943174222182708,-0.011419604261065822,0.30547632629777527,853,-0.0355082794452254
dn_wick,long,8,0.48208473359306775,0.599571402749815,3506,-0.11948038457256627,-0.02211942554250701,0.3051911009697661,1202,-0.17110475648157125
disp6,short,3,-0.5806775258095073,-0.2548686298138227,3505,-0.11949062856216687,-0.011478490601405614,0.31098430813124106,1199,-0.04577275278855812
efficiency,long,0,-inf,0.020175588452413046,3506,-0.11964800759581569,-0.02228704856575643,0.309469480889903,1280,-0.1209752737468163
efficiency,short,4,0.07929955213056633,0.10096868035763551,3506,-0.11967735852271245,-0.011665220561951198,0.3080433542498574,1283,-0.03145239604275473
since_lo96,short,9,94.0,inf,4234,-0.11971721905218073,-0.011705081091419475,0.3115257439773264,1493,-0.06684457023930929
persist96,short,1,0.01715993458408591,0.03505351234368028,3496,-0.11990681862650164,-0.011894680665740384,0.31292906178489704,1498,0.019933108578413808
persist6,long,1,0.06514392011380178,0.13242286896655464,3505,-0.12020676307903998,-0.02284580404898072,0.30984308131241084,1239,-0.08151612483721417
close_loc,long,5,0.5125581395348702,0.6112570909990829,3506,-0.12024934088449714,-0.02288838185443788,0.30718767826583,1207,-0.09369584417215049
tbi_ma96,long,5,-0.0023368873113277914,-0.0009746223993012524,3487,-0.12031365761812209,-0.022952698588062828,0.3114425007169487,987,0.03630525812456431
since_lo96,short,2,17.0,29.0,3307,-0.12032940607281926,-0.012317268112058008,0.29966737224070156,1259,-0.12265335131920875
to_lo96,short,4,4.369699146078654,5.351251350612213,3497,-0.12034997697388003,-0.012337839013118773,0.29825564769802687,1312,-0.0030278383077085858
to_hi480,short,8,19.85781773030837,26.509908595644347,3458,-0.12036678557319355,-0.012354647612432296,0.3091382301908618,1374,0.019213415194051914
efficiency,long,1,0.020175588452413046,0.039771751188833596,3506,-0.12044305155512121,-0.02308209252506195,0.30633200228180263,1197,-0.15482471463970726
accel,long,0,-inf,-1.594839295239515,3504,-0.1204976226211174,-0.02313666359105815,0.2910958904109589,1475,-0.07592509407582919
pos24,long,5,0.5238844275188331,0.6138297916711032,3504,-0.12050291565690215,-0.02314195662684289,0.3082191780821918,1209,-0.0608583573158196
rpt_z,long,5,-0.10237005909744666,0.15507315830104101,3487,-0.12052255898812099,-0.023161599958061732,0.3077143676512762,1212,-0.01966659925032901
rpt_z,long,7,0.45243917833634884,0.8132983808287847,3487,-0.1205415728457003,-0.023180613815641044,0.30484657298537426,1246,-0.04280566092505027
tbi_z24,long,5,-0.00869790003525453,0.2626427597193199,3502,-0.12056195740130414,-0.023200998371244883,0.30468303826384924,1225,-0.15786037832525704
lo_pos,long,5,0.3898305084745763,0.5423728813559322,3445,-0.12056252820745118,-0.023201569177391926,0.3062409288824383,1277,-0.06768669614450795
rpt_rank,long,0,-inf,0.09166666666666666,3388,-0.12057279027044418,-0.023211831240384923,0.30932703659976385,1186,-0.18487953898875534
to_hi96,short,3,2.8553102125807244,3.7001867478359136,3496,-0.12087175704733413,-0.012859619086572877,0.30434782608695654,1193,-0.08908289618256468
since_lo24,long,6,18.0,20.0,2516,-0.12091630543245092,-0.023555346402391666,0.3120031796502385,888,-0.08781834850007172
body_frac,short,0,-inf,-0.6435915620173563,3506,-0.12095265419133551,-0.012940516230574253,0.304905875641757,1558,-0.040774692648307805
close_loc,short,0,-inf,0.12756188997937595,3506,-0.12097301580892703,-0.01296087784816577,0.3051911009697661,1555,-0.045180273226584786
body_frac,short,5,0.014486261210626735,0.18572770850153464,3506,-0.12101886901485584,-0.013006731054094584,0.3031945236737022,1164,-0.004283630029268246
disp6,short,8,1.0523813095133911,1.7503604678262186,3505,-0.12104588791946459,-0.013033749958703336,0.3018544935805991,1467,-0.059891529002023436
atr_pct,short,5,0.008167571581567333,0.009089786736318406,3507,-0.12122696809826894,-0.013214830137507683,0.2979754776161962,882,-0.00964552515714997
disp96,short,6,1.9180345888122008,3.7578628521988935,3496,-0.12125621617458286,-0.013244078213821606,0.30720823798627,1261,-0.029384441300603043
close_loc,short,4,0.4152463593421562,0.512573128176288,3506,-0.12144286802707807,-0.013430730066316815,0.3074729035938391,1163,-0.03928185265126173
range_per_trade,short,1,3.561097574682568e-08,4.173280756420586e-08,3506,-0.12155957771895032,-0.013547439758189062,0.30889903023388476,2208,-0.05780763731973438
range_z,long,5,-0.27990715369524594,-0.08803256459153755,3487,-0.12157384449411036,-0.024212885464051107,0.3031258961858331,1218,-0.10236824724656965
flow_eff,short,7,0.16726915206073098,0.25912206705952107,3506,-0.12160539857465891,-0.01359326061389765,0.29806046776953793,783,-0.016271500747633307
dow,short,1,1.0,2.0,5015,-0.12174740593588212,-0.013735267975120868,0.3040877367896311,1824,-0.11406161629022671
atr_pct,long,1,0.004192690711789546,0.005461840715142885,3506,-0.12193219409220733,-0.024571235062148075,0.3320022818026241,2832,-0.14566577253387578
tbi_z8,short,4,-0.3042949969786389,-0.007884435257472004,3505,-0.12197802778912666,-0.0139658898283654,0.30556348074179746,1283,-0.07505626910487448
ats_rank480,long,1,0.08541666666666667,0.1875,3395,-0.1219942246702414,-0.024633265640182145,0.30456553755522825,1297,-0.13144056419170622
close_loc,short,5,0.512573128176288,0.6112551439650037,3506,-0.12201727964324399,-0.014005141682482736,0.3057615516257844,1207,-0.014067999282331477
up_wick,long,6,0.31167373072263244,0.3818959978036645,3506,-0.12204753212790143,-0.024686573097842168,0.30633200228180263,1271,-0.11144921984309375
absorb_z,long,0,-inf,-0.4268072516137351,3383,-0.12212366180908016,-0.0247627027790209,0.3074194501921372,1244,-0.12340364656074718
range_per_trade,short,6,6.27938313879558e-08,7.000582717566745e-08,3506,-0.12224341267185683,-0.014231274711095573,0.30633200228180263,955,-0.14173177089115627
absorb,short,8,0.08648824357416701,0.1719035864945249,3505,-0.12225304270490289,-0.014240904744141636,0.30699001426533523,1453,-0.05324842304460518
range_per_trade,long,9,9.802137184627874e-08,inf,3506,-0.12245343470493038,-0.02509247567487112,0.29435253850541926,45,-0.39425994138037773
vol_per_trade_z,short,2,-0.9211559222952986,-0.5995102886387437,3487,-0.12246949576287815,-0.01445735780211689,0.3088614855176369,1490,-0.08516717504717718
atr_pct,short,6,0.009089786736318406,0.010249277779580427,3505,-0.12247980148632971,-0.014467663525568455,0.2955777460770328,677,0.10306205722259382
to_hi480,short,7,15.764001065538912,19.85781773030837,3458,-0.1225550448078178,-0.014542906847056544,0.3039329091960671,1614,-0.06022906793254337
since_lo480,short,7,406.0,447.0,3468,-0.12268126074061535,-0.01466912277985409,0.3119953863898501,1441,-0.020495526312997888
tbi_z8,long,7,0.5943921861079807,0.9243928663296914,3505,-0.12288728405493472,-0.025526325024875465,0.30556348074179746,1289,-0.05388655644706772
wick_skew,long,1,-0.4453384122440409,-0.2899926125554185,3506,-0.1229888899642429,-0.02562793093418364,0.30547632629777527,1269,-0.1288867076128976
since_lo24,short,5,14.0,18.0,4394,-0.12313856927791068,-0.015126431317149427,0.3086026399635867,1589,-0.10316520899265935
avg_trade_usd,short,2,2858.1732383420426,3164.688337407419,3506,-0.12315563393476894,-0.015143495974007687,0.3060467769537935,1053,-0.002236572004092909
since_lo24,long,8,22.0,24.0,3921,-0.12319029074106018,-0.025829331711000922,0.3083397092578424,1407,-0.08627568165666649
ats_rank480,short,7,0.7208333333333333,0.8229166666666666,3370,-0.12320435051151381,-0.015192212550752551,0.30771513353115726,1233,-0.049265273254597036
dq,long,1,-0.10317985120133531,-0.06866073766573437,3506,-0.12322568687471812,-0.02586472784465886,0.3057615516257844,1312,-0.04228692745026077
kyle_z,short,7,0.34848571185864896,0.7220738283701793,3487,-0.1233894755811997,-0.015377337620438442,0.2991109836535704,1345,-0.08510509834661932
extreme_late,short,5,0.7288135593220338,0.8135593220338984,3652,-0.1234781249131559,-0.01546598695239465,0.3044906900328587,1354,-0.06369286144786653
persist24,short,6,0.22692163804423632,0.2815001774798226,3504,-0.12356392796993558,-0.015551790009174324,0.3067922374429224,1404,-0.0977565234350468
close_loc,short,7,0.7054155376974892,0.7952669014449383,3506,-0.12364374274054414,-0.015631604779782884,0.304905875641757,1230,-0.049054765883161815
hour,long,5,11.0,14.0,4383,-0.12365075585843487,-0.02628979682837561,0.3134839151266256,1611,-0.10685219707803505
minofday,long,5,660.0,840.0,4383,-0.12365075585843487,-0.02628979682837561,0.3134839151266256,1611,-0.10685219707803505
pos24,short,5,0.5238572628120297,0.6138164784856683,3504,-0.12366492227371592,-0.015652784312954665,0.3090753424657534,1209,-0.09480286616594279
tbi_z24,long,1,-1.2988631497323713,-0.8752144841383881,3501,-0.12373400353890368,-0.026373044508844423,0.30534133104827194,1261,-0.0681426568410396
hi_pos,short,1,0.01694915254237288,0.06779661016949153,3176,-0.1237837120831135,-0.01577157412235225,0.3047858942065491,1098,-0.04738966740214138
rpt_z,short,9,1.3494329420901647,inf,3487,-0.12389976849689897,-0.015887630536137717,0.2991109836535704,1348,-0.010139704806945246
minofday,short,3,420.0,540.0,2922,-0.12393575402130601,-0.01592361606054475,0.30903490759753593,1074,-0.06814552017331924
hour,short,3,7.0,9.0,2922,-0.12393575402130601,-0.01592361606054475,0.30903490759753593,1074,-0.06814552017331924
avg_trade_usd,long,2,2858.1614111569443,3164.679882676057,3506,-0.12400582056671593,-0.02664486153665667,0.3103251568739304,1053,-0.14163658648034047
tbi,long,1,-0.0516239244833121,-0.03439329430305443,3506,-0.12413652381016665,-0.026775564780107397,0.30547632629777527,1303,-0.03633578504833442
up_wick,short,7,0.3818748474683521,0.4665435780111244,3506,-0.12421899836413819,-0.016206860403376933,0.3040501996577296,1228,-0.03921063713684591
persist6,short,3,0.20128462882638803,0.27443175030768696,3505,-0.12445833085586952,-0.016446192895108264,0.30556348074179746,1286,-0.0753518706003404
kyle_z,long,5,-0.17583084576100785,0.06534416584971904,3487,-0.12448546099302076,-0.027124501962961498,0.3034126756524233,1218,-0.12076360675726748
dq_cum24,long,8,0.22993789244174748,0.40846796091060394,3501,-0.12449299117761799,-0.02713203214755873,0.3056269637246501,1195,-0.03842383345131268
range_rank,short,0,-inf,0.08541666666666667,3391,-0.12454046624238259,-0.016528328281621332,0.3291064582718962,1267,-0.13511111764975867
m1_jump,short,2,0.15479760003908602,0.1742480959211107,3506,-0.12454381649586564,-0.016531678535104385,0.30433542498573873,1185,-0.05171325479613578
lo_pos,short,6,0.5423728813559322,0.6949152542372882,3866,-0.12454382106455122,-0.016531683103789968,0.30548370408691156,1445,-0.04840551700961447
tbi_ma24,long,8,0.004727669891982502,0.008454288618737558,3501,-0.12455976476061886,-0.027198805730559605,0.3056269637246501,1200,-0.03780048255110105
persist24,short,5,0.18076897792490793,0.22692163804423632,3504,-0.12462788237729555,-0.016615744416534295,0.3045091324200913,1313,-0.030043400388471402
hi_pos,short,7,0.6949152542372882,0.8305084745762712,3620,-0.12476384479347492,-0.016751706832713667,0.3033149171270718,1276,-0.03996657268139328
lo_pos,long,2,0.06779661016949153,0.15254237288135594,3437,-0.12485896759336161,-0.027498008563302354,0.30520803025894677,1222,-0.11036409950904384
m1_jump,long,8,0.3259835585132816,0.4227139466478719,3506,-0.12489611434560666,-0.0275351553155474,0.30690245293782087,1471,-0.1307299078307695
vol_of_vol,long,5,-0.3024053859275736,-0.09348071449840595,3456,-0.12504158001169696,-0.027680620981637705,0.3107638888888889,1124,-0.027339150589153722
hi_pos,short,4,0.2711864406779661,0.423728813559322,3997,-0.1251128643834362,-0.017100726422674933,0.305479109331999,1471,-0.1338132071565316
pos24,short,6,0.6138164784856683,0.7015052119803351,3503,-0.12528176277151593,-0.01726962481075467,0.3045960605195547,1204,-0.16248887719369473
rpt_z,long,1,-1.2284920882517292,-0.8708756829641052,3487,-0.12539356016792283,-0.028032601137863572,0.30685402925150557,1357,-0.14274088792644113
persist24,long,5,0.18079543695447275,0.22693501044517875,3504,-0.12540064177044058,-0.028039682740381322,0.305365296803653,1313,-0.12394020806389762
since_lo24,long,9,24.0,inf,4773,-0.12541246539955453,-0.02805150636949527,0.3033731405824429,1747,-0.07588257848907058
to_hi24,long,3,1.406505179058801,1.7427908266912584,3504,-0.1254881574755594,-0.02812719844550013,0.3056506849315068,1119,-0.07484994860384431
tbi_z96,short,5,-0.01107023432368363,0.25354164022847614,3487,-0.1256473738208318,-0.01763523586007054,0.30427301405219387,1295,0.012926818943765843
range_z,long,0,-inf,-0.924276844332619,3487,-0.12572979378015853,-0.02836883475009927,0.3214797820476054,1550,-0.03704659207256395
wick_skew,short,4,-0.09272331263908494,-0.009940357852846693,3506,-0.12578635960041962,-0.01777422163965836,0.3037649743297205,1290,-0.0009943692042633562
accel,short,5,-0.013053442074392518,0.2982736981889366,3504,-0.12585709947197435,-0.017844961511213092,0.3079337899543379,1186,-0.08989508346571548
extreme_late,long,5,0.7288135593220338,0.8135593220338984,3652,-0.12592768239079605,-0.02856672336073679,0.3091456736035049,1354,-0.09173858932249229
absorb,short,6,0.022310202030521382,0.048936296728726646,3504,-0.12594219602289725,-0.01793005806213599,0.2996575342465753,970,-0.08256676550312539
atr_rank,short,8,0.7958333333333333,0.9125,3412,-0.1259641455330781,-0.017952007572316853,0.27989449003517,1306,0.030878330174396142
since_lo480,short,4,232.0,297.0,3441,-0.12605965616187428,-0.018047518201113028,0.3196745132229003,1113,-0.04050389742050788
updn_ratio,long,3,0.4666666666666667,0.48333333333333334,3502,-0.12610605936800473,-0.028745100337945473,0.3058252427184466,1267,-0.07048680810396998
tbi_ma96,short,4,-0.0037073251317490583,-0.0023371495983311235,3487,-0.12643283586423296,-0.0184206979034717,0.30857470605104675,860,-0.06925842859286878
accel,long,6,0.29835338357644864,0.6429526811907219,3503,-0.12643689555260823,-0.029075936522548973,0.310305452469312,1266,-0.08620631887546129
dow,long,3,3.0,4.0,4992,-0.1265601317032577,-0.029199172673198437,0.2936698717948718,1848,-0.15642645980000147
to_lo24,short,0,-inf,0.8278807227595546,3504,-0.1266422047066269,-0.018630066745865648,0.3090753424657534,1737,0.04352586872138826
to_hi480,long,8,19.857012479627763,26.50971702532698,3458,-0.12668851509414714,-0.02932755606408788,0.3091382301908618,1374,-0.11029944465298966
tbi_ma8,long,5,-0.0022922432720932084,0.000991511627111748,3505,-0.12673038635278117,-0.029369427322721908,0.301283880171184,992,-0.0482874058111627
kyle,short,6,3.60482984876112e-07,4.0542639818151695e-07,3506,-0.1267850910989313,-0.01877295313817004,0.29920136908157446,844,0.03374013272982861
persist24,long,1,0.032814186930842516,0.06551595410673595,3503,-0.1268352086412957,-0.02947424961123643,0.31116186126177564,1237,-0.03394722623134878
pos96,short,7,0.7289471990762767,0.8090991854336369,3496,-0.12701989962665508,-0.019007761665893824,0.3060640732265446,967,-0.008703687611163158
close_loc,short,8,0.7952669014449383,0.8856045041506457,3506,-0.12706790417959798,-0.01905576621883673,0.30262407301768396,1298,-0.11356887234364604
dq_z96,short,5,-0.010757346452267558,0.25344366272556634,3487,-0.1270808109258981,-0.01906867296513684,0.3036994551190135,1294,0.009007219280043026
since_hi24,short,9,24.0,inf,4330,-0.12713302190290252,-0.01912088394214126,0.2951501154734411,1727,0.08549080030529033
range_per_trade,long,8,8.003432479169597e-08,9.802137184627874e-08,3506,-0.12746956147740454,-0.030108602447345284,0.3020536223616657,326,-0.12400644076768215
disp6,short,5,0.02183579848691259,0.30910979045005754,3506,-0.1274837204968767,-0.019471582536115445,0.30547632629777527,1190,-0.05219997017341118
gap,long,0,-inf,-0.0005256659011110111,3506,-0.12772214367464246,-0.030361184644583206,0.31488876212207645,93,-0.20599441910279004
lo_pos,short,9,0.9491525423728814,inf,3621,-0.12775258532169104,-0.01974044736092978,0.3029549848108257,1372,-0.046528868929431096
since_lo24,short,8,22.0,24.0,3921,-0.12786153597162428,-0.019849398010863023,0.3078296352971181,1407,-0.09708173702678635
pos96,long,6,0.6330098323117384,0.7289765239943664,3496,-0.1278850728120335,-0.030524113781974255,0.3029176201372998,1258,-0.2606507044611585
up_wick,short,0,-inf,0.045398602934798145,3506,-0.12789754376831067,-0.01988540580754941,0.30861380490587564,1612,-0.026252380275806873
range_rank,short,4,0.38125,0.4875,3423,-0.12795668242642022,-0.019944544465658964,0.30704060765410457,1264,-0.036333841835374296
trade_intensity,short,5,0.7908422389080954,0.918430681380335,3497,-0.1281104471439636,-0.02009830918320235,0.30054332284815555,1131,-0.09565634221110159
wick_skew,long,2,-0.2899926125554185,-0.18099760974012988,3506,-0.12815595840901134,-0.03079499937895208,0.3017683970336566,1302,-0.09482968692555577
minofday,short,4,540.0,660.0,2922,-0.12821826432764782,-0.020206126366886568,0.31143052703627655,1074,-0.0017476455579894916
hour,short,4,9.0,11.0,2922,-0.12821826432764782,-0.020206126366886568,0.31143052703627655,1074,-0.0017476455579894916
rpt_rank,short,9,0.9020833333333333,inf,3469,-0.12825035178712998,-0.02023821382636873,0.2974920726434131,1311,-0.0650861212625104
kyle,short,8,4.674369129594977e-07,5.851884731695077e-07,3506,-0.12848148851031452,-0.02046935054955326,0.28665145464917285,452,-0.029968129878014685
tbi_ma24,long,6,-0.00020718276633194631,0.002034995504720789,3501,-0.12848986591150316,-0.031128906881443902,0.3050556983718937,1022,0.02079892568879136
gap,short,4,0.00015567659464759044,0.0005444295103190993,3506,-0.12856675138383733,-0.020554613423076074,0.2977752424415288,2199,-0.10304431459134569
kyle_z,long,0,-inf,-1.170819498635865,3487,-0.12858456591673587,-0.031223606886676608,0.3203326641812446,1483,-0.13885923158843305
range_rank,long,3,0.2791666666666667,0.38125,3388,-0.12867703113233292,-0.03131607210227366,0.313754427390791,1298,-0.14469703373428838
disp96,long,3,-3.0089918875830817,-1.228981158241652,3497,-0.1287039306621976,-0.03134297163213834,0.30054332284815555,1295,-0.0459535170837205
absorb_z,long,7,0.15504440633089248,0.24579696731213438,3382,-0.12876480500130827,-0.03140384597124901,0.3066232998225902,1360,-0.06386897019244919
flow_eff,short,6,0.11176796799917907,0.16726915206073098,3506,-0.12905547745853463,-0.021043339497773372,0.30034227039361094,986,-0.035525424998824
to_lo24,short,5,2.337691902799124,2.791391223544418,3504,-0.12908538095862793,-0.02107324299786667,0.3056506849315068,1255,-0.06850705553064589
body_frac,long,4,-0.16181579288026393,0.014493092405153733,3505,-0.12915765234038404,-0.03179669331032478,0.30470756062767473,1250,-0.11418583437265915
range_rank,short,2,0.17916666666666667,0.2791666666666667,3447,-0.12920715036576172,-0.021195012405000463,0.31389614157238177,1284,-0.03263153151793846
range_z,long,4,-0.4379896211601471,-0.27990715369524594,3486,-0.1292295980046251,-0.03186863897456585,0.3037865748709122,1152,-0.19750999473073447
to_hi96,short,5,4.543341777425884,5.48068914135152,3497,-0.12927235209367194,-0.021260214132910682,0.3059765513297112,1052,-0.11684590910466268
persist6,short,5,0.35078755526717126,0.43815139795220626,3506,-0.12949196177957326,-0.021479823818812,0.30547632629777527,1312,-0.033474282945315854
pos96,long,1,0.15526351358689433,0.24508816297499386,3496,-0.1296686651201899,-0.032307706090130645,0.3049199084668192,1386,-0.1990870080157005
dq_cum24,long,6,-0.00708643829164028,0.10039040985631144,3501,-0.12971617075871578,-0.03235521172865652,0.30477006569551557,1013,0.03604050754890104
rv_vs_range,long,6,0.7077811522786989,0.7577211396429018,3506,-0.12996228674240556,-0.032601327712346306,0.3031945236737022,1218,-0.13708422533372552
kyle_z,short,8,0.7220738283701793,1.311392023092132,3487,-0.1300010188259308,-0.021988880865169536,0.29394895325494697,1458,-0.0646864082175032
gap,short,2,-0.00014014571028278563,0.0,2112,-0.13002798010684413,-0.022015842146082876,0.2959280303030303,719,0.10193044246995848
rv_vs_range,short,6,0.7077805320523323,0.7577209172671941,3506,-0.13006317558522634,-0.022051037624465086,0.3040501996577296,1218,-0.01784122099820185
to_hi24,short,7,3.067968517147412,3.747623796777492,3504,-0.13011955142052548,-0.02210741345976422,0.3073630136986301,1231,-0.07315005941141665
range_per_trade,long,0,-inf,3.561044895412336e-08,3506,-0.1301595814049484,-0.03279862237488915,0.31061038220193954,2704,-0.2098742304062892
body_frac,short,9,0.652791113410846,inf,3506,-0.13017056211350672,-0.022158424152745465,0.2974900171135197,1534,-0.06755064138877312
trade_intensity,long,0,-inf,0.4012995823557273,3497,-0.130189053230227,-0.032828094200167746,0.32856734343723193,1991,-0.04045992742452598
trade_intensity,short,1,0.4013007864376069,0.5066008676622968,3496,-0.13022900173952823,-0.02221686377876697,0.3123569794050343,1354,-0.042367884784221405
to_lo480,short,7,17.992958429761767,22.06882720004373,3458,-0.130263869326617,-0.02225173136585573,0.31058415268941586,1367,0.02813726336682917
hi_pos,long,6,0.559322033898305,0.6949152542372882,3270,-0.13029178482278522,-0.032930825792725965,0.299388379204893,1221,-0.10870996602262865
since_hi480,long,5,212.0,280.0,3446,-0.1303462770950344,-0.03298531806497515,0.3070226349390598,1060,-0.15729589465286622
rv_vs_range,long,2,0.5350205477116718,0.5809053122230657,3506,-0.13048035037951414,-0.03311939134945488,0.3020536223616657,1239,-0.010947291746813827
kyle_z,long,6,0.06534416584971904,0.34843683189234964,3487,-0.13075031966399106,-0.0333893606339318,0.29710352738743906,1238,-0.1363088032228641
range_rank,short,5,0.4875,0.5916666666666667,3413,-0.13075368758980263,-0.022741549629041374,0.30178728391444476,1243,0.0034881678506765877
tbi_ma96,long,8,0.002328558510295655,0.004727405578237936,3487,-0.1311318485351657,-0.033770889505106455,0.29739030685402923,1174,-0.07059311708683422
absorb_z,short,3,-0.10245187469481554,-0.03141468851544805,3383,-0.13116630682998384,-0.023154168869222586,0.3003251551877032,1326,-0.09613212768922119
vol_per_trade_z,long,3,-0.5995447003909992,-0.3317971156259138,3487,-0.13125302767245045,-0.03389206864239119,0.30197877831947234,1328,-0.08542374185506244
since_hi96,short,7,77.0,87.0,3520,-0.13127338260316884,-0.023261244642407586,0.30482954545454544,1261,0.009974529075994805
absorb,short,9,0.1719035864945249,inf,3505,-0.13128002943373446,-0.0232678914729732,0.3095577746077033,1802,-0.02385262526321142
to_hi24,long,4,1.7427908266912584,2.118714431898808,3503,-0.1313621576552038,-0.03400119862514453,0.30916357407936057,1157,-0.1148654398138525
persist6,short,7,0.5340471553636519,0.644457921253501,3506,-0.13162801715707734,-0.02361587919631608,0.3020536223616657,1291,-0.039669451353566004
kyle_z,short,4,-0.3931332560871977,-0.17582282267823063,3487,-0.1316968270118577,-0.02368468905109644,0.305993690851735,1158,-0.09358655431477972
pos96,long,4,0.4354714028782575,0.5315883402736458,3496,-0.1317832588554107,-0.03442229982535144,0.30205949656750575,1221,0.06599603396952475
dq,long,2,-0.06866073766573437,-0.04458013606650372,3506,-0.13186148014151816,-0.034500521111458904,0.3009127210496292,1039,-0.06455520863119901
since_hi24,short,8,22.0,24.0,3601,-0.13190640052402058,-0.023894262563259328,0.3013051930019439,1386,-0.005116109180281481
pos96,short,4,0.435452700744033,0.531584886784167,3497,-0.13210694494609201,-0.024094806985330758,0.30254503860451815,1221,-0.2617275938263885
updn_ratio,short,2,0.45,0.4666666666666667,2907,-0.13218729672637625,-0.02417515876561499,0.30340557275541796,1003,-0.05094009890018948
ats_z96,short,4,-0.33039931476256457,-0.0655048234775448,3487,-0.13221772706535984,-0.02420558910459858,0.3039862345856037,1313,-0.05157738317868839
lo_pos,long,1,0.01694915254237288,0.06779661016949153,3339,-0.1324339542720872,-0.03507299524202795,0.3000898472596586,1110,-0.16758554844822268
tbi,long,2,-0.03439329430305443,-0.022335890134764336,3506,-0.1325802412940631,-0.03521928226400384,0.30062749572162006,1041,-0.06760562993636937
pos24,short,8,0.7853188526388911,0.867146355879593,3504,-0.13265570316593794,-0.024643565205176687,0.3002283105022831,1249,-0.0983746123550357
disp96,long,7,3.7580711514398093,6.060248526502423,3496,-0.1326625550900105,-0.03530159605995123,0.30549199084668194,1304,-0.11871487408002396
disp6,long,4,-0.2546100385314356,0.02203148954379801,3505,-0.13289845358365615,-0.03553749455359689,0.30699001426533523,1119,-0.060957465682058724
absorb_z,short,0,-inf,-0.4268071978424714,3384,-0.13294802843840758,-0.024935890477646327,0.30289598108747046,1244,-0.028202423242486743
persist6,long,0,-inf,0.06514392011380178,3506,-0.1331586691281959,-0.03579771009813665,0.3060467769537935,1218,-0.07452211516862303
gap,long,5,0.0005444500685810594,inf,3506,-0.13330017800022834,-0.03593921897016908,0.31403308613804903,104,-0.28444198146739025
persist96,long,6,0.12224532933824603,0.15150839430621474,3497,-0.13340821695043134,-0.03604725792037208,0.30225907921075207,1193,-0.19161889324877523
tbi_ma96,long,6,-0.0009746223993012524,0.0005142899116155543,3487,-0.1335109408886111,-0.03614998185855184,0.3120160596501291,1054,0.1518651037318732
accel,short,2,-1.0368885018357983,-0.6571659238421051,3503,-0.13351855429200513,-0.02550641633124387,0.3074507564944333,1196,-0.05501525798398659
m1_jump,short,5,0.215338046984058,0.241197723378321,3507,-0.1335910620883583,-0.025578924127597047,0.3013972055888224,1359,-0.041270164912839906
rv_vs_range,short,1,0.47884234487949734,0.5350228078916968,3506,-0.13368628650286363,-0.02567414854210237,0.29806046776953793,1162,-0.09518066125636171
ats_rank480,short,6,0.6166666666666667,0.7208333333333333,3400,-0.1337238881587348,-0.025711750197973532,0.305,1249,0.03997628483241085
to_hi24,long,2,1.0694686997470324,1.406505179058801,3503,-0.1337332519622851,-0.03637229293222585,0.3071652868969455,1250,-0.06515002728378869
disp24,long,6,0.7655802270505497,1.5337234783966711,3503,-0.13378750029000402,-0.03642654125994477,0.3088781044818727,1199,-0.11129259397610515
kyle_z,long,1,-1.170819498635865,-0.8631776734795581,3487,-0.13387570609888233,-0.03651474706882307,0.314883854316031,1178,-0.024428200374830806
accel,long,3,-0.6569150070148067,-0.3192281515881249,3503,-0.13400500681354485,-0.036644047783485595,0.3034541821296032,1229,-0.09533443890181015
tbi_ma8,short,8,0.008539112461697598,0.014429495411272569,3505,-0.13426561868765138,-0.026253480726890127,0.301283880171184,1227,-0.08451174476458793
persist96,short,3,0.05424746973072231,0.07498307199554965,3496,-0.13429459451461906,-0.026282456553857803,0.30463386727688785,1321,-0.1646760754540991
to_hi480,long,2,3.9303285040876506,5.788449674718482,3459,-0.13436673798537352,-0.03700577895531426,0.2963284186180977,1013,-0.07790377654969607
tbi_ma8,short,3,-0.009022729494246236,-0.005505236821904035,3504,-0.1343967742394969,-0.026384636278735635,0.3030821917808219,965,-0.03141634075948826
updn_ratio,short,7,0.5333333333333333,0.55,3327,-0.13444660009832393,-0.026434462137562675,0.29906822963630897,1198,-0.10523038767084555
dn_wick,short,4,0.20975753262159288,0.26638218905490874,3506,-0.1344654328338178,-0.026453294873056532,0.3017683970336566,1259,-0.05247312174773092
disp96,short,5,0.32595998432668083,1.9180345888122008,3497,-0.13450793540223574,-0.026495797441474483,0.30254503860451815,1481,0.10155191885400874
wick_skew,short,9,0.42122628210559715,inf,3506,-0.13466737278488425,-0.026655234824122992,0.3020536223616657,1314,-0.07007700696635631
absorb,long,1,-0.22607040350099575,-0.11164120196014472,3505,-0.13468168257803453,-0.037320723547975276,0.3072753209700428,1439,-0.12704388596182747
rpt_rank,long,1,0.09166666666666666,0.1875,3410,-0.13497867795465762,-0.037617718924598365,0.3032258064516129,1245,-0.1747644249151587
accel,short,8,1.0401392907012612,1.596059087146513,3504,-0.13513133929934296,-0.0271192013385817,0.2925228310502283,1311,-0.07309214046070014
persist24,short,4,0.1377870702542768,0.18076897792490793,3503,-0.13525448290641504,-0.02724234494565378,0.3034541821296032,1394,-0.08469733816746101
absorb_z,short,9,0.4313624720179856,inf,3384,-0.13527721099055673,-0.027265073029795472,0.30112293144208035,1187,0.08564468284855198
dn_wick,short,2,0.10450672233217057,0.15678580053127267,3506,-0.13545312586265748,-0.027440987901896224,0.29863091842555617,1331,-0.05936283789046859
since_hi24,short,5,14.0,17.0,3291,-0.135551327544497,-0.027539189583735746,0.30750531753266486,1144,-0.12762067359151183
tbi_ma96,short,7,0.0005130046899019851,0.002326397477215705,3487,-0.13573348503777036,-0.0277213470770091,0.30197877831947234,1250,-0.20990571122795765
tbi_z24,short,0,-inf,-1.2988523244440568,3502,-0.13574613382250825,-0.02773399586174699,0.3052541404911479,1267,-0.004650726928397811
dq_cum24,long,5,-0.10740856528445115,-0.00708643829164028,3502,-0.13618505818699408,-0.03882409915693483,0.30068532267275844,1055,-0.034285549044571546
trade_intensity,long,2,0.5065990507834885,0.5970854318621722,3497,-0.13620350733578013,-0.03884254830572087,0.3071203889047755,1159,-0.12760980985947168
ats_z96,long,2,-0.9176917337517752,-0.6012181127589884,3487,-0.13647333513214524,-0.03911237610208598,0.30255233725265274,1466,-0.11650351851194236
body_frac,short,2,-0.47415157233879973,-0.31939813129471406,3506,-0.13661954312634636,-0.028607405165585104,0.3037649743297205,1208,-0.04253460606179046
persist96,long,1,0.017158439705776674,0.03505481685289561,3496,-0.13675525076039438,-0.039394291730335124,0.3026315789473684,1498,-0.13484527769965945
gap,long,1,-0.0005256659011110111,-0.0001402496642012051,3506,-0.13689105516582795,-0.03953009613576869,0.2934968625213919,2248,-0.10328589812388293
hi_pos,long,8,0.8305084745762712,0.9491525423728814,3535,-0.13719672242326628,-0.03983576339320702,0.30353606789250354,1448,-0.09699186504973692
rpt_rank,long,5,0.49166666666666664,0.59375,3402,-0.13743954384109394,-0.040078584811034684,0.30364491475602584,1291,-0.0437415646593478
to_hi24,long,8,3.747562986486351,4.732503134615943,3504,-0.13749459699875086,-0.0401336379686916,0.2905251141552511,1334,0.06245086602499123
to_lo24,long,2,1.226934241181998,1.5877241845471413,3503,-0.137663470721154,-0.04030251169109475,0.3057379389095061,1098,-0.04985377003936522
accel,long,4,-0.3192281515881249,-0.013005669124934421,3504,-0.13775014254321702,-0.04038918351315776,0.3065068493150685,1180,-0.15577145013313423
tbi_z8,short,0,-inf,-1.3254520827873542,3505,-0.13801568165612357,-0.030003543695362317,0.3018544935805991,1315,-0.05952164837751282
lo_pos,short,0,-inf,0.01694915254237288,3407,-0.13806518714513197,-0.03005304918437071,0.2990901085999413,1333,-0.13338001826950666
since_hi24,long,1,2.0,4.0,3182,-0.13847997702441842,-0.04111901799435916,0.3004399748585795,1182,-0.16235007069992974
to_lo24,short,8,4.1021128747230176,5.191580054875919,3504,-0.13857325161202835,-0.030561113651267097,0.2905251141552511,1247,-0.034268016107948426
avg_trade_usd,short,1,2527.69524328488,2858.1732383420426,3506,-0.13875107175855034,-0.03073893379778908,0.3037649743297205,1063,0.040687549710156964
up_wick,long,5,0.2519004837595062,0.31167373072263244,3506,-0.13911696852928918,-0.04175600949922992,0.3014831717056475,1222,-0.07000888311029484
pos24,short,4,0.43394388269511447,0.5238572628120297,3504,-0.13935654905028935,-0.031344411089528096,0.3010844748858447,1133,-0.022647046728431458
efficiency,short,6,0.12519179813457013,0.15273406068392079,3506,-0.13950050544435172,-0.03148836748359046,0.30034227039361094,1274,-0.05014548134100612
to_lo480,long,5,12.952719591817235,15.313729726370834,3458,-0.13968656515434932,-0.042325606124290066,0.302486986697513,1185,-0.1500103073321076
since_lo24,short,9,24.0,inf,4772,-0.13968950084922535,-0.031677362888464095,0.2996647108130763,1747,-0.12512518174447804
pos480,long,9,0.9121279040944632,inf,3459,-0.13972104470364907,-0.042360085673589815,0.30500144550448105,1014,-0.12962885099331173
up_wick,short,2,0.09829912805771981,0.14702390510969668,3506,-0.13990203524588693,-0.03188989728512567,0.29834569309754705,1271,-0.00843691376555225
dq_cum24,long,1,-0.6181977959174821,-0.4473949092704493,3501,-0.14008879629877738,-0.04272783726871812,0.299057412167952,1230,-0.20788365379234358
range_per_trade,short,4,5.195288733852558e-08,5.699910875808247e-08,3506,-0.14055501792361072,-0.032542879962849464,0.3000570450656018,1340,-0.08911519614379862
flow_eff,long,5,0.07380423579691525,0.11176965527544123,3506,-0.14057825709745048,-0.04321729806739122,0.30119794637763836,1206,-0.13612976866719834
pos24,long,2,0.25734137495107734,0.342679245216718,3503,-0.14060369818726642,-0.043242739157207166,0.30031401655723666,1130,-0.07852846873129594
since_hi96,short,1,5.0,14.0,3771,-0.14071749922405524,-0.032705361263293986,0.29779899230973217,1376,-0.03757023782694998
tbi_ma24,long,1,-0.012937747010560831,-0.00937500527246635,3501,-0.14078802798902343,-0.04342706895896417,0.29877177949157385,1229,-0.20598674727899233
to_hi24,short,5,2.118745767261939,2.547947495443471,3504,-0.14112921464534178,-0.033117076684580526,0.3045091324200913,1153,-0.01835589641276191
since_lo96,short,5,57.0,69.0,3291,-0.1415421722337879,-0.03353003427302664,0.3053783044667274,1194,0.0062547610358704795
since_hi96,short,5,51.0,64.0,3386,-0.14167528365985949,-0.03366314569909823,0.29946839929119906,1130,-0.08747500474559973
since_lo480,short,0,-inf,35.0,3442,-0.1418751687767387,-0.03386303081597744,0.2713538640325392,1586,0.17440720759050082
since_lo480,short,6,355.0,406.0,3431,-0.14213608075791348,-0.034123942797152224,0.30865636840571264,1229,0.043659789437492165
rpt_rank,short,4,0.3875,0.49166666666666664,3442,-0.1423474043419813,-0.03433526638122003,0.3015688553166764,1351,-0.08554047068025519
avg_trade_usd,long,1,2527.683833019593,2858.1614111569443,3506,-0.14246379792034736,-0.0451028388902881,0.30547632629777527,1063,-0.1312721483086952
disp24,long,0,-inf,-3.558178164907318,3504,-0.14252909328007687,-0.045168134250017616,0.2868150684931507,1540,-0.17653670321742454
since_hi96,long,5,51.0,64.0,3385,-0.1425512996450714,-0.04519034061501215,0.30546528803545053,1130,-0.06272983855766656
tbi_ma96,long,3,-0.005084873421126796,-0.0037071584662384427,3487,-0.142679311442388,-0.04531835241232873,0.3036994551190135,910,-0.14940130039831429
tbi_ma24,long,5,-0.002293752246977513,-0.00020718276633194631,3502,-0.1428655184732902,-0.04550455944323095,0.2984009137635637,1047,-0.025094958023241645
disp6,short,1,-1.6834829805323752,-0.9936435490636504,3505,-0.14296178728376516,-0.0349496493230039,0.3018544935805991,1369,-0.06040367162603656
to_hi24,short,2,1.0695736274444911,1.4065722679476609,3504,-0.1430161281069954,-0.03500399014623415,0.3019406392694064,1249,-0.10092272184750144
since_hi96,long,7,77.0,87.0,3520,-0.14326298484047237,-0.04590202581041311,0.30568181818181817,1261,-0.1676596768064141
tbi_ma8,long,0,-inf,-0.018818421266459516,3505,-0.1433404021235376,-0.045979443093478345,0.30042796005706135,2390,-0.14968723248211122
tbi_ma24,short,8,0.004725736174343656,0.008454216801660027,3501,-0.14346056042867306,-0.0354484224679118,0.29791488146243933,1200,-0.11213728461555691
vol_of_vol,long,7,0.18136516122085292,0.6218251621524795,3456,-0.14351966927966517,-0.04615871024960591,0.2951388888888889,1322,-0.10664271456864709
tbi,short,7,0.017649168448060224,0.029888308679663435,3506,-0.14352890107744348,-0.035516763116682226,0.29634911580148315,1087,-0.10358881047777337
absorb_z,long,5,0.04281834112683909,0.10212499560649407,3384,-0.1440518906789427,-0.04669093164888344,0.29728132387706857,1322,-0.04741695687365114
range_z,short,4,-0.43797984151656716,-0.2798942167815345,3487,-0.14420325286243776,-0.03619111490167651,0.29767708632061946,1152,0.01723179518739583
since_hi96,short,2,14.0,25.0,3506,-0.14420646462812,-0.03619432666735875,0.293782087849401,1263,-0.2153557721853468
dow,short,4,4.0,5.0,5016,-0.144314070554757,-0.03630193259399575,0.2850877192982456,1848,-0.03856665961364968
persist6,short,6,0.43815139795220626,0.5340471553636519,3505,-0.14452282846252235,-0.03651069050176109,0.2978601997146933,1356,-0.09988532768307357
tbi_ma24,long,2,-0.00937500527246635,-0.006666866128319602,3501,-0.144848531512135,-0.047487572482075746,0.3027706369608683,1073,-0.25607908541213326
rpt_z,short,8,0.813240207867318,1.3494329420901647,3487,-0.1449481867482367,-0.036936048787475445,0.29652996845425866,1278,-0.09819402729851412
dn_wick,short,3,0.15678580053127267,0.20975753262159288,3506,-0.14504211653757149,-0.03702997857681023,0.2974900171135197,1246,-0.03718461552361681
kyle_z,short,3,-0.6165833793562542,-0.3931332560871977,3487,-0.14538387208402356,-0.03737173412326231,0.3028391167192429,1130,-0.013627256700940919
persist6,long,3,0.20128162389160933,0.27442564189661833,3506,-0.14556835139526966,-0.048207392365210405,0.30119794637763836,1286,-0.047237409062798816
close_loc,long,6,0.6112570909990829,0.7054336730650417,3506,-0.14581011823985465,-0.048449159209795395,0.2997718197375927,1214,-0.09137064467644535
dq,short,7,0.035404783600175974,0.059873012268443895,3506,-0.14612212834090252,-0.03810999038014126,0.2954934398174558,1088,-0.10719488926004456
dq_cum24,short,8,0.2298958818151539,0.4084619611202553,3501,-0.14617203293178216,-0.0381598949710209,0.2967723507569266,1195,-0.11066573094278619
dow,short,6,6.0,inf,5016,-0.1462127963316268,-0.03820065837086553,0.32057416267942584,1847,-0.12419230285420399
body_frac,long,6,0.18574216000011168,0.33961183967111835,3506,-0.14642180977288846,-0.049060850742829204,0.2997718197375927,1108,-0.13676324603841716
disp6,short,7,0.6372803806917184,1.0523813095133911,3506,-0.14648483644189844,-0.038472698481137185,0.29634911580148315,1239,-0.07442502463006477
since_hi96,long,8,87.0,94.0,3438,-0.1465440559112713,-0.04918309688121203,0.3022105875509017,1345,-0.15484940631197552
flow_eff,short,2,0.001006028709669071,0.02348083973005041,3506,-0.14672548142219616,-0.0387133434614349,0.32059326868225896,2084,-0.0975663859377947
to_lo96,short,8,9.337030323461132,11.420459216981993,3497,-0.14684273881886545,-0.03883060085810419,0.3031169573920503,941,0.06286670286298157
disp24,long,7,1.5337234783966711,2.546593511206263,3503,-0.147346899539321,-0.04998594050926175,0.2997430773622609,1420,-0.15596715594002641
ats_z96,short,1,-1.3169395296416455,-0.9176842789798093,3487,-0.1473537542765691,-0.03934161631580785,0.29767708632061946,1399,-0.07923059689686987
body_frac,short,8,0.49064398404962195,0.652791113410846,3506,-0.1482102818989125,-0.04019814393815124,0.2957786651454649,1283,-0.05421233097079286
atr_pct,long,4,0.0073160211263824,0.008167752622716812,3506,-0.14834501864149655,-0.05098405961143729,0.2997718197375927,1120,-0.09295204946969464
vol_of_vol,short,8,0.6218166460440939,1.3853853342532436,3456,-0.14835489704958818,-0.040342759088826924,0.2847222222222222,1434,0.03289804830485073
persist96,short,8,0.18863374766082386,0.24157721763221696,3496,-0.14860979075471076,-0.0405976527939495,0.2951945080091533,1099,-0.09237524570762759
to_lo24,long,3,1.5877241845471413,1.9447724865130713,3504,-0.14861870642394898,-0.05125774739388972,0.3050799086757991,1139,-0.06280140039535649
dq_cum24,long,2,-0.4473949092704493,-0.3167208103868369,3501,-0.14875225780656104,-0.05139129877650178,0.30162810625535563,1080,-0.24736220234740247
ats_rank480,long,2,0.1875,0.29583333333333334,3419,-0.1487930199885743,-0.05143206095851505,0.298917812225797,1391,-0.11524820753907399
vol_of_vol,short,6,-0.09349892828945615,0.18136420496741118,3456,-0.1492137672535076,-0.041201629292746345,0.2960069444444444,1207,-0.11029994251719094
dn_wick,short,0,-inf,0.04766866743442691,3506,-0.1494544032064235,-0.041442265245662246,0.2934968625213919,1568,-0.0724630441458184
ats_z96,long,0,-inf,-1.3169615090378894,3487,-0.1495987179512607,-0.052237758921201444,0.30197877831947234,1075,-0.10938522798578924
accel,long,5,-0.013005669124934421,0.29835338357644864,3504,-0.15034754743004403,-0.05298658839998477,0.3022260273972603,1186,-0.006511522930569238
pos480,long,0,-inf,0.157202216066482,3458,-0.15048556190554402,-0.05312460287548476,0.291497975708502,1385,-0.1708240796676043
close_loc,short,1,0.12756188997937595,0.2242733797901587,3506,-0.150666894132127,-0.04265475617136574,0.29691956645750145,1313,-0.051165704502881944
dq_z96,long,1,-1.2853783739581819,-0.8517371768122615,3487,-0.1511165045545444,-0.05375554552448514,0.2962431889876685,1270,-0.10162513910264892
lo_pos,long,7,0.6949152542372882,0.8305084745762712,3339,-0.1513995731578113,-0.054038614127752044,0.29829290206648695,1345,-0.0934143177262284
rpt_rank,short,8,0.7979166666666667,0.9020833333333333,3369,-0.15147671189025824,-0.043464573929496986,0.2956366874443455,1326,-0.10200637903233786
flow_eff,long,2,0.0010058566715917083,0.023479427178106818,3506,-0.1519533462215774,-0.054592387191518155,0.32116371933827725,2084,-0.03280089541002119
pos480,short,7,0.7655802122951468,0.8484798179427095,3458,-0.15217771052512105,-0.044165572564359795,0.29872758820127243,1067,0.09720286419814653
dow,long,6,6.0,inf,5016,-0.1523964736201464,-0.05503551459008715,0.32057416267942584,1847,-0.09290404926179242
tbi_z96,long,1,-1.284722297437355,-0.8519472674650257,3487,-0.1525288445693969,-0.05516788553933763,0.29595640952107827,1273,-0.10165741248378228
wick_skew,long,0,-inf,-0.4453384122440409,3506,-0.15265209749800757,-0.05529113846794831,0.29606389047347403,1256,-0.12910001468504817
since_lo96,long,3,29.0,43.0,3548,-0.15265980784203068,-0.05529884881197142,0.30101465614430667,1309,-0.03900870916999394
absorb_z,short,4,-0.03141468851544805,0.04282344679383983,3383,-0.1526766013185334,-0.04466446335777213,0.29500443393437775,1313,-0.08390018009457514
persist24,short,3,0.10048704698517351,0.1377870702542768,3504,-0.15268633635035656,-0.0446741983895953,0.3007990867579909,1272,-0.06399944896046658
dq_z96,short,8,0.8560408896933275,1.3026825961092816,3487,-0.1531935833012908,-0.045181445340529536,0.2953828505878979,1337,-0.026999247719761886
ats_z96,short,5,-0.0655048234775448,0.2220770314527305,3487,-0.15335658017526832,-0.045344442214507064,0.2968167479208489,1337,-0.08704780430451668
vol_per_trade_z,short,0,-inf,-1.3281718419311859,3487,-0.15391406900216403,-0.04590193104140278,0.2996845425867508,1025,-0.04729330382315079
close_loc,long,2,0.22426119578142742,0.3193108711070472,3506,-0.15398898860695437,-0.05662802957689511,0.29264118653736454,1251,-0.03412912007166132
dn_wick,long,5,0.2663719572671375,0.32703626448970874,3506,-0.15407780497862,-0.056716845948560746,0.29292641186537366,1229,-0.07276806296297506
pos480,short,9,0.9121265066740324,inf,3459,-0.15457566028834868,-0.046563522327587425,0.2977739230991616,1014,-0.21854869221368062
tbi_ma96,long,0,-inf,-0.009092537718015159,3487,-0.15484223779070638,-0.057481278760647125,0.29394895325494697,2120,-0.3595731513497797
updn_ratio,short,9,0.576271186440678,inf,3588,-0.15521387142059506,-0.047201733459833806,0.29264214046822745,1538,-0.05065193579393761
disp6,long,5,0.02203148954379801,0.30923713603453884,3505,-0.15529024056593588,-0.05792928153587662,0.30156918687589157,1190,-0.08184854011347417
disp96,short,3,-3.0089046207486887,-1.2288715998461157,3496,-0.15540620806123015,-0.047394070100468894,0.29776887871853547,1296,-0.15934303914770453
vol_per_trade_z,short,5,-0.059959722933987825,0.21821562878766587,3487,-0.15562371532374553,-0.04761157736298427,0.29366217378835674,1301,-0.03931933759122505
disp96,short,2,-4.833896450875086,-3.0089046207486887,3497,-0.15569944462359814,-0.04768730666283688,0.2908207034601087,1087,-0.21228777558337023
to_hi96,short,7,6.547487601580669,7.94765681170598,3496,-0.15570692720909138,-0.04769478924833012,0.29662471395881007,1398,-0.14174651841907915
to_hi96,short,6,5.48068914135152,6.547487601580669,3496,-0.15584651471644975,-0.047834376755688496,0.29490846681922195,1120,-0.09572305289893569
tbi_ma8,long,7,0.0045128022756340345,0.008542335965390972,3505,-0.15644073086701557,-0.05907977183695631,0.2992867332382311,984,-0.0021248329787740784
tbi,short,0,-inf,-0.05162391106498429,3506,-0.15647977780519964,-0.04846763984443839,0.30433542498573873,2220,-0.05025628380734582
dq,short,0,-inf,-0.1031791024457037,3506,-0.1565995991222679,-0.04858746116150664,0.30433542498573873,2216,-0.0523883314543749
rpt_z,short,4,-0.3475334471828782,-0.10238943341746227,3487,-0.15666614049640412,-0.048654002535642865,0.2956696300544881,1265,-0.09428314451063038
since_hi96,long,6,64.0,77.0,3672,-0.15674560124945575,-0.05938464221939649,0.30092592592592593,1241,-0.0635270534965382
since_lo96,short,6,69.0,80.0,3434,-0.15710669994765245,-0.04909456198689119,0.29615608619685496,1255,0.04537580659277535
pos96,long,2,0.24508816297499386,0.340260711580503,3497,-0.15711763021150357,-0.059756671181444315,0.2962539319416643,1415,0.05101550071923569
tbi_z96,short,8,0.8559947037506886,1.3026450459307028,3487,-0.15713588490362063,-0.04912374694285937,0.2945225121881273,1336,-0.028430303613631483
atr_rank,long,4,0.3541666666666667,0.45416666666666666,3407,-0.15719582492999282,-0.05983486589993356,0.303492808922806,1253,-0.0397144556096684
since_lo480,short,2,90.0,161.0,3476,-0.15739420966798623,-0.04938207170722497,0.29516685845799767,1437,-0.29112217629346815
to_hi24,long,1,0.6910508267432244,1.0694686997470324,3504,-0.15750619485991296,-0.060145235829853705,0.3022260273972603,1332,-0.06512335134575112
atr_rank,short,6,0.5583333333333333,0.6729166666666667,3456,-0.15754878249487472,-0.049536644534113466,0.2916666666666667,1164,-0.09273353762892561
pos480,long,6,0.6480196078431375,0.7656029796657938,3458,-0.15763498554010485,-0.0602740265100456,0.3007518796992481,1671,-0.014458950966421311
range_per_trade,short,2,4.173280756420586e-08,4.691948400150625e-08,3506,-0.15781693744406008,-0.04980479948329883,0.29806046776953793,1890,-0.07538033785965811
to_hi480,short,1,2.220582203196535,3.9309886960902545,3458,-0.15852578468097728,-0.05051364672021602,0.2860034702139965,969,-0.22673499667667915
up_wick,short,9,0.5815622313580239,inf,3506,-0.15861078115770694,-0.05059864319694568,0.2932116371933828,1272,-0.07389696467803711
to_lo96,long,5,5.3512628736507395,6.466701517060052,3497,-0.15878241973896723,-0.06142146070890797,0.2936802973977695,1275,-0.09141363452849793
ats_rank480,short,5,0.5083333333333333,0.6166666666666667,3430,-0.1588048365207584,-0.05079269855999716,0.29475218658892127,1303,-0.04463583073115754
extreme_late,short,9,0.9830508474576272,inf,4614,-0.15902062340103792,-0.05100848544027667,0.2910706545296922,1574,0.006330774362686555
accel,short,1,-1.594831918277911,-1.0368885018357983,3504,-0.15990747987934453,-0.051895341918583276,0.295662100456621,1328,-0.10474307348103618
hi_pos,short,9,0.9491525423728814,inf,3649,-0.16001128467127837,-0.05199914671051711,0.2899424499862976,1280,-0.03134618189013409
to_lo480,long,1,3.6753026624468137,6.187927331984936,3458,-0.16048950447210084,-0.06312854544204158,0.26402544823597457,1491,-0.014183019282738057
kyle,long,0,-inf,1.9917164459167846e-07,3506,-0.16109397427074476,-0.0637330152406855,0.32658300057045064,3687,-0.028939644884225187
range_rank,long,0,-inf,0.08541666666666667,3391,-0.16126830081903612,-0.06390734178897686,0.31760542612798587,1267,-0.07546937824655035
to_lo96,long,6,6.466701517060052,7.8225837438626495,3496,-0.16134926498031985,-0.06398830595026059,0.2931922196796339,1367,-0.11180538559614768
since_lo480,short,8,447.0,472.0,3344,-0.1615147055872092,-0.05350256762644795,0.29694976076555024,1215,-0.05441037599882865
vol_per_trade_z,short,1,-1.3281718419311859,-0.9211559222952986,3487,-0.16248591736700926,-0.05447377940624801,0.29595640952107827,1384,-0.06250524527709245
range_z,long,3,-0.5883717186098038,-0.4379896211601471,3487,-0.16355630593442275,-0.06619534690436349,0.2988242041869802,1143,-0.09921290306439527
dq,short,9,0.09469176500762781,inf,3506,-0.1639300598661479,-0.055917921905386636,0.2974900171135197,2210,-0.07037139136519936
tbi,short,9,0.04727204458680313,inf,3506,-0.1644157635215429,-0.056403625560781656,0.2974900171135197,2213,-0.06910457804114191
to_lo480,long,2,6.187927331984936,8.392037604551307,3459,-0.16467179968012158,-0.06731084065006232,0.28274067649609713,1365,-0.1672604097602278
updn_ratio,short,1,0.4209473684210527,0.45,2814,-0.16546491343277742,-0.05745277547201616,0.2945984363894812,1026,-0.09819800675093399
absorb_z,long,6,0.10212499560649407,0.15504440633089248,3383,-0.1655564349803359,-0.06819547595027664,0.2890925214306828,1537,0.03105454586631998
to_hi24,short,4,1.7430160683188018,2.118745767261939,3504,-0.16566042159294547,-0.057648283632184216,0.2948059360730594,1157,-0.08904417464587737
persist96,short,2,0.03505351234368028,0.05424746973072231,3497,-0.1666346638641793,-0.058622525903418043,0.29711181012296256,1389,-0.019304844127555412
vol_of_vol,short,3,-0.6296232344121473,-0.46900553777612153,3456,-0.1687261662800618,-0.060714028319300534,0.29658564814814814,1156,0.007109166300714862
since_lo96,long,4,43.0,57.0,3643,-0.16879301559464402,-0.07143205656458476,0.29563546527587153,1338,-0.06062014758664398
persist24,short,9,0.4468042827050092,inf,3504,-0.1697114567458428,-0.06169931878508153,0.2682648401826484,1199,0.18171163120440043
disp6,long,6,0.30923713603453884,0.6380828015748677,3506,-0.1701447892498873,-0.07278383021982804,0.29634911580148315,1164,-0.075807251488638
tbi_z96,short,0,-inf,-1.2847099974950693,3487,-0.17019384273280405,-0.062181704772042795,0.2956696300544881,1265,-0.007438213180183654
dq_z96,short,0,-inf,-1.2853572380150993,3487,-0.17031661210670826,-0.062304474145947,0.2956696300544881,1266,-0.005916338049541068
m1_jump,short,0,-inf,0.13225837919643144,3506,-0.17047926511060518,-0.062467127149843926,0.28237307472903594,1093,-0.06346520138130524
to_lo96,long,3,3.3851629130446024,4.36970366304649,3496,-0.17077189371980006,-0.0734109346897408,0.28747139588100684,1366,-0.06951761916110095
is_weekend,long,1,1.0,inf,10032,-0.17134751142994337,-0.07398655239988411,0.3064194577352472,3695,-0.021914134075449804
disp24,long,8,2.546593511206263,3.967738756409254,3504,-0.17174692682807982,-0.07438596779802056,0.2890981735159817,1391,-0.083289286187924
to_hi96,short,1,1.2628934771968117,2.054105461608714,3496,-0.17244949985358302,-0.06443736189282176,0.2854691075514874,1205,-0.11471633736540551
trade_intensity,long,1,0.4012995823557273,0.5065990507834885,3496,-0.17265011899795638,-0.07528915996789712,0.30005720823798626,1354,-0.10241956433821531
pos24,long,7,0.7015662494445949,0.7853576894994599,3503,-0.1727027476883483,-0.07534178865828906,0.28889523265772193,1331,-0.10672977031948526
rpt_rank,short,7,0.6958333333333333,0.7979166666666667,3394,-0.17289435534697853,-0.06488221738621727,0.2887448438420743,1263,-0.07439291039897047
since_hi96,long,9,94.0,inf,3580,-0.1732662783321044,-0.07590531930204514,0.28854748603351954,1574,-0.06372945540727348
disp24,short,2,-2.2411837893527804,-1.3428216774359494,3503,-0.1733385312283192,-0.06532639326755793,0.290893519840137,1242,-0.04798256142671691
to_hi480,short,3,5.788871939693366,7.824707829960625,3458,-0.17367706893340049,-0.06566493097263923,0.291497975708502,1321,-0.099744395068175
since_lo480,short,5,297.0,355.0,3470,-0.17387201898920432,-0.06585988102844306,0.2902017291066282,1168,-0.19751248610040537
efficiency,short,7,0.15273406068392079,0.1872837156133049,3506,-0.17393823018742754,-0.06592609222666629,0.289218482601255,1330,-0.06378253630466134
pos96,short,9,0.8846730307913562,inf,3497,-0.17478363749305384,-0.06677149953229258,0.2876751501286817,1396,-0.18063661788107332
wick_skew,short,8,0.2682672322375418,0.42122628210559715,3506,-0.17548674941526246,-0.0674746114545012,0.28579577866514544,1280,-0.14921937206820296
is_weekend,short,1,1.0,inf,10032,-0.1761596275840965,-0.06814748962333525,0.30422647527910684,3695,-0.1366603740538031
since_hi24,short,6,17.0,20.0,3603,-0.17666454625469097,-0.06865240829392971,0.29059117402164863,1245,-0.05944229901710825
dn_wick,long,9,0.599571402749815,inf,3506,-0.17685362761945356,-0.0794926685893943,0.28836280661722763,1204,-0.11559618654854477
atr_rank,short,5,0.45416666666666666,0.5583333333333333,3462,-0.17736922450469914,-0.06935708654393788,0.2931831311380705,1251,-0.211058121054404
trade_intensity,short,0,-inf,0.4013007864376069,3497,-0.17749507639467732,-0.06948293843391606,0.3114097798112668,1991,-0.08034325383939687
to_hi24,short,3,1.4065722679476609,1.7430160683188018,3503,-0.17775808395625992,-0.06974594599549866,0.2946046246074793,1119,-0.038939642720746015
since_lo480,long,3,161.0,232.0,3453,-0.17790234572028382,-0.08054138669022456,0.2884448305821025,1332,0.10712219114041995
pos480,short,1,0.15714879303521964,0.24998251517852535,3458,-0.17792936819829483,-0.06991723023753357,0.28282244071717755,1283,-0.24498471954984938
pos480,short,4,0.42946763981215713,0.5297469011962922,3458,-0.17983927452661047,-0.07182713656584921,0.2935222672064777,1133,0.23940839924170235
vol_of_vol,short,5,-0.3024659254635909,-0.09349892828945615,3456,-0.18058265249582206,-0.0725705145350608,0.2873263888888889,1125,-0.10069830045769834
to_lo480,long,0,-inf,3.6753026624468137,3458,-0.18253133595867882,-0.08517037692861956,0.27356853672643144,1520,-0.20701735609544564
pos24,short,7,0.7015052119803351,0.7853188526388911,3504,-0.18274172461338317,-0.07472958665262192,0.2865296803652968,1331,-0.0648305684342769
persist24,long,7,0.2815106869360865,0.3503829925345183,3503,-0.18359525431675366,-0.0862342952866944,0.28632600628033117,1349,-0.03275720160738225
persist96,long,7,0.15150839430621474,0.18865910697510907,3496,-0.18406711256540895,-0.08670615353534969,0.28689931350114417,1388,-0.11923810303809207
to_lo24,short,9,5.191580054875919,inf,3504,-0.1846697426679216,-0.07665760470716035,0.2785388127853881,1197,-0.07209365616345123
ats_rank480,long,0,-inf,0.08541666666666667,3399,-0.1862576418425299,-0.08889668281247065,0.28802588996763756,1314,-0.08645382215403466
to_lo24,long,7,3.3569478478573616,4.102572503379281,3503,-0.18743030034225583,-0.09006934131219657,0.2834713103054525,1406,-0.09368379299280011
dow,long,5,5.0,6.0,5016,-0.19029854923974035,-0.09293759020968109,0.29226475279106856,1848,0.04903736665462311
kyle,short,0,-inf,1.991722969121001e-07,3506,-0.1931391467307104,-0.08512700876994914,0.3134626354820308,3687,-0.1035755947067242
since_hi480,long,7,356.0,419.0,3462,-0.19332208094515643,-0.09596112191509718,0.2824956672443674,1544,0.029304580685822167
dq_cum24,long,7,0.10039040985631144,0.22993789244174748,3501,-0.19474890923535207,-0.09738795020529281,0.2799200228506141,1123,0.0511265810442428
tbi_ma24,short,0,-inf,-0.012937568595559869,3502,-0.19484768840598093,-0.08683555044521968,0.2764134780125643,2207,-0.03388906606071529
dq_cum24,short,0,-inf,-0.6181945132738136,3502,-0.19540525482447685,-0.08739311686371559,0.2764134780125643,2209,-0.03356704112032988
tbi_ma24,long,7,0.002034995504720789,0.004727669891982502,3501,-0.19550579927343953,-0.09814484024338027,0.2799200228506141,1125,0.05096640977851732
atr_pct,short,8,0.01209454011115816,0.015125048089854229,3506,-0.19738684699554662,-0.08937470903478537,0.2598402738163149,430,0.40617815327351314
avg_trade_usd,long,9,5170.584233881731,inf,3506,-0.19868997570774286,-0.1013290166776836,0.2752424415288078,3131,-0.034641917199164485
atr_pct,long,0,-inf,0.004192690711789546,3506,-0.20245864869010782,-0.10509768966004857,0.3291500285225328,2442,0.04458376980244579
atr_rank,short,7,0.6729166666666667,0.7958333333333333,3493,-0.20456150270670226,-0.096549364745941,0.2622387632407672,1169,-0.06884195276678243
dow,short,5,5.0,6.0,5016,-0.20610645883656623,-0.09809432087580497,0.2878787878787879,1848,-0.14912169846162757
atr_pct,short,0,-inf,0.00419239199082186,3506,-0.2082552542114298,-0.10024311625066853,0.32686822589845976,2442,-0.19941090141827608
disp24,short,9,3.967523439797083,inf,3504,-0.2098467843188328,-0.10183464635807155,0.2731164383561644,1211,-0.04795216161600395
vol_of_vol,long,1,-0.9972848394713414,-0.7843788102696277,3456,-0.2100951345045992,-0.11273417547453995,0.29108796296296297,1306,-0.19692268479689307
to_hi480,short,0,-inf,2.220582203196535,3459,-0.21159279956383992,-0.10358066160307866,0.2746458514021394,1054,-0.13815077868729467
since_lo480,long,9,472.0,inf,3619,-0.21512704960707812,-0.11776609057701887,0.2718983144515059,910,-0.2966443005213033
pos96,short,8,0.8090991854336369,0.8846730307913562,3497,-0.21517468634034947,-0.10716254837958822,0.27366313983414353,1158,-0.089109202622637
tbi_ma8,short,9,0.014429495411272569,inf,3505,-0.21557831303837877,-0.10756617507761751,0.27560627674750354,2203,-0.1033026168090036
to_lo480,short,9,29.059267470944576,inf,3459,-0.2169588980547647,-0.10894676009400345,0.2951720150332466,875,-0.2446264629783647
tbi_ma96,long,2,-0.006637716066114775,-0.005084873421126796,3487,-0.21699927987621448,-0.11963832084615522,0.27358761112704333,1003,-0.14459224003090382
vol_of_vol,short,4,-0.46900553777612153,-0.3024659254635909,3455,-0.21888379284543458,-0.11087165488467332,0.27467438494934876,945,-0.03954055659775495
atr_rank,long,0,-inf,0.06458333333333334,3418,-0.22103272126134152,-0.12367176223128226,0.30602691632533646,1133,0.023851170151460533
avg_trade_usd,short,0,-inf,2527.69524328488,3506,-0.22347435199769777,-0.11546221403693652,0.2789503707929264,1608,0.09186288799935405
pos480,long,1,0.157202216066482,0.24998315250353792,3458,-0.2318143604101232,-0.13445340138006395,0.25882012724117986,1283,0.1485844063970273
since_hi480,short,6,280.0,356.0,3468,-0.23213388275589014,-0.12412174479512889,0.27191464821222605,1187,-0.12965552586020035
to_lo480,short,8,22.06882720004373,29.059267470944576,3458,-0.24035684602331994,-0.13234470806255869,0.27385772122614227,1207,-0.08379179016104985
since_hi480,long,3,92.0,147.0,3444,-0.24434057619172975,-0.1469796171616705,0.27322880371660857,1157,-0.19811779798357707
since_lo480,long,1,35.0,90.0,3437,-0.2573091030228915,-0.15994814399283225,0.25661914460285135,1377,-0.25772061389082923
since_hi480,long,2,47.0,92.0,3422,-0.27705762022232383,-0.17969666119226457,0.2635885447106955,986,-0.23638447076072358
since_hi480,short,8,419.0,463.0,3439,-0.2820907918869483,-0.17407865392618704,0.2555975574294853,1699,-0.05903396471129512
dq_cum24,short,9,0.4084619611202553,inf,3502,-0.2940640509808255,-0.18605191302006424,0.24643061107938322,1953,-0.1367494069506132
tbi_ma24,short,9,0.008454216801660027,inf,3502,-0.29682982695555055,-0.1888176889947893,0.24557395773843518,1958,-0.1377650321677016
to_hi480,long,9,26.50971702532698,inf,3459,-0.3206994549597608,-0.22333849592970156,0.255565192252096,1422,-0.03161027620635994
pos480,short,8,0.8484798179427095,0.9121265066740324,3458,-0.32099509022156203,-0.21298295226080077,0.23973395026026606,816,-0.2258158600569617
pos480,long,2,0.24998315250353792,0.32990804597701123,3459,-0.3512431025212459,-0.25388214349118665,0.23301532234749928,1553,-0.19081873983285827
to_lo96,short,9,11.420459216981993,inf,3497,-0.36501020614273283,-0.2569980681819716,0.23305690591935946,1252,-0.395285515414115
persist96,short,9,0.24157721763221696,inf,3497,-0.36668143897831723,-0.258669301017556,0.21446954532456391,1061,-0.09981850143027406
to_hi96,long,9,10.230793680641986,inf,3497,-0.36990118909006786,-0.2725402300600086,0.23648841864455247,1487,-0.34371405042962483
tbi_ma96,short,9,0.0047248960573764666,inf,3487,-0.3737080137807254,-0.2656958758199641,0.21336392314310296,1933,-0.08046591990356629
disp96,long,0,-inf,-7.426184520226006,3497,-0.3748536846297234,-0.27749272559966415,0.22476408350014299,1604,-0.22535627042479667
disp96,short,9,8.812241768767,inf,3497,-0.38132540854748675,-0.2733132705867255,0.2207606519874178,986,-0.4918814091922584
