feature,side,bin,lo,hi,n,exp_r,lift,wr,n_test,exp_r_test
tbi_ma24,long,9,0.00692183234339158,inf,1751,0.272919117993019,0.3106439017439241,0.41519131924614505,974,0.04823893132134364
dq_cum24,long,9,0.33616119186482746,inf,1751,0.2686422272029777,0.3063670109538828,0.413478012564249,969,0.045065294937487586
pos480,short,3,0.2975712123327311,0.4068332629793128,1705,0.25475744033548803,0.31187387897466046,0.4228739002932551,1003,0.10001235099023119
to_lo480,short,3,8.471379178099781,10.565716008645266,1705,0.24326759070761844,0.30038402934679087,0.41759530791788857,798,0.016859908563563147
to_lo480,long,5,12.90623263651896,15.857010524851296,1706,0.2292297960513392,0.2669545798022443,0.4144196951934349,734,-0.23173499812772055
since_lo480,long,5,296.0,364.0,1709,0.22309528029682904,0.26082006404773417,0.4148624926857812,647,-0.2982731167198184
since_lo480,long,3,159.0,230.0,1716,0.2215223668042467,0.2592471505551518,0.4224941724941725,746,0.04777856753902641
tbi_ma8,long,9,0.01111286667124569,inf,1753,0.21683976766815044,0.25456455141905554,0.41015402167712495,1050,0.09675029923176812
pos480,long,6,0.6879568173934583,0.7961653124451977,1704,0.20669374916467448,0.24441853291557958,0.4137323943661972,528,-0.13015784436225214
pos480,short,2,0.23731596076688327,0.2975712123327311,1705,0.2048806576160748,0.26199709625524725,0.3994134897360704,603,-0.020777168341065477
vol_of_vol,short,0,-inf,-0.96951626930655,1703,0.20385013763940021,0.26096657627857267,0.4151497357604228,881,0.04993957324098896
pos480,long,5,0.536645555798209,0.6879568173934583,1706,0.19546173593075122,0.23318651968165632,0.4144196951934349,836,0.1331812067934731
disp24,long,9,4.104291538144277,inf,1751,0.19328097998416127,0.23100576373506637,0.3923472301541976,552,0.08264637222762201
tbi_ma96,short,0,-inf,-0.008151864468255261,1744,0.18259249703480954,0.239708935673982,0.3956422018348624,1257,-0.00830049607207112
to_hi480,long,4,7.486104337550979,9.968693581325594,1705,0.14177367731881677,0.17949846106972187,0.3912023460410557,620,-0.09313395874155107
to_lo480,long,6,15.857010524851296,19.050303560196394,1705,0.13899496799862207,0.17671975174952717,0.3906158357771261,566,-0.13192691680021124
since_lo480,short,6,364.0,414.0,1680,0.13810769941862783,0.19522413805780028,0.38392857142857145,539,-0.3643813675230604
avg_trade_usd,short,9,5188.583198181984,inf,1754,0.13522093031429253,0.19233736895346498,0.3882554161915621,1635,-0.14151105017457735
pos480,long,8,0.8651820122987349,0.9231688438662723,1705,0.1303826781906875,0.1681074619415926,0.3841642228739003,414,-0.016034684460462505
since_lo480,short,4,230.0,296.0,1706,0.12726107184958066,0.18437751048875312,0.3874560375146542,686,0.2782881514209037
vol_of_vol,short,1,-0.96951626930655,-0.7582962255987207,1703,0.12581935124543486,0.18293578988460732,0.39166177334116264,664,0.0032010922921603038
persist24,long,9,0.45694835893804586,inf,1751,0.12146184727408074,0.15918663102498584,0.35750999428897773,566,-0.1412459277511669
tbi_ma96,long,1,-0.008152002790681399,-0.005824679410351112,1743,0.12126209413398288,0.15898687788488797,0.3895582329317269,742,-0.3051459644899512
atr_rank,long,9,0.9083333333333333,inf,1715,0.11842089331751084,0.15614567706841592,0.3212827988338192,617,-0.3005709169530169
since_hi96,long,0,-inf,5.0,1742,0.11699396925555924,0.15471875300646434,0.3760045924225029,596,-0.001744740177519235
since_lo480,short,1,34.0,94.0,1703,0.11277460844941466,0.1698910470885871,0.364063417498532,682,-0.1946132150822454
to_lo24,long,9,5.315029663924354,inf,1751,0.11263641987166012,0.15036120362256522,0.36778983438035406,553,0.02927466562228361
to_hi96,long,0,-inf,1.141743596328704,1744,0.11236901347839559,0.1500937972293007,0.37786697247706424,574,-0.017616110915021774
disp6,long,9,1.8446341286029415,inf,1753,0.10941996471462935,0.14714474846553444,0.3730747290359384,681,-0.09162676664612976
since_lo480,long,8,453.0,474.0,1632,0.10659194096835255,0.14431672471925766,0.3866421568627451,562,0.17001240007280424
to_lo480,short,4,10.565716008645266,12.904017078177482,1705,0.10486782182489832,0.16198426046407077,0.3712609970674487,765,-0.07485427358740297
kyle_z,short,0,-inf,-1.1374714531876808,1744,0.1020602377744039,0.15917667641357636,0.3830275229357798,679,-0.04065924714536744
to_hi96,short,9,9.927635568509913,inf,1744,0.10135523835911582,0.1584716769982883,0.37270642201834864,699,0.14562886425143293
atr_rank,short,1,0.058333333333333334,0.15,1712,0.09794561390376398,0.15506205254293642,0.3901869158878505,660,-0.2332655450009497
persist96,long,9,0.24850633382737758,inf,1744,0.09499412331843653,0.13271890706934164,0.3463302752293578,397,0.07805099421798145
to_hi480,long,3,5.246569074088818,7.486104337550979,1704,0.08874518505270783,0.12646996880361294,0.3744131455399061,586,0.021736047249315986
to_lo96,long,7,7.734559462097751,9.274802273960518,1744,0.08640093569116192,0.12412571944206702,0.3704128440366973,650,-0.028753430347833862
to_lo480,long,7,19.050303560196394,22.941342321095792,1704,0.08410716320048928,0.12183194695139438,0.3767605633802817,431,-0.02480302937998404
disp96,short,1,-7.289461794176979,-4.723844838443403,1743,0.08046833711897693,0.13758477575814937,0.35111876075731496,743,0.10883252922045496
pos480,long,7,0.7961653124451977,0.8651820122987349,1705,0.07766543434298541,0.11539021809389051,0.36950146627565983,409,-0.272119863265351
dow,long,4,4.0,5.0,2508,0.07549844795173921,0.11322323170264431,0.36443381180223283,924,0.0347384357432127
pos96,long,8,0.8238971965464299,0.8985794538664904,1743,0.07388346541719903,0.11160824916810413,0.36660929432013767,579,-0.030614927494041506
to_hi96,long,2,1.926855996825108,2.740913688480361,1744,0.07334557149254188,0.11107035524344698,0.3698394495412844,615,-0.11599068730715982
range_z,short,0,-inf,-0.919094351137646,1744,0.07316360404524637,0.13028004268441884,0.3704128440366973,703,-0.08885008890661646
to_hi480,short,5,9.96956238718375,13.18165756796784,1705,0.07296003774204218,0.13007647638121464,0.3560117302052786,870,0.08826410794822608
disp96,long,8,6.024672736312001,8.819655708000221,1743,0.06928093264524182,0.10700571639614692,0.3654618473895582,609,0.1438846554622102
pos96,short,1,0.15943927211514025,0.24826016221754424,1743,0.06926187828905767,0.12637831692823012,0.357429718875502,595,0.33259838835804334
to_hi480,short,8,21.00041583327076,27.222233380285836,1705,0.0665980192502814,0.12371445788945386,0.3653958944281525,630,0.06079957785642151
to_hi480,long,1,1.9792815474841507,3.5777044489960343,1705,0.06419833855600564,0.10192312230691074,0.35777126099706746,478,-0.17675557186612523
to_hi24,short,0,-inf,0.6604408564898231,1751,0.06355422211758356,0.12067066075675602,0.35294117647058826,738,-0.028231844071400534
persist96,short,6,0.12379574151438673,0.15286667001590137,1743,0.06351742620284571,0.12063386484201817,0.36660929432013767,671,-0.002984372923611642
since_hi480,short,7,323.0,400.0,1722,0.06074962971564329,0.11786606835481575,0.3704994192799071,826,-0.2523388032660676
absorb_z,short,0,-inf,-0.3976769038754282,1705,0.05959515263384786,0.11671159127302032,0.3560117302052786,509,0.07668176022961072
trade_intensity,long,9,1.8140797398555668,inf,1744,0.05820629330343336,0.09593107705433845,0.3474770642201835,765,-0.11323682607997987
vol_of_vol,long,2,-0.7583117181831891,-0.5998212844564765,1703,0.05765977580212798,0.09538455955303307,0.3646506165590135,590,0.03362811232133455
disp96,long,2,-4.7239086100523675,-2.782856145127407,1743,0.056465757899640076,0.09419054165054518,0.3539873780837636,685,-0.1510912103757203
persist96,short,5,0.09662237035236539,0.12379574151438673,1744,0.055263927552098344,0.1123803661912708,0.35951834862385323,759,-0.15179981174070006
since_lo24,long,9,24.0,inf,2384,0.05524076275383166,0.09296554650473676,0.3573825503355705,888,0.09674250661695269
since_hi480,long,6,253.0,323.0,1696,0.055221838220884494,0.0929466219717896,0.36615566037735847,794,0.020231631259800254
range_rank,long,9,0.9020833333333333,inf,1749,0.05391084094555608,0.09163562469646118,0.32818753573470555,670,-0.16052407359986376
atr_pct,short,4,0.010607503800631942,0.011772748413560444,1753,0.051327106856678434,0.10844354549585089,0.3553907586993725,568,0.275343768448954
pos24,long,9,0.8731691628284859,inf,1751,0.047929939080214284,0.08565472283111938,0.36093660765276986,716,-0.08794824981919089
range_rank,short,1,0.08333333333333333,0.17916666666666667,1679,0.04767102205660305,0.1047874606957755,0.3680762358546754,625,-0.03951655701494155
rpt_rank,short,0,-inf,0.08333333333333333,1667,0.04735793035204908,0.10447436899122153,0.35452909418116374,547,0.22243815407160353
pos480,long,0,-inf,0.1684865333693286,1705,0.04685932382666228,0.08458410757756737,0.33313782991202345,759,-0.04146812390349269
pos96,long,7,0.739168843077693,0.8238971965464299,1744,0.04650896425479295,0.08423374800569805,0.35894495412844035,568,0.03811123432261354
pos96,long,9,0.8985794538664904,inf,1744,0.046467752029299286,0.08419253578020439,0.35378440366972475,549,-0.09570141269674186
since_lo96,long,4,44.0,58.0,1801,0.04644284899538758,0.08416763274629269,0.36424208772903943,615,0.08365060476902789
accel,long,9,1.63904115799285,inf,1751,0.04641087895384426,0.08413566270474937,0.34780125642490006,667,-0.15745009699215742
disp96,long,4,-1.1688859389319652,0.4323744779234272,1743,0.04602538836761391,0.08375017211851901,0.3643144004589788,658,-0.09944311298809284
ats_rank480,long,9,0.9270833333333334,inf,1710,0.04383646477788303,0.08156124852878813,0.3567251461988304,538,0.1401565158778282
to_hi24,long,5,2.1491110045441206,2.582848536551513,1751,0.04350686408923908,0.08123164784014418,0.3580810965162764,564,-0.051163272561562195
absorb_z,long,5,0.022773318341697248,0.09124937332246397,1705,0.042784192558584226,0.08050897630948933,0.3519061583577713,732,0.012562039569837443
absorb_z,long,4,-0.047103609448117686,0.022773318341697248,1705,0.04275522807512221,0.08048001182602732,0.35131964809384164,729,-0.05137036263219711
tbi_ma8,short,1,-0.015534092869886036,-0.011175376773390006,1752,0.04274166073226277,0.09985809937143522,0.3527397260273973,621,0.03807011222488367
disp96,long,5,0.4323744779234272,2.0447153091184425,1743,0.042412963359807786,0.08013774711071289,0.357429718875502,676,0.03801799362116607
since_hi480,short,0,-inf,14.0,1663,0.041234861071778484,0.09835129971095094,0.3433553818400481,486,0.023816787496724636
dn_wick,short,9,0.6033187226048837,inf,1754,0.04096836591761063,0.09808480455678309,0.35461801596351195,583,-0.0004737196825345157
disp6,short,6,0.31277434969128437,0.6506644678406521,1752,0.040317514027716654,0.09743395266688912,0.3521689497716895,604,-0.04940479298670634
pos480,short,9,0.9231687746601054,inf,1706,0.03894526481428578,0.09606170345345824,0.3516998827667057,453,-0.2645880050773097
avg_trade_usd,short,8,4723.0401913108135,5188.583198181984,1753,0.03849650543054396,0.09561294406971642,0.35482030804335424,716,-0.03323079775326306
extreme_late,long,2,0.3865546218487395,0.5294117647058824,1760,0.03809853824523645,0.07582332199614156,0.35170454545454544,620,-0.01887013337596273
since_lo96,short,5,58.0,70.0,1649,0.03717529052711644,0.09429172916628889,0.3559733171619163,644,0.04715882030185029
to_hi96,long,5,4.461552625364843,5.418498242032444,1744,0.036765045625321666,0.07448982937622677,0.3572247706422018,666,0.055389015349560165
atr_rank,long,6,0.5645833333333333,0.68125,1731,0.036641331058850896,0.074366114809756,0.35413056036972845,755,-0.07435943396149035
ats_rank480,long,5,0.5208333333333334,0.6291666666666667,1718,0.0363975224479971,0.0741223061989022,0.35448195576251457,629,0.03160866136841328
to_lo480,long,8,22.941342321095792,28.39922072760319,1705,0.036149775518005106,0.0738745592689102,0.36422287390029323,404,-0.13634859723410633
dq_cum24,short,5,-0.1114963338315346,-0.028670684700994556,1751,0.03565018909573097,0.09276662773490343,0.35351227869788693,451,-0.14605910802342661
tbi_ma24,short,5,-0.002383393960907184,-0.0006571744376222299,1751,0.03494184892425706,0.09205828756342951,0.35294117647058826,456,-0.125093951878237
tbi_ma96,long,9,0.0036159279986692243,inf,1744,0.03476752539285429,0.0724923091437594,0.3360091743119266,1095,0.11625759462869341
wick_skew,long,5,-0.014754975758875362,0.06448582017570871,1753,0.03462117018825546,0.07234595393916056,0.35082715345122645,693,-0.01793368865167313
to_lo24,long,4,1.96648380314415,2.384304888359956,1750,0.034561410581287554,0.07228619433219266,0.35485714285714287,588,0.051466274612540414
since_hi24,long,0,-inf,2.0,1497,0.03398374941090728,0.07170853316181239,0.3580494321977288,564,-0.14663097119060153
absorb,long,6,0.015049264692727413,0.03450179076223149,1752,0.0334621789205732,0.07118696267147831,0.3487442922374429,485,-0.057008841731060696
atr_pct,long,7,0.01467660476191853,0.017240143975619168,1753,0.033342216436069376,0.07106700018697448,0.34455219623502564,280,-0.22921722271325667
kyle_z,long,4,-0.42301264268313493,-0.19397022727413973,1743,0.032661790124450064,0.07038657387535516,0.35513482501434307,653,0.048699744330511545
avg_trade_usd,long,6,4101.2079411178065,4387.8081422375335,1753,0.03239257850768842,0.07011736225859352,0.35310895607529946,413,-0.195949532685397
vol_of_vol,long,7,0.16264782822228782,0.5602065878634616,1703,0.03216669575196167,0.06989147950286677,0.35173223722842045,758,-0.1381776466786083
atr_rank,short,3,0.24791666666666667,0.35,1701,0.03211867506472668,0.08923511370389914,0.3586125808348031,705,-0.030967985574286188
since_hi480,short,9,461.0,inf,1739,0.032032412559249664,0.08914885119842211,0.339850488786659,929,-0.24146732102224652
dn_wick,long,0,-inf,0.05537863806254858,1753,0.03171920766912353,0.06944399142002863,0.35310895607529946,790,-0.10479612201385315
since_hi24,long,5,13.0,16.0,1623,0.03099796198741999,0.0687227457383251,0.34750462107208874,555,0.09178145039036564
atr_pct,short,6,0.013060888427465498,0.014678124184296749,1753,0.030937140365360525,0.08805357900453298,0.34854535082715343,300,0.16170732228425555
range_z,long,8,0.5083466882349775,1.176543814319962,1743,0.02985605455265579,0.06758083830356089,0.3384968445209409,690,-0.04958970124702839
persist96,long,0,-inf,0.017762884887200715,1744,0.028851049045005208,0.06657583279591031,0.3577981651376147,719,-0.07695188940368727
since_hi96,long,2,12.0,23.0,1820,0.02832317921440352,0.06604796296530863,0.3510989010989011,624,-0.048259360568576756
range_rank,long,8,0.8,0.9020833333333333,1662,0.02809644233541624,0.06582122608632134,0.33212996389891697,644,-0.12542123022478852
persist96,short,8,0.18785026131489152,0.24850274492574947,1743,0.027993448909921666,0.08510988754909413,0.3402180149168101,628,0.0056625158479091066
close_loc,short,7,0.7031459533906025,0.7869955156950673,1753,0.027484475759043187,0.08460091439821564,0.3456930975470622,617,-0.035487058380569904
since_hi96,short,1,5.0,12.0,1571,0.02745622999818812,0.08457266863736057,0.34627625716104393,532,-0.09735253351846772
kyle_z,long,9,1.2877067918134826,inf,1744,0.02728267430861766,0.06500745805952277,0.3331422018348624,717,-0.09051383855915889
since_hi96,long,1,5.0,12.0,1571,0.02690884763094665,0.06463363138185174,0.343093570973902,532,0.14658155164106554
range_per_trade,long,5,3.9994604054844246e-08,4.410911216019229e-08,1753,0.02680750717034153,0.06453229092124663,0.34911580148317173,647,0.056652218186407914
disp96,short,7,3.901928172046064,6.024094050265044,1744,0.02668108495060323,0.08379752358977569,0.3577981651376147,650,0.015233943155871708
avg_trade_usd,long,4,3517.500362710932,3817.654111353575,1753,0.026564705365813592,0.0642894891167187,0.3468339988590987,405,-0.050418759295557516
lo_pos,long,5,0.40336134453781514,0.5462184873949579,1693,0.02635328864112345,0.06407807239202855,0.3479031305375074,589,-0.030492774545946743
range_z,long,9,1.176543814319962,inf,1744,0.026204829987895684,0.06392961373880078,0.3360091743119266,701,-0.09986138945486975
rpt_rank,short,1,0.08333333333333333,0.17708333333333334,1713,0.026146771343991806,0.08326320998316426,0.3467600700525394,634,0.03392591119856768
extreme_late,long,8,0.9411764705882353,0.9831932773109243,1647,0.02563775887669917,0.06336254262760427,0.3491196114146934,721,-0.13163945358854542
wick_skew,short,1,-0.4482784553100202,-0.29220779220779114,1753,0.025234515297534014,0.08235095393670647,0.34911580148317173,697,0.06582856594328379
tbi_ma96,long,6,-0.0011658256336608773,0.0002036347691715132,1743,0.024429088133260713,0.06215387188416581,0.34652897303499713,479,-0.10448328096592058
to_lo480,short,1,3.8381205476231215,6.298875964461811,1705,0.024046335121475748,0.0811627737606482,0.32375366568914954,687,-0.11451108225278592
trade_intensity,short,0,-inf,0.42891801900514337,1744,0.023769253171072337,0.0808856918102448,0.3577981651376147,1053,-0.057642940231671366
rpt_z,long,7,0.42383230671202876,0.7805351778944011,1744,0.02355810824187496,0.06128289199278006,0.34461009174311924,656,-0.03633811218580062
atr_rank,short,0,-inf,0.058333333333333334,1671,0.023479115006805253,0.0805955536459777,0.37043686415320165,476,-0.14312520332127662
kyle,long,4,2.93272049581544e-07,3.2450587080314726e-07,1753,0.023348714628264735,0.06107349837916984,0.35310895607529946,509,-0.09152806679940555
up_wick,short,1,0.05192719486080807,0.10325910084150745,1753,0.023348600684809397,0.08046503932398186,0.3468339988590987,701,0.014263580444770298
vol_per_trade_z,short,9,1.396862984303886,inf,1744,0.022328373011715134,0.0794448116508876,0.35091743119266056,648,-0.025963146916768848
dow,short,3,3.0,4.0,2496,0.02146373619710343,0.07858017483627588,0.3421474358974359,924,0.16136750960182328
to_lo480,short,2,6.298875964461811,8.471379178099781,1705,0.02068262181773023,0.07779906045690269,0.3419354838709677,776,-0.21862053274478319
dq_cum24,short,6,-0.028670684700994556,0.06436045500855375,1750,0.020463490164681533,0.07757992880385399,0.3485714285714286,482,-0.03763701470940586
ats_z96,short,0,-inf,-1.3086935096336734,1744,0.019958142911745486,0.07707458155091794,0.3319954128440367,627,0.030008102268070207
vol_of_vol,long,9,1.3278407591164507,inf,1703,0.019707049553169972,0.05743183330407507,0.30710510863182616,671,-0.15366591797853882
trade_intensity,long,7,1.086604583214593,1.3406423737374193,1744,0.019682364219925776,0.05740714797083088,0.3394495412844037,582,-0.16330913245017437
tbi_ma24,short,6,-0.0006571744376222299,0.001286237481423033,1750,0.019529337301144836,0.0766457759403173,0.3485714285714286,485,-0.03186599654609886
atr_rank,long,7,0.68125,0.7916666666666666,1699,0.01924529891459583,0.05697008266550093,0.34490876986462626,576,0.047073570449362265
kyle_z,long,8,0.6877894053688068,1.2877067918134826,1743,0.01918516608922366,0.05690994984012876,0.3379231210556512,710,-0.10550905539731058
to_lo96,short,8,9.274510901944955,11.319241246671684,1744,0.019039654764093607,0.07615609340326607,0.35493119266055045,511,-0.21489902627667823
persist6,long,9,0.8037235700553914,inf,1753,0.01876724452602986,0.05649202827693496,0.3416999429549344,639,-0.0792153410275765
persist6,long,4,0.2870420914664964,0.36709095763087846,1752,0.01848270714632519,0.05620749089723029,0.3441780821917808,614,-0.14747885013944523
absorb,short,4,-0.02869803860002485,-0.009462969753836063,1753,0.018444799998168972,0.07556123863734143,0.3439817455790074,534,0.06904993047863178
to_hi96,short,8,8.007369150374634,9.927635568509913,1744,0.018432494285741244,0.0755489329249137,0.3423165137614679,706,-0.00980331530316488
absorb,long,8,0.06206661610371991,0.12561896077141263,1752,0.017735119721348287,0.05545990347225339,0.3481735159817352,712,-0.139041358771786
updn_ratio,long,9,0.55,inf,2078,0.01687679763960705,0.05460158139051215,0.34793070259865255,932,-0.05310152153578657
updn_ratio,long,8,0.5333333333333333,0.55,1765,0.016862367764425325,0.054587151515330425,0.34390934844192633,720,-0.13700094591579753
range_per_trade,long,2,2.9597394042044045e-08,3.307839567839843e-08,1753,0.016811128865220574,0.05453591261612567,0.3525385054192812,932,-0.0056363671200342766
rv_vs_range,long,1,0.48485612613249635,0.5416880665234814,1753,0.016416507386636334,0.05414129113754143,0.34341129492298916,601,-0.00553771165219356
since_lo96,short,9,95.0,inf,1760,0.01633396493502426,0.07345040357419672,0.34602272727272726,573,0.028138426059614478
vol_per_trade_z,short,8,0.9072507135716845,1.396862984303886,1744,0.016028400848276194,0.07314483948744865,0.34690366972477066,600,-0.05916591684785156
range_z,long,6,-0.10016273674400235,0.1429813129453287,1743,0.01514966492034814,0.05287444867125324,0.3402180149168101,618,-0.07022700297070122
atr_pct,long,8,0.017240143975619168,0.021255130418155566,1753,0.015132057915727117,0.052856841666632216,0.3177410154021677,230,-0.29103228931899533
atr_rank,short,2,0.15,0.24791666666666667,1718,0.014493510667299725,0.07160994930647219,0.3573923166472643,668,-0.13293345475920992
to_hi480,long,9,27.22318715713281,inf,1706,0.014470839591920921,0.05219562334282602,0.3604923798358734,604,-0.10336579904865553
up_wick,short,5,0.2546744036105762,0.310803324099715,1754,0.01345315868651361,0.07056959732568607,0.34207525655644244,606,-0.016991695717764457
tbi_ma24,long,8,0.0036585983662467923,0.00692183234339158,1751,0.012766582378178983,0.050491366129084087,0.336950314106225,694,0.17015977882044067
ats_rank480,long,7,0.7375000000000038,0.8333333333333334,1673,0.012556879802236,0.0502816635531411,0.34787806335923493,594,-0.07694231512671329
hi_pos,long,9,0.9411764705882353,inf,1836,0.012532429271403021,0.05025721302230812,0.3464052287581699,704,-0.16390377501472805
persist24,short,3,0.10489802644335572,0.1430466179939331,1751,0.012357524261803275,0.06947396290097574,0.33980582524271846,598,-0.11216977447695463
absorb_z,short,8,0.23204366134616372,0.39664524580636273,1705,0.012213292344537696,0.06932973098371015,0.34134897360703814,563,-0.07054315129509643
dq_cum24,long,8,0.17876613905235503,0.33616119186482746,1751,0.012018464968507179,0.04974324871941228,0.336950314106225,688,0.17069009438934066
since_hi96,long,7,76.0,86.0,1657,0.011780224016961943,0.049505007767867044,0.3494266747133374,561,-0.16309053285447428
range_per_trade,long,4,3.641004262583568e-08,3.9994604054844246e-08,1753,0.011608134323975554,0.049332918074880654,0.3462635482030804,736,-0.05184310362526389
rpt_z,short,3,-0.6060988288392635,-0.36779509977111763,1743,0.010934527666741911,0.06805096630591437,0.34308663224325875,643,-0.05989699062302607
ats_rank480,long,6,0.6291666666666667,0.7375000000000038,1724,0.010679676201391406,0.0484044599522965,0.3468677494199536,655,-0.09981773972033937
since_lo96,long,7,81.0,89.0,1648,0.01064709507703954,0.04837187882794464,0.345873786407767,599,0.14532320660667383
range_rank,short,0,-inf,0.08333333333333333,1705,0.010623383851886749,0.0677398224910592,0.3571847507331378,591,-0.03966648706576961
rpt_z,short,1,-1.2089821417832316,-0.8751454290425914,1743,0.010568294849529999,0.06768473348870245,0.3407917383820998,647,0.03760516656485976
to_hi96,long,6,5.418498242032444,6.591501146329286,1743,0.009761227641808175,0.04748601139271327,0.3407917383820998,577,-0.006898798935788876
gap,long,4,0.00011467487397381176,0.0003718498295574743,1753,0.009259124555058187,0.04698390830596329,0.3416999429549344,1012,0.04417367933306791
rpt_z,long,2,-0.8751661896962835,-0.6061589047775575,1744,0.008961265088198568,0.04668604883910367,0.34174311926605505,593,-0.02160523924645466
ats_z96,short,9,1.4395557305372417,inf,1744,0.008766196768901714,0.06588263540807417,0.3451834862385321,611,-0.0705427481732456
wick_skew,long,7,0.15331097665655297,0.2619392620174891,1753,0.008552980652235476,0.046277764403140575,0.3394181403308614,627,-0.017192338814549783
disp96,short,0,-inf,-7.289461794176979,1744,0.00837685895271735,0.0654932975918898,0.33142201834862384,722,-0.09912417859954438
m1_jump,long,5,0.18415540146244144,0.2076414016521996,1753,0.007707436271936156,0.04543222002284125,0.34227039361095263,691,-0.11633787488567242
since_hi480,long,8,400.0,461.0,1675,0.0071996260824145775,0.044924409833319676,0.3408955223880597,846,-0.4533310043929171
tbi_ma96,short,3,-0.004484960443870063,-0.003392682996130125,1743,0.006690562962384063,0.06380700160155652,0.33964429145152036,410,-0.09216929150404085
dq_cum24,short,1,-0.5373441885643153,-0.3954990996761555,1751,0.006351331525531426,0.06346777016470388,0.34780125642490006,553,-0.028569456662661235
to_hi480,short,9,27.222233380285836,inf,1706,0.006310726127954175,0.06342716476712663,0.3604923798358734,604,0.03620995433024788
disp96,long,9,8.819655708000221,inf,1744,0.006137447293940911,0.04386223104484601,0.3348623853211009,447,-0.3086348925946976
pos96,long,3,0.34209869676327054,0.4347622980399609,1743,0.0060879335455717104,0.04381271729647681,0.3373493975903614,659,-0.14207375098530026
since_hi96,long,8,86.0,93.0,1603,0.00603474524133015,0.04375952899223525,0.3337492202121023,619,-0.02232222806297119
avg_trade_usd,long,0,-inf,2593.2567766321417,1753,0.005531009306139164,0.043255793057044266,0.3359954363947519,763,-0.08733721285063328
rpt_rank,long,9,0.9,inf,1707,0.005518076317358381,0.04324286006826348,0.3409490333919156,656,-0.03688686621793728
gap,short,1,-0.00036838485303483404,-0.00010139268660115731,1753,0.004958960204982354,0.06207539884415481,0.3377067883628066,1090,-0.0971438842089117
dq,long,9,0.06837573399437534,inf,1753,0.00487317299254995,0.04259795674345505,0.35139760410724474,1144,0.027376201499440728
disp24,short,3,-1.3519608230297342,-0.5840537283699447,1751,0.004821702700619875,0.061938141339792335,0.3432324386065106,569,-0.02640508195497813
tbi_z8,long,6,0.27493051196719837,0.5912875061257641,1752,0.004659485213517312,0.04238426896442241,0.3430365296803653,688,-0.08913636462093186
to_hi24,short,2,1.0348112563298366,1.3863420408854243,1751,0.004636117751952698,0.06175255639112515,0.34037692747001713,586,-0.08479338337872197
kyle,long,3,2.655366766608151e-07,2.93272049581544e-07,1753,0.004418797210006413,0.04214358096091151,0.35139760410724474,635,-0.14977064034330734
disp6,long,8,1.103493957884556,1.8446341286029415,1752,0.004076925227934745,0.04180170897883984,0.341324200913242,692,0.00971958939880298
efficiency,short,1,0.013576846816173124,0.02692323213907972,1753,0.0036314273341258203,0.06074786597329827,0.3399885909868796,567,0.06234965449302467
tbi,long,9,0.034130562209371926,inf,1753,0.0030638897884357206,0.04078867353934082,0.35082715345122645,1143,0.02826110018812176
absorb,short,1,-0.17903307706087956,-0.08675075462475504,1752,0.0027427732087026008,0.05985921184787506,0.3401826484018265,694,-0.047509075075972525
body_frac,long,9,0.6536959592739344,inf,1753,0.0016428832884059117,0.039367667039311015,0.3428408442669709,760,-0.051207780045547525
ats_z96,long,9,1.4395729716149943,inf,1744,0.0014138247934680158,0.039138608544373114,0.34174311926605505,611,0.08028885317442384
up_wick,long,9,0.5802500716524225,inf,1753,0.0013899286697663668,0.039114712420671466,0.3428408442669709,592,-0.04653501877522921
m1_jump,short,1,0.10866700981663875,0.1282157480280824,1753,0.0013329492766160343,0.05844938791578849,0.3394181403308614,577,0.02833547470781044
rpt_rank,short,2,0.17708333333333334,0.2777083333333356,1736,0.001332736958371557,0.05844917559754401,0.3415898617511521,671,-0.0035575547287650137
range_rank,long,7,0.69375,0.8,1734,0.0012091712744402314,0.03893395502534533,0.3344867358708189,678,-0.13276622405325295
range_z,long,7,0.1429813129453287,0.5083466882349775,1744,0.0008850118608227686,0.038609795611727865,0.33543577981651373,653,-0.06841646579225855
atr_pct,long,1,0.006531867147035268,0.008090853332312771,1753,0.0008347520928371565,0.038559535843742256,0.3605248146035368,1378,-0.14145033254663691
wick_skew,long,6,0.06448582017570871,0.15331097665655297,1753,0.00042306323963812564,0.03814784699054322,0.34112949229891615,665,-0.018314543828359196
to_hi96,long,1,1.141743596328704,1.926855996825108,1743,0.0001833839046892703,0.03790816765559437,0.3367756741250717,605,0.0113197057707691
vol_of_vol,long,4,-0.46048513020266785,-0.317592534379066,1703,0.00011509580588701173,0.03783987955679211,0.3476218438050499,466,-0.12624313883595933
trade_intensity,long,6,0.9245731501801924,1.086604583214593,1743,2.3691421698140167e-05,0.03774847517260324,0.3344807802639128,530,-0.028339737153606246
up_wick,long,8,0.46424341356556426,0.5802500716524225,1753,-0.00016324911561803977,0.03756153463528706,0.34112949229891615,610,-0.03658131316503522
lo_pos,short,8,0.8151260504201681,0.9411764705882353,1866,-0.0003992401029015574,0.0567171985362709,0.3403001071811361,778,0.020210692255399294
tbi_ma24,short,2,-0.0083084623105174,-0.006059677832086513,1751,-0.0007572747154110453,0.05635916392376141,0.3415191319246145,561,0.0034256461272120313
range_rank,short,3,0.27979166666666894,0.3854166666666667,1703,-0.0007751658292179039,0.05634127280995455,0.34233705226071637,644,-0.07081323389110465
to_hi480,short,7,16.703723713728472,21.00041583327076,1705,-0.0010549781999117575,0.0560614604392607,0.33724340175953077,761,0.0739044984872806
pos24,short,8,0.7949001114980981,0.8732020150159777,1751,-0.0011933556609118935,0.05592308297826056,0.3380925185608224,655,-0.10555377837747969
atr_rank,long,8,0.7916666666666666,0.9083333333333333,1706,-0.0012972955307004523,0.03642748822020465,0.3106682297772567,590,-0.23369095741655718
since_hi480,long,9,461.0,inf,1739,-0.0013993237904657253,0.03632545996043937,0.33467510063254746,929,0.1783762407978474
kyle,long,8,4.712373597472463e-07,5.875037982607238e-07,1753,-0.001508192072194126,0.036216591678710976,0.32230462065031373,209,0.13972552258175447
vol_of_vol,long,3,-0.5998212844564765,-0.46048513020266785,1702,-0.0017553979016141188,0.035969385849290984,0.3484136310223267,498,-0.12258892959975318
tbi_ma24,short,1,-0.011268910762975698,-0.0083084623105174,1751,-0.0018140186653397385,0.05530241997383272,0.3449457452884066,548,-0.04126108500373619
accel,short,5,-0.022502916225559264,0.2992992652978215,1751,-0.0027367826047073962,0.05437965603446506,0.33923472301541974,623,-0.0331391154681983
since_lo24,short,6,18.0,20.0,1246,-0.0028928229967439515,0.0542236156424285,0.3394863563402889,446,-0.04649402608923318
tbi_ma8,long,2,-0.011175412796829223,-0.007842989920091371,1752,-0.0029686943045512974,0.034756089446353805,0.3384703196347032,506,-0.22850732548444083
range_per_trade,long,1,2.5484701055910623e-08,2.9597394042044045e-08,1753,-0.0035360202891732426,0.03418876346173186,0.3462635482030804,1089,-0.00886515536688168
accel,long,2,-1.0739680571274548,-0.6725683777067686,1751,-0.003870080874666328,0.03385470287623877,0.3409480296973158,641,-0.07093636863751787
kyle_z,short,1,-1.1374714531876808,-0.8645613199864854,1743,-0.0039230254621265715,0.05319341317704589,0.33907056798623064,593,0.044885272850112505
extreme_late,short,6,0.8067226890756303,0.8823529411764706,1660,-0.003944132662002227,0.05317230597717023,0.3349397590361446,749,-0.00567485025585301
persist6,long,7,0.548884050277436,0.6579515856946863,1752,-0.004071032866110155,0.03365375088479494,0.3384703196347032,684,-0.03229830901851278
pos96,short,6,0.6324341546304173,0.7391580085767062,1744,-0.00414193041271438,0.05297450822645808,0.34461009174311924,709,0.02083938958102528
wick_skew,short,4,-0.09497369959087165,-0.014728999136794457,1753,-0.004386080401930328,0.05273035823724213,0.3359954363947519,652,0.03804946586759821
tbi_ma8,short,3,-0.007842973992964427,-0.005023851855900873,1753,-0.004508815808200293,0.052607622830972166,0.34227039361095263,509,0.0326009404268007
persist24,short,1,0.033359243697848144,0.06910707276480989,1751,-0.004778006430333214,0.05233843220883924,0.3340948029697316,618,-0.05630027998622871
to_hi96,short,7,6.591086969935089,8.007369150374634,1743,-0.004953966309910682,0.05216247232926177,0.3247274813539874,748,0.1484082891988218
efficiency,long,4,0.054988358965700944,0.07046985848222552,1753,-0.004978917898326449,0.03274586585257865,0.3382772390188249,594,-0.0974395495881261
range_rank,long,6,0.5916666666666667,0.69375,1677,-0.005103177219198365,0.03262160653170673,0.33691115086463924,626,-0.11399619672591806
pos96,short,0,-inf,0.15943927211514025,1744,-0.005164707293689746,0.05195173134548271,0.33715596330275227,756,-0.016761523092358156
kyle_z,long,7,0.3276147412608981,0.6877894053688068,1744,-0.0055617946533510505,0.03216298909755405,0.33142201834862384,681,-0.0188557201158307
close_loc,long,9,0.877339435366577,inf,1753,-0.005663509796696884,0.032061273954208214,0.3382772390188249,781,-0.1170455735801203
flow_eff,long,3,0.041850843536083156,0.08754461933449703,1753,-0.005713185598391053,0.032011598152514045,0.3502567027952082,957,-0.10356502481507651
tbi_z8,long,5,-0.004711462263213816,0.27493051196719837,1753,-0.0058394191145108324,0.03188536463639427,0.34112949229891615,670,-0.06384032055776531
persist24,short,8,0.35940925139846647,0.45694314603837505,1751,-0.005909926425671674,0.05120651221350078,0.33980582524271846,726,0.04369256989030059
dn_wick,long,4,0.21412717800011735,0.2695196099692347,1753,-0.005954165233171873,0.031770618517733225,0.33713633770678836,629,-0.06572589425797672
since_hi24,long,4,10.0,13.0,1569,-0.005994157226121002,0.031730626524784096,0.33779477374123645,531,-0.028701033160986805
since_hi24,short,2,4.0,7.0,1930,-0.00617295012979065,0.05094348850938181,0.3383419689119171,685,-0.0803661519559096
dow,short,2,2.0,3.0,2496,-0.00626848981622679,0.05084794882294567,0.33373397435897434,924,0.044441397855870056
body_frac,long,7,0.3320847632661971,0.4884048777483594,1753,-0.0064049642161377405,0.03131981953476736,0.33713633770678836,621,-0.05199218800376227
lo_pos,short,2,0.06722689075630252,0.15126050420168066,1850,-0.006604540616107818,0.05051189802306464,0.33135135135135135,585,0.026335789866022894
updn_ratio,long,2,0.4649122807017544,0.475,1210,-0.006614935673608061,0.03110984807729704,0.3421487603305785,442,-0.004208970577333012
since_hi24,short,0,-inf,2.0,1498,-0.006642254718880362,0.0504741839202921,0.3317757009345794,564,-0.16344270656332116
range_per_trade,short,8,5.633970752188805e-08,6.88941604838488e-08,1753,-0.0069364098489782975,0.05018002879019416,0.32857957786651454,112,-0.006506847497838887
dn_wick,long,7,0.40448758655590056,0.4890370345921051,1753,-0.007144015159130782,0.03058076859177432,0.3342840844266971,624,-0.020254695014524697
to_lo96,short,4,4.301354501285214,5.202926330164055,1744,-0.007147050622368646,0.04996938801680381,0.330848623853211,656,-0.07125169189088414
to_hi96,short,3,2.7411181741638795,3.5824795346792517,1743,-0.007236703152480085,0.049879735486692375,0.34366035570854847,631,-0.03436574818428225
lo_pos,long,9,0.9411764705882353,inf,1760,-0.007301966070382457,0.030422817680522643,0.3397727272727273,724,-0.1521892117969859
ats_z96,long,8,0.9272546820097713,1.4395729716149943,1743,-0.0073870992008896064,0.030337684550015495,0.33964429145152036,583,-0.0012134946672229738
since_lo24,short,7,20.0,22.0,1449,-0.00758571732849023,0.04953072131068223,0.33540372670807456,513,-0.010278094470504399
trade_intensity,long,8,1.3406423737374193,1.8140797398555668,1743,-0.008071769417477566,0.029653014333427534,0.3253012048192771,645,-0.004713833344666738
trade_intensity,short,1,0.42891801900514337,0.5272880308186049,1743,-0.008811819833904775,0.04830461880526768,0.3402180149168101,623,-0.09350618672682182
to_hi24,short,9,4.702135813074269,inf,1751,-0.008934653604960492,0.048181785034211964,0.3238149628783552,844,0.14237071365383178
dn_wick,short,3,0.16210374639769112,0.21410788381742135,1753,-0.009149624273180867,0.04796681436599159,0.33257273245864233,652,-0.051262360379631756
tbi_z24,long,4,-0.27786650313001277,-0.008111904463565172,1750,-0.009364447795087244,0.028360335955817856,0.3377142857142857,649,0.057407079928146594
dq_z96,long,4,-0.26518334936951293,-0.00860569407745232,1743,-0.009404144945049105,0.028320638805855995,0.3367756741250717,630,0.03194335069812192
tbi,long,7,0.012349745121514589,0.021355575828427,1753,-0.009552917083533088,0.028171866667372012,0.3342840844266971,516,-0.17861470464884416
to_hi480,long,2,3.5777044489960343,5.246569074088818,1706,-0.00968057442161575,0.02804420932928935,0.3429073856975381,488,-0.08383811094126485
persist24,short,7,0.2907326850983531,0.35940925139846647,1750,-0.009745767481302169,0.04737067115787029,0.33485714285714285,648,0.06044673955189554
vol_per_trade_z,long,5,-0.05988489396132262,0.22398960419376798,1744,-0.009814374502909208,0.027910409247995892,0.33658256880733944,648,-0.01883899967800684
updn_ratio,short,7,0.5210084033613446,0.5333333333333333,1498,-0.010082795453476031,0.047033643185696423,0.3384512683578104,563,0.0319105379603883
ats_z96,long,5,-0.05266879154683275,0.22825718294594946,1744,-0.010139119058765361,0.027585664692139737,0.3411697247706422,622,0.009081121371783634
dq_z96,long,8,0.8519033721413468,1.2929413164698795,1743,-0.01018941737529371,0.027535366375611388,0.33390705679862304,607,-0.057227697903092165
efficiency,long,7,0.10720350653966902,0.13229876773361876,1753,-0.010329160509321757,0.027395623241583344,0.3314318311466058,675,-0.02764726899671073
pos24,long,7,0.7139024046997084,0.7948688042811023,1750,-0.010700375790625265,0.027024407960279835,0.332,606,-0.032482729335304536
up_wick,long,6,0.31081861311032044,0.3792155726310627,1753,-0.01071089983348956,0.027013883917415542,0.33314318311466057,575,0.08566001213145134
rpt_z,long,9,1.338827002744804,inf,1744,-0.010980138385571526,0.026744645365333573,0.3331422018348624,648,-0.043081974429004244
extreme_late,long,1,0.226890756302521,0.3865546218487395,1748,-0.011074332032159602,0.0266504517187455,0.3318077803203661,584,-0.12417723732685494
flow_eff,short,4,0.0875461118101447,0.14316938934528683,1753,-0.01132439457077995,0.045792044068392504,0.3405590416428979,761,0.004610952661361218
since_hi480,long,5,190.0,253.0,1709,-0.011442148236404442,0.026282635514500656,0.33645406670567585,541,0.10603373395818812
tbi_z96,long,4,-0.26559055188348074,-0.009127451173033395,1743,-0.011572568398138236,0.026152215352766864,0.336201950659782,632,0.030989117050732966
vol_per_trade_z,long,3,-0.606762210730851,-0.3348473254825278,1743,-0.011584609601573502,0.026140174149331598,0.3344807802639128,652,-0.013676004753859524
since_lo480,short,9,474.0,inf,1805,-0.011673475137022998,0.04544296350214946,0.33573407202216066,411,-0.0004844772442382454
wick_skew,long,8,0.2619392620174891,0.4100322981701679,1753,-0.011840982775909163,0.025883800974995937,0.3377067883628066,634,-0.021239876639464424
tbi_z96,long,8,0.8516947776330405,1.2936547984757751,1743,-0.012090048790009156,0.025634734960895945,0.3333333333333333,607,-0.06214155806304698
tbi_z24,short,3,-0.5453557661095143,-0.27781278718819186,1750,-0.012091627083577468,0.045024811555594985,0.33371428571428574,602,-0.020613191120179893
to_lo24,short,6,2.868677584858998,3.4630291465138128,1750,-0.012356309640212991,0.04476012899895947,0.3342857142857143,671,-0.04678091487338277
tbi_ma96,long,7,0.0002036347691715132,0.0016647978654260695,1744,-0.01250829895530727,0.025216484795597828,0.32855504587155965,519,-0.12732743466279844
dq_cum24,short,2,-0.3954990996761555,-0.2877494670595045,1751,-0.012532660231889238,0.04458377840728322,0.3375214163335237,562,-0.009247027954844774
range_z,short,1,-0.919094351137646,-0.7416430141209475,1743,-0.012686250186276837,0.04443018845289562,0.34308663224325875,649,0.026677519939993656
disp6,short,0,-inf,-1.7338345040659981,1753,-0.01298300470481936,0.044133433934353095,0.32857957786651454,774,0.061689485231092356
up_wick,long,4,0.20046939064933209,0.25467770111180277,1753,-0.013238173891339777,0.02448660985956532,0.3314318311466058,667,-0.01728595506415516
since_hi24,short,1,2.0,4.0,1671,-0.013430368886722239,0.04368606975245022,0.3333333333333333,608,-0.09271209497211523
avg_trade_usd,long,3,3225.417302268342,3517.500362710932,1753,-0.013504959302884423,0.024219824448020677,0.3354249857387336,451,-0.04366224701248548
dq,long,7,0.02483780992733906,0.04280745234425903,1753,-0.01350953295614111,0.02421525079476399,0.33314318311466057,513,-0.17373300733229452
flow_eff,long,7,0.32511963738420674,0.4950357333623694,1753,-0.013790257836027452,0.023934525914877647,0.3291500285225328,372,-0.026766901544773597
since_hi96,short,2,12.0,23.0,1820,-0.014048909057545368,0.04306752958162709,0.3324175824175824,624,-0.0011750864032924369
dn_wick,long,2,0.10992048846437324,0.16211050536260893,1753,-0.014099018791418958,0.023625764959486144,0.3382772390188249,608,-0.07397941789845182
tbi_ma96,short,7,0.00020333830469230555,0.0016647296919075655,1743,-0.014313108466456165,0.04280333017271629,0.3407917383820998,519,0.09375750891839349
to_lo24,short,7,3.4630291465138128,4.209682848418976,1751,-0.014328333922716575,0.04278810471645588,0.32838378069674473,688,-0.14789001806553895
absorb_z,long,6,0.09124937332246397,0.1505125792785912,1705,-0.014417071020964714,0.023307712729940387,0.33607038123167154,903,-0.17252485114159496
persist96,long,3,0.052954624531496,0.07366912610853091,1744,-0.014675503654762686,0.023049280096142412,0.3400229357798165,640,0.01612214483296307
is_weekend,long,0,-inf,1.0,12514,-0.014737148474710929,0.02298763527619417,0.33170848649512547,4596,-0.09556773713025443
ats_z96,long,6,0.22825718294594946,0.5474866729311634,1743,-0.015042139551074684,0.022682644199830418,0.336201950659782,640,-0.05180584913897721
ats_rank480,short,1,0.08541666666666667,0.19000000000000056,1732,-0.015149028595702031,0.041967410043470425,0.325635103926097,746,0.12273210275041041
disp6,long,7,0.6505919945723503,1.103493957884556,1752,-0.015169633575874326,0.022555150175030774,0.3373287671232877,638,-0.008648068493564707
range_per_trade,long,6,4.410911216019229e-08,4.9087804561014564e-08,1753,-0.01545171501447348,0.02227306873643162,0.33257273245864233,460,0.010199747991625527
absorb,long,5,-0.009463059272743617,0.015049264692727413,1753,-0.015507199245295674,0.022217584505609428,0.3257273245864233,588,-0.09416788573071894
tbi,long,8,0.021355575828427,0.034130562209371926,1753,-0.015810044007442393,0.021914739743462707,0.33314318311466057,587,-0.04191049534864446
persist96,long,1,0.017762884887200715,0.0355293261540456,1743,-0.01590595331940078,0.02181883043150432,0.34366035570854847,717,-0.049707557819308634
tbi_z8,long,9,1.3410298678831192,inf,1753,-0.016061281698786276,0.021663502052118824,0.3359954363947519,646,0.022024368628966014
wick_skew,short,0,-inf,-0.4482784553100202,1753,-0.016076765851501213,0.04103967278767125,0.33713633770678836,602,-0.03842020576797819
wick_skew,short,3,-0.18360419666735198,-0.09497369959087165,1752,-0.016164237783750663,0.0409522008554218,0.3321917808219178,645,-0.011561294304762998
disp24,long,2,-2.2868413995240586,-1.352099432066403,1751,-0.016360699739589975,0.021364084011315124,0.33238149628783553,588,-0.16012326310905683
tbi_ma8,short,6,0.000244599381187632,0.0031125151503548784,1753,-0.01646078117455859,0.040655657464613866,0.3320022818026241,507,0.012678643501993494
absorb,long,0,-inf,-0.1790652066518862,1753,-0.016465134690312834,0.021259649060592266,0.3394181403308614,877,-0.03688775962079434
tbi_ma8,long,5,-0.002352337289249648,0.00024403638199449947,1753,-0.016511109454789445,0.021213674296115655,0.3354249857387336,505,0.02585025750735822
hi_pos,long,8,0.8319327731092437,0.9411764705882353,1743,-0.016666197342930674,0.021058586407974426,0.3373493975903614,700,-0.009618235904557416
extreme_late,long,9,0.9831932773109243,inf,1866,-0.016677933241430753,0.021046850509474347,0.33762057877813506,676,-0.18695285683051444
flow_eff,long,9,0.891792108174381,inf,1753,-0.016870487843371435,0.020854295907533665,0.3097547062179121,342,-0.13903409131123587
kyle,short,0,-inf,1.9766282105298575e-07,1753,-0.01693679898156343,0.040179639657609026,0.354249857387336,1783,-0.05199639055552677
vol_of_vol,long,5,-0.317592534379066,-0.11943617707973447,1703,-0.017108587491151534,0.020616196259753566,0.33998825601879035,484,-0.0017746657325779344
up_wick,long,7,0.3792155726310627,0.46424341356556426,1753,-0.017116777009023424,0.020608006741881676,0.3359954363947519,630,-0.07554141769679702
disp24,long,7,1.63009427246659,2.638181992780548,1750,-0.01736237176756727,0.020362411983337828,0.33885714285714286,647,-0.05289363816841436
kyle,long,1,1.9766182315610447e-07,2.337570688512022e-07,1753,-0.01739014864432224,0.02033463510658286,0.3479749001711352,1111,-0.06105812396385027
hour,long,2,4.0,6.0,1461,-0.017665911951702685,0.020058871799202415,0.33401779603011633,537,-0.11192384921152553
minofday,long,2,240.0,360.0,1461,-0.017665911951702685,0.020058871799202415,0.33401779603011633,537,-0.11192384921152553
persist24,long,5,0.18628381207253752,0.23407569954836535,1750,-0.017887695713544764,0.019837088037360336,0.33314285714285713,609,-0.09333621558224667
since_lo96,short,4,44.0,58.0,1801,-0.01796135795686747,0.039155080682304985,0.3392559689061632,615,-0.025406505966791167
persist96,short,7,0.15286667001590137,0.18785026131489152,1744,-0.01801736604555534,0.03909907259361711,0.33371559633027525,604,0.08079542329702935
tbi,short,4,-0.00937951534141701,-0.0025521685715415576,1753,-0.018041204914771826,0.03907523372440063,0.3314318311466058,437,-0.0001331290844747662
tbi_z24,short,6,0.25831795359580645,0.5480974205647768,1750,-0.018094373503100558,0.0390220651360719,0.332,661,0.044950237499284715
accel,long,4,-0.33049069818485377,-0.022522731809925166,1751,-0.018127498313790055,0.019597285437115045,0.33466590519703027,580,-0.07311671813046848
close_loc,long,4,0.42525941378723014,0.5199886406699581,1753,-0.01865186383318853,0.01907291991771657,0.3320022818026241,628,-0.07262621850664074
absorb_z,long,2,-0.17765334556500306,-0.10288870829819301,1705,-0.018699442520440365,0.019025341230464735,0.32727272727272727,532,0.0166970407639367
dq,long,8,0.04280745234425903,0.06837573399437534,1753,-0.018704708050525598,0.019020075700379502,0.3320022818026241,585,-0.04358209092539682
lo_pos,long,6,0.5462184873949579,0.680672268907563,1717,-0.018751849419176136,0.018972934331728964,0.3360512521840419,618,-0.056035365875682
avg_trade_usd,long,2,2919.050550499485,3225.417302268342,1753,-0.01876933346503317,0.01895545028587193,0.3359954363947519,568,-0.03171467215148562
atr_rank,short,5,0.45416666666666666,0.5645833333333333,1702,-0.018855364731778616,0.03826107390739384,0.3354876615746181,667,0.007463949506205902
dn_wick,short,8,0.48902853367728893,0.6033187226048837,1753,-0.019037347339265723,0.038079091299906734,0.33314318311466057,629,0.07267981768735132
persist6,long,1,0.06954789729227821,0.13828877546278837,1752,-0.019049468431838096,0.018675315319067003,0.3350456621004566,616,0.06799916534133826
disp24,short,4,-0.5840537283699447,0.12449150049597674,1750,-0.019050123006921358,0.0380663156322511,0.3377142857142857,638,-0.037834546712571485
m1_jump,long,0,-inf,0.10866682063580319,1753,-0.019056953294789455,0.018667830456115645,0.3354249857387336,619,-0.03801509216971289
since_lo96,long,0,-inf,7.0,1638,-0.01909956020374787,0.01862522354715723,0.3089133089133089,727,-0.13678592834420558
to_lo24,long,0,-inf,0.8069417639436041,1751,-0.01914924453836647,0.01857553921253863,0.3340948029697316,825,-0.18154242544550547
updn_ratio,short,6,0.5083333333333333,0.5210084033613446,2306,-0.019237452922540654,0.0378789857166318,0.3304423243712056,763,-0.03524239898903215
since_lo480,long,9,474.0,inf,1805,-0.01930658716595617,0.01841819658494893,0.34349030470914127,411,-0.028482506712102694
since_hi24,long,6,16.0,19.0,1710,-0.019384198368245446,0.018340585382659653,0.3333333333333333,608,-0.0765760629910205
body_frac,long,4,-0.15229276502904993,0.015107153752299499,1753,-0.019495174877255602,0.018229608873649498,0.3342840844266971,578,-0.012986504578007102
flow_eff,long,0,-inf,-0.20347914689604085,1753,-0.019565565338242198,0.0181592184126629,0.3280091272104963,585,-0.02336926624157931
rv_vs_range,short,9,0.9121920658009168,inf,1754,-0.019607089431950546,0.03750934920722191,0.33751425313568983,870,0.05548708556526103
atr_pct,long,5,0.011772650436221613,0.013060740802377296,1753,-0.019752420573275715,0.017972363177629385,0.33485453508271534,425,0.07721871675147499
kyle,long,9,5.875037982607238e-07,inf,1753,-0.01975335961038009,0.01797142414052501,0.29606389047347403,71,-0.14433772792647065
tbi_z24,long,1,-1.2973664560483584,-0.8715149043569914,1751,-0.01985280484833669,0.01787197890256841,0.3340948029697316,611,-0.06122114164669277
minofday,long,0,-inf,120.0,1461,-0.019946175450117315,0.017778608300787785,0.32922655715263516,537,-0.03444334934985464
hour,long,0,-inf,2.0,1461,-0.019946175450117315,0.017778608300787785,0.32922655715263516,537,-0.03444334934985464
persist6,short,2,0.13830679794448436,0.2098341230236672,1753,-0.019966593077556605,0.03714984556161585,0.3320022818026241,619,-0.0801031255944716
rv_vs_range,long,2,0.5416880665234814,0.5881922791963359,1753,-0.020007647999443986,0.017717135751461114,0.3314318311466058,607,-0.04324073821659407
efficiency,long,5,0.07046985848222552,0.08743682201291547,1753,-0.020443940227527418,0.017280843523377682,0.33314318311466057,614,-0.09350276173284285
pos480,short,1,0.16849352816260305,0.23731596076688327,1705,-0.02044477386501861,0.036671664774153845,0.32199413489736073,645,-0.22488993073825697
pos96,long,4,0.4347622980399609,0.5278003482298317,1743,-0.020545224470680766,0.017179559280224334,0.33505450372920254,676,-0.08691332087486571
to_hi24,long,0,-inf,0.660552863096775,1751,-0.020602284904893495,0.017122498846011604,0.33923472301541974,739,-0.132051677002986
updn_ratio,long,7,0.5210084033613446,0.5333333333333333,1498,-0.020729052646704518,0.016995731104200582,0.33444592790387184,563,-0.0017461549122441602
efficiency,long,1,0.013576193231804846,0.026921453907612667,1753,-0.02080799775697684,0.01691678599392826,0.3342840844266971,567,-0.04613061424741559
avg_trade_usd,short,1,2593.2894480085406,2919.0826939234653,1753,-0.020910497701950973,0.03620594093722149,0.3262977752424415,552,0.05383382406778839
accel,short,7,0.6401842537673533,1.0549487424060404,1750,-0.020972276335657927,0.036144162303514527,0.3262857142857143,660,-0.06910917600665424
body_frac,short,0,-inf,-0.6305418719211856,1753,-0.02104956476992405,0.03606687386924841,0.3320022818026241,799,-0.008422001928766857
accel,long,3,-0.6725683777067686,-0.33049069818485377,1750,-0.021235133563567172,0.016489650187337928,0.3365714285714286,601,-0.11697430018667865
disp24,short,8,2.6392405989602477,4.104217129277571,1751,-0.02125292005802419,0.035863518581148265,0.3329525985151342,731,-0.046913813182205076
dq,short,4,-0.018560523505625388,-0.004986275364886964,1753,-0.02137361973347681,0.035742818905695646,0.3302909298345693,436,-0.00448036970953263
absorb_z,short,7,0.1505079929749849,0.23204366134616372,1704,-0.021397222494361854,0.035719216144810606,0.3333333333333333,679,0.059806092578585414
efficiency,short,8,0.13230052846370444,0.17132167658073766,1753,-0.02164241547552234,0.035474023163650115,0.3302909298345693,707,-0.04776378700728074
to_lo480,short,9,28.3989800175042,inf,1706,-0.021886855529092124,0.03522958311008033,0.35228604923798357,390,-0.24278524082010255
close_loc,long,0,-inf,0.13946922396670497,1753,-0.022029567179405785,0.015695216571499315,0.33257273245864233,802,-0.0790399481892681
since_lo24,short,4,11.0,15.0,2079,-0.02207203135140217,0.035044407287770286,0.33044733044733043,738,-0.07750685738716875
tbi_z24,long,5,-0.008111904463565172,0.2581956187592736,1751,-0.02216121944951623,0.01556356430138887,0.3329525985151342,688,-0.10671613434751856
pos24,long,0,-inf,0.1626137497298172,1751,-0.022222766768778022,0.015502016982127078,0.33066818960593947,846,-0.16243270537725907
tbi_z8,long,2,-0.9130893775073249,-0.588094325419292,1752,-0.022281730737895786,0.015443053013009314,0.3321917808219178,630,-0.009259741094011396
body_frac,long,6,0.17946658064795995,0.3320847632661971,1753,-0.022297641326960712,0.015427142423944388,0.33086138049058755,602,0.008585079729274676
rv_vs_range,long,6,0.7172749574024276,0.7681051733876051,1753,-0.022428580434035037,0.015296203316870063,0.33257273245864233,672,-0.055897952975146804
wick_skew,long,2,-0.29223776339629365,-0.18361218031065668,1753,-0.022524879948897545,0.015199903802007555,0.3320022818026241,613,-0.07229535967547814
close_loc,long,3,0.3302928994339647,0.42525941378723014,1753,-0.023164564953688304,0.014560218797216796,0.3302909298345693,539,-0.0732796706376613
persist6,short,1,0.0695483700527812,0.13830679794448436,1752,-0.023218450235138282,0.03389798840403417,0.3350456621004566,616,-0.06669227254365843
kyle,short,2,2.3375723366121802e-07,2.655415960717732e-07,1753,-0.023238541342783543,0.03387789729638892,0.3405590416428979,869,-0.09117888877760745
flow_eff,short,8,0.4950474981172561,0.8917564176582605,1753,-0.02351259110330558,0.03360384753586688,0.3240159726183685,332,0.16091666630136303
since_hi24,short,4,10.0,13.0,1569,-0.02353682366627658,0.033579614972895876,0.33397068196303376,531,0.012257731299841527
dq,long,5,-0.004986555505044881,0.009345437428565227,1753,-0.023765669873638352,0.013959113877266748,0.3257273245864233,475,-0.11601235932165432
to_lo96,long,9,11.31926858231243,inf,1744,-0.023768646152557155,0.013956137598347945,0.33142201834862384,499,-0.29775464500666715
lo_pos,long,0,-inf,0.01680672268907563,1613,-0.023815815266234126,0.013908968484670974,0.33539987600743953,598,-0.06256280608739645
flow_eff,short,1,-0.20345268242398862,-0.005693750126347006,1753,-0.024188202541357427,0.03292823609781503,0.3320022818026241,873,0.017110484683859856
wick_skew,long,9,0.4100322981701679,inf,1753,-0.024427066774485473,0.013297716976419627,0.3354249857387336,615,-0.08249773770017349
tbi,long,5,-0.0025587838498823123,0.004609461286434003,1753,-0.02443196123051062,0.01329282252039448,0.32515687393040504,474,-0.12643617591067027
disp96,long,7,3.9023051969750764,6.024672736312001,1743,-0.02452337194170714,0.013201411809197958,0.336201950659782,650,-0.0520578937492999
avg_trade_usd,long,5,3817.654111353575,4101.2079411178065,1753,-0.024694603297883005,0.013030180453022094,0.33257273245864233,377,-0.10355302965826761
dn_wick,long,6,0.33257845532180025,0.40448758655590056,1753,-0.024856330851446215,0.012868452899458885,0.3297204791785511,614,-0.07959759519107774
pos24,short,9,0.8732020150159777,inf,1751,-0.025067382730580814,0.03204905590859164,0.32438606510565393,716,-0.046354524901868026
pos24,short,2,0.251081701352295,0.3411694197323044,1751,-0.025116679893838926,0.031999758745333534,0.33637921187892633,665,0.07179681985512007
since_hi480,long,2,41.0,77.0,1700,-0.02541140374265932,0.012313380008245781,0.3411764705882353,476,-0.04848867421934743
dq_z96,long,5,-0.00860569407745232,0.24999817476038963,1744,-0.025571830289612244,0.012152953461292856,0.330848623853211,668,-0.05687560028158626
kyle_z,short,2,-0.8645613199864854,-0.6331863008561113,1744,-0.025619628735926228,0.03149680990324623,0.33658256880733944,625,0.016693148606932322
tbi_z96,long,7,0.5366631487190487,0.8516947776330405,1744,-0.025677600737496583,0.012047183013408517,0.3342889908256881,633,-0.10916977957101809
since_lo96,long,3,31.0,44.0,1709,-0.025731401445685666,0.011993382305219433,0.33645406670567585,616,-0.19571081362688147
tbi_z96,long,6,0.24987547240530075,0.5366631487190487,1743,-0.025760292404390903,0.011964491346514197,0.3287435456110155,680,-0.1275634833996445
rpt_rank,long,8,0.7958333333333333,0.9,1727,-0.025792082267111025,0.011932701483794075,0.3346844238563984,665,-0.06068132276639671
tbi_z8,long,1,-1.3299056906771374,-0.9130893775073249,1752,-0.02580972333012725,0.011915060420777848,0.3276255707762557,620,-0.01775832003782558
tbi_z8,long,3,-0.588094325419292,-0.2911750759771651,1752,-0.026080367428768268,0.011644416322136832,0.3264840182648402,601,0.036958786773094165
vol_per_trade_z,long,2,-0.9181207958131234,-0.606762210730851,1744,-0.026173003700524063,0.011551780050381037,0.330848623853211,724,-0.10790756924707558
since_lo96,short,0,-inf,7.0,1638,-0.0263094596948906,0.030806978944281856,0.3162393162393162,727,0.18259835653711026
up_wick,short,3,0.14918918918918922,0.20044377073311095,1752,-0.026432268546229126,0.03068417009294333,0.3281963470319635,659,-0.0470843975916085
since_lo24,long,8,22.0,24.0,2012,-0.02648791451041112,0.011236869240493979,0.33300198807157055,710,0.04029202626550824
to_lo96,long,2,2.4932669549933646,3.4222729832143024,1744,-0.026635038154352798,0.011089745596552302,0.32339449541284404,736,-0.13929089995486416
kyle,long,5,3.2450587080314726e-07,3.6336103116226057e-07,1753,-0.026654266771833097,0.011070516979072003,0.3297204791785511,528,-0.1469891392955235
dq_z96,long,7,0.5363175728210908,0.8519033721413468,1744,-0.026655810981374466,0.011068972769530633,0.3342889908256881,632,-0.11241024859801163
to_hi96,long,4,3.58250076756388,4.461552625364843,1743,-0.026696690442201517,0.011028093308703583,0.336201950659782,622,0.06862306407872037
accel,long,8,1.0548780234742297,1.63904115799285,1751,-0.02671694707908843,0.011007836671816668,0.3329525985151342,668,-0.061796899399574355
gap,long,3,0.0,0.00011467487397381176,9486,-0.02676335862609066,0.01096142512481444,0.3309087075690491,3851,-0.061799811002605315
m1_jump,short,7,0.23904861060170587,0.28465075366655535,1752,-0.02685976877607104,0.030256669863101417,0.3327625570776256,684,-0.01412073206176479
tbi_z24,long,7,0.5480186894867416,0.8705923081625637,1750,-0.02695871818379028,0.010766065567114819,0.33085714285714285,638,-0.15175712569086047
persist6,short,0,-inf,0.0695483700527812,1753,-0.026990996744787357,0.0301254418943851,0.3314318311466058,612,0.009949227508077238
ats_z96,long,3,-0.5976485267196551,-0.31813929123125084,1743,-0.02701203317151919,0.01071275057938591,0.32989099254159493,689,-0.09744192024555604
efficiency,long,9,0.1712958731405529,inf,1753,-0.02703822601183854,0.01068655773906656,0.33257273245864233,738,-0.07354914332254132
to_hi96,long,3,2.740913688480361,3.58250076756388,1743,-0.02716509196046731,0.010559691790437791,0.3293172690763052,631,-0.006770621314850758
rpt_z,long,0,-inf,-1.208983311443256,1744,-0.02722148043221299,0.01050330331869211,0.3342889908256881,650,-0.18449476069717563
m1_jump,short,6,0.20766751210352952,0.23904861060170587,1753,-0.027227676142914277,0.02988876249625818,0.33371363377067886,629,0.020686469691962726
updn_ratio,short,1,0.4444444444444444,0.4649122807017544,1758,-0.02726612057872283,0.029850318060449625,0.3333333333333333,615,-0.09680231204583213
rpt_z,short,0,-inf,-1.2089821417832316,1744,-0.027365421330521687,0.02975101730865077,0.3319954128440367,650,0.09530341929206189
tbi_z96,long,5,-0.009127451173033395,0.24987547240530075,1744,-0.027404682643210207,0.010320101107694893,0.3302752293577982,668,-0.04387534623254584
to_lo96,long,0,-inf,1.5846327713940005,1744,-0.02752832305491088,0.010196460695994222,0.3205275229357798,717,-0.10623782979753423
dow,long,0,-inf,1.0,2508,-0.027580154722489928,0.010144629028415172,0.33413078149920256,912,-0.20061107641984813
to_lo24,short,2,1.2095788179938456,1.581548939348783,1751,-0.027656986246007344,0.029459452393165112,0.33181039406053686,635,0.04201646783785368
pos96,short,5,0.5278580521200811,0.6324341546304173,1743,-0.02785266965649159,0.029263768982680866,0.33161216293746415,675,-0.20739519377974944
tbi,short,2,-0.025914206474069112,-0.0169987444082223,1753,-0.0278689343738001,0.029247504265372357,0.3280091272104963,511,0.0039910756447486375
kyle,short,5,3.245096764649406e-07,3.633970704104832e-07,1754,-0.027903276532543927,0.02921316210662853,0.33238312428734323,529,0.07445365262717989
since_lo96,long,6,70.0,81.0,1805,-0.027956460050542916,0.009768323700362184,0.33850415512465376,693,0.03585500969843851
since_lo24,long,7,20.0,22.0,1449,-0.02796261909798216,0.009762164652922938,0.33402346445824704,513,-0.02403900877265338
dq,short,2,-0.05169955379172245,-0.03389937809996683,1754,-0.02797648000369087,0.029139958635481588,0.32839224629418473,512,0.012205419434930136
since_hi96,short,9,93.0,inf,2004,-0.02803228437845183,0.029084154260720627,0.31087824351297405,886,-0.2535501652748891
ats_rank480,long,8,0.8333333333333334,0.9270833333333334,1732,-0.028032614031895116,0.009692169719009984,0.3348729792147806,567,-0.004271579506596216
flow_div,long,2,1.0,inf,3629,-0.028054921333527404,0.009669862417377696,0.3303940479470929,1551,-0.024380144792535585
range_z,long,2,-0.7416434775025685,-0.5918313886620675,1744,-0.028110700344338376,0.009614083406566724,0.338302752293578,652,0.009846204929201506
hi_pos,long,6,0.5546218487394958,0.7058823529411765,1832,-0.028197290925887297,0.009527492825017803,0.3324235807860262,710,-0.013619788560998793
dow,short,0,-inf,1.0,2508,-0.02835868607372562,0.028757752565446836,0.3361244019138756,912,0.00865961526161357
ats_z96,short,8,0.9272149913063328,1.4395557305372417,1744,-0.0285132539974267,0.028603184641745757,0.3348623853211009,584,-0.005583716611547442
minofday,long,10,1200.0,1320.0,1461,-0.028531853483217053,0.009192930267688047,0.3264887063655031,537,-0.027055140069015483
hour,long,10,20.0,22.0,1461,-0.028531853483217053,0.009192930267688047,0.3264887063655031,537,-0.027055140069015483
to_hi24,long,4,1.7546254734759088,2.1491110045441206,1750,-0.02855054519752246,0.00917423855338264,0.33314285714285713,551,-0.022792957169385133
vol_per_trade_z,long,9,1.3969188140815194,inf,1744,-0.02874232902588695,0.00898245472501815,0.3331422018348624,648,0.06004271834705072
to_hi480,long,0,-inf,1.9792815474841507,1705,-0.028812155827271018,0.008912627923634082,0.32375366568914954,468,0.03478484045052304
close_loc,long,6,0.6147605042515956,0.7031158593599232,1753,-0.028822877203800355,0.008901906547104745,0.3280091272104963,550,0.04598266282777853
dq_cum24,long,7,0.06435841708262743,0.17876613905235503,1750,-0.028911116271803525,0.008813667479101575,0.324,558,0.11721012755233479
since_lo24,long,0,-inf,2.0,1329,-0.02898600067842386,0.00873878307248124,0.32505643340857787,575,-0.1557673992711312
flow_eff,short,6,0.21966006534325921,0.32518352756198016,1753,-0.029190514301255497,0.02792592433791696,0.32686822589845976,465,0.056383648629480435
body_frac,short,5,0.015113636363635536,0.17973800818422617,1753,-0.029285417195340308,0.02783102144383215,0.32686822589845976,582,0.0744588965993727
tbi_ma8,short,7,0.0031125151503548784,0.006452515217041847,1752,-0.02928574402730506,0.027830694611867397,0.3230593607305936,542,0.008379832495595487
rv_vs_range,long,8,0.8249927147004823,0.9121924224253575,1753,-0.029417630045804277,0.008307153705100823,0.3365658870507701,641,-0.044158794259063244
atr_pct,short,3,0.009383391031439335,0.010607503800631942,1753,-0.02959302211064977,0.027523416528522686,0.3365658870507701,723,-0.11403204113557228
up_wick,long,0,-inf,0.05192623117958025,1753,-0.029625023615141334,0.008099760135763766,0.32857957786651454,830,-0.07431046220850696
tbi,short,1,-0.03825871603889908,-0.025914206474069112,1753,-0.02982587269767542,0.027290565941497036,0.33086138049058755,634,0.024305227422281143
gap,short,5,0.0003718197541125853,inf,1753,-0.0298499230152103,0.027266515623962158,0.33371363377067886,62,0.15499016451993658
since_hi480,short,4,127.0,190.0,1698,-0.02996505442584968,0.027151384213322777,0.3303886925795053,533,0.11300309188691678
minofday,long,8,960.0,1080.0,1460,-0.03001250940066439,0.0077122743502407096,0.32945205479452055,537,-0.040310062808745994
hour,long,8,16.0,18.0,1460,-0.03001250940066439,0.0077122743502407096,0.32945205479452055,537,-0.040310062808745994
dq_z96,long,6,0.24999817476038963,0.5363175728210908,1743,-0.030171681637901657,0.0075531021130034424,0.3270223752151463,679,-0.12177131700891884
dq,short,1,-0.07640171196722105,-0.05169955379172245,1753,-0.030318991313425282,0.026797447325747174,0.3302909298345693,630,0.026759703019133264
to_lo24,short,1,0.8069687359040062,1.2095788179938456,1751,-0.030366738811716743,0.026749699827455713,0.33466590519703027,618,0.03541541979891804
atr_pct,long,2,0.008090853332312771,0.009383273474823397,1753,-0.030844068173516266,0.006880715577388834,0.3428408442669709,1045,-0.11005840514005776
pos96,short,9,0.8985763438961862,inf,1744,-0.03084939120719796,0.026267047431974496,0.32798165137614677,549,-0.12654175634535564
disp24,long,5,0.12447030459928715,0.8332371048770182,1751,-0.03088126793041961,0.00684351582048549,0.33066818960593947,615,0.08473709138569246
range_rank,short,2,0.17916666666666667,0.27979166666666894,1732,-0.030927315080954795,0.02618912355821766,0.3389145496535797,637,-0.032685559057834046
pos24,long,4,0.43270142292360175,0.5244785681952712,1750,-0.03099094918151987,0.006733834569385231,0.3291428571428571,542,0.05847373589740323
flow_eff,long,5,0.1431640093060869,0.21963663186062227,1753,-0.030998740938698036,0.0067260428122070635,0.3320022818026241,645,-0.11751345220908542
hi_pos,short,7,0.7058823529411765,0.8319327731092437,1697,-0.03102287900243935,0.026093559636733106,0.3252799057159694,632,-0.057335598066260145
close_loc,long,5,0.5199886406699581,0.6147605042515956,1753,-0.031040272843027086,0.0066845109078780135,0.3291500285225328,620,-0.04296205190299179
disp24,short,0,-inf,-3.5520651974609696,1751,-0.031200670529837934,0.025915768109334523,0.31810394060536834,844,0.14538813483279855
sess_us,long,1,1.0,inf,5843,-0.03123137172625716,0.00649341202464794,0.32859832277939416,2148,-0.03938065098367906
m1_jump,long,3,0.1459886173951145,0.16361416421054845,1753,-0.031244258321918933,0.006480525428986167,0.3262977752424415,646,-0.10966783038861955
tbi_z24,long,2,-0.8715149043569914,-0.5454554458874163,1750,-0.03135347525044785,0.006371308500457251,0.32285714285714284,690,-0.02993811362603053
minofday,long,9,1080.0,1200.0,1461,-0.03192237643268399,0.005802407318221112,0.3278576317590691,537,-0.04202701053501531
hour,long,9,18.0,20.0,1461,-0.03192237643268399,0.005802407318221112,0.3278576317590691,537,-0.04202701053501531
to_hi24,long,3,1.3865221118373663,1.7546254734759088,1751,-0.03211903753052847,0.005605746220376628,0.32838378069674473,626,0.002950698991865315
accel,short,0,-inf,-1.6147041930095605,1751,-0.032226582777859385,0.024889855861313072,0.32153055396916047,700,0.1466851626940155
sess_asia,long,1,1.0,inf,5844,-0.032328273193259774,0.005396510557645326,0.32854209445585214,2148,-0.0733207592124465
tbi_z24,short,8,0.8707234729711182,1.3149345902899674,1751,-0.032755047640602705,0.02436139099856975,0.33066818960593947,643,-0.014565807869234731
sess_eu,long,0,-inf,1.0,11686,-0.03277852552873821,0.004946258222166891,0.327657025500599,4295,-0.0542583645349717
pos24,long,6,0.6216120517733957,0.7139024046997084,1751,-0.03280461034123255,0.004920173409672553,0.32952598515134207,618,0.03321099899813387
since_hi24,short,3,7.0,10.0,1675,-0.0329276494586751,0.024188789180497355,0.3265671641791045,549,0.006510402507329438
tbi_z8,short,2,-0.9130686424287988,-0.5880779440554359,1752,-0.032936672000379565,0.024179766638792892,0.3242009132420091,630,-0.002581230393457145
ats_rank480,short,2,0.19000000000000056,0.3020833333333333,1680,-0.03316682167798787,0.023949616961184583,0.32857142857142857,636,0.012641732480535586
tbi_z96,long,1,-1.280623622479798,-0.8552593166160821,1743,-0.03323390189456681,0.004490881856338287,0.3304647160068847,599,-0.07113972359170444
pos480,short,4,0.4068332629793128,0.5365751154335792,1705,-0.03330379865315003,0.023812639986022427,0.32609970674486805,713,0.13745593321340996
disp24,short,7,1.6302222017503207,2.6392405989602477,1750,-0.03354007934245091,0.023576359296721548,0.3302857142857143,648,-0.05834873525496966
trade_intensity,long,4,0.7013006393028585,0.8026561082352681,1743,-0.033582468101604326,0.0041423156493007735,0.3304647160068847,593,-0.1334913369456717
to_lo96,short,1,1.5846391221078506,2.493402428574814,1743,-0.03387781839083142,0.023238620248341037,0.3287435456110155,617,0.24691941647950444
tbi_ma24,short,4,-0.004047042011032555,-0.002383393960907184,1751,-0.03388188084470746,0.023234557794464997,0.33238149628783553,463,-0.039639570879981476
dq_cum24,short,4,-0.19154073635010174,-0.1114963338315346,1751,-0.033893409286747604,0.023223029352424852,0.33238149628783553,474,-0.023473190509880882
dow,long,1,1.0,2.0,2507,-0.03396899360903407,0.0037557901418710307,0.3191065017949741,912,-0.037486555801016966
since_lo480,long,2,94.0,159.0,1698,-0.034047351805155945,0.0036774319457491544,0.3250883392226148,676,-0.001131638831831099
tbi,long,0,-inf,-0.038259057486222714,1753,-0.03412342991523867,0.0036013538356664265,0.3359954363947519,1153,-0.1286074629836674
close_loc,short,9,0.8773384763741591,inf,1754,-0.03423559977661917,0.022880838862553286,0.3289623717217788,781,0.04505096074628506
to_hi24,long,7,3.0820642828583993,3.728048300810371,1750,-0.034237370308267366,0.0034874134426377337,0.3291428571428571,584,0.017946329564111286
updn_ratio,long,0,-inf,0.4444444444444444,1742,-0.03428291170036484,0.003441872050540258,0.3266360505166475,657,-0.09751220335262302
since_hi96,long,6,64.0,76.0,1727,-0.034320384400284405,0.0034043993506206946,0.3364215402431963,598,-0.2467195394001608
minofday,long,7,840.0,960.0,1461,-0.03445791332266886,0.003266870428236243,0.33059548254620125,537,-0.04813039052193946
hour,long,7,14.0,16.0,1461,-0.03445791332266886,0.003266870428236243,0.33059548254620125,537,-0.04813039052193946
up_wick,long,2,0.10325737627550116,0.14917492170282307,1753,-0.03456245283271081,0.0031623309181942894,0.32686822589845976,572,-0.1487468481796668
rpt_z,long,5,-0.1223238355833531,0.13751827486901783,1744,-0.034630223255514,0.0030945604953910993,0.32855504587155965,632,-0.06256317323510559
since_hi24,long,3,7.0,10.0,1675,-0.034661627827175,0.0030631559237300973,0.3235820895522388,549,-0.0076285639448955755
hi_pos,long,1,0.01680672268907563,0.07563025210084033,1837,-0.0346672154250927,0.0030575683258124015,0.3271638541099619,660,-0.09312853484072016
body_frac,long,8,0.4884048777483594,0.6536959592739344,1753,-0.034739294877427815,0.002985488873477285,0.3297204791785511,643,-0.060769757388443785
m1_jump,short,9,0.3787601029955896,inf,1754,-0.03480766774618106,0.022308770892991395,0.3295324971493729,566,-0.013227331193230482
since_lo96,long,8,89.0,95.0,1881,-0.034853826790230046,0.0028709569606750543,0.3253588516746411,634,0.09988582745161602
to_lo24,short,3,1.581548939348783,1.966549684456778,1750,-0.03489333150797388,0.02222310713119858,0.3325714285714286,572,0.051561919672058726
lo_pos,long,4,0.2689075630252101,0.40336134453781514,1755,-0.03501322818439117,0.0027115555665139304,0.32763532763532766,651,-0.043298370308225836
dq_z96,long,1,-1.2801095936067155,-0.8546180897613621,1743,-0.035080236963740796,0.0026445467871643036,0.32989099254159493,604,-0.07042314982066857
persist24,long,8,0.3594184074989033,0.45694835893804586,1751,-0.035305671278307985,0.0024191124725971153,0.33123929183323814,726,-0.16766882838477157
close_loc,short,8,0.7869955156950673,0.8773384763741591,1753,-0.035329285403784334,0.021787153235388122,0.32458642327438675,646,-0.06404063688224786
to_lo96,short,0,-inf,1.5846391221078506,1744,-0.03541450564918702,0.021701932989985434,0.32224770642201833,717,-0.0358602535136903
lo_pos,short,3,0.15126050420168066,0.2689075630252101,1758,-0.035604877544344875,0.021511561094827582,0.3236632536973834,644,-0.027802734991990496
rv_vs_range,short,7,0.7680924542102475,0.8249896699333292,1752,-0.03561816063155832,0.021498278007614134,0.3310502283105023,604,0.002438616937088042
m1_jump,long,7,0.23903869812019896,0.2845778277341827,1753,-0.03581881870089755,0.0019059650500075492,0.32686822589845976,682,-0.07184791838967644
is_weekend,short,0,-inf,1.0,12515,-0.03582274439284548,0.021293694246326975,0.32425089892129444,4596,0.018774766770881596
efficiency,short,9,0.17132167658073766,inf,1754,-0.03584039643651243,0.02127604220266003,0.3272519954389966,738,-0.013185525451308208
tbi_ma24,long,7,0.0012858175176685244,0.0036585983662467923,1750,-0.03592267205044746,0.0018021117004576384,0.32171428571428573,550,0.116266865561754
lo_pos,short,0,-inf,0.01680672268907563,1614,-0.035975903505949466,0.02114053513322299,0.32837670384138784,598,-0.09876519936565366
hour,short,5,10.0,12.0,1461,-0.03611348365646309,0.02100295498270937,0.3271731690622861,537,0.009815566102445477
minofday,short,5,600.0,720.0,1461,-0.03611348365646309,0.02100295498270937,0.3271731690622861,537,0.009815566102445477
to_hi24,short,4,1.7544541488140106,2.148810236646202,1751,-0.03612397272255077,0.020992465916621683,0.3289548829240434,551,0.008149477733123734
tbi_ma96,long,8,0.0016647978654260695,0.0036159279986692243,1743,-0.03629316502733716,0.0014316187235679373,0.321285140562249,607,0.10207020094677445
pos24,short,1,0.16263779721791283,0.251081701352295,1751,-0.03633128377261565,0.020785154866556806,0.3289548829240434,624,0.15715521959595544
up_wick,short,4,0.20044377073311095,0.2546744036105762,1753,-0.036364222162766524,0.020752216476405932,0.32686822589845976,667,-0.016193965723430803
rv_vs_range,long,5,0.6720595724873857,0.7172749574024276,1753,-0.03645393835927274,0.001270845391632358,0.3262977752424415,650,-0.0679237364137231
range_per_trade,short,7,4.908868178349751e-08,5.633970752188805e-08,1753,-0.036546305975326814,0.020570132663845643,0.32287507130633203,285,-0.1677808168248054
tbi_z96,short,1,-1.2806235545977467,-0.8551422780941786,1743,-0.036621749496614,0.020494689142558455,0.32816982214572576,599,0.020508204966573525
hour,long,1,2.0,4.0,1461,-0.0366641980463889,0.0010605857045161982,0.3264887063655031,537,-0.057696623899173516
minofday,long,1,120.0,240.0,1461,-0.0366641980463889,0.0010605857045161982,0.3264887063655031,537,-0.057696623899173516
tbi_ma96,long,2,-0.005824679410351112,-0.004484977974560617,1744,-0.036813032987337485,0.0009117507635676148,0.33371559633027525,467,0.029238067040453463
rpt_rank,long,3,0.27708333333333524,0.3770833333333333,1697,-0.036909037831172026,0.0008157459197330741,0.32999410724808487,625,-0.11456372248415798
disp6,short,5,0.024470146746003552,0.31277434969128437,1753,-0.03695118572754067,0.020165252911631786,0.3314318311466058,573,0.010353963639993236
dow,long,2,2.0,3.0,2495,-0.03711164329134745,0.000613140459557647,0.32304609218436875,924,-0.12354551828164677
minofday,long,6,720.0,840.0,1461,-0.037263711526513164,0.00046107222439193546,0.33059548254620125,537,-0.026688163383591458
hour,long,6,12.0,14.0,1461,-0.037263711526513164,0.00046107222439193546,0.33059548254620125,537,-0.026688163383591458
vol_per_trade_z,short,0,-inf,-1.3303650293293434,1744,-0.03729601169880148,0.019820426940370978,0.31995412844036697,578,-0.02246260582799915
atr_rank,short,4,0.35,0.45416666666666666,1696,-0.037378332128190785,0.019738106510981672,0.33490566037735847,650,-0.05814038101780106
hi_pos,long,4,0.2689075630252101,0.4117647058823529,1846,-0.03742022901584348,0.00030455473506162123,0.3206933911159263,687,-0.10753687670654766
to_lo24,short,5,2.3843890088344057,2.868677584858998,1751,-0.03742184698719259,0.019694591651979863,0.32609937178755,659,0.11829216705113407
extreme_late,short,4,0.6302521008403361,0.7310924369747899,1877,-0.03749823013129489,0.019618208507877564,0.32818327117741075,692,0.015221989446221657
ats_z96,long,4,-0.31813929123125084,-0.05266879154683275,1743,-0.03768494525216149,3.9838498743609285e-05,0.32989099254159493,650,-0.10705546716171048
pos96,short,2,0.24826016221754424,0.34210671361963346,1744,-0.03771359936255104,0.01940283927662142,0.31422018348623854,677,-0.02152027192700069
rpt_rank,long,5,0.47708333333333336,0.5833333333333334,1726,-0.03772828735995727,-3.50360905217173e-06,0.32444959443800697,664,-0.02298659931829795
dn_wick,long,8,0.4890370345921051,0.6033211968489552,1753,-0.03790974034792501,-0.00018495659701991268,0.3257273245864233,628,-0.045580905270679706
flow_eff,long,1,-0.20347914689604085,-0.005695813569739607,1753,-0.038195844070113415,-0.00047106031920831487,0.3314318311466058,873,-0.044670984172889124
to_lo24,long,8,4.209795066571122,5.315029663924354,1751,-0.03833539933863799,-0.000610615587732892,0.32667047401484867,633,-0.020120437494277603
accel,short,4,-0.33040781386764967,-0.022502916225559264,1750,-0.0386562287866712,0.018460209852501255,0.32971428571428574,580,0.0338814276623044
dq_z96,short,1,-1.2800850652271203,-0.854598062543534,1743,-0.03865951634924752,0.01845692228992494,0.32759609868043604,604,0.026734333509625337
pos24,long,3,0.34113585966719373,0.43270142292360175,1751,-0.038745067415738486,-0.0010202836648333866,0.3289548829240434,577,0.05557439528565117
tbi_ma96,long,5,-0.0023537450851739464,-0.0011658256336608773,1744,-0.03875016718827999,-0.001025383437374891,0.3348623853211009,446,0.02610377521103467
range_per_trade,short,3,3.3078586216574335e-08,3.641009071867615e-08,1753,-0.038824354973001976,0.01829208366617048,0.32743867655447806,785,-0.01722252927199213
hi_pos,long,5,0.4117647058823529,0.5546218487394958,1688,-0.03893245902265722,-0.0012076752717521191,0.32701421800947866,567,-0.03087553346184035
lo_pos,short,1,0.01680672268907563,0.06722689075630252,1783,-0.03902099885724748,0.018095439781924974,0.3202467750981492,586,0.03579171453470441
dq,long,0,-inf,-0.07640290283107944,1753,-0.03913677443412313,-0.0014119906832180326,0.3342840844266971,1155,-0.1276559664740177
m1_jump,long,1,0.10866682063580319,0.12821528291699955,1753,-0.039419058725950966,-0.001694274975045866,0.3240159726183685,577,0.03948551120179686
to_hi96,short,6,5.4184948468772705,6.591086969935089,1744,-0.039455218244544364,0.017661220394628092,0.3211009174311927,577,-0.026341991805915576
dq_z96,short,6,0.25011111211885495,0.5364030198795784,1743,-0.03949304481361778,0.017623393825554674,0.32243258749282844,679,0.06661350570889302
rv_vs_range,long,0,-inf,0.48485612613249635,1753,-0.03964825600143005,-0.0019234722505249505,0.32059326868225896,642,-0.10223270133363008
close_loc,short,5,0.5200009569835977,0.6147841229808474,1753,-0.03974021962913761,0.017376219010034846,0.32515687393040504,620,0.028516113905669525
rpt_rank,long,2,0.17708333333333334,0.27708333333333524,1736,-0.03976154550419361,-0.002036761753288513,0.326036866359447,671,-0.052430212816980994
persist24,long,0,-inf,0.03335791743222211,1751,-0.03981271814329492,-0.0020879343923898216,0.33066818960593947,704,0.12702089343075776
disp6,long,4,-0.2619641369731783,0.024420418442892153,1752,-0.03983645089348768,-0.0021116671425825823,0.3270547945205479,573,-0.012905963511295672
m1_jump,long,8,0.2845778277341827,0.3787297918539698,1753,-0.039859685687632734,-0.0021349019367276345,0.32857957786651454,736,-0.0658597892688107
efficiency,short,6,0.08743913115951757,0.10723257158634159,1752,-0.04002822183238907,0.017088216806783386,0.3253424657534247,658,-0.01863605707133829
dq_z96,short,2,-0.854598062543534,-0.5332221275175885,1744,-0.04003152063367962,0.01708491800549284,0.3291284403669725,670,-0.04270048500285216
m1_jump,long,9,0.3787297918539698,inf,1753,-0.040044028962069315,-0.0023192452111642156,0.32743867655447806,566,-0.03271983659127199
range_per_trade,short,0,-inf,2.548496549423244e-08,1753,-0.040057563216315636,0.01705887542285682,0.3240159726183685,1383,0.159703717649864
flow_div,short,2,1.0,inf,3629,-0.04006751917498091,0.01704891946419155,0.3268117938826123,1551,0.009741674878350098
flow_div,long,0,-inf,0.0,13896,-0.040095407954118395,-0.002370624203213295,0.3261370178468624,4892,-0.0645137035317899
tbi_z24,long,9,1.31452972427218,inf,1751,-0.04019434767065246,-0.0024695639197473626,0.32838378069674473,624,0.06616314186829013
lo_pos,long,2,0.06722689075630252,0.15126050420168066,1850,-0.040221106465478114,-0.002496322714573014,0.3237837837837838,585,-0.06170526154081086
trade_intensity,short,5,0.8027245171974488,0.9246117443149827,1744,-0.04022174402591895,0.016894694613253505,0.3251146788990826,531,-0.0691349066626321
hi_pos,short,5,0.4117647058823529,0.5546218487395111,1785,-0.040280137905261186,0.01683630073391127,0.32829131652661064,617,-0.04493737826696697
persist96,long,6,0.12380057812214006,0.15286736632264694,1744,-0.04029113706507409,-0.00256635331416899,0.3256880733944954,671,-0.04221814812321367
body_frac,short,8,0.48846153846153845,0.6537147102526043,1753,-0.04041556465091755,0.016700873988254906,0.32116371933827725,643,-0.0014853407979670413
pos96,long,2,0.24824608709110865,0.34209869676327054,1744,-0.04042004308736636,-0.00269525933646126,0.31536697247706424,677,-0.06543927339696783
sess_asia,long,0,-inf,1.0,11686,-0.040423500822518936,-0.002698717071613836,0.3262022933424611,4295,-0.04561621687133966
ats_z96,short,4,-0.31811511925727554,-0.052575305708327115,1744,-0.04052008252371436,0.016596356115458094,0.32740825688073394,650,0.020842741639152902
kyle,short,6,3.633970704104832e-07,4.0931383011889937e-07,1753,-0.0409222866500141,0.016194151989158356,0.32116371933827725,407,0.08243403648839558
sess_us,long,0,-inf,1.0,11687,-0.04097121195831659,-0.0032464282074114933,0.3261743817917344,4295,-0.06259022210425992
vol_per_trade_z,long,1,-1.3303748681828311,-0.9181207958131234,1743,-0.04103095236565616,-0.0033061686147510608,0.3218588640275387,636,-0.06217222120981366
disp24,long,6,0.8332371048770182,1.63009427246659,1750,-0.041218451228204084,-0.003493667477298984,0.3302857142857143,614,-0.0869859245669137
hour,short,10,20.0,22.0,1461,-0.041287350424380774,0.015829088214791683,0.32511978097193706,537,-0.028231698617950583
minofday,short,10,1200.0,1320.0,1461,-0.041287350424380774,0.015829088214791683,0.32511978097193706,537,-0.028231698617950583
extreme_late,short,9,0.9831932773109243,inf,1867,-0.04140354947041647,0.01571288916875599,0.32512051419389393,676,0.06990430664974116
tbi_ma8,long,6,0.00024403638199449947,0.003111762688568553,1752,-0.04144986181329226,-0.0037250780623871577,0.3247716894977169,507,-0.026619841315851715
since_hi480,short,3,77.0,127.0,1726,-0.041497025225051644,0.015619413414120813,0.3174971031286211,458,0.48003800723884005
persist6,long,6,0.45290240021419675,0.548884050277436,1753,-0.04151814987179316,-0.003793366120888063,0.32857957786651454,658,-0.05454676181188518
atr_pct,short,8,0.017239913650263144,0.021253586937407292,1753,-0.04155068944626353,0.015565749192908929,0.3000570450656018,230,0.2660783786408239
vol_per_trade_z,long,7,0.5299474780566171,0.9073382135743204,1744,-0.041688748862115356,-0.003963965111210256,0.32454128440366975,684,-0.08699842788869715
tbi_z8,short,7,0.5912950667502622,0.9262906502844517,1752,-0.04169267808484213,0.015423760554330326,0.3247716894977169,645,0.14042161821269347
efficiency,long,2,0.026921453907612667,0.0409534406627599,1753,-0.04170075707867516,-0.003975973327770062,0.32515687393040504,640,0.0013785540424419902
since_lo24,long,3,8.0,11.0,1500,-0.041875545533993044,-0.0041507617830879445,0.3253333333333333,558,-0.10418940935312271
hi_pos,long,3,0.15966386554621848,0.2689075630252101,1676,-0.04203262113090892,-0.004307837380003822,0.32517899761336516,580,-0.010962870120523943
vol_of_vol,short,6,-0.11945058387216229,0.16260178810821949,1703,-0.042059924611279075,0.015056514027893382,0.3300058719906048,630,-0.0770695733946773
since_lo24,short,5,15.0,18.0,1716,-0.042119159526523814,0.014997279112648643,0.3245920745920746,583,-0.05081288936514746
range_rank,short,5,0.4875,0.5916666666666667,1728,-0.04212009982195199,0.01499633881722047,0.3269675925925926,601,-0.01327566399333846
minofday,long,11,1320.0,inf,1460,-0.04245310079131731,-0.004728317040412211,0.3232876712328767,536,-0.03134900426624478
hour,long,11,22.0,inf,1460,-0.04245310079131731,-0.004728317040412211,0.3232876712328767,536,-0.03134900426624478
tbi_z24,short,4,-0.27781278718819186,-0.008048603863221617,1751,-0.04248034322980663,0.014636095409365828,0.32324386065105654,648,-0.0696224004200462
ats_z96,short,7,0.5474560272034241,0.9272149913063328,1743,-0.04248219519592888,0.014634243443243579,0.3293172690763052,672,-0.03256830697158253
persist6,long,0,-inf,0.06954789729227821,1753,-0.04257203802058876,-0.00484725426968366,0.32458642327438675,612,-0.04296121646177303
disp6,short,1,-1.7338345040659981,-1.0253003331742467,1752,-0.04263979486015228,0.014476643779020179,0.3270547945205479,717,0.1492850374714233
absorb_z,long,3,-0.10288870829819301,-0.047103609448117686,1705,-0.042743337575914295,-0.005018553825009195,0.32316715542521995,729,0.00164199223978523
minofday,long,5,600.0,720.0,1461,-0.042935281424507005,-0.005210497673601905,0.3264887063655031,537,-0.05364360920236511
hour,long,5,10.0,12.0,1461,-0.042935281424507005,-0.005210497673601905,0.3264887063655031,537,-0.05364360920236511
dq,long,2,-0.0517029647512124,-0.03390420546913504,1753,-0.043081335723434845,-0.005356551972529745,0.3194523673702225,511,-0.07808977530012226
tbi_z24,long,6,0.2581956187592736,0.5480186894867416,1751,-0.043110803854062,-0.005386020103156898,0.32838378069674473,660,-0.0727965818969242
ats_z96,long,2,-0.9071073788972301,-0.5976485267196551,1744,-0.043123436125571436,-0.0053986523746663365,0.3256880733944954,678,-0.0740165159213096
to_lo24,long,6,2.868464521033373,3.462908806613096,1751,-0.043342697546810124,-0.005617913795905025,0.32552826956025127,671,-0.05931423847544351
rv_vs_range,long,7,0.7681051733876051,0.8249927147004823,1753,-0.04339423142446891,-0.00566944767356381,0.3280091272104963,604,-0.06289048331050094
accel,long,0,-inf,-1.6147083925232026,1751,-0.04345779309279764,-0.005733009341892539,0.3158195316961736,700,-0.01760828479886121
hi_pos,short,6,0.5546218487395111,0.7058823529411765,1735,-0.04355917934615577,0.01355725929301669,0.3262247838616715,660,-0.024157950953015594
flow_eff,short,0,-inf,-0.20345268242398862,1753,-0.04381363933434687,0.013302799304825585,0.32458642327438675,585,-0.0029456296745573457
absorb,long,3,-0.049755302574475295,-0.028703732047039587,1752,-0.04393667739060221,-0.006211893639697111,0.3219178082191781,465,-0.056985486415855144
tbi_z96,long,2,-0.8552593166160821,-0.5332675502035116,1744,-0.04406187348094506,-0.006337089730039963,0.3165137614678899,673,-0.06406360120016384
dq_z96,long,2,-0.8546180897613621,-0.5334357347086857,1744,-0.044245170149447774,-0.006520386398542674,0.31594036697247707,668,-0.06500013135405003
since_lo24,long,1,2.0,5.0,2142,-0.04426657970146252,-0.0065417959505574205,0.3202614379084967,814,-0.14702617983346833
disp6,long,3,-0.587114677732908,-0.2619641369731783,1753,-0.04436340610797227,-0.006638622357067171,0.32515687393040504,592,-0.06580387162139041
dn_wick,long,5,0.2695196099692347,0.33257845532180025,1753,-0.044368181670617915,-0.006643397919712815,0.32515687393040504,623,-0.06417143835615596
body_frac,long,2,-0.4629716212839339,-0.30773290034503686,1753,-0.04439035600239257,-0.006665572251487471,0.3240159726183685,633,-0.12072929030443581
rpt_z,long,4,-0.3678263741541235,-0.1223238355833531,1743,-0.04444179761617727,-0.006717013865272167,0.32358003442340794,627,-0.09464036246935952
tbi_ma8,short,0,-inf,-0.015534092869886036,1753,-0.04449284554937926,0.012623593089793196,0.32743867655447806,1120,0.11324194652606402
tbi_z8,short,4,-0.29112575784002087,-0.00466711225557161,1752,-0.04454710746785113,0.012569331171321328,0.3247716894977169,656,-0.0421107486447071
rv_vs_range,short,4,0.630381169531539,0.6720585825870391,1753,-0.0445703545708438,0.012546084068328654,0.32287507130633203,567,-0.018954934528082126
persist96,long,4,0.07366912610853091,0.09663581139334884,1743,-0.04461644784113268,-0.006891664090227581,0.33161216293746415,700,-0.16465088199935013
m1_jump,long,2,0.12821528291699955,0.1459886173951145,1753,-0.04468970340235827,-0.006964919651453169,0.32458642327438675,645,-0.0493702393208145
extreme_late,long,0,-inf,0.226890756302521,1710,-0.044743427082041806,-0.007018643331136706,0.3286549707602339,510,0.08191433848924395
since_lo24,short,0,-inf,2.0,1329,-0.04491864757749183,0.012197791061680625,0.3303235515425132,575,0.11238322712029683
tbi_z8,long,7,0.5912875061257641,0.926152634834893,1752,-0.04495752598898429,-0.007232742238079189,0.3236301369863014,645,-0.11225707397733914
persist6,short,6,0.45290897285754045,0.5488899308059846,1752,-0.045115732958035,0.01200070568113746,0.3253424657534247,657,0.04527883384798108
tbi_z96,short,2,-0.8551422780941786,-0.5332417610162971,1744,-0.04533208205138711,0.011784356587785344,0.32740825688073394,673,-0.03837133561779679
updn_ratio,short,4,0.48739495798319327,0.5,1666,-0.04543186407163489,0.011684574567537569,0.3217286914765906,591,0.016648566382150256
lo_pos,long,7,0.680672268907563,0.8168067226890817,1855,-0.045459405856535885,-0.007734622105630785,0.32237196765498655,728,-0.03078353995439433
gap,long,1,-0.0003683888936654597,-0.00010154956480328823,1753,-0.045485542375613086,-0.007760758624707986,0.3194523673702225,1088,-0.05537981855535773
since_hi96,short,6,64.0,76.0,1727,-0.04553197459580859,0.011584464043363864,0.328314997104806,598,0.2837785334440223
persist24,short,2,0.06910707276480989,0.10489802644335572,1750,-0.045604817938576736,0.01151162070059572,0.32457142857142857,639,-0.08747006456115848
ats_rank480,long,4,0.4125,0.5208333333333334,1705,-0.04593544226764794,-0.008210658516742839,0.330791788856305,633,-0.14146047779990487
since_lo96,long,9,95.0,inf,1760,-0.04610237538421416,-0.008377591633309062,0.3215909090909091,573,-0.08406423496428816
tbi_z96,short,6,0.24997973371962254,0.5367516257771321,1743,-0.046240222460275045,0.010876216178897412,0.32013769363166955,681,0.07191622788873862
tbi_z8,short,8,0.9262906502844517,1.341255612878832,1752,-0.04642330485620712,0.010693133782965339,0.3213470319634703,622,-0.045658755775492096
gap,short,0,-inf,-0.00036838485303483404,1753,-0.046486675417674775,0.010629763221497682,0.32743867655447806,43,-0.10886752442371592
up_wick,short,0,-inf,0.05192719486080807,1753,-0.0465278712992456,0.010588567339926858,0.32686822589845976,830,0.0028830622440405547
persist6,short,8,0.6579843162670889,0.8038734131647264,1752,-0.04669576636636268,0.010420672272809774,0.319634703196347,695,0.07679079286364872
to_hi96,long,7,6.591501146329286,8.007502624888856,1744,-0.046855871984633805,-0.009131088233728706,0.31938073394495414,748,-0.19932892559764448
tbi,long,2,-0.025914405448637413,-0.017002211782053796,1753,-0.04687997158503881,-0.009155187834133709,0.3177410154021677,510,-0.07660702438592647
close_loc,short,0,-inf,0.13946935900446408,1753,-0.04714539755617186,0.0099710410830006,0.32515687393040504,802,-0.02886983197216338
rpt_rank,long,6,0.5833333333333334,0.6895833333333333,1701,-0.04716066274424736,-0.009435878993342257,0.32333921222810114,641,-0.04895198633811647
rpt_z,short,4,-0.36779509977111763,-0.12228054444954532,1744,-0.04718736484916501,0.009929073790007445,0.3228211009174312,627,0.03405976217174791
rv_vs_range,long,9,0.9121924224253575,inf,1753,-0.04724187483789127,-0.009517091086986174,0.32686822589845976,870,-0.05807773309914355
atr_pct,long,9,0.021255130418155566,inf,1753,-0.04736481211067544,-0.00964002835977034,0.2692527096406161,89,0.23367199284561396
since_hi24,long,7,19.0,22.0,1939,-0.04741582080096671,-0.009691037050061607,0.3280041258380609,724,-0.1084485839443237
absorb,short,5,-0.009462969753836063,0.015053321177660492,1753,-0.04743386108022466,0.009682577558947796,0.32059326868225896,588,-0.006547881596356187
absorb,long,9,0.12561896077141263,inf,1753,-0.04744552033926754,-0.009720736588362443,0.3291500285225328,966,0.03487521311597495
dn_wick,long,1,0.05537863806254858,0.10992048846437324,1753,-0.04744617763165959,-0.009721393880754492,0.32344552196235027,691,-0.030133249354822852
tbi_z96,short,0,-inf,-1.2806235545977467,1744,-0.047540897197507044,0.009575541441665412,0.32855504587155965,624,-0.02283528608897499
sess_eu,long,1,1.0,inf,5844,-0.04761560743061802,-0.009890823679712918,0.3256331279945243,2148,-0.056040487231394556
minofday,short,1,120.0,240.0,1461,-0.04778470278515027,0.009331735854022187,0.3216974674880219,537,-0.0020321807398633327
hour,short,1,2.0,4.0,1461,-0.04778470278515027,0.009331735854022187,0.3216974674880219,537,-0.0020321807398633327
hi_pos,short,2,0.07563025210084033,0.15966386554621848,1728,-0.0479430714766996,0.009173367162472856,0.3246527777777778,594,0.006522267758262786
hour,short,11,22.0,inf,1460,-0.048104879510726284,0.009011559128446173,0.32054794520547947,536,0.05264929435969946
minofday,short,11,1320.0,inf,1460,-0.048104879510726284,0.009011559128446173,0.32054794520547947,536,0.05264929435969946
range_z,short,2,-0.7416430141209475,-0.5918255772577853,1744,-0.04815255573389839,0.008963882905274063,0.3251146788990826,652,-0.035156614376567065
pos96,long,6,0.6323733001885146,0.739168843077693,1743,-0.048295764221065504,-0.010570980470160404,0.33103843947217443,710,-0.03553016852016346
kyle_z,long,6,0.044983159670308616,0.3276147412608981,1743,-0.04854890336255924,-0.010824119611654137,0.321285140562249,623,-0.16803232616264124
ats_rank480,short,3,0.3020833333333333,0.4125,1698,-0.04860492055072504,0.008511518088447419,0.32626619552414604,656,0.09380881533270774
trade_intensity,short,8,1.3408491181678468,1.8140401722574224,1744,-0.04873705053037042,0.008379388108802038,0.3205275229357798,644,-0.08252574579201939
tbi,short,5,-0.0025521685715415576,0.004609674394548962,1754,-0.04873887875727644,0.008377559881896014,0.3204104903078677,474,3.2356986876839654e-05
tbi_z8,short,1,-1.3298846290270956,-0.9130686424287988,1752,-0.04892540139948895,0.008191037239683507,0.3264840182648402,620,-0.03844099532283661
dq_z96,short,0,-inf,-1.2800850652271203,1744,-0.04901525946313225,0.008101179176040203,0.32798165137614677,624,-0.02283528608897499
to_hi24,long,9,4.702149039054162,inf,1751,-0.04910497588609741,-0.011380192135192313,0.31810394060536834,844,-0.20738680744522878
m1_jump,short,8,0.28465075366655535,0.3787601029955896,1753,-0.04931748281326347,0.007798955825908983,0.32344552196235027,734,0.005860403878465426
to_lo96,long,3,3.4222729832143024,4.301213948909664,1743,-0.04942846689713912,-0.011703683146234017,0.31267928858290306,638,0.048700641690655765
to_lo24,short,8,4.209682848418976,5.315008749509518,1751,-0.04944086437363711,0.007675574265535348,0.3118218161050828,634,-0.06559776421895892
pos24,long,2,0.25105548928547966,0.34113585966719373,1750,-0.049576679950948395,-0.011851896200043295,0.32171428571428573,665,-0.07441515101638836
dq_z96,short,3,-0.5332221275175885,-0.26492886161153856,1743,-0.04963395817660352,0.007482480462568934,0.3207114170969593,676,-0.006108494352795762
body_frac,long,1,-0.630551133766332,-0.4629716212839339,1753,-0.049720193333980346,-0.011995409583075246,0.3194523673702225,637,-0.07807166436481053
extreme_late,short,0,-inf,0.226890756302521,1710,-0.04994539299430313,0.0071710456448693255,0.32046783625730996,510,-0.05939851715362706
body_frac,short,9,0.6537147102526043,inf,1754,-0.05002373520735292,0.007092703431819537,0.3209806157354618,760,-0.043089115167922944
tbi_z96,short,9,1.2938829835577428,inf,1744,-0.05003985512151048,0.007076583517661973,0.31823394495412843,652,-0.12170907623103537
range_per_trade,short,6,4.411175380237713e-08,4.908868178349751e-08,1752,-0.050099553698661786,0.00701688494051067,0.3230593607305936,458,-0.028845604579588374
dq,long,3,-0.03390420546913504,-0.018565968667106685,1753,-0.05010231570439118,-0.012377531953486079,0.3200228180262407,518,0.05010661335208433
range_rank,long,4,0.3854166666666667,0.4875,1682,-0.050230068408752826,-0.012505284657847726,0.32877526753864444,648,-0.03527551142702231
disp6,short,7,0.6506644678406521,1.1037714706612474,1753,-0.050436405194170565,0.006680033445001891,0.3194523673702225,638,-0.09293355649384341
dq,short,5,-0.004986275364886964,0.009350942224499992,1754,-0.050492062402504284,0.0066243762366681724,0.3198403648802737,475,-0.0023595940478438513
lo_pos,long,1,0.01680672268907563,0.06722689075630252,1783,-0.05049712908969254,-0.01277234533878744,0.32305103757711723,586,-0.07758120802418408
vol_per_trade_z,long,8,0.9073382135743204,1.3969188140815194,1743,-0.050499541726214965,-0.012774757975309865,0.3258749282845668,600,0.023437194291773218
ats_rank480,short,0,-inf,0.08541666666666667,1679,-0.050509054199930986,0.0066073844392414705,0.2960095294818344,710,0.06479492231298695
tbi,long,3,-0.017002211782053796,-0.009379729714667473,1753,-0.05051994517720575,-0.012795161426300647,0.3200228180262407,517,0.052627353412594044
rv_vs_range,short,0,-inf,0.48485710364229745,1753,-0.050621137010391414,0.006495301628781043,0.32116371933827725,642,0.09290763693437172
dq,short,3,-0.03389937809996683,-0.018560523505625388,1752,-0.050812667389229606,0.006303771249942851,0.3219178082191781,518,-0.0654654087568209
dow,long,3,3.0,4.0,2496,-0.05081968687569286,-0.013094903124787761,0.3177083333333333,924,-0.1515438690473022
range_per_trade,long,3,3.307839567839843e-08,3.641004262583568e-08,1753,-0.050911160139235155,-0.013186376388330055,0.32515687393040504,785,-0.094085932541332
atr_pct,long,3,0.009383273474823397,0.010607369941593512,1753,-0.051110687734728995,-0.013385903983823895,0.33314318311466057,723,-0.018963037992274518
m1_jump,long,6,0.2076414016521996,0.23903869812019896,1753,-0.05113805711260754,-0.013413273361702442,0.32230462065031373,630,-0.012565879083997845
dq_z96,short,9,1.2932284532162739,inf,1744,-0.05129591210954703,0.005820526529625426,0.3176605504587156,653,-0.11872597349900516
since_hi480,short,8,400.0,461.0,1676,-0.051306441029791226,0.00580999760938123,0.3221957040572792,846,0.34798679555310946
tbi,short,3,-0.0169987444082223,-0.00937951534141701,1753,-0.05136140149429635,0.005755037144876109,0.3217341699942955,516,-0.06265160920728592
absorb_z,short,6,0.0912539639623742,0.1505079929749849,1705,-0.051395951319740396,0.0057204873194320605,0.3243401759530792,903,-0.07583799700240161
rpt_rank,long,4,0.3770833333333333,0.47708333333333336,1682,-0.05142897862041346,-0.013704194869508357,0.32401902497027346,626,-0.048545797922747956
wick_skew,short,2,-0.29220779220779114,-0.18360419666735198,1754,-0.0514627416778744,0.005653696961298055,0.3215507411630559,613,0.01125502256133441
tbi_ma8,short,8,0.006452515217041847,0.011114226869356422,1752,-0.05152095948398332,0.00559547915518914,0.3150684931506849,594,-0.06543281565493587
disp6,long,2,-1.025320005849984,-0.587114677732908,1752,-0.05177943722496003,-0.014054653474054928,0.3219178082191781,599,-0.09869015672482066
absorb,short,6,0.015053321177660492,0.03450014578003195,1752,-0.051804965044294236,0.00531147359487822,0.3213470319634703,485,-0.008212185081780113
avg_trade_usd,short,2,2919.0826939234653,3225.382980124309,1753,-0.05188263036228723,0.0052338082768852295,0.3177410154021677,568,0.052032577586507124
since_hi24,long,2,4.0,7.0,1930,-0.05201413284112045,-0.014289349090215349,0.31865284974093266,685,0.05904013978267546
range_z,long,5,-0.2911294798313495,-0.10016273674400235,1744,-0.0521790402738679,-0.014454256522962797,0.3211009174311927,626,-0.09545389983285571
to_hi24,long,1,0.660552863096775,1.0351568873276578,1751,-0.05224321776580773,-0.014518434014902631,0.32609937178755,677,0.028547465558126324
minofday,short,2,240.0,360.0,1461,-0.05225386697813159,0.004862571661040864,0.3210130047912389,537,-0.005669525328859298
hour,short,2,4.0,6.0,1461,-0.05225386697813159,0.004862571661040864,0.3210130047912389,537,-0.005669525328859298
efficiency,long,3,0.0409534406627599,0.054988358965700944,1753,-0.0523415639030839,-0.0146167801521788,0.32230462065031373,626,-0.03887037518752295
tbi_z96,short,3,-0.5332417610162971,-0.26541612618412586,1743,-0.05248109245428107,0.0046353461848913854,0.32013769363166955,675,0.00018484689999618176
persist24,long,1,0.03335791743222211,0.06910703609821466,1750,-0.05260034148420633,-0.01487555773330123,0.324,618,0.0527651788014374
dq,long,6,0.009345437428565227,0.02483780992733906,1753,-0.05267846723522193,-0.014953683484316832,0.32116371933827725,475,-0.11373250274645728
since_lo24,long,2,5.0,8.0,1651,-0.0527375135640907,-0.015012729813185598,0.31617201695941854,618,0.0015600064271497395
tbi_z8,long,0,-inf,-1.3299056906771374,1753,-0.052843017957514754,-0.015118234206609654,0.32287507130633203,665,-0.11704486457205945
tbi_z8,short,5,-0.00466711225557161,0.2749832463079388,1752,-0.05307513995189246,0.0040412986872799955,0.3190639269406393,670,0.04813693361913078
rpt_z,long,1,-1.208983311443256,-0.8751661896962835,1743,-0.053152844340142655,-0.015428060589237555,0.32243258749282844,647,-0.04933946512359412
vol_per_trade_z,short,7,0.5298158380714678,0.9072507135716845,1743,-0.05322450645845465,0.0038919321807178095,0.32358003442340794,684,0.03979631186331158
body_frac,short,4,-0.15226153157187441,0.015113636363635536,1753,-0.05333173484738885,0.0037847037917836043,0.3217341699942955,577,-0.0076883656648751774
rpt_z,short,2,-0.8751454290425914,-0.6060988288392635,1744,-0.05357514453614253,0.0035412941030299253,0.32224770642201833,593,0.018802074054587756
persist24,long,4,0.14302846733652302,0.18628381207253752,1751,-0.0536053215541975,-0.015880537803292398,0.32438606510565393,654,-0.13174845491990553
rv_vs_range,short,8,0.8249896699333292,0.9121920658009168,1753,-0.05382577452067401,0.003290664118498446,0.3217341699942955,641,0.023629265412312146
updn_ratio,short,5,0.5,0.5083333333333333,1399,-0.05391478312736233,0.0032016555118101267,0.320228734810579,463,-0.08094873431548207
rv_vs_range,short,3,0.5881917234692623,0.630381169531539,1753,-0.053980608467666905,0.003135830171505552,0.31831146605818594,589,-0.10537295005126975
ats_z96,short,6,0.22843182220455044,0.5474560272034241,1743,-0.05399074012993053,0.0031256985092419295,0.32415375788869766,639,0.005023598800663339
updn_ratio,long,3,0.475,0.48739495798319327,2109,-0.05399813191801052,-0.01627334816710542,0.3181602655286866,697,-0.03142892350614919
absorb,short,7,0.03450014578003195,0.06206440657489185,1752,-0.05407328668085627,0.0030431519583161842,0.3150684931506849,506,-0.0071989074082767935
since_lo96,long,5,58.0,70.0,1649,-0.05412012655214585,-0.016395342801240748,0.3323226197695573,644,-0.045675573101498765
hi_pos,long,2,0.07563025210084033,0.15966386554621848,1728,-0.05412651591470766,-0.016401732163802557,0.32002314814814814,594,-0.06554028614706661
tbi_z96,long,3,-0.5332675502035116,-0.26559055188348074,1743,-0.05416534431384927,-0.01644056056294417,0.32013769363166955,675,0.02443864518670351
kyle_z,long,1,-1.1374759795278042,-0.8646157969797699,1743,-0.05423516151997035,-0.01651037776906525,0.32989099254159493,593,-0.08921143050825499
rv_vs_range,short,5,0.6720585825870391,0.7172661239399593,1753,-0.05424233046922344,0.0028741081699490134,0.3177410154021677,650,0.03410243220142815
dn_wick,short,0,-inf,0.0553447599110288,1753,-0.054309054769420335,0.002807383869752121,0.32230462065031373,790,-0.08189464255567973
close_loc,long,2,0.23606795437612202,0.3302928994339647,1753,-0.0543162311688141,-0.016591447417909,0.32230462065031373,610,-0.00742535082193099
sess_us,short,0,-inf,1.0,11687,-0.054322913943446745,0.0027935246957257118,0.32146829810901,4295,0.0018520751456240641
tbi_z24,short,2,-0.871510399913289,-0.5453557661095143,1751,-0.05433951676563495,0.002776921873537508,0.32038834951456313,691,-0.018248030481799363
since_hi24,short,8,22.0,24.0,1821,-0.054513988599862215,0.0026024500393102418,0.32180120812740254,725,0.04436651229996728
dq_z96,long,3,-0.5334357347086857,-0.26518334936951293,1743,-0.05454620985458735,-0.01682142610368225,0.3207114170969593,678,0.0306914365433273
extreme_late,long,4,0.6302521008403361,0.7310924369747899,1877,-0.05456607820086156,-0.01684129444995646,0.32072456046883324,692,-0.10631559003216075
efficiency,long,6,0.08743682201291547,0.10720350653966902,1753,-0.0547039568516794,-0.0169791731007743,0.32287507130633203,658,-0.10457752216403898
m1_jump,short,3,0.14600537927473253,0.1636144721909097,1753,-0.054773793651411024,0.002342644987761433,0.3166001140901312,646,-0.014673162595598838
tbi_ma24,short,8,0.0036603369415384884,0.006921708658248804,1751,-0.054813328580650134,0.002303110058522323,0.31353512278697887,691,-0.14262434063626872
persist24,long,7,0.2907454767571807,0.3594184074989033,1750,-0.0549045662052436,-0.017179782454338502,0.324,648,-0.03844754011323965
wick_skew,short,9,0.4100310369390549,inf,1754,-0.054991327661914384,0.0021251109772580726,0.3221208665906499,615,0.010248702798654218
body_frac,long,0,-inf,-0.630551133766332,1753,-0.0550103932195617,-0.0172856094686566,0.32059326868225896,799,-0.08763370563525179
minofday,long,3,360.0,480.0,1461,-0.05503680732483021,-0.01731202357392511,0.324435318275154,537,-0.0892192143892323
hour,long,3,6.0,8.0,1461,-0.05503680732483021,-0.01731202357392511,0.324435318275154,537,-0.0892192143892323
kyle_z,short,3,-0.6331863008561113,-0.4229790766380883,1743,-0.05526318480533169,0.0018532538338407664,0.3218588640275387,555,0.02193359700654083
rv_vs_range,short,6,0.7172661239399593,0.7680924542102475,1754,-0.05551389023365087,0.0016025484055215838,0.31755986316989737,672,-0.03863804420967124
updn_ratio,short,3,0.475,0.48739495798319327,2109,-0.05567736552171472,0.001439073117457737,0.3176861071597914,697,0.030446994689007197
ats_rank480,short,8,0.8333333333333334,0.9270833333333334,1732,-0.05569662598489776,0.0014198126542746964,0.32390300230946883,567,-0.15314879624563288
persist6,long,8,0.6579515856946863,0.8037235700553914,1752,-0.05584108981035407,-0.018116306059448972,0.3184931506849315,695,-0.08973154432366302
hi_pos,short,3,0.15966386554621848,0.2689075630252101,1676,-0.05592201014665183,0.0011944284925206258,0.3221957040572792,580,0.017581387463412874
to_lo96,short,9,11.319241246671684,inf,1744,-0.05601313589109028,0.00110330274808218,0.3228211009174312,499,-0.0996996259271666
extreme_late,short,3,0.5294117647058824,0.6302521008403361,1636,-0.05604271381563967,0.0010737248235327887,0.3209046454767726,565,-0.05280380906037135
close_loc,long,1,0.13946922396670497,0.23606795437612202,1753,-0.05606638045247374,-0.018341596701568638,0.3217341699942955,650,-0.12434563032255952
absorb_z,long,1,-0.39769297943061505,-0.17765334556500306,1705,-0.056145966869777984,-0.018421183118872884,0.32199413489736073,509,-0.21012987948592157
flow_eff,long,8,0.4950357333623694,0.891792108174381,1753,-0.05635051811543826,-0.01862573436453316,0.30861380490587564,332,-0.1082277290254746
vol_per_trade_z,short,4,-0.33484039860067355,-0.05971605688563321,1744,-0.05638475385442363,0.0007316847847488248,0.31995412844036697,656,0.05376060705276229
tbi_ma24,short,7,0.001286237481423033,0.0036603369415384884,1751,-0.05643895719951533,0.0006774814396571238,0.316961736150771,553,-0.12172390352176159
avg_trade_usd,long,8,4723.174126520366,5188.588060149167,1753,-0.056569223576456704,-0.018844439825551604,0.32230462065031373,716,-0.08656415461182355
sess_eu,short,0,-inf,1.0,11687,-0.05673284210946699,0.0003835965297054669,0.3194147343201848,4295,-0.009338431470921525
tbi,long,6,0.004609461286434003,0.012349745121514589,1753,-0.056803427012543754,-0.019078643261638654,0.3200228180262407,472,-0.10802376815791329
vol_of_vol,short,5,-0.3176281110153591,-0.11945058387216229,1703,-0.05691250976004436,0.00020392887912809576,0.3258954785672343,484,-0.1803202481384586
disp24,long,8,2.638181992780548,4.104291538144277,1751,-0.05702222592241779,-0.01929744217151269,0.3249571673329526,732,-0.025709110515363114
sess_asia,short,1,1.0,inf,5844,-0.05709923364376592,1.7204995406534807e-05,0.32015742642026007,2148,-0.009399972003801976
sess_asia,short,0,-inf,1.0,11687,-0.057125041872949804,-8.603233777347563e-06,0.31958586463592026,4295,-0.001550994422623847
ats_z96,long,1,-1.3086950392066063,-0.9071073788972301,1743,-0.05722769825249801,-0.01950291450159291,0.31669535283993117,670,-0.0838315129109062
to_lo96,long,5,5.202975535799398,6.354684632600466,1744,-0.0573129969939049,-0.0195882132429998,0.330848623853211,715,-0.032591012548745656
disp96,short,6,2.044533989782403,3.901928172046064,1743,-0.05736065100774696,-0.00024421236857450485,0.32759609868043604,642,-0.22393928498850707
ats_z96,long,7,0.5474866729311634,0.9272546820097713,1744,-0.057370016873257774,-0.019645233122352675,0.3211009174311927,673,-0.051003550423352355
dq_cum24,long,3,-0.28779236102899314,-0.19166059037951422,1751,-0.05749099111398404,-0.019766207363078943,0.32552826956025127,547,-0.15164426151802127
tbi_ma24,long,3,-0.006060157358176259,-0.0040472645321471355,1751,-0.05749719230582989,-0.019772408554924792,0.32609937178755,557,-0.1519933436273678
hi_pos,short,0,-inf,0.01680672268907563,1647,-0.05759253500847913,-0.0004760963693066708,0.3211900425015179,609,-0.08230922240024498
hour,short,6,12.0,14.0,1461,-0.05759743318282418,-0.0004809945436517263,0.324435318275154,537,-0.014790122231721511
minofday,short,6,720.0,840.0,1461,-0.05759743318282418,-0.0004809945436517263,0.324435318275154,537,-0.014790122231721511
trade_intensity,short,7,1.0866609622634436,1.3408491181678468,1743,-0.057836147364079084,-0.0007197087249066272,0.31841652323580033,582,0.052766220633138926
rpt_z,short,8,0.7806112693093891,1.3391947774193897,1744,-0.05787279833824475,-0.0007563596990722912,0.3165137614678899,704,0.022546720340587145
m1_jump,short,4,0.1636144721909097,0.18417267400904003,1753,-0.0578799664483758,-0.0007635278092033432,0.32116371933827725,653,0.03159182995308679
sess_eu,short,1,1.0,inf,5844,-0.057883566059204555,-0.0007671274200320988,0.32049965776865164,2148,0.006171276656551172
accel,long,1,-1.6147083925232026,-1.0739680571274548,1750,-0.058087932368577365,-0.020363148617672265,0.31485714285714284,656,-0.030501215060304766
dq_cum24,short,8,0.17891788016174268,0.3361483194648117,1751,-0.058161893501547664,-0.0010454548623752072,0.3129640205596802,688,-0.1474412086954504
vol_per_trade_z,long,4,-0.3348473254825278,-0.05988489396132262,1743,-0.058222879107032055,-0.020498095356126955,0.321285140562249,656,-0.1349356511100302
close_loc,short,2,0.23606950269623195,0.33030408947920475,1753,-0.05823295404264282,-0.0011165154034703667,0.3200228180262407,610,-0.020258522033095312
hi_pos,long,7,0.7058823529411765,0.8319327731092437,1697,-0.058308970613233306,-0.020584186862328206,0.3217442545668827,632,-0.00322364235705733
updn_ratio,short,8,0.5333333333333333,0.55,1765,-0.05839023291034684,-0.0012737942711743833,0.31728045325779036,720,0.09003727861682188
disp6,long,1,-1.7339274732834282,-1.025320005849984,1752,-0.058402586608875234,-0.020677802857970135,0.3179223744292237,717,-0.16741916543790128
to_hi480,short,6,13.18165756796784,16.703723713728472,1705,-0.058459053808103234,-0.0013426151689307775,0.3090909090909091,859,-0.08826076234637302
tbi_z24,long,0,-inf,-1.2973664560483584,1751,-0.05851369232794597,-0.020788908577040868,0.3198172472872644,638,-0.11928087202688714
kyle,long,7,4.0931044892815116e-07,4.712373597472463e-07,1753,-0.0585721059262444,-0.0208473221753393,0.3091842555618939,320,-0.16207162573878847
dn_wick,short,1,0.0553447599110288,0.10989299922264899,1753,-0.05864808733650102,-0.0015316486973285665,0.31831146605818594,691,-0.029171296633954694
dq_cum24,short,7,0.06436045500855375,0.17891788016174268,1751,-0.05874997865811899,-0.0016335400189465346,0.3158195316961736,558,-0.1087626825626968
ats_rank480,short,7,0.7375,0.8333333333333334,1707,-0.058862668026374236,-0.0017462293872017795,0.3216168717047452,608,-0.03111059072222029
to_lo96,long,6,6.354684632600466,7.734559462097751,1743,-0.058901243672304794,-0.021176459921399694,0.3287435456110155,704,0.17684852506154883
since_lo24,short,3,8.0,11.0,1500,-0.05896120568258116,-0.0018447670434087043,0.31466666666666665,558,-0.016284442110241763
since_hi96,short,7,76.0,86.0,1657,-0.058997919102171614,-0.0018814804629991577,0.3228726614363307,561,0.2547506772679061
range_per_trade,long,7,4.9087804561014564e-08,5.633370795257545e-08,1753,-0.059015937561396066,-0.021291153810490966,0.3143183114660582,285,0.024288797197454096
to_hi480,short,2,3.5779134363540064,5.246856584076808,1705,-0.05901858849066557,-0.001902149851493111,0.3249266862170088,488,-0.16954158955411325
extreme_late,long,7,0.8823529411764706,0.9411764705882353,1897,-0.059103817944236484,-0.021379034193331384,0.31576172904586186,737,0.02953800827283355
avg_trade_usd,long,7,4387.8081422375335,4723.174126520366,1753,-0.05916433548202153,-0.021439551731116432,0.31831146605818594,563,-0.00022062774447199893
disp6,short,4,-0.2617959214895055,0.024470146746003552,1752,-0.059352870367268926,-0.002236431728096469,0.3207762557077626,572,0.011612257504533671
since_lo24,short,2,5.0,8.0,1651,-0.05935473959269282,-0.0022383009535203655,0.3155663234403392,618,0.05701477501999106
trade_intensity,long,2,0.5272395742585234,0.6142049403258453,1744,-0.05942548055126872,-0.02170069680036362,0.32626146788990823,579,-0.13440510500622263
updn_ratio,long,4,0.48739495798319327,0.5,1666,-0.059456547610198536,-0.021731763859293436,0.3175270108043217,591,-0.001057463884419776
to_lo480,long,4,10.565914707494496,12.90623263651896,1705,-0.05948279164108637,-0.021758007890181272,0.3278592375366569,766,-0.022213638157849377
dow,long,5,5.0,6.0,2508,-0.05950216798391015,-0.02177738423300505,0.3229665071770335,924,0.047684623024795356
close_loc,long,7,0.7031158593599232,0.7869743187250763,1753,-0.05964902781299161,-0.021924244062086512,0.31888191671420424,617,-0.01087135842382698
tbi_z24,long,3,-0.5454554458874163,-0.27786650313001277,1751,-0.05990924242555199,-0.02218445867464689,0.3158195316961736,602,0.008082075750917288
tbi_z96,short,4,-0.26541612618412586,-0.00886738100304544,1744,-0.05999497452596106,-0.0028785358867886024,0.3165137614678899,633,-0.059607535765850844
gap,long,5,0.0003718498295574743,inf,1753,-0.06011552609266874,-0.022390742341763643,0.32287507130633203,62,-0.16745162401721483
wick_skew,long,0,-inf,-0.44832223230892837,1753,-0.060364648984834124,-0.022639865233929024,0.31717056474614946,602,-0.056421893126553865
hi_pos,short,8,0.8319327731092437,0.9411764705882353,1743,-0.06037714417659563,-0.003260705537423171,0.3144004589787722,700,-0.03155192002105922
range_per_trade,short,2,2.9598624026692157e-08,3.3078586216574335e-08,1753,-0.06043887251177668,-0.0033224338726042246,0.3257273245864233,932,-0.060125362777520314
tbi_z96,short,5,-0.00886738100304544,0.24997973371962254,1744,-0.06053696362631565,-0.0034205249871431948,0.31938073394495414,667,0.053517830626319714
hour,short,0,-inf,2.0,1461,-0.060548020457105674,-0.003431581817933217,0.3196440793976728,537,-0.02001088523527082
minofday,short,0,-inf,120.0,1461,-0.060548020457105674,-0.003431581817933217,0.3196440793976728,537,-0.02001088523527082
rpt_rank,short,3,0.2777083333333356,0.3770833333333333,1697,-0.06091999867421347,-0.003803560035041016,0.3182086034177961,625,0.07215089142950006
since_hi24,long,1,2.0,4.0,1671,-0.06100400695885054,-0.02327922320794544,0.3189706762417714,608,0.03204010096278962
range_z,short,7,0.14299919774308936,0.5087176032187913,1743,-0.06104614875385208,-0.003929710114679623,0.3103843947217441,654,0.008002797761343475
dq_z96,short,4,-0.26492886161153856,-0.00858393379363313,1744,-0.061143609626710255,-0.004027170987537798,0.3165137614678899,630,-0.05960382701323656
to_lo24,long,7,3.462908806613096,4.209795066571122,1750,-0.06136819605690693,-0.02364341230600183,0.31142857142857144,689,-0.10513467237129974
extreme_late,short,7,0.8823529411764706,0.9411764705882353,1897,-0.061606431810487,-0.0044899931713145436,0.3173431734317343,737,-0.016698668217485012
flow_div,short,0,-inf,0.0,13897,-0.06164135251467059,-0.004524913875498131,0.31791034036122906,4892,-0.00857767756452513
range_per_trade,long,9,6.889350722063498e-08,inf,1753,-0.06192716989566567,-0.02420238614476057,0.30690245293782087,14,
ats_rank480,short,4,0.4125,0.5208333333333334,1705,-0.06194791517438799,-0.004831476535215533,0.3255131964809384,633,-0.03344822245377258
flow_eff,long,6,0.21963663186062227,0.32511963738420674,1753,-0.06225729951550439,-0.02453251576459929,0.3194523673702225,466,-0.050646125055862704
gap,short,3,0.0,0.00011474015504846531,9487,-0.062326065733461194,-0.005209627094288738,0.31822493939074525,3851,0.04201745698465468
range_z,long,3,-0.5918313886620675,-0.44706252914754385,1743,-0.06233897818633167,-0.02461419443542657,0.3230063109581182,558,-0.1099945124202638
avg_trade_usd,short,7,4387.70568186976,4723.0401913108135,1752,-0.062496371293862596,-0.005379932654690139,0.3184931506849315,563,0.012289582458292671
flow_eff,long,4,0.08754461933449703,0.1431640093060869,1752,-0.0625342408277693,-0.024809457076864203,0.3264840182648402,761,-0.10458523083571153
tbi_z24,short,0,-inf,-1.2973438953253806,1751,-0.06262570381481147,-0.0055092651756390165,0.32210165619645914,638,-0.03974035756468844
since_hi96,short,8,86.0,93.0,1603,-0.06262624254694539,-0.005509803907772934,0.31628197130380536,619,-0.025894201596730525
sess_us,short,1,1.0,inf,5844,-0.06270301001476217,-0.005586571375589711,0.3163928815879535,2148,-0.01620452684347828
rpt_z,long,3,-0.6061589047775575,-0.3678263741541235,1743,-0.06276151986866449,-0.02503673611775939,0.31956397016637983,643,-0.05823519103879952
tbi_z24,short,1,-1.2973438953253806,-0.871510399913289,1751,-0.06290513035595714,-0.005788691716784686,0.3209594517418618,611,-0.010459586208548675
hi_pos,short,1,0.01680672268907563,0.07563025210084033,1837,-0.06291501832340937,-0.005798579684236915,0.3195427327163854,660,0.050035565081306785
to_hi24,long,6,2.582848536551513,3.0820642828583993,1751,-0.06308105636456354,-0.025356272613658443,0.3123929183323815,555,0.036270727582266384
absorb,short,2,-0.08675075462475504,-0.04975502450344145,1753,-0.0631927002697493,-0.00607626163057684,0.31888191671420424,616,-0.09936952874803234
dq_cum24,long,0,-inf,-0.5373561317361084,1751,-0.06319657003338325,-0.025471786282478148,0.3209594517418618,1157,-0.3346728674436075
tbi_z8,long,4,-0.2911750759771651,-0.004711462263213816,1752,-0.06320310875447918,-0.02547832500357408,0.3184931506849315,656,-0.09892570130846633
kyle_z,long,3,-0.6332441937120314,-0.42301264268313493,1743,-0.06343601834373941,-0.02571123459283431,0.321285140562249,555,-0.07154813260284103
tbi_ma8,long,0,-inf,-0.015534564458961616,1753,-0.06352616632910633,-0.025801382578201235,0.32287507130633203,1120,-0.2225053227594027
persist96,short,4,0.07366642118148026,0.09662237035236539,1743,-0.06361247748287592,-0.006496038843703464,0.321285140562249,700,-0.01871750842062727
persist24,short,0,-inf,0.033359243697848144,1751,-0.06362225756858257,-0.006505818929410115,0.32153055396916047,704,0.0024098925084760285
tbi_ma96,long,4,-0.003392916425452491,-0.0023537450851739464,1743,-0.06390150491026075,-0.026176721159355654,0.3218588640275387,421,-0.02983484815524624
disp96,short,8,6.024094050265044,8.819516759433228,1743,-0.06390695105487607,-0.006790512415703609,0.3253012048192771,608,-0.17103866811949414
kyle,short,4,2.932780888997308e-07,3.245096764649406e-07,1753,-0.06390956846276984,-0.00679312982359738,0.31717056474614946,508,-0.004231432006273277
persist96,long,7,0.15286736632264694,0.18785043968360945,1743,-0.06393627293876289,-0.02621148918785779,0.3132530120481928,604,-0.06852097455444879
dq,short,0,-inf,-0.07640171196722105,1753,-0.06396237666273705,-0.006845938023564591,0.32743867655447806,1155,-0.017482473393170495
range_z,short,9,1.1769041230285158,inf,1744,-0.06420252931511884,-0.007086090675946385,0.3130733944954128,701,0.10530552216959371
body_frac,long,5,0.015107153752299499,0.17946658064795995,1753,-0.06423775636926493,-0.02651297261835983,0.3194523673702225,582,-0.024687983785237306
ats_rank480,short,9,0.9270833333333334,inf,1710,-0.06430408287766083,-0.007187644238488375,0.32105263157894737,538,-0.18767918349398477
hour,short,4,8.0,10.0,1461,-0.06436632460988023,-0.007249885970707776,0.3189596167008898,537,0.004836345398964999
minofday,short,4,480.0,600.0,1461,-0.06436632460988023,-0.007249885970707776,0.3189596167008898,537,0.004836345398964999
efficiency,short,5,0.07047161444031426,0.08743913115951757,1754,-0.06447925216978455,-0.007362813530612092,0.31584948688711517,614,-0.019256329012861687
since_lo24,short,8,22.0,24.0,2012,-0.06469436554400522,-0.007577926904832763,0.32007952286282304,710,-0.061542276025107985
to_lo24,long,5,2.384304888359956,2.868464521033373,1751,-0.06505798962667676,-0.027333205875771663,0.32210165619645914,659,0.035566700744684356
pos24,short,7,0.7139038964778741,0.7949001114980981,1751,-0.06530944108990915,-0.008193002450736689,0.3158195316961736,608,-0.018326066223361442
kyle,short,9,5.875172047376333e-07,inf,1754,-0.0654314001091273,-0.008314961469954849,0.29076396807297605,71,0.03684769047368203
atr_rank,long,5,0.45416666666666666,0.5645833333333333,1702,-0.065570537426795,-0.0278457536758899,0.32667450058754405,667,-0.10167031541156224
tbi,short,0,-inf,-0.03825871603889908,1753,-0.06560513848254304,-0.008488699843370584,0.32686822589845976,1153,-0.01564179509311686
since_lo480,short,0,-inf,34.0,1693,-0.0656158751699166,-0.008499436530744142,0.29060838747784995,811,0.294817498070643
dq_z96,short,5,-0.00858393379363313,0.25011111211885495,1744,-0.06564868323847971,-0.008532244599307251,0.3176605504587156,668,0.06506188787506696
kyle,short,1,1.9766282105298575e-07,2.3375723366121802e-07,1753,-0.06575456930144395,-0.008638130662271495,0.32857957786651454,1111,-0.03483261623641557
disp24,long,4,-0.5840631497788848,0.12447030459928715,1751,-0.06577760039807005,-0.028052816647164955,0.3249571673329526,638,0.06644584088908811
pos24,long,8,0.7948688042811023,0.8731691628284859,1751,-0.06584018584347473,-0.02811540209256963,0.31467732724157627,657,-0.011113916113438461
range_z,short,4,-0.4470520783460396,-0.2910248052107597,1744,-0.06601845166452452,-0.008902013025352068,0.31077981651376146,593,-0.008268608266400058
wick_skew,short,6,0.06448875689434574,0.15331179321485325,1752,-0.06618133260232775,-0.009064893963155296,0.3156392694063927,665,-0.11070368022487984
trade_intensity,long,3,0.6142049403258453,0.7013006393028585,1743,-0.06649715768355151,-0.02877237393264641,0.31899024670109005,542,-0.010238433288369236
rpt_rank,long,0,-inf,0.08333333333333333,1667,-0.06673082656442542,-0.029006042813520316,0.3197360527894421,547,-0.2736217999611148
tbi_z8,short,0,-inf,-1.3298846290270956,1753,-0.06676494487436926,-0.009648506235196808,0.32059326868225896,665,-0.07061414655237792
accel,short,8,1.0549487424060404,1.6393510444728219,1751,-0.06677834918903108,-0.009661910549858627,0.31410622501427754,668,-0.1287782582047343
tbi_z96,short,7,0.5367516257771321,0.8518750377113862,1743,-0.0668183900187726,-0.009701951379600143,0.31497418244406195,632,0.07349763476968549
tbi_ma96,short,8,0.0016647296919075655,0.0036159247224700547,1744,-0.06692526390154982,-0.009808825262377363,0.30619266055045874,607,-0.16584819405432133
to_lo480,short,0,-inf,3.8381205476231215,1706,-0.06710028074673187,-0.009983842107559412,0.3007033997655334,812,0.29154162601397887
extreme_late,short,1,0.226890756302521,0.3865546218487395,1748,-0.0672512950257566,-0.010134856386584137,0.3157894736842105,584,0.09483467386005794
kyle_z,short,5,-0.1938805337413771,0.045035584097234335,1744,-0.06731701645287587,-0.010200577813703413,0.31536697247706424,607,-0.11181574984660281
efficiency,short,3,0.040955457659820386,0.054989597502881835,1752,-0.06738593337585219,-0.010269494736679735,0.3190639269406393,626,-0.05397648419552002
range_per_trade,short,9,6.88941604838488e-08,inf,1754,-0.06751766692539088,-0.010401228286218422,0.31014823261117447,14,
to_hi96,short,0,-inf,1.1417562999111552,1744,-0.06753690019302559,-0.010420461553853136,0.3170871559633027,574,-0.10306257780675718
atr_rank,long,4,0.35,0.45416666666666666,1696,-0.06758666061105709,-0.029861876860151987,0.3272405660377358,650,-0.027448043530434823
minofday,short,9,1080.0,1200.0,1461,-0.06768976611668598,-0.010573327477513522,0.3141683778234086,537,-0.02502790275607433
hour,short,9,18.0,20.0,1461,-0.06768976611668598,-0.010573327477513522,0.3141683778234086,537,-0.02502790275607433
hour,short,3,6.0,8.0,1461,-0.06781034435467613,-0.010693905715503674,0.3182751540041068,537,-0.00988729671121432
minofday,short,3,360.0,480.0,1461,-0.06781034435467613,-0.010693905715503674,0.3182751540041068,537,-0.00988729671121432
up_wick,short,2,0.10325910084150745,0.14918918918918922,1754,-0.06782267761402787,-0.010706238974855412,0.314709236031927,573,0.056791632450353284
updn_ratio,long,6,0.5083333333333333,0.5210084033613446,2305,-0.06799253178442011,-0.030267748033515007,0.3162689804772234,763,-0.06715027258866327
to_hi24,short,8,3.7279741867216614,4.702135813074269,1751,-0.06803962776990106,-0.010923189130728608,0.32210165619645914,717,0.041841273741620964
since_lo96,short,2,18.0,31.0,1799,-0.0680588994201564,-0.010942460780983945,0.3129516397998888,665,-0.043611724951035734
flow_eff,short,7,0.32518352756198016,0.4950474981172561,1753,-0.06814628587788944,-0.011029847238716986,0.3080433542498574,372,0.05292243542461552
dq,long,1,-0.07640290283107944,-0.0517029647512124,1753,-0.06828483638446711,-0.030560052633562013,0.3194523673702225,630,-0.08164569710825795
extreme_late,short,5,0.7310924369747899,0.8067226890756303,1729,-0.06829299023790208,-0.011176551598729628,0.3140543666859456,589,-0.10373123480623915
minofday,short,8,960.0,1080.0,1461,-0.0683779007303312,-0.011261462091158747,0.31485284052019163,537,-0.03638182335640395
hour,short,8,16.0,18.0,1461,-0.0683779007303312,-0.011261462091158747,0.31485284052019163,537,-0.03638182335640395
to_lo96,short,3,3.4224081394827985,4.301354501285214,1743,-0.0685635891298929,-0.01144715049072044,0.31095811818703384,638,0.06341456817601394
updn_ratio,long,5,0.5,0.5083333333333333,1399,-0.0685922439729359,-0.030867460222030796,0.3187991422444603,463,-0.05417153683155386
efficiency,short,2,0.02692323213907972,0.040955457659820386,1754,-0.06875727012984029,-0.01164083149066783,0.3181299885974915,640,0.013852182549247244
rv_vs_range,long,4,0.6303949852136681,0.6720595724873857,1753,-0.06883874686941668,-0.031113963118511584,0.3120365088419852,567,-0.11771860730581486
persist6,long,3,0.20980466226596775,0.2870420914664964,1753,-0.06895766497308808,-0.031232881222182984,0.3154592127780947,633,-0.06929696456421616
pos24,short,0,-inf,0.16263779721791283,1751,-0.06898540400573662,-0.011868965366564163,0.31524842946887494,846,0.032688393156288534
tbi_z8,short,9,1.341255612878832,inf,1753,-0.06913172608188883,-0.012015287442716377,0.3114660581859669,646,-0.06495394918018396
rpt_rank,long,1,0.08333333333333333,0.17708333333333334,1713,-0.06915210296836267,-0.031427319217457575,0.3175715119673088,634,-0.07494190993264666
vol_per_trade_z,long,6,0.22398960419376798,0.5299474780566171,1743,-0.0691776824498932,-0.0314528986989881,0.31612162937464144,617,-0.04571153090512514
dq,short,8,0.04281927884579206,0.06838222709536057,1753,-0.06938121179474267,-0.012264773155570216,0.3143183114660582,585,-0.003030503900366347
updn_ratio,short,0,-inf,0.4444444444444444,1742,-0.06946764651992877,-0.012351207880756318,0.31917336394948337,657,0.07275372078279149
range_per_trade,short,1,2.548496549423244e-08,2.9598624026692157e-08,1753,-0.06954726550577021,-0.012430826866597758,0.3217341699942955,1089,-0.03120469577343218
to_lo96,long,4,4.301213948909664,5.202975535799398,1743,-0.06960149477166726,-0.03187671102076216,0.3138267355134825,656,-0.04698456336294351
efficiency,long,8,0.13229876773361876,0.1712958731405529,1753,-0.06969745317979575,-0.031972669428890654,0.3143183114660582,707,-0.05400676712184076
tbi,long,1,-0.038259057486222714,-0.025914405448637413,1753,-0.06989119234123768,-0.03216640859033258,0.31888191671420424,634,-0.083111495341474
tbi_ma24,long,0,-inf,-0.011269132822381329,1751,-0.06997271651692098,-0.03224793276601588,0.31867504283266707,1155,-0.3392181991505607
tbi_z24,short,7,0.5480974205647768,0.8707234729711182,1751,-0.07000913167643665,-0.012892693037264188,0.3129640205596802,637,0.086961912368374
accel,long,5,-0.022522731809925166,0.29921670610289486,1751,-0.07006560284663683,-0.032340819095731735,0.3198172472872644,623,-0.027295751679108794
absorb_z,short,1,-0.3976769038754282,-0.17760689721575726,1705,-0.07009121725469301,-0.012974778615520557,0.31671554252199413,509,0.08867025982992102
extreme_late,short,2,0.3865546218487395,0.5294117647058824,1760,-0.07037456912079497,-0.013258130481622513,0.3164772727272727,620,-0.03904739507359769
accel,short,6,0.2992992652978215,0.6401842537673533,1751,-0.0704193717139356,-0.013302933074763143,0.31353512278697887,647,-0.04679885666838649
body_frac,short,1,-0.6305418719211856,-0.4629569508473422,1753,-0.07046601421426986,-0.013349575575097403,0.31602966343411293,637,-0.051276190446552836
tbi_ma8,long,8,0.0064521537865209104,0.01111286667124569,1752,-0.07064880761294302,-0.032924023862037924,0.3116438356164384,593,0.09581756844599429
persist96,short,0,-inf,0.01776372368413144,1744,-0.07065730895692468,-0.013540870317752224,0.3205275229357798,719,0.030678245438544686
persist96,short,3,0.052958331028119934,0.07366642118148026,1743,-0.07070319528830829,-0.013586756649135834,0.31497418244406195,640,-0.11619915070557867
body_frac,short,7,0.33209284232365394,0.48846153846153845,1752,-0.07077514631346489,-0.013658707674292433,0.3116438356164384,621,-0.0204149947594801
tbi,short,8,0.02135669337415247,0.03415864191179396,1753,-0.07088900147530684,-0.013772562836134386,0.3137478608100399,588,0.0016164372960245099
range_z,short,5,-0.2910248052107597,-0.10009825574713103,1744,-0.0710343491206401,-0.013917910481467649,0.31422018348623854,627,-0.00889958008814544
since_hi480,long,3,77.0,127.0,1726,-0.07118157684641178,-0.033456793095506684,0.32734646581691773,458,-0.4389587071649258
efficiency,short,0,-inf,0.013576846816173124,1753,-0.07123020251907905,-0.014113763879906593,0.3143183114660582,624,0.06193264845283013
absorb,short,0,-inf,-0.17903307706087956,1753,-0.07145208192798601,-0.014335643288813552,0.3194523673702225,877,0.03702830178100901
absorb,long,4,-0.028703732047039587,-0.009463059272743617,1752,-0.07152978263396158,-0.03380499888305648,0.3127853881278539,534,-0.016712889911705456
to_lo96,short,6,6.35362547222298,7.734379144619995,1743,-0.07159883024257482,-0.014482391603402367,0.31612162937464144,706,-0.14874274430095305
absorb,long,7,0.03450179076223149,0.06206661610371991,1753,-0.07165996990497596,-0.03393518615407086,0.3154592127780947,506,-0.069323642195962
since_hi480,long,0,-inf,14.0,1663,-0.07174568660911887,-0.03402090285821377,0.2994588093806374,486,-0.0482493827657132
range_z,long,1,-0.9190996752856249,-0.7416434775025685,1743,-0.07197932457337664,-0.034254540822471535,0.321285140562249,649,-0.06624217513549863
dq_z96,short,7,0.5364030198795784,0.851959756472515,1743,-0.0720142929096307,-0.014897854270458241,0.3132530120481928,632,0.07354530576190813
body_frac,short,3,-0.3076923076923077,-0.15226153157187441,1753,-0.07203267333354843,-0.014916234694375974,0.31831146605818594,589,0.051835569896808216
flow_eff,long,2,-0.005695813569739607,0.041850843536083156,1753,-0.07208810663678027,-0.03436332288587517,0.3342840844266971,1110,0.06377573034952255
disp96,short,2,-4.723844838443403,-2.7829229304743515,1744,-0.07218353367923741,-0.015067095040064954,0.3125,685,0.15091002837111883
tbi,long,4,-0.009379729714667473,-0.0025587838498823123,1753,-0.07229883894473602,-0.034574055193830916,0.3137478608100399,437,0.1254138859131876
tbi_ma96,short,4,-0.003392682996130125,-0.002353168048860863,1744,-0.0723227895342633,-0.015206350895090842,0.3165137614678899,421,-0.09095868559646739
rv_vs_range,short,2,0.5416977778834984,0.5881917234692623,1753,-0.07241223535180298,-0.015295796712630524,0.3154592127780947,606,-0.01586089757322398
extreme_late,long,5,0.7310924369747899,0.8067226890756303,1729,-0.07247681195653326,-0.03475202820562816,0.3140543666859456,589,0.09696232540594928
accel,short,2,-1.0738421434447891,-0.6725331827775992,1750,-0.07250520864137523,-0.015388770002202776,0.3177142857142857,641,-0.03610208158690461
kyle,short,3,2.655415960717732e-07,2.932780888997308e-07,1753,-0.07263124340893176,-0.015514804769759305,0.31888191671420424,636,0.10572602789927203
range_rank,short,6,0.5916666666666667,0.69375,1677,-0.07270198777707186,-0.015585549137899404,0.3094812164579606,626,-0.020925860414369658
vol_per_trade_z,short,1,-1.3303650293293434,-0.918019953764802,1743,-0.07274773183796462,-0.015631293198792168,0.3098106712564544,636,0.06641659338895715
rpt_z,short,6,0.13753137962849765,0.4241118108909136,1743,-0.07276327902988357,-0.01564684039071111,0.31669535283993117,645,-0.10726445965293975
dq,long,4,-0.018565968667106685,-0.004986555505044881,1753,-0.07285737013965772,-0.03513258638875262,0.3131774101540217,437,0.11863713635412783
ats_rank480,short,6,0.6291666666666667,0.7375,1691,-0.07316906606203859,-0.01605262742286613,0.3205204021289178,641,0.07426102302560589
tbi_ma24,short,0,-inf,-0.011268910762975698,1751,-0.07326702817005926,-0.0161505895308868,0.3106796116504854,1155,0.2525276842555986
hour,short,7,14.0,16.0,1461,-0.07345702278765076,-0.016340584148478304,0.31143052703627655,537,0.02482331735651575
minofday,short,7,840.0,960.0,1461,-0.07345702278765076,-0.016340584148478304,0.31143052703627655,537,0.02482331735651575
accel,short,1,-1.6147041930095605,-1.0738421434447891,1751,-0.07354158304011613,-0.01642514440094367,0.31867504283266707,656,0.030327912908328925
atr_pct,short,1,0.006532382796437561,0.00809094356765318,1753,-0.07362718275364824,-0.016510744114475784,0.32857957786651454,1378,-0.012375654401371164
dn_wick,short,5,0.2695035460992908,0.33254355400696567,1754,-0.0736415443124461,-0.016525105673273643,0.3124287343215507,623,0.0036372411807117475
dq,short,6,0.009350942224499992,0.02483838034511981,1752,-0.07365683006410843,-0.016540391424935977,0.3110730593607306,475,0.12089495833724698
pos24,long,5,0.5244785681952712,0.6216120517733957,1751,-0.07381579236027008,-0.03609100860936498,0.3163906339234723,592,-0.06372334537519274
kyle_z,long,2,-0.8646157969797699,-0.6332441937120314,1744,-0.07399326685527242,-0.036268483104367324,0.3205275229357798,625,-0.059774372451927675
extreme_late,long,3,0.5294117647058824,0.6302521008403361,1636,-0.07409927757007058,-0.03637449381916548,0.3141809290953545,565,-0.04232328522912548
ats_rank480,long,3,0.3020833333333333,0.4125,1698,-0.07421783792231391,-0.036493054171408815,0.32037691401649,656,-0.1466986357045704
flow_eff,short,9,0.8917564176582605,inf,1753,-0.0743034393319405,-0.017187000692768045,0.29834569309754705,342,0.01303560412188465
vol_of_vol,long,6,-0.11943617707973447,0.16264782822228782,1702,-0.07447679931889895,-0.036752015567993845,0.31551116333725027,630,-0.03834164083001964
rpt_rank,short,5,0.47708333333333336,0.5833333333333334,1726,-0.07451513280817365,-0.017398694169001194,0.31402085747392816,664,-0.0788729204269046
tbi_ma8,long,7,0.003111762688568553,0.0064521537865209104,1752,-0.07467882831199932,-0.03695404456109422,0.3127853881278539,542,-0.06694635455438937
persist96,long,2,0.0355293261540456,0.052954624531496,1743,-0.07475771476191025,-0.037032931011005146,0.31899024670109005,608,-0.035885567426375865
up_wick,short,9,0.5802499999999964,inf,1754,-0.07487868948929527,-0.017762250850122813,0.31584948688711517,592,0.0039053036488314718
absorb,long,2,-0.0867544117926245,-0.049755302574475295,1753,-0.07497971889236281,-0.03725493514145771,0.3137478608100399,616,-0.08511518632545964
accel,short,3,-0.6725331827775992,-0.33040781386764967,1751,-0.0750355836551508,-0.01791914501597834,0.32038834951456313,601,0.019319350974229453
kyle,long,6,3.6336103116226057e-07,4.0931044892815116e-07,1753,-0.07504528396821696,-0.037320500217311856,0.3131774101540217,408,-0.02527610800650112
efficiency,long,0,-inf,0.013576193231804846,1753,-0.07520586409182584,-0.037481080340920736,0.3154592127780947,624,-0.01375360136061067
to_lo96,short,5,5.202926330164055,6.35362547222298,1744,-0.07532679804584617,-0.018210359406673718,0.31077981651376146,713,-0.012774520912591581
atr_pct,short,2,0.00809094356765318,0.009383391031439335,1753,-0.07536971652440587,-0.018253277885233413,0.32458642327438675,1045,0.008830770231814365
lo_pos,long,3,0.15126050420168066,0.2689075630252101,1758,-0.0756503551016877,-0.0379255713507826,0.31569965870307165,644,0.014978066439130149
trade_intensity,long,5,0.8026561082352681,0.9245731501801924,1744,-0.07573412408087984,-0.038009340329974745,0.31422018348623854,531,-0.06462438113887826
hour,long,4,8.0,10.0,1461,-0.07580552344878308,-0.03808073969787798,0.31485284052019163,537,-0.0956997858176822
minofday,long,4,480.0,600.0,1461,-0.07580552344878308,-0.03808073969787798,0.31485284052019163,537,-0.0956997858176822
tbi,short,6,0.004609674394548962,0.012350236277244417,1753,-0.07586051476451727,-0.018744076125344816,0.3103251568739304,472,0.12155001996708688
wick_skew,long,4,-0.09501189900899062,-0.014754975758875362,1753,-0.07602168612191372,-0.03829690237100862,0.3137478608100399,653,-0.17766147792282683
lo_pos,short,5,0.40336134453781514,0.5462184873949579,1693,-0.07605407972858287,-0.018937641089410415,0.31659775546367397,589,-0.02676656030393187
since_lo96,short,7,81.0,89.0,1648,-0.07627417675865636,-0.019157738119483902,0.32281553398058255,599,-0.249079060971821
to_hi24,long,8,3.728048300810371,4.702149039054162,1751,-0.07639924285070582,-0.03867445909980072,0.30953740719588807,717,-0.08339708397964243
rpt_rank,short,4,0.3770833333333333,0.47708333333333336,1682,-0.07650729189819883,-0.01939085325902637,0.31331747919143876,626,-0.034185894434224734
hi_pos,short,9,0.9411764705882353,inf,1837,-0.07665363304254398,-0.019537194403371524,0.3135547087642896,704,0.07296092769654261
disp6,long,5,0.024420418442892153,0.3127519856182967,1752,-0.07673776098783204,-0.03901297723692694,0.319634703196347,573,0.021206919974031593
dow,short,1,1.0,2.0,2507,-0.07676683300213535,-0.019650394362962897,0.3111288392500997,912,-0.11972568555764963
pos24,short,6,0.6217144945331348,0.7139038964778741,1750,-0.07716641988356024,-0.020049981244387782,0.30914285714285716,618,-0.07507833988453577
disp24,short,2,-2.2867100142046386,-1.3519608230297342,1750,-0.07726789808111263,-0.020151459441940175,0.31485714285714284,588,0.0504030155636236
to_lo96,short,2,2.493402428574814,3.4224081394827985,1744,-0.077382999013043,-0.02026656037387055,0.31077981651376146,736,0.228942440671338
persist6,long,5,0.36709095763087846,0.45290240021419675,1752,-0.07741216814074572,-0.039687384389840624,0.317351598173516,673,-0.0254641252532455
disp24,short,1,-3.5520651974609696,-2.2867100142046386,1751,-0.07749923134059288,-0.02038279270142042,0.3158195316961736,644,0.04485244560984488
range_rank,long,5,0.4875,0.5916666666666667,1728,-0.07754934555178378,-0.03982456180087868,0.3177083333333333,601,-0.009150418643569925
vol_per_trade_z,short,5,-0.05971605688563321,0.22407530818758747,1744,-0.07760277992108339,-0.02048634128191093,0.3170871559633027,648,-0.07397256672277729
dn_wick,short,2,0.10989299922264899,0.16210374639769112,1753,-0.07776254325470755,-0.020646104615535094,0.3114660581859669,608,0.12797771668131616
close_loc,long,8,0.7869743187250763,0.877339435366577,1753,-0.07784354226496461,-0.04011875851405951,0.3166001140901312,646,-0.031110284300127793
trade_intensity,short,3,0.6142229221098148,0.7013106131391456,1743,-0.07816716061321761,-0.02105072197404516,0.3138267355134825,541,-0.039024286194644375
vol_of_vol,short,8,0.5601416053451642,1.3277560252286502,1703,-0.07819679318724133,-0.021080354548068878,0.2982971227246036,699,-0.07972883000456382
persist24,short,5,0.18629355237119744,0.23407843148458407,1751,-0.07820085077969041,-0.021084412140517955,0.31867504283266707,609,0.03681437711745947
since_hi480,long,4,127.0,190.0,1698,-0.07829434685973474,-0.04056956310882964,0.31448763250883394,533,-0.3042130746889574
atr_pct,short,5,0.011772748413560444,0.013060888427465498,1754,-0.07836329836347458,-0.021246859724302125,0.31527936145952107,425,-0.09680154604075256
persist6,short,3,0.2098341230236672,0.2870631947369842,1752,-0.07836774532368926,-0.021251306684516802,0.3116438356164384,633,0.07478266957391436
vol_per_trade_z,long,0,-inf,-1.3303748681828311,1744,-0.07842588732432487,-0.04070110357341977,0.3119266055045872,578,-0.15807071665569525
dq_cum24,short,0,-inf,-0.5373441885643153,1751,-0.07856671359065699,-0.021450274951484535,0.3089663049685894,1157,0.2501702909477348
persist24,long,6,0.23407569954836535,0.2907454767571807,1751,-0.07864108266509777,-0.04091629891419267,0.3163906339234723,681,-0.06574698471258474
up_wick,long,1,0.05192623117958025,0.10325737627550116,1753,-0.07876366013859715,-0.04103887638769205,0.3143183114660582,701,-0.08749088411506852
atr_pct,short,0,-inf,0.006532382796437561,1753,-0.07895684484936619,-0.02184040621019373,0.3468339988590987,1405,-0.17059363396371047
since_lo24,short,1,2.0,5.0,2142,-0.07900189192213518,-0.021885453282962722,0.31092436974789917,814,0.08962312783353414
absorb_z,short,3,-0.10288457312406302,-0.047052897965502945,1704,-0.07909347654344658,-0.02197703790427412,0.30985915492957744,730,-0.13776446604797823
disp24,short,5,0.12449150049597674,0.8334327420759992,1751,-0.07928360023445488,-0.022167161595282425,0.3123929183323815,615,-0.034324836480197705
persist6,short,7,0.5488899308059846,0.6579843162670889,1753,-0.0795599693535102,-0.022443530714337745,0.31260695949800343,684,-0.08712614390895854
disp24,short,6,0.8334327420759992,1.6302222017503207,1751,-0.07970477103901424,-0.022588332399841787,0.30725299828669334,614,-0.1591264669482761
since_lo24,long,4,11.0,15.0,2078,-0.07979420951831934,-0.04206942576741424,0.314725697786333,738,-0.10943712091425657
dq_z96,long,9,1.2929413164698795,inf,1744,-0.07982763990778587,-0.042102856156880766,0.31823394495412843,653,0.043935271115977295
dq_cum24,long,2,-0.395516086414236,-0.28779236102899314,1750,-0.08016607303548806,-0.04244128928458296,0.3137142857142857,563,-0.21069778071674472
atr_pct,long,4,0.010607369941593512,0.011772650436221613,1753,-0.0804567903496477,-0.0427320065987426,0.31831146605818594,568,-0.2165943650598137
pos24,short,5,0.5244922755506272,0.6217144945331348,1751,-0.0808096301743145,-0.023693191535142044,0.3106796116504854,592,0.015822110213971688
to_hi24,short,1,0.6604408564898231,1.0348112563298366,1751,-0.08081288978365077,-0.02369645114447831,0.316961736150771,678,-0.07851239451530546
vol_per_trade_z,short,6,0.22407530818758747,0.5298158380714678,1743,-0.08086276311752524,-0.023746324478352787,0.3138267355134825,617,-0.038044649473409846
disp96,long,6,2.0447153091184425,3.9023051969750764,1744,-0.0811670502088132,-0.043442266457908094,0.3205275229357798,642,0.15784160587875876
persist6,short,9,0.8038734131647264,inf,1753,-0.08119929269374367,-0.02408285405457121,0.3097547062179121,639,0.05360836526584703
trade_intensity,short,2,0.5272880308186049,0.6142229221098148,1744,-0.08128058880451042,-0.02416415016533796,0.3113532110091743,580,0.11899287721015608
up_wick,short,7,0.37918215613381634,0.46418947666997856,1752,-0.08134459061399216,-0.0242281519748197,0.3110730593607306,629,0.03941202183181228
rpt_rank,short,7,0.6895833333333333,0.7958333333333333,1695,-0.08147733474992523,-0.024360896110752775,0.30973451327433627,635,-0.05201512309230406
tbi_z96,long,9,1.2936547984757751,inf,1744,-0.08152213912177146,-0.04379735537086636,0.3176605504587156,652,0.04560374004652891
body_frac,short,6,0.17973800818422617,0.33209284232365394,1754,-0.08155413439289824,-0.024437695753725786,0.314709236031927,602,-0.032953593159426024
wick_skew,short,8,0.2619349135047393,0.4100310369390549,1753,-0.08167602524650712,-0.024559586607334663,0.3131774101540217,634,0.012007148316127716
tbi_z8,short,6,0.2749832463079388,0.5912950667502622,1753,-0.08167892821088082,-0.024562489571708368,0.31260695949800343,688,0.0018356779251190209
tbi_ma24,long,6,-0.0006575156498708231,0.0012858175176685244,1751,-0.08173247304413886,-0.04400768929323376,0.31524842946887494,485,0.05941235992614974
since_hi24,long,8,22.0,24.0,1821,-0.08175547630844679,-0.04403069255754169,0.3152114222954421,725,-0.130887539000768
tbi_z8,short,3,-0.5880779440554359,-0.29112575784002087,1753,-0.08209935805990612,-0.024982919420733662,0.3137478608100399,601,0.03238494423498832
range_z,long,4,-0.44706252914754385,-0.2911294798313495,1743,-0.08210844702206535,-0.04438366327116025,0.31554790590935167,593,-0.03344307419560611
body_frac,short,2,-0.4629569508473422,-0.3076923076923077,1753,-0.08222829862312396,-0.025111859983951504,0.3143183114660582,633,0.014736156292427704
range_rank,long,3,0.27916666666666856,0.3854166666666667,1703,-0.0823974565551409,-0.0446726728042358,0.3211978860833823,644,-0.0787531655060726
body_frac,long,3,-0.30773290034503686,-0.15229276502904993,1753,-0.08259494657447557,-0.04487016282357047,0.3114660581859669,588,-0.051455130420554156
since_hi480,short,2,41.0,77.0,1700,-0.08261218555237804,-0.02549574691320558,0.31176470588235294,476,0.011503869444386845
close_loc,short,3,0.33030408947920475,0.42527716186253417,1753,-0.08290491847586648,-0.025788479836694023,0.3143183114660582,539,-0.001680145732892086
pos24,short,3,0.3411694197323044,0.4327208617372621,1750,-0.08291064370439616,-0.025794205065223702,0.3142857142857143,577,0.007662376984040258
since_hi96,short,0,-inf,5.0,1742,-0.08293964241912256,-0.025823203779950107,0.3111366245694604,596,-0.08819195741851772
persist6,short,5,0.3670978744493831,0.45290897285754045,1753,-0.08299893975313595,-0.025882501113963494,0.3103251568739304,674,-0.080082290126479
disp6,short,8,1.1037714706612474,1.845118533533473,1752,-0.08316421399765671,-0.02604777535848425,0.3013698630136986,692,-0.07340607829389527
tbi,short,7,0.012350236277244417,0.02135669337415247,1752,-0.08331339033368591,-0.026196951694513457,0.3065068493150685,516,0.1514611901755042
to_lo24,short,0,-inf,0.8069687359040062,1751,-0.08346177567033515,-0.026345337031162694,0.31410622501427754,825,0.027007895969014175
dq,short,7,0.02483838034511981,0.04281927884579206,1753,-0.08355836652351978,-0.02644192788434732,0.30633200228180263,513,0.15222844078045145
m1_jump,long,4,0.16361416421054845,0.18415540146244144,1753,-0.08368470957276243,-0.04595992582185733,0.3120365088419852,651,-0.07016701880947405
persist6,short,4,0.2870631947369842,0.3670978744493831,1752,-0.08375025645123678,-0.026633817812064323,0.3110730593607306,614,0.010722251369777143
disp6,short,2,-1.0253003331742467,-0.5870495795894937,1753,-0.0838189961647763,-0.02670255752560384,0.3166001140901312,599,0.05561436314822905
persist24,short,4,0.1430466179939331,0.18629355237119744,1750,-0.08392398948419516,-0.026807550845022704,0.3102857142857143,654,-0.022192281278698163
gap,long,2,-0.00010154956480328823,0.0,1031,-0.08392898474813998,-0.04620420099723488,0.3026188166828322,387,-0.23676354924075607
since_lo96,short,8,89.0,95.0,1881,-0.0839902885657833,-0.02687384992661085,0.31791600212652843,634,-0.0958609239179031
tbi_ma24,long,2,-0.008308480661416755,-0.006060157358176259,1750,-0.0841395388692792,-0.046414755118374104,0.312,561,-0.2077228192907051
up_wick,long,5,0.25467770111180277,0.31081861311032044,1753,-0.08424615626296661,-0.04652137251206151,0.3114660581859669,606,-0.008843381238091924
kyle_z,short,8,0.6879760835910919,1.2879664938792146,1744,-0.08433833836389275,-0.02722189972472029,0.30619266055045874,709,0.14419344141754478
tbi_ma8,long,4,-0.0050250147354941556,-0.002352337289249648,1752,-0.08472580517880585,-0.04700102142790075,0.3116438356164384,490,0.02823458070130599
rpt_rank,long,7,0.6895833333333333,0.7958333333333333,1695,-0.08474214332930885,-0.04701735957840375,0.30914454277286135,635,-0.02789490671780539
flow_eff,short,2,-0.005693750126347006,0.041860498028326004,1753,-0.08489347769614546,-0.027777039056973,0.3262977752424415,1111,-0.04822353422961412
tbi_ma8,short,5,-0.0023516629963786506,0.000244599381187632,1752,-0.08511493582636513,-0.027998497187192675,0.3110730593607306,505,0.027103810671711658
range_rank,short,7,0.69375,0.8,1734,-0.08543021657960918,-0.028313777940436727,0.3004613610149942,678,0.03197910800178082
ats_rank480,short,5,0.5208333333333334,0.6291666666666667,1718,-0.08544696876717513,-0.02833053012800267,0.31664726426076834,629,-0.008362319622785495
absorb,long,1,-0.1790652066518862,-0.0867544117926245,1752,-0.08567274811747629,-0.047947964366571186,0.3150684931506849,694,-0.07176430592900859
to_hi24,long,2,1.0351568873276578,1.3865221118373663,1750,-0.08573609300231096,-0.048011309251405856,0.30857142857142855,586,-0.053528933700787235
accel,long,6,0.29921670610289486,0.6401049541616058,1750,-0.08605066115881133,-0.048325877407906226,0.31657142857142856,647,-0.02678983821680648
atr_rank,long,2,0.15,0.24791666666666667,1718,-0.08607025429534187,-0.048345470544436775,0.32712456344586727,668,-0.08040057050971774
absorb_z,long,9,0.3966467685429922,inf,1705,-0.08609622266909409,-0.048371438918188986,0.3143695014662757,558,-0.0740861633540729
rv_vs_range,long,3,0.5881922791963359,0.6303949852136681,1753,-0.08623343892392442,-0.04850865517301932,0.3120365088419852,589,0.01200953319586624
to_lo24,long,1,0.8069417639436041,1.2095751876515026,1751,-0.0862792067825846,-0.048554423031679506,0.3118218161050828,618,-0.12143748515474227
hi_pos,long,0,-inf,0.01680672268907563,1647,-0.08634569300221372,-0.04862090925130862,0.30965391621129323,609,-0.03521796100625992
since_hi96,short,5,51.0,64.0,1767,-0.08654865452214153,-0.02943221588296907,0.32088285229202035,658,0.01479815377092702
trade_intensity,short,4,0.7013106131391456,0.8027245171974488,1744,-0.08671332812207337,-0.029596889482900915,0.30963302752293576,593,0.013848585175052297
since_hi24,short,7,19.0,22.0,1939,-0.08675042392622458,-0.02963398528705212,0.30943785456420836,724,0.01627316973579396
to_lo96,long,8,9.274802273960518,11.31926858231243,1743,-0.08687882929097346,-0.04915404554006836,0.3178427997705106,511,0.06713049050658876
absorb_z,long,0,-inf,-0.39769297943061505,1705,-0.08698983184620626,-0.04926504809530116,0.3096774193548387,509,-0.05474609526900095
kyle,short,7,4.0931383011889937e-07,4.7128102254525535e-07,1752,-0.08704363466892519,-0.02992719602975273,0.3030821917808219,320,0.18029072532386117
tbi_ma8,short,2,-0.011175376773390006,-0.007842973992964427,1752,-0.08705625358826416,-0.029939814949091703,0.3127853881278539,506,0.1255558356300237
tbi_z24,long,8,0.8705923081625637,1.31452972427218,1751,-0.08710203580454327,-0.049377252053638174,0.3118218161050828,643,-0.1312145323124343
trade_intensity,short,9,1.8140401722574224,inf,1744,-0.08733953768243992,-0.030223099043267462,0.3038990825688073,766,0.10446474660287562
absorb_z,long,7,0.1505125792785912,0.23204888099592677,1705,-0.08760053660311644,-0.04987575285221134,0.3120234604105572,679,-0.013809718140171583
gap,long,0,-inf,-0.0003683888936654597,1753,-0.08780066136771919,-0.05007587761681409,0.3166001140901312,43,0.049660541132524674
lo_pos,short,4,0.2689075630252101,0.40336134453781514,1755,-0.08783891006761742,-0.03072247142844496,0.31225071225071227,651,0.029270995191957104
since_hi24,short,5,13.0,16.0,1623,-0.0879044886207577,-0.03078804998158524,0.3111521873074553,555,0.03469476148210615
gap,short,4,0.00011474015504846531,0.0003718197541125853,1753,-0.08793891380523104,-0.030822475166058586,0.3057615516257844,1012,-0.17476217440676084
since_lo96,long,1,7.0,18.0,1746,-0.08804508150686591,-0.05032029775596081,0.2983963344788087,677,-0.2869353937253439
range_z,short,3,-0.5918255772577853,-0.4470520783460396,1743,-0.08812455984222073,-0.031008121203048272,0.31267928858290306,558,-0.01181694850579887
absorb,short,3,-0.04975502450344145,-0.02869803860002485,1752,-0.08857139063887043,-0.03145495199969797,0.3127853881278539,465,-0.011943467489801655
disp6,long,0,-inf,-1.7339274732834282,1753,-0.08877185589961416,-0.05104707214870906,0.30233884768967484,774,-0.07990444317454917
dow,short,4,4.0,5.0,2508,-0.08878426875353752,-0.03166783011436507,0.2982456140350877,924,-0.0027990760843635693
absorb_z,short,5,0.02281721301268184,0.0912539639623742,1706,-0.08897178961331025,-0.03185535097413779,0.3106682297772567,732,0.03385106928398935
absorb,short,8,0.06206440657489185,0.12561549223830082,1753,-0.08900037965518338,-0.03188394101601093,0.3057615516257844,712,0.07833305885341128
range_per_trade,short,4,3.641009071867615e-08,3.999512735420218e-08,1753,-0.08902287116653915,-0.03190643252736669,0.3120365088419852,736,-0.027881798800783782
tbi_ma96,short,9,0.0036159247224700547,inf,1744,-0.08910055304489753,-0.03198411440572507,0.30275229357798167,1095,-0.22115686648780028
tbi_ma8,long,3,-0.007842989920091371,-0.0050250147354941556,1752,-0.08927900156382966,-0.05155421781292456,0.3099315068493151,509,-0.07181543722467625
lo_pos,short,9,0.9411764705882353,inf,1760,-0.08951209034385163,-0.032395651704679174,0.3130681818181818,724,0.014292185853304305
atr_pct,long,0,-inf,0.006531867147035268,1753,-0.08964910880944137,-0.051924325058536266,0.3456930975470622,1405,0.14809947214791186
dq_z96,short,8,0.851959756472515,1.2932284532162739,1744,-0.08992931931176894,-0.03281288067259648,0.30963302752293576,607,-0.026534408073225806
kyle_z,short,7,0.32770680309462813,0.6879760835910919,1743,-0.08993336107181524,-0.03281692243264278,0.30522088353413657,682,-0.06425733520551806
dq_cum24,long,6,-0.028707615167727688,0.06435841708262743,1751,-0.09019628887772732,-0.05247150512682222,0.3123929183323815,483,0.05715363840117088
ats_z96,short,5,-0.052575305708327115,0.22843182220455044,1744,-0.09023722821414072,-0.033120789574968265,0.31020642201834864,623,-0.07661708647788872
persist96,short,1,0.01776372368413144,0.03552938957627396,1743,-0.09062561876905564,-0.03350918012988319,0.30751577739529545,717,0.20647331541976705
rpt_z,short,5,-0.12228054444954532,0.13753137962849765,1744,-0.09102760689063212,-0.033911168251459664,0.31020642201834864,632,-0.05195576640929382
hi_pos,short,4,0.2689075630252101,0.4117647058823529,1846,-0.09108149580399144,-0.033965057164818985,0.3039003250270856,687,0.03902082928023852
tbi_z96,short,8,0.8518750377113862,1.2938829835577428,1744,-0.09126024325902546,-0.034143804619853,0.30905963302752293,607,-0.021786954701025027
trade_intensity,short,6,0.9246117443149827,1.0866609622634436,1743,-0.09154795743305034,-0.03443151879387789,0.3017785427423982,530,0.028511411221997168
updn_ratio,short,2,0.4649122807017544,0.475,1210,-0.09158524985341784,-0.03446881121424539,0.31322314049586775,442,-0.12300393347084702
since_lo480,short,5,296.0,364.0,1709,-0.09169770404044847,-0.03458126540127601,0.3036863662960796,647,-0.005903926670224809
disp96,short,3,-2.7829229304743515,-1.1701642196195694,1743,-0.0917942393546279,-0.03467780071545544,0.30522088353413657,611,0.01944908253241638
updn_ratio,long,1,0.4444444444444444,0.4649122807017544,1758,-0.09200824512281873,-0.05428346137191363,0.30887372013651876,615,-0.06427052833971715
vol_of_vol,long,1,-0.9695214072965576,-0.7583117181831891,1703,-0.09233865026668277,-0.05461386651577767,0.31767469172049323,664,-0.045233699769647744
vol_of_vol,short,4,-0.4605354017430716,-0.3176281110153591,1702,-0.09236830988290551,-0.03525187124373305,0.31316098707403056,466,-0.02402796993984552
persist24,long,3,0.10488579485620503,0.14302846733652302,1750,-0.09309146085109199,-0.05536667710018689,0.31085714285714283,598,-0.02799969700405221
lo_pos,short,6,0.5462184873949579,0.680672268907563,1717,-0.09314580280142873,-0.03602936416225627,0.3115899825276645,618,0.0266995711287782
disp24,long,0,-inf,-3.5521441614479503,1751,-0.0932057018345431,-0.055480918083638,0.3003997715591091,844,-0.2520879304918785
since_hi96,short,4,37.0,51.0,1719,-0.0932154141317101,-0.03609897549253764,0.31529959278650377,710,0.0031242159257712627
dow,short,6,6.0,inf,2508,-0.09332098119008028,-0.036204542550907826,0.32177033492822965,923,-0.10066579788264822
dn_wick,short,7,0.4044845661036717,0.48902853367728893,1753,-0.09352507878128981,-0.03640864014211735,0.30861380490587564,623,-0.023956726636204094
kyle,long,2,2.337570688512022e-07,2.655366766608151e-07,1753,-0.0935541656378471,-0.055829381886942,0.31888191671420424,869,-0.06437321140486506
persist24,long,2,0.06910703609821466,0.10488579485620503,1751,-0.09363861800620049,-0.05591383425529539,0.3106796116504854,639,-0.0693845086267558
to_hi480,short,0,-inf,1.9793093798676369,1706,-0.09400246554367214,-0.036886026904499686,0.3018757327080891,468,-0.11034378182302244
since_lo24,long,6,18.0,20.0,1246,-0.09415122507655055,-0.05642644132564545,0.3130016051364366,446,-0.09587898638999998
avg_trade_usd,short,6,4101.034853461068,4387.70568186976,1753,-0.09417814595943308,-0.03706170732026062,0.31089560752994866,414,0.09764484045911302
to_hi480,short,1,1.9793093798676369,3.5779134363540064,1705,-0.09419448303199454,-0.037078044392822085,0.3073313782991202,478,0.06414354655283433
ats_z96,short,2,-0.9070314655654418,-0.5976280765206357,1744,-0.09498523627227907,-0.03786879763310662,0.3044724770642202,678,0.02896231886561568
wick_skew,long,1,-0.44832223230892837,-0.29223776339629365,1753,-0.09507379630471585,-0.05734901255381075,0.3074729035938391,697,-0.05452183353360274
is_weekend,long,1,1.0,inf,5016,-0.09507471753206419,-0.05734993378115909,0.31519138755980863,1847,0.04646165544120756
rpt_rank,short,6,0.5833333333333334,0.6895833333333333,1701,-0.09510452208905153,-0.03798808344987907,0.31040564373897706,641,-0.1236942187871196
pos24,short,4,0.4327208617372621,0.5244922755506272,1751,-0.09560938878912169,-0.03849295014994923,0.3089663049685894,542,-0.10006722793010343
range_rank,long,1,0.08333333333333333,0.17916666666666667,1679,-0.09581151702815151,-0.05808673327724641,0.3210244192972007,625,-0.0359325062758866
avg_trade_usd,short,5,3817.6061945380798,4101.034853461068,1754,-0.09626485127345344,-0.03914841263428098,0.30957810718358036,376,0.07797051739291175
since_lo96,short,6,70.0,81.0,1805,-0.09626918508915186,-0.0391527464499794,0.3146814404432133,693,-0.11243972564117856
disp96,short,5,0.43207784481071093,2.044533989782403,1744,-0.09628587757161489,-0.03916943893244243,0.30905963302752293,677,0.07346076058622311
avg_trade_usd,long,1,2593.2567766321417,2919.050550499485,1753,-0.09631385253373614,-0.058589068782831044,0.30690245293782087,552,-0.12115746525122235
to_hi24,short,6,2.5828367451943364,3.0819877187696663,1750,-0.09676790160599028,-0.03965146296681782,0.30857142857142855,555,-0.03657096230706345
tbi_z24,short,9,1.3149345902899674,inf,1751,-0.09691142369860743,-0.039794985059434976,0.2998286693318104,624,-0.09287672216365128
range_rank,long,2,0.17916666666666667,0.27916666666666856,1732,-0.09734244279997642,-0.05961765904907132,0.31524249422632794,637,-0.09335294350709158
since_lo96,short,1,7.0,18.0,1746,-0.09739493048037097,-0.04027849184119851,0.2869415807560137,677,0.019591371365118744
absorb_z,short,9,0.39664524580636273,inf,1706,-0.09745551835378652,-0.04033907971461406,0.30656506447831183,558,0.033145478616638156
range_z,short,8,0.5087176032187913,1.1769041230285158,1744,-0.0979165012800465,-0.040800062640874046,0.3073394495412844,689,-0.011619194046044338
since_lo480,long,7,414.0,453.0,1710,-0.09834539960785467,-0.06062061585694957,0.316374269005848,604,-0.17133525903936755
efficiency,short,4,0.054989597502881835,0.07047161444031426,1753,-0.09841986402985052,-0.041303425390678064,0.30633200228180263,594,0.030345846886226317
kyle_z,long,5,-0.19397022727413973,0.044983159670308616,1744,-0.09845311091478472,-0.06072832716387962,0.30561926605504586,607,-0.017961914386339803
rpt_z,long,6,0.13751827486901783,0.42383230671202876,1743,-0.09848911191487679,-0.06076432816397169,0.306368330464716,643,0.05679466439657803
since_lo24,long,5,15.0,18.0,1716,-0.0986454115146069,-0.0609206277637018,0.3111888111888112,583,-0.11260981251743335
close_loc,short,1,0.13946935900446408,0.23606950269623195,1753,-0.09872378010341266,-0.04160734146424021,0.30690245293782087,650,0.041087990220755856
to_hi96,short,4,3.5824795346792517,4.461499017121662,1744,-0.09910634000942574,-0.04198990137025328,0.31536697247706424,622,-0.17930855456791073
kyle_z,short,9,1.2879664938792146,inf,1744,-0.09917681081917609,-0.042060372180003636,0.29759174311926606,717,0.07080803019026101
since_hi96,long,9,93.0,inf,2003,-0.09928211901383469,-0.061557335262929586,0.29755366949575635,886,0.09044623958390463
dq_z96,long,0,-inf,-1.2801095936067155,1744,-0.09961561657597393,-0.061890832825068826,0.30905963302752293,624,-0.17728476601153806
dq,short,9,0.06838222709536057,inf,1754,-0.09963376774099557,-0.04251732910182311,0.30786773090079816,1144,-0.11060167153819629
tbi,short,9,0.03415864191179396,inf,1754,-0.09965550571194354,-0.04253906707277108,0.30786773090079816,1142,-0.11416077333026035
tbi_z96,long,0,-inf,-1.280623622479798,1744,-0.09981783353917845,-0.06209304978827335,0.30905963302752293,624,-0.17728476601153806
close_loc,short,4,0.42527716186253417,0.5200009569835977,1753,-0.0999055727103464,-0.04278913407117395,0.30462065031374785,628,0.026805741244197576
ats_rank480,long,2,0.18958333333333333,0.3020833333333333,1709,-0.10058804073875331,-0.06286325698784821,0.30719719133996487,650,-0.1165890879056029
to_lo480,long,9,28.39922072760319,inf,1706,-0.10092455752690309,-0.06319977377599799,0.32532239155920284,390,-0.03295552260910875
vol_of_vol,long,8,0.5602065878634616,1.3278407591164507,1703,-0.10138038663696317,-0.06365560288605807,0.2953611274221961,699,0.13157912232009536
to_lo96,long,1,1.5846327713940005,2.4932669549933646,1743,-0.10178393191839254,-0.06405914816748744,0.30694205393000573,617,-0.23210100889319188
range_rank,short,4,0.3854166666666667,0.4875,1682,-0.1018927267261119,-0.04477628808693944,0.30261593341260407,648,-0.0587410401984503
close_loc,short,6,0.6147841229808474,0.7031459533906025,1753,-0.10244418684232576,-0.0453277482031533,0.30233884768967484,550,-0.04286542243620257
lo_pos,long,8,0.8168067226890817,0.9411764705882353,1746,-0.10266558724939885,-0.06494080349849375,0.30011454753722794,720,-0.04265978788406031
rpt_z,short,7,0.4241118108909136,0.7806112693093891,1743,-0.10287717884150098,-0.04576074020232852,0.30349971313826735,654,-0.03905629092337009
flow_eff,short,5,0.14316938934528683,0.21966006534325921,1753,-0.10300237660754784,-0.04588593796837538,0.3051911009697661,646,-0.09008436836393707
dn_wick,long,3,0.16211050536260893,0.21412717800011735,1753,-0.1034818612584693,-0.0657570775075642,0.3040501996577296,653,-0.00427222489260205
dn_wick,short,6,0.33254355400696567,0.4044845661036717,1752,-0.10405733504645823,-0.04694089640728577,0.305365296803653,614,-0.01738741552137339
to_hi480,long,5,9.968693581325594,13.181544322213304,1705,-0.10432403558530833,-0.06659925183440323,0.30557184750733135,870,-0.12049361352268144
tbi_ma24,long,1,-0.011269132822381329,-0.008308480661416755,1751,-0.10437821226639153,-0.06665342851548643,0.3089663049685894,548,-0.018665789577350687
to_hi24,short,7,3.0819877187696663,3.7279741867216614,1751,-0.10477198437547333,-0.047655545736300875,0.3123929183323815,584,0.003807565770437556
rpt_rank,short,8,0.7958333333333333,0.9,1727,-0.10501301655276735,-0.04789657791359489,0.307469600463231,665,0.07445123624991579
accel,short,9,1.6393510444728219,inf,1751,-0.10502904742616628,-0.04791260878699383,0.30097087378640774,667,0.03749977886182108
vol_per_trade_z,short,3,-0.6067491530123938,-0.33484039860067355,1743,-0.10592732935114554,-0.04881089071197309,0.3029259896729776,652,-0.06019301684810792
tbi_z24,short,5,-0.008048603863221617,0.25831795359580645,1751,-0.10621315086106439,-0.049096712221891936,0.30611079383209594,688,0.08319823241885885
tbi_ma8,short,4,-0.005023851855900873,-0.0023516629963786506,1752,-0.10629233975002779,-0.04917590111085533,0.3065068493150685,490,-0.10191580170730477
m1_jump,short,5,0.18417267400904003,0.20766751210352952,1754,-0.10640167489684971,-0.04928523625767725,0.3015963511972634,690,-0.07268072350039795
atr_rank,long,3,0.24791666666666667,0.35,1701,-0.1065649788807795,-0.0688401951298744,0.31922398589065254,705,-0.0366883399084573
ats_z96,short,1,-1.3086935096336734,-0.9070314655654418,1743,-0.10686674108755725,-0.0497503024483848,0.3006310958118187,670,0.01383309538989968
m1_jump,short,2,0.1282157480280824,0.14600537927473253,1753,-0.10689701671721762,-0.04978057807804516,0.3040501996577296,645,-0.041235516288000686
efficiency,short,7,0.10723257158634159,0.13230052846370444,1753,-0.10700966430300468,-0.049893225663832225,0.30119794637763836,675,-0.03906164689324081
disp96,long,3,-2.782856145127407,-1.1688859389319652,1744,-0.1071845000067081,-0.069459716255803,0.30676605504587157,611,-0.17215892632038785
atr_pct,long,6,0.013060740802377296,0.01467660476191853,1753,-0.10737897620239929,-0.06965419245149419,0.3029092983456931,300,-0.12441815418365387
kyle,short,8,4.7128102254525535e-07,5.875172047376333e-07,1753,-0.10742206031449231,-0.05030562167531985,0.29092983456930976,209,-0.06960595724883016
since_hi24,short,9,24.0,inf,2072,-0.10751155862331657,-0.050395119984144116,0.30067567567567566,894,0.04096344717023203
flow_eff,short,3,0.041860498028326004,0.0875461118101447,1753,-0.10824101089046469,-0.05112457225129223,0.3120365088419852,956,-0.03723123386425038
m1_jump,short,0,-inf,0.10866700981663875,1753,-0.10829963979651987,-0.05118320115734741,0.2954934398174558,619,0.0359058154850742
since_hi96,short,3,23.0,37.0,1826,-0.108394426141036,-0.05127798750186355,0.3023001095290252,659,-0.008591148336692694
dq_cum24,long,5,-0.11149963791248854,-0.028707615167727688,1751,-0.10890824262223688,-0.07118345887133178,0.31010850942318674,450,0.007569128567058527
to_hi24,short,3,1.3863420408854243,1.7544541488140106,1750,-0.1091672085430652,-0.05205076990389275,0.3,626,-0.05953742319844108
kyle_z,short,4,-0.4229790766380883,-0.1938805337413771,1744,-0.10932077556973079,-0.05220433693055833,0.3038990825688073,653,-0.14417591926074724
to_lo24,long,3,1.581449264997903,1.96648380314415,1751,-0.10937589537046781,-0.07165111161956271,0.3083952027412907,572,-0.02044519245835162
to_hi96,short,1,1.1417562999111552,1.9268703228102213,1743,-0.10984757158261162,-0.05273113294343916,0.30120481927710846,605,-0.08727003201841463
extreme_late,long,6,0.8067226890756303,0.8823529411764706,1660,-0.10995467578504504,-0.07222989203413994,0.3060240963855422,749,-0.09489594878234377
up_wick,long,3,0.14917492170282307,0.20046939064933209,1753,-0.11021137347993074,-0.07248658972902564,0.3040501996577296,660,-0.12156653381388745
is_weekend,short,1,1.0,inf,5016,-0.11024454539610667,-0.05312810675693422,0.30861244019138756,1847,-0.061256897124151506
tbi_ma24,long,5,-0.0023840880775496307,-0.0006575156498708231,1751,-0.11050330750002296,-0.07277852374911786,0.30953740719588807,456,-0.003142928946454669
range_per_trade,long,0,-inf,2.5484701055910623e-08,1753,-0.11057593902273806,-0.07285115527183296,0.3074729035938391,1383,-0.19070517492359607
persist24,short,6,0.23407843148458407,0.2907326850983531,1751,-0.11066824479220636,-0.0535518061530339,0.30611079383209594,681,0.01498680409401727
disp24,long,1,-3.5521441614479503,-2.2868413995240586,1750,-0.11104712996699231,-0.07332234621608721,0.2977142857142857,644,-0.15522958903689377
vol_per_trade_z,short,2,-0.918019953764802,-0.6067491530123938,1744,-0.11124078576592064,-0.054124347126748185,0.29759174311926606,724,0.06129754776236272
persist6,long,2,0.13828877546278837,0.20980466226596775,1752,-0.11180585911988035,-0.07408107536897525,0.3036529680365297,619,-0.07510448451332052
range_per_trade,short,5,3.999512735420218e-08,4.411175380237713e-08,1754,-0.11213220261719369,-0.05501576397802123,0.30216647662485746,649,-0.08585678332378865
kyle,long,0,-inf,1.9766182315610447e-07,1753,-0.11253782671628415,-0.07481304296537905,0.3280091272104963,1783,0.01844339827095791
trade_intensity,long,0,-inf,0.42891195669581594,1744,-0.11285109520408283,-0.07512631145317773,0.31823394495412843,1053,0.04760505923567098
lo_pos,short,7,0.680672268907563,0.8151260504201681,1735,-0.11396110265308021,-0.05684466401390775,0.2985590778097983,670,-0.04795254042361128
pos96,short,3,0.34210671361963346,0.43476939887557425,1743,-0.1140795302503285,-0.05696309161115605,0.2948938611589214,659,0.12375473386737049
dq_cum24,long,1,-0.5373561317361084,-0.395516086414236,1751,-0.1141255721866497,-0.0764007884357446,0.30611079383209594,552,-0.027724834236618354
since_hi96,long,3,23.0,37.0,1826,-0.11591607772814742,-0.07819129397724232,0.3072289156626506,659,-0.11690338775760753
absorb_z,short,4,-0.047052897965502945,0.02281721301268184,1705,-0.11610267158154627,-0.05898623294237382,0.29970674486803517,728,0.07006318590993683
tbi_ma96,short,6,-0.0011649883130472713,0.00020333830469230555,1743,-0.116166097126014,-0.059049658486841544,0.3023522662076879,478,0.00697078748607816
rpt_z,long,8,0.7805351778944011,1.338827002744804,1743,-0.11628518751102607,-0.07856040376012097,0.3023522662076879,704,-0.052837918439997474
persist96,long,5,0.09663581139334884,0.12380057812214006,1743,-0.1163230246164238,-0.0785982408655187,0.30407343660355707,759,0.026740007299986754
accel,long,7,0.6401049541616058,1.0548780234742297,1750,-0.11686126658079653,-0.07913648282989143,0.3028571428571429,660,0.02687460534482068
extreme_late,short,8,0.9411764705882353,0.9831932773109243,1647,-0.11756128251403002,-0.06044484387485756,0.3035822707953855,721,0.03046715810855085
pos96,short,4,0.43476939887557425,0.5278580521200811,1744,-0.11766808669439303,-0.06055164805522058,0.3038990825688073,676,0.03603872964616995
disp6,short,3,-0.5870495795894937,-0.2617959214895055,1752,-0.11776560772359862,-0.06064916908442616,0.3025114155251142,593,-0.05994012704527233
persist96,short,2,0.03552938957627396,0.052958331028119934,1744,-0.11796618328790673,-0.06084974464873427,0.3021788990825688,608,-0.05034518303946543
to_lo24,short,4,1.966549684456778,2.3843890088344057,1751,-0.11819314404347174,-0.061076705404299284,0.30211307824100514,588,-0.0056254983006421054
avg_trade_usd,short,3,3225.382980124309,3517.400153801933,1753,-0.11933287372257102,-0.062216435083398566,0.3029092983456931,451,-0.016115567731257004
atr_rank,long,1,0.058333333333333334,0.15,1712,-0.12014501760945648,-0.08242023385855138,0.3177570093457944,660,-0.04775330937866282
range_z,short,6,-0.10009825574713103,0.14299919774308936,1743,-0.12089493847661888,-0.06377849983744642,0.29546758462421113,617,-0.020669114539902573
disp6,short,9,1.845118533533473,inf,1753,-0.12106088219335259,-0.06394444355418014,0.29891614375356534,681,-0.07643483818655784
absorb_z,long,8,0.23204888099592677,0.3966467685429922,1705,-0.12113048758189669,-0.08340570383099159,0.30381231671554254,563,0.010813127200104713
since_hi480,long,1,14.0,41.0,1723,-0.12129418459679456,-0.08356940084588946,0.2971561230412072,475,-0.2407946989605551
pos480,short,7,0.7961613187906059,0.8651799356627595,1705,-0.12158341114189629,-0.06446697250272383,0.30557184750733135,409,0.07161828018495256
pos96,long,5,0.5278003482298317,0.6323733001885146,1744,-0.1216954578926599,-0.0839706741417548,0.30561926605504586,674,0.21171771669832562
pos24,long,1,0.1626137497298172,0.25105548928547966,1751,-0.12176777211791141,-0.08404298836700631,0.298686464877213,624,-0.19729574069929662
since_hi24,short,6,16.0,19.0,1710,-0.1219132560893458,-0.06479681745017335,0.30058479532163745,608,0.1099363757064705
dn_wick,short,4,0.21410788381742135,0.2695035460992908,1753,-0.12207544044494793,-0.06495900180577548,0.29891614375356534,630,-0.013476879797679439
to_hi24,short,5,2.148810236646202,2.5828367451943364,1751,-0.12209792080146055,-0.06498148216228809,0.2958309537407196,564,-0.00426414730168955
disp6,long,6,0.3127519856182967,0.6505919945723503,1753,-0.12240651952535313,-0.08468173577444803,0.3017683970336566,604,-0.02818687726629569
tbi_ma96,short,5,-0.002353168048860863,-0.0011649883130472713,1744,-0.1224590841993903,-0.06534264556021785,0.29701834862385323,447,-0.015612386175495941
vol_of_vol,short,7,0.16260178810821949,0.5601416053451642,1703,-0.1228568010169985,-0.06574036237782604,0.2924251321197886,758,0.07551728944699798
to_lo24,long,2,1.2095751876515026,1.581449264997903,1750,-0.1228568117356017,-0.0851320279846966,0.3,635,-0.09734607950190043
since_hi24,long,9,24.0,inf,2072,-0.12315375397061605,-0.08542897021971095,0.2953667953667954,894,-0.15903751626217238
atr_rank,short,8,0.7916666666666666,0.9083333333333333,1706,-0.1233349243191282,-0.06621848567995574,0.27139507620164127,590,0.23683172407449227
dn_wick,long,9,0.6033211968489552,inf,1753,-0.12370755423433485,-0.08598277048342975,0.29891614375356534,583,-0.0524482442332075
kyle_z,short,6,0.045035584097234335,0.32770680309462813,1743,-0.12407529687363171,-0.06695885823445925,0.2937464142283419,623,0.007017122499440852
since_lo24,short,9,24.0,inf,2384,-0.1256257967978986,-0.06850935815872614,0.29823825503355705,888,-0.03834083952279071
rpt_z,short,9,1.3391947774193897,inf,1744,-0.12567296231832448,-0.06855652367915202,0.2947247706422018,648,0.007052132637097687
gap,short,2,-0.00010139268660115731,0.0,1031,-0.12582000767763668,-0.06870356903846422,0.2909796314258002,385,0.23157449319506046
rpt_rank,short,9,0.9,inf,1708,-0.12674594278355356,-0.0696295041443811,0.2903981264637002,656,-0.04225978468756664
dow,short,5,5.0,6.0,2508,-0.12716810960213304,-0.07005167096296058,0.29545454545454547,924,-0.021890646691151008
absorb,short,9,0.12561549223830082,inf,1753,-0.12737973497846822,-0.07026329633929576,0.2994865944095836,966,-0.04219454540819848
range_rank,long,0,-inf,0.08333333333333333,1705,-0.1279813129714395,-0.0902565292205344,0.31495601173020527,591,0.08026347631824932
ats_z96,short,3,-0.5976280765206357,-0.31811511925727554,1743,-0.12806944237060477,-0.07095300373143232,0.2943201376936317,689,0.03577739907549398
tbi_ma96,short,1,-0.008151864468255261,-0.005824575854646683,1743,-0.12869753197966316,-0.0715810933404907,0.3017785427423982,743,0.42685628677782755
since_lo480,short,7,414.0,453.0,1710,-0.12882019226055846,-0.07170375362138601,0.30818713450292395,604,0.03237096772828526
absorb_z,short,2,-0.17760689721575726,-0.10288457312406302,1706,-0.12911686616788848,-0.07200042752871602,0.2913247362250879,532,-0.06981159665331478
since_hi480,short,1,14.0,41.0,1723,-0.1291670211699604,-0.07205058253078794,0.2890307603017992,475,-0.14733080104162544
disp96,short,4,-1.1701642196195694,0.43207784481071093,1743,-0.1297651260814287,-0.07264868744225625,0.29546758462421113,657,0.10369032899962112
to_lo480,long,0,-inf,3.838052724308036,1705,-0.1298294302409327,-0.09210464649002759,0.2627565982404692,812,-0.09661541419863709
wick_skew,long,3,-0.18361218031065668,-0.09501189900899062,1753,-0.13059199067842422,-0.09286720692751912,0.29492298916143755,644,-0.03342847710829225
dow,long,6,6.0,inf,2508,-0.13064726708021826,-0.09292248332931316,0.30741626794258375,923,0.04523736286565487
rv_vs_range,short,1,0.48485710364229745,0.5416977778834984,1753,-0.13078285340482082,-0.07366641476564836,0.29435253850541926,602,-0.10825649145732245
range_per_trade,long,8,5.633370795257545e-08,6.889350722063498e-08,1753,-0.131056665945907,-0.09333188219500191,0.289218482601255,112,-0.021900332963031288
since_hi480,long,7,323.0,400.0,1722,-0.1326276925682619,-0.0949029088173568,0.2926829268292683,826,0.2484405147822469
tbi_z8,long,8,0.926152634834893,1.3410298678831192,1752,-0.1327242913286632,-0.0949995075777581,0.295662100456621,622,-0.08645671796774994
atr_pct,short,9,0.021253586937407292,inf,1754,-0.13462853003507722,-0.07751209139590476,0.2611174458380844,89,-0.3751218151665943
ats_rank480,long,1,0.08541666666666667,0.18958333333333333,1703,-0.13480092576572783,-0.09707614201482273,0.2900763358778626,732,-0.1563970740511836
range_rank,short,8,0.8,0.9039583333333325,1706,-0.13498813384636635,-0.07787169520719389,0.2825322391559203,655,0.08762579456901932
range_rank,short,9,0.9039583333333325,inf,1706,-0.13546280178832693,-0.07834636314915447,0.27784290738569756,659,0.17635636503671012
tbi_ma96,long,3,-0.004484977974560617,-0.003392916425452491,1743,-0.13577682703014862,-0.09805204327924352,0.2977624784853701,410,-0.15107171977680844
vol_of_vol,short,2,-0.7582962255987207,-0.5997967410100761,1703,-0.13587239574429613,-0.07875595710512368,0.30299471520845567,590,-0.024089024743627063
tbi_ma96,short,2,-0.005824575854646683,-0.004484960443870063,1744,-0.13619395787414307,-0.07907751923497061,0.2998853211009174,466,0.08655157381688933
dq_cum24,long,4,-0.19166059037951422,-0.11149963791248854,1750,-0.13628810402512792,-0.09856332027422282,0.29942857142857143,476,-0.014368459322317909
up_wick,short,6,0.310803324099715,0.37918215613381634,1753,-0.1365578494027331,-0.07944141076356065,0.29207073588134624,575,-0.13318308829744488
to_hi96,short,2,1.9268703228102213,2.7411181741638795,1744,-0.13657987803881053,-0.07946343939963807,0.29701834862385323,615,0.0645489379540413
trade_intensity,long,1,0.42891195669581594,0.5272395742585234,1743,-0.1371187091019286,-0.09939392535102351,0.3017785427423982,623,-0.0111789784198496
pos96,short,7,0.7391580085767062,0.8238834300748009,1743,-0.13776314505469428,-0.08064670641552182,0.2989099254159495,568,0.040587416191395824
since_lo96,short,3,31.0,44.0,1709,-0.13788094233293333,-0.08076450369376087,0.29081334113516677,616,0.1837063124754417
up_wick,short,8,0.46418947666997856,0.5802499999999964,1753,-0.13805831039938,-0.08094187176020753,0.2932116371933828,611,0.048803857899100064
updn_ratio,short,9,0.55,inf,2078,-0.13978800149485948,-0.08267156285568703,0.2897016361886429,932,-0.010981557994129174
tbi_ma24,long,4,-0.0040472645321471355,-0.0023840880775496307,1750,-0.14017034453959737,-0.10244556078869227,0.29828571428571427,463,-0.014255240070976744
avg_trade_usd,short,0,-inf,2593.2894480085406,1753,-0.14112319240469703,-0.08400675376552458,0.28237307472903594,763,0.0819043504556356
atr_pct,short,7,0.014678124184296749,0.017239913650263144,1752,-0.14133105270426366,-0.0842146140650912,0.2808219178082192,280,0.3982966849607644
disp24,short,9,4.104217129277571,inf,1751,-0.1439221236310388,-0.08680568499186633,0.289548829240434,552,0.03985170403190165
pos96,long,0,-inf,0.15943547566312669,1744,-0.14477977784624496,-0.10705499409533986,0.28727064220183485,756,-0.1235221328133021
wick_skew,short,7,0.15331179321485325,0.2619349135047393,1753,-0.14608433243319766,-0.0889678937940252,0.28864803194523675,627,-0.0007683885214984569
since_lo480,short,2,94.0,159.0,1698,-0.14783122744349297,-0.09071478880432052,0.29740871613663133,676,-0.07558296469314942
dq_cum24,short,3,-0.2877494670595045,-0.19154073635010174,1750,-0.1490597580413215,-0.09194331940214903,0.2885714285714286,549,0.03386554652391995
pos480,long,9,0.9231688438662723,inf,1706,-0.14939100369518377,-0.11166621994427867,0.2924970691676436,453,0.08424276581469033
since_hi96,long,5,51.0,64.0,1767,-0.1498010986016521,-0.11207631485074701,0.29088851160158463,658,-0.07942238621765169
kyle_z,long,0,-inf,-1.1374759795278042,1744,-0.1501947880466356,-0.11247000429573051,0.30045871559633025,679,0.01913493016139284
to_lo24,short,9,5.315008749509518,inf,1751,-0.15031586250946571,-0.09319942387029326,0.28612221587664194,553,-0.049031131846162666
to_lo96,short,7,7.734379144619995,9.274510901944955,1743,-0.15065165627049815,-0.09353521763132569,0.2943201376936317,650,-0.06465389754717948
pos96,short,8,0.8238834300748009,0.8985763438961862,1744,-0.15090003169493246,-0.09378359305576,0.2918577981651376,579,-0.22761643672557208
atr_rank,short,6,0.5645833333333333,0.68125,1731,-0.15526160657261942,-0.09814516793344696,0.28365106874638935,755,0.03768041411593413
tbi_ma24,short,3,-0.006059677832086513,-0.004047042011032555,1750,-0.15768079764580778,-0.10056435900663532,0.2857142857142857,557,0.032226810833583405
since_hi480,short,6,253.0,323.0,1696,-0.15772949882802106,-0.10061306018884861,0.2983490566037736,794,0.002296433654947465
tbi_ma8,long,1,-0.015534564458961616,-0.011175412796829223,1752,-0.1583132197790727,-0.1205884360281676,0.2893835616438356,621,-0.14097534568243433
disp24,long,3,-1.352099432066403,-0.5840631497788848,1750,-0.15849377413690868,-0.12076899038600358,0.29028571428571426,569,0.03478376177416516
avg_trade_usd,short,4,3517.400153801933,3817.6061945380798,1753,-0.15878371514504488,-0.10166727650587243,0.28636622932116373,405,0.09173968048938162
wick_skew,short,5,-0.014728999136794457,0.06448875689434574,1754,-0.15930401235274946,-0.102187573713577,0.282212086659065,693,-0.019729452452748306
pos480,long,1,0.1684865333693286,0.23732157850545765,1705,-0.16060939396946414,-0.12288461021855904,0.26627565982404694,645,0.26698105396001637
ats_z96,long,0,-inf,-1.3086950392066063,1744,-0.1617379413007976,-0.1240131575498925,0.27465596330275227,627,-0.1544770982606918
disp96,short,9,8.819516759433228,inf,1744,-0.16227963841840656,-0.1051631997792341,0.286697247706422,448,-0.07009675217511739
atr_rank,short,9,0.9083333333333333,inf,1716,-0.16238939675145092,-0.10527295811227846,0.24708624708624707,617,0.4201381049166904
vol_of_vol,short,9,1.3277560252286502,inf,1703,-0.16288299712303855,-0.1057665584838661,0.2536699941280094,671,0.12467833424451834
to_hi480,long,7,16.704314641008605,21.00076240321826,1704,-0.1663082527907626,-0.1285834690398575,0.27699530516431925,761,-0.028373257662695626
pos480,short,0,-inf,0.16849352816260305,1706,-0.16773178845194908,-0.11061534981277663,0.28487690504103164,759,0.22090722855208275
persist24,short,9,0.45694314603837505,inf,1751,-0.16780875569361814,-0.11069231705444568,0.2724157624214734,566,0.07104723307722403
persist96,long,8,0.18785043968360945,0.24850633382737758,1743,-0.16826361373267912,-0.13053882998177402,0.27538726333907054,628,-0.18671482378188428
to_hi480,short,3,5.246856584076808,7.486445091584848,1705,-0.17115708771175678,-0.11404064907258432,0.2750733137829912,586,-0.13366828397532166
pos480,long,4,0.40683349962330245,0.536645555798209,1705,-0.17117885584049874,-0.13345407208959364,0.29266862170087976,714,-0.12781866906323253
vol_of_vol,short,3,-0.5997967410100761,-0.4605354017430716,1703,-0.17227685270874074,-0.11516041406956828,0.28714034057545507,498,0.033419387722786895
since_lo96,long,2,18.0,31.0,1798,-0.17238867532612526,-0.13466389157522016,0.2853170189098999,665,-0.1326964404542474
avg_trade_usd,long,9,5188.588060149167,inf,1753,-0.1727198230306772,-0.1349950392797721,0.28237307472903594,1635,0.012415029953996277
since_lo480,long,0,-inf,34.0,1692,-0.17516572713760808,-0.13744094338670299,0.24054373522458627,811,-0.2048549169795743
ats_rank480,long,0,-inf,0.08541666666666667,1679,-0.17540700000652773,-0.13768221625562263,0.2596783799880881,710,-0.09717997128168702
to_lo480,long,2,6.299649610577032,8.472222545180767,1705,-0.1773863498058742,-0.1396615660549691,0.27976539589442817,778,0.019750246017478497
since_lo480,long,6,364.0,414.0,1680,-0.17975886104346903,-0.14203407729256393,0.2791666666666667,539,0.1481448597157747
pos480,short,5,0.5365751154335792,0.6878838465336363,1705,-0.18024871152589195,-0.12313227288671949,0.27917888563049853,837,-0.09467779336916964
since_hi96,long,4,37.0,51.0,1719,-0.1841080047139827,-0.1463832209630776,0.2786503781268179,710,-0.13835055567242027
atr_rank,long,0,-inf,0.058333333333333334,1671,-0.18426894203542257,-0.14654415828451747,0.30041891083183725,476,0.18033586372913463
tbi_ma8,short,9,0.011114226869356422,inf,1753,-0.18531215767456843,-0.12819571903539598,0.27609811751283514,1049,-0.18427249069393772
disp96,long,0,-inf,-7.289650074597896,1744,-0.18815351606703762,-0.15042873231613252,0.2631880733944954,722,0.0771007617804037
since_hi480,short,5,190.0,253.0,1709,-0.18855311962730867,-0.1314366809881362,0.2832065535400819,541,-0.12760439416746797
range_z,long,0,-inf,-0.9190996752856249,1744,-0.19070519504948885,-0.15298041129858375,0.28727064220183485,703,0.0233507736682519
to_hi96,long,8,8.007502624888856,9.927654364708738,1743,-0.1938396530613606,-0.1561148693104555,0.26391279403327594,706,-0.09269325423647008
to_lo480,short,8,22.94058890285591,28.3989800175042,1705,-0.19853672699539288,-0.14142028835622042,0.2780058651026393,404,-0.1085567713939204
to_hi480,long,6,13.181544322213304,16.704314641008605,1706,-0.2031896417048278,-0.1654648579539227,0.26025791324736225,859,-0.0709660142316633
to_lo480,short,7,19.049537386364022,22.94058890285591,1705,-0.20584474533998137,-0.14872830670080892,0.27624633431085044,431,0.01098655769401336
pos480,long,3,0.2976477450821918,0.40683349962330245,1705,-0.20839872448017666,-0.17067394072927156,0.27976539589442817,1000,-0.2878744627705727
to_hi96,short,5,4.461499017121662,5.4184948468772705,1743,-0.21201325034689178,-0.15489681170771932,0.26735513482501433,666,-0.018112263107735786
pos96,long,1,0.15943547566312669,0.24824608709110865,1743,-0.21255517583322797,-0.17483039208232287,0.26563396442914516,595,-0.22218806530159962
since_lo480,short,8,453.0,474.0,1632,-0.21470172806632648,-0.15758528942715402,0.2763480392156863,562,0.03949207048019935
to_hi480,short,4,7.486445091584848,9.96956238718375,1705,-0.21476197030900337,-0.15764553166983092,0.2686217008797654,620,0.13910401394001098
atr_rank,short,7,0.68125,0.7916666666666666,1699,-0.21511749661778176,-0.1580010579786093,0.2583872866391995,576,-0.069946285417308
pos480,short,8,0.8651799356627595,0.9231687746601054,1705,-0.21551868212350875,-0.1584022434843363,0.2715542521994135,414,0.03767679861336635
to_lo480,short,5,12.904017078177482,15.856907826747966,1705,-0.2168914784246803,-0.15977503978550783,0.273900293255132,735,0.27867474471207726
since_lo480,long,4,230.0,296.0,1706,-0.22215913450721111,-0.18443435075630601,0.276084407971864,686,-0.332937069112733
to_lo480,long,1,3.838052724308036,6.299649610577032,1705,-0.22865368962272267,-0.19092890587181757,0.24516129032258063,687,0.03326121264454054
to_lo480,short,6,15.856907826747966,19.049537386364022,1705,-0.2293833666471194,-0.17226692800794693,0.27038123167155426,566,0.010540896557581973
dq_cum24,short,9,0.3361483194648117,inf,1751,-0.22998224842809967,-0.1728658097889272,0.25585379782981155,969,-0.05843861070153314
disp96,long,1,-7.289650074597896,-4.7239086100523675,1743,-0.2339665410850271,-0.196241757334122,0.25415949512335057,743,-0.23933249358355652
tbi_ma24,short,9,0.006921708658248804,inf,1751,-0.23430500834804963,-0.17718856970887717,0.25471159337521415,974,-0.060642169433486215
to_lo480,long,3,8.472222545180767,10.565914707494496,1705,-0.24499495702967006,-0.20727017327876496,0.26334310850439885,796,-0.10379332185375786
to_hi480,long,8,21.00076240321826,27.22318715713281,1705,-0.24956665892821112,-0.21184187517730602,0.256891495601173,630,-0.09415808027678853
since_lo480,short,3,159.0,230.0,1716,-0.2697948478120979,-0.21267840917292544,0.256993006993007,746,-0.08836528625734723
tbi_ma96,long,0,-inf,-0.008152002790681399,1744,-0.2716953100494894,-0.23397052629858428,0.24655963302752293,1257,-0.12006457389801214
persist96,short,9,0.24850274492574947,inf,1744,-0.27316846225169644,-0.21605202361252399,0.2356651376146789,397,-0.03528974101404565
since_lo480,long,1,34.0,94.0,1703,-0.27546267340777203,-0.23773788965686693,0.24486200822078685,682,0.04277183195521888
vol_of_vol,long,0,-inf,-0.9695214072965576,1703,-0.28645404541211605,-0.24872926166121095,0.25836758661186143,881,-0.1910022634646248
pos480,short,6,0.6878838465336363,0.7961613187906059,1705,-0.3065079384665233,-0.24939149982735084,0.24281524926686218,528,-0.061747833651362175
to_hi96,long,9,9.927654364708738,inf,1744,-0.3532310954007438,-0.3155063116498387,0.2253440366972477,699,-0.19398774118611245
pos480,long,2,0.23732157850545765,0.2976477450821918,1705,-0.42015488689629527,-0.38243010314539017,0.20410557184750733,606,-0.3097304240440239
