feature,side,bin,lo,hi,n,exp_r,lift,wr,n_test,exp_r_test
persist96,long,9,0.26354186353312103,inf,867,0.46343189424810816,0.44462329600931416,0.42675893886966554,162,-0.17372785806580282
to_lo96,long,8,9.137172348829573,11.48572580007687,867,0.37927008759653547,0.36046148935774147,0.4232987312572088,310,-0.07675307692030542
disp24,long,9,4.243089271256354,inf,875,0.3786692520787809,0.3598606538399869,0.408,246,0.160578274057711
pos480,long,7,0.796112505193789,0.8739881025689143,828,0.37227144586226923,0.35346284762347524,0.392512077294686,365,-0.2135880030474823
disp96,long,9,9.598565625143438,inf,867,0.3539806395675288,0.3351720413287348,0.4140715109573241,117,0.31941910714335625
to_lo24,long,9,5.380773368718427,inf,875,0.3283081013401635,0.30949950310136953,0.3942857142857143,269,0.13615075160104317
to_hi96,long,4,3.3604410362712,4.358958469130034,867,0.3243800378923961,0.3055714396536021,0.40945790080738176,353,0.20634613045667927
since_hi480,short,6,280.0,355.0,826,0.3230263705385347,0.3713710564260221,0.4043583535108959,268,-0.47631419572660816
vol_of_vol,long,2,-0.7203019051498344,-0.5853181162439783,826,0.28510744104324,0.266298842804446,0.42857142857142855,204,0.0353069266537785
since_lo480,short,2,111.0,176.50000000000045,838,0.27423019358800005,0.3225748794754874,0.4200477326968974,373,-0.050988013090859784
dq_cum24,long,9,0.2675339650052798,inf,875,0.27245966483282663,0.25365106659403264,0.3931428571428571,529,0.008154923822865956
tbi_ma24,long,9,0.005514033581752368,inf,875,0.2721558574450883,0.2533472592062943,0.3942857142857143,530,0.0061540747746628
pos96,long,8,0.8399926079556,0.909131041130446,867,0.2631799793402828,0.24437138110148882,0.3886966551326413,260,0.1275472884764199
since_lo480,long,4,249.0,316.0,826,0.24926570863722255,0.23045711039842856,0.3837772397094431,286,0.30315903300510333
persist24,long,9,0.46544431995907726,inf,875,0.24323464196703176,0.22442604372823777,0.37257142857142855,265,0.008132962415721189
absorb_z,long,2,-0.16077695321819727,-0.088541607076107,847,0.22484607832117612,0.20603748008238212,0.36481700118063753,262,0.07351627650755328
to_lo480,short,9,25.484712895199703,inf,829,0.22323227249308342,0.2715769583805708,0.4101326899879373,249,-0.03665994239181027
to_lo480,short,2,6.32392160129927,8.431407725710367,829,0.21324887885641167,0.261593564743899,0.3413751507840772,463,0.07248568363275874
tbi_ma96,long,3,-0.003994503230319841,-0.003074124309458409,867,0.20585539635210776,0.18704679811331376,0.39215686274509803,215,-0.1973354931623383
to_hi480,short,8,22.051911477403223,30.382761438644796,829,0.20257260149927372,0.25091728738676106,0.35102533172496986,504,-0.023853121556739167
to_hi24,short,9,4.790134118284894,inf,875,0.2010777850600632,0.24942247094755057,0.35085714285714287,386,0.3039930693759432
atr_rank,long,9,0.9083333333333333,inf,845,0.20037085629686674,0.18156225805807275,0.27692307692307694,334,-0.25618328910720867
to_hi480,long,2,3.0011919642799527,4.7998143696449915,829,0.19878997631507725,0.17998137807628325,0.353437876960193,291,-0.2537727232832936
to_lo480,long,6,15.868379882089577,18.747682216231087,829,0.19797552894501244,0.17916693070621845,0.36308805790108567,256,-0.2321838045453655
to_hi480,short,4,7.102057272876573,9.848374878703964,829,0.197843649965651,0.24618833585313835,0.3546441495778046,295,0.4232653397452329
since_lo96,long,7,82.0,90.0,870,0.1939838367006011,0.1751752384618071,0.38275862068965516,354,0.010622129453409176
to_lo96,short,6,6.379207564025311,7.596208370083321,867,0.19324332444543704,0.2415880103329244,0.3621683967704729,344,0.05450717070071134
pos96,long,3,0.34108142424222404,0.43698615688442133,867,0.18542901707233167,0.16662041883353768,0.34717416378316035,441,-0.3163242214165263
lo_pos,long,4,0.27615062761506276,0.39748953974895396,862,0.18429006095632136,0.16548146271752737,0.3642691415313225,300,0.09763406759771441
to_hi96,long,2,1.7493207730872482,2.5101534920313773,867,0.18122039775457868,0.1624117995157847,0.37139561707035756,275,-0.025074886406177475
to_lo96,long,9,11.48572580007687,inf,867,0.17998392813698944,0.16117532989819544,0.35409457900807384,192,0.3037041462876797
to_hi480,long,1,1.7428002563700233,3.0011919642799527,828,0.17982711724824763,0.16101851900945363,0.357487922705314,206,-0.4065230354400371
since_lo96,long,9,95.0,inf,931,0.1787725008225014,0.1599639025837074,0.3576799140708915,266,-0.2872521509608721
since_hi480,long,2,33.0,69.0,819,0.17839110136898495,0.15958250313019096,0.36385836385836384,233,-0.6683694214810096
to_lo480,long,7,18.747682216231087,21.70941120235073,828,0.17599319416666315,0.15718459592786915,0.37077294685990336,212,-0.014944340489306231
persist24,short,6,0.2462627617705114,0.30578017484461784,873,0.17489471357575642,0.22323939946324378,0.3528064146620848,306,0.04529696490574915
since_hi480,long,8,409.0,462.0,822,0.1739082219079226,0.1550996236691286,0.3467153284671533,311,0.29433609006633193
disp24,long,5,0.1406102877703619,0.8857261102531374,875,0.17193773511117946,0.15312913687238547,0.36457142857142855,366,-0.0591695585487583
disp24,short,0,-inf,-3.577461783881696,874,0.17189576542212276,0.22024045130961012,0.3352402745995423,405,0.11385013604432
disp24,short,8,2.8978604858971413,4.243089271256354,874,0.1702120261374956,0.21855671202498295,0.36155606407322655,274,0.13436387526284563
hi_pos,long,9,0.9414225941422594,inf,901,0.16816675860175168,0.14935816036295768,0.3607103218645949,342,-0.039333730551271665
tbi_ma96,short,0,-inf,-0.007067867750344451,867,0.16642539431079043,0.21477008019827779,0.3414071510957324,672,-0.010497777464895013
ats_z96,long,4,-0.3242508505869179,-0.03431224938847927,867,0.16583541669316795,0.14702681845437396,0.3644752018454441,326,-0.027904946466269825
avg_trade_usd,short,9,5193.04320066882,inf,877,0.16568953060022204,0.2140342164877094,0.3660205245153934,849,-0.08746325547923876
to_hi96,long,1,1.0266535812153021,1.7493207730872482,867,0.16453656963593208,0.14572797139713808,0.36101499423298733,268,0.08153275782044946
atr_pct,short,5,0.017038161888111823,0.018859711195326537,877,0.16449540982648278,0.21284009571397014,0.3603192702394527,201,0.22534343849806882
to_hi480,long,9,30.382761438644796,inf,829,0.16300489685920871,0.14419629862041472,0.390832328106152,239,0.861204449723494
pos96,long,4,0.43698615688442133,0.5330857457785712,867,0.16289653958872194,0.14408794134992794,0.35986159169550175,289,-0.11518004876072208
to_lo96,short,1,1.5534555465878805,2.5780327686168896,867,0.16213655662455853,0.2104812425120459,0.3402537485582468,366,0.12345471698917393
since_hi96,long,7,73.0,84.0,811,0.16212720479716347,0.14331860655836948,0.34895191122071517,353,-0.07422528346525192
range_per_trade,long,9,4.851782534912265e-08,inf,877,0.15995926946234146,0.14115067122354746,0.35347776510832385,2,
pos480,short,5,0.5886857473616829,0.6817188870286215,829,0.15912663723377543,0.2074713231212628,0.37273823884197826,134,0.11429720482743701
disp96,short,4,-1.072868132323117,0.3660211886731899,866,0.15823453942826418,0.20657922531575154,0.3325635103926097,281,0.36644059569228493
to_hi24,long,2,0.9750212547727201,1.3399987716232993,874,0.1546688234000733,0.1358602251612793,0.35469107551487417,287,0.05669332362987464
since_lo480,long,9,473.0,inf,834,0.15456997247328577,0.13576137423449178,0.34652278177458035,273,-0.1426430151463454
pos480,long,8,0.8739881025689143,0.9286429376153641,829,0.1528718846608517,0.1340632864220577,0.3618817852834741,210,-0.320919602197096
to_lo96,long,3,3.4872744615639926,4.363540401278077,867,0.15044838184381998,0.13163978360502598,0.35294117647058826,319,0.002067636235756695
atr_rank,short,2,0.13333333333333333,0.22708333333333333,814,0.15012863061736284,0.1984733165048502,0.36363636363636365,379,0.023409511295008397
pos480,short,6,0.6817188870286215,0.796112505193789,828,0.14830301589210756,0.19664770177959492,0.3188405797101449,251,0.27837273374357663
range_rank,short,0,-inf,0.08125,828,0.14680949846617872,0.19515418435366608,0.3743961352657005,289,0.028159348671105106
tbi_ma8,long,9,0.00884038084554492,inf,876,0.14432910483714892,0.12552050659835493,0.3515981735159817,527,0.07704076111345
tbi_ma96,long,4,-0.003074124309458409,-0.0021863931914519663,867,0.14290533413426595,0.12409673589547196,0.36678200692041524,162,-0.2560569517679869
since_lo96,long,8,90.0,95.0,838,0.1412457472076659,0.1224371489688719,0.3460620525059666,304,-0.07508327937894102
updn_ratio,long,9,0.5366106233019649,inf,877,0.1408368110139025,0.1220282127751085,0.35689851767388825,433,-0.04787590151984903
close_loc,long,9,0.8779196224862643,inf,877,0.14072153727530456,0.12191293903651057,0.35347776510832385,406,-0.025858324011959692
to_hi480,short,3,4.7998143696449915,7.102057272876573,828,0.13664455713198276,0.18498924301947012,0.3357487922705314,319,0.11101886865008823
tbi_ma96,long,7,-0.00030567570763539233,0.0011656080331935539,867,0.13659214462641148,0.11778354638761748,0.31833910034602075,232,0.3434496710527431
pos480,short,2,0.2171383053410379,0.3050713968053542,829,0.134818531537971,0.18316321742545835,0.3293124246079614,502,0.06107842915204318
since_hi24,long,0,-inf,2.0,802,0.13301970424561585,0.11421110600682186,0.3553615960099751,297,-0.03714289853129646
since_hi480,short,4,125.0,198.0,830,0.13236694960035778,0.18071163548784513,0.3337349397590361,529,0.075297972502293
trade_intensity,long,5,0.8279046459073436,0.9461992272434562,867,0.1321592270762511,0.11335062883745711,0.3494809688581315,237,0.01925248896280012
since_lo96,long,6,71.0,82.0,890,0.13105216270347994,0.11224356446468595,0.3651685393258427,329,-0.14420181740980084
since_lo96,short,0,-inf,7.0,796,0.13061751079746828,0.17896219668495564,0.3228643216080402,395,0.20696176296290608
to_hi24,long,6,2.534017030051735,3.0361244652164334,874,0.12816775131461444,0.10935915307582045,0.3329519450800915,290,-0.08347638791160375
atr_rank,short,0,-inf,0.04791666666666667,820,0.12797731943874055,0.1763220053262279,0.38902439024390245,239,-0.39170906547607376
disp24,short,7,1.764446311305434,2.8978604858971413,873,0.12767704323773782,0.17602172912522518,0.3447880870561283,301,-0.15494556731241457
range_rank,long,9,0.9020833333333333,inf,837,0.12618326473119254,0.10737466649239855,0.2962962962962963,310,-0.21986022254930607
pos96,long,7,0.7579715165324187,0.8399926079556,867,0.12595587113446421,0.10714727289567022,0.3460207612456747,303,0.08504692140105782
absorb_z,long,3,-0.088541607076107,-0.023011506087688857,848,0.12460046077928792,0.10579186254049393,0.3584905660377358,253,0.11377830393188326
to_lo96,short,0,-inf,1.5534555465878805,867,0.12305693730747781,0.17140162319496516,0.33794694348327564,356,0.21099397264278164
rpt_rank,short,0,-inf,0.07916666666666666,822,0.12186295098580248,0.17020763687328982,0.33941605839416056,271,0.13076997144999072
avg_trade_usd,long,5,3869.0922843088965,4147.058274240792,877,0.12126611529670399,0.10245751705791,0.3409350057012543,163,-0.11318753499431033
persist96,short,1,0.01631211901011021,0.03338044619195898,867,0.12077769832927016,0.16912238421675752,0.3391003460207612,316,0.25764243180630836
kyle,long,9,6.03328908275103e-07,inf,877,0.11718080620829233,0.09837220796949833,0.3010262257696693,26,
to_hi96,long,6,5.456963927412087,6.5778721548054815,867,0.11681460288188271,0.09800600464308871,0.3333333333333333,305,0.05826105629743861
tbi_ma8,long,8,0.004988225015250394,0.00884038084554492,876,0.11643490996674295,0.09762631172794896,0.3481735159817352,297,0.32050643259936085
pos480,long,3,0.3050713968053542,0.439279891478773,828,0.11592432178073318,0.09711572354193919,0.3466183574879227,454,-0.2302859051024426
dow,long,4,4.0,5.0,1254,0.11213353808654246,0.09332493984774846,0.3269537480063796,462,-0.03327708484547551
dq,long,9,0.050170927440953784,inf,877,0.11100900389797669,0.0922004056591827,0.3614595210946408,535,0.10045645453362614
tbi,long,9,0.025053853481713743,inf,877,0.11098936510592516,0.09218076686713117,0.3614595210946408,536,0.1037987542889469
pos96,short,1,0.15131782706036528,0.2543062883895379,867,0.1093785888282284,0.15772327471571576,0.3079584775086505,373,0.04749242986087821
to_lo480,long,5,13.118001012596803,15.868379882089577,828,0.10817329254536631,0.08936469430657232,0.3285024154589372,319,0.06572032481338509
accel,long,1,-1.6491428709401679,-1.0997316491236018,874,0.10786274688769569,0.0890541486489017,0.32837528604118993,328,-0.11066992277769239
rpt_z,long,8,0.7850117122844968,1.3331224320282498,867,0.10745856945299312,0.08864997121419912,0.3333333333333333,358,-0.044125718475540456
kyle,short,0,-inf,2.0053712473038197e-07,877,0.10719260783346847,0.15553729372095582,0.3660205245153934,926,0.003595539295743074
gap,long,4,8.420301018954109e-05,0.0002571207823121999,876,0.10669282291828576,0.08788422467949177,0.3344748858447489,465,0.07874815697101688
persist24,short,7,0.30578017484461784,0.3730368956947808,874,0.10666089824087083,0.1550055841283582,0.33752860411899316,314,0.03323660497673346
persist96,short,0,-inf,0.01631211901011021,867,0.10567086787989075,0.1540155537673781,0.33679354094579006,307,0.08802709169358239
pos24,long,9,0.8857343537894616,inf,875,0.1043868515243263,0.0855782532855323,0.34514285714285714,341,0.02838136699174271
body_frac,long,3,-0.29681895058452057,-0.1322199077969487,876,0.10426863789412673,0.08546003965533273,0.339041095890411,334,0.04861438734119095
dq_cum24,short,1,-0.4757069499251344,-0.34899101821812256,874,0.10367248235876636,0.15201716824625372,0.34439359267734554,325,0.20636488502314665
rpt_rank,long,8,0.7916666666666666,0.8979166666666667,813,0.10359021749797706,0.08478161925918307,0.3419434194341943,327,0.0025382933922895035
dq_cum24,long,3,-0.2629753993361918,-0.1808396350302467,874,0.10211134158133943,0.08330274334254544,0.33638443935926776,262,0.015176734840090866
pos96,short,0,-inf,0.15131782706036528,867,0.10206893308112805,0.1504136189686154,0.33679354094579006,340,0.14219214879549602
avg_trade_usd,long,3,3275.0465434337902,3571.7814422655642,876,0.10157336136694245,0.08276476312814846,0.3436073059360731,221,-0.3190521542050512
atr_pct,long,7,0.02119866654978644,0.024678765221320686,877,0.10142330502917592,0.08261470679038192,0.3238312428734322,166,-0.3066594158572124
atr_pct,long,0,-inf,0.01019349926659955,877,0.10114778544502011,0.08233918720622611,0.39110604332953247,847,0.20161580158193845
since_lo24,long,8,23.0,24.0,560,0.1006676038199894,0.08185900558119541,0.3392857142857143,187,0.10718632708495483
ats_rank480,long,5,0.51875,0.6416666666666667,835,0.09980045786156849,0.0809918596227745,0.3401197604790419,334,0.0001230188533162397
since_lo480,short,5,316.0,366.0,823,0.09970039452603284,0.14804508041352019,0.3572296476306197,250,0.5413068257327798
to_lo480,short,3,8.431407725710367,10.715801865379952,828,0.09891254624945857,0.14725723213694591,0.3538647342995169,327,0.4256693301889638
absorb_z,short,9,0.3861689089193485,inf,848,0.09884677264481913,0.14719145853230647,0.32547169811320753,330,0.01968886263133348
since_hi24,long,4,10.0,13.0,779,0.09863465628158133,0.07982605804278733,0.34146341463414637,276,-0.0027910591493603733
since_hi480,long,1,11.0,33.0,845,0.09727406357450608,0.07846546533571208,0.3408284023668639,195,-0.3827770653243523
to_hi96,short,7,6.5778721548054815,7.93958480731143,867,0.09722469706090228,0.14556938294838964,0.32410611303344866,366,0.17087941510984236
tbi_ma8,short,2,-0.009703235316404617,-0.006834991048846032,876,0.09712017890254271,0.14546486479003007,0.3470319634703196,283,0.06316029497257149
disp6,long,9,1.9383292806548476,inf,876,0.09693933060430916,0.07813073236551517,0.3378995433789954,300,0.09055172960960654
extreme_late,long,9,0.9790794979079498,inf,936,0.0967617832449804,0.0779531850061864,0.3386752136752137,342,-0.1691513499804
avg_trade_usd,short,8,4762.617031526381,5193.04320066882,876,0.09571863855725192,0.14406332444473927,0.3504566210045662,384,-0.0643863093882851
vol_of_vol,long,1,-0.8806657599615962,-0.7203019051498344,826,0.09542841315605383,0.07661981491725983,0.35108958837772397,283,0.13032199902413807
tbi_z96,long,6,0.2589168609623426,0.5399741851352386,867,0.09518452667028561,0.07637592843149162,0.33794694348327564,348,0.07887720681722014
dq_z96,long,6,0.25811175786992097,0.5409492448694525,867,0.0950006222967711,0.0761920240579771,0.33794694348327564,351,0.07093001686872323
tbi_ma24,long,3,-0.005544708761485168,-0.0038413223296578833,874,0.09476076418930697,0.07595216595051298,0.3340961098398169,266,0.02187618654723912
ats_z96,long,8,0.9826868872856521,1.491541066401036,867,0.09369185503453817,0.07488325679574417,0.3414071510957324,285,0.08280738281324061
extreme_late,long,8,0.9372384937238494,0.9790794979079498,851,0.09357778983992332,0.07476919160112933,0.3301997649823737,338,-0.03679750442518754
m1_jump,long,4,0.1405938842871208,0.159385695531066,876,0.09347696853195742,0.07466837029316342,0.3447488584474886,309,0.007963276057935188
absorb_z,long,4,-0.023011506087688857,0.048648778315058844,847,0.093455747199151,0.07464714896035701,0.3400236127508855,342,0.02634684581665207
persist24,long,1,0.03381198187406315,0.06974219146853762,874,0.09322770371805844,0.07441910547926445,0.3306636155606407,376,0.07276175224608714
persist96,long,0,-inf,0.01631211901011021,867,0.0922120771027973,0.07340347886400331,0.3552479815455594,307,-0.09804001748877908
pos480,long,0,-inf,0.14801776353696755,829,0.09219465970187707,0.07338606146308307,0.29674306393244876,296,0.1768348279549118
vol_per_trade_z,long,4,-0.3595189147249858,-0.07587515371106013,867,0.09213003549779045,0.07332143725899645,0.3344867358708189,311,-0.19969804165010782
persist24,long,2,0.06974219146853762,0.109804210197814,875,0.091981040553708,0.073172442314914,0.328,364,-0.03646606343580659
pos96,short,2,0.2543062883895379,0.34108142424222404,867,0.09157793475703697,0.13992262064452432,0.29411764705882354,326,-0.07982749027180029
persist6,long,7,0.5799522535681318,0.6910456957029085,876,0.09118587702825878,0.07237727878946479,0.3287671232876712,315,-0.08757499589442716
rpt_rank,short,1,0.07916666666666666,0.17291666666666666,834,0.09108324918005521,0.13942793506754256,0.33573141486810554,309,0.09283026962922625
since_lo480,long,1,46.0,111.0,822,0.09091641675377021,0.07210781851497622,0.3418491484184915,402,-0.03499336105133247
range_z,long,5,-0.2895947805612975,-0.09049257085156812,867,0.0905652587190489,0.0717566604802549,0.3264129181084198,308,-0.007427889515336592
tbi_ma24,short,1,-0.009992051737382303,-0.007350625201617627,874,0.09023278023447444,0.13857746612196178,0.33981693363844395,325,0.20947588046555723
disp96,short,5,0.3660211886731899,1.9630870197531143,867,0.09020718271553888,0.13855186860302623,0.35294117647058826,311,0.08612531508215127
hi_pos,long,1,0.02092050209205021,0.07531380753138076,841,0.08994377712659848,0.07113517888780449,0.33174791914387636,282,-0.019697401842006752
since_hi96,long,6,59.0,73.0,886,0.08902850528224558,0.07021990704345159,0.3340857787810384,340,0.11651402058076557
dn_wick,long,6,0.33942584319378094,0.4068508113412117,876,0.08884987432534455,0.07004127608655056,0.3344748858447489,279,0.019766993753429402
ats_rank480,long,7,0.746875000000002,0.8479166666666667,816,0.08837725168514626,0.06956865344635227,0.3333333333333333,268,0.11552227161319814
range_per_trade,long,4,2.5856397998865023e-08,2.840846211011737e-08,876,0.0878361628073313,0.0690275645685373,0.3367579908675799,385,0.04029548991289659
efficiency,long,3,0.027681176416064802,0.03808282100614866,876,0.08776571807710225,0.06895711983830825,0.3367579908675799,323,-0.07304130892372718
rpt_rank,long,9,0.8979166666666667,inf,847,0.08764264432026231,0.06883404608146831,0.3270365997638725,315,0.18133569319888426
persist96,long,2,0.03338044619195898,0.0515634106213566,867,0.08745679603924843,0.06864819780045443,0.35870818915801617,346,0.008373641483960552
kyle_z,short,0,-inf,-1.135397580785618,867,0.08641655218559981,0.13476123807308715,0.34832756632064593,368,0.044530780930231335
since_hi24,long,5,13.0,16.0,777,0.08527407523228116,0.06646547699348716,0.3281853281853282,263,0.08303698628330033
to_hi480,long,6,12.64774500004412,15.9517432415093,828,0.08512403737851654,0.06631543913972254,0.3188405797101449,382,0.02433416599936486
since_hi96,long,5,44.0,59.0,888,0.0842840754296194,0.0654754771908254,0.3186936936936937,279,0.006055424163482843
range_z,short,0,-inf,-0.939232251268162,867,0.08383470011877873,0.13217938600626608,0.34717416378316035,384,0.05971929455766231
disp96,long,2,-4.6414997717812,-2.613129304605548,867,0.08369283653375131,0.06488423829495732,0.3229527104959631,370,0.1836396997825345
flow_eff,long,4,0.16344940613187892,0.27667621324964786,876,0.0829185400173928,0.0641099417785988,0.3424657534246575,401,-0.07083092252677121
since_hi480,short,9,462.0,inf,837,0.08225914861923424,0.13060383450672158,0.31899641577060933,373,-0.37517640223980175
range_z,short,1,-0.939232251268162,-0.7636894619040546,867,0.08127963654463814,0.1296243224321255,0.34717416378316035,309,0.12563736010432422
kyle_z,long,9,1.270981246347144,inf,867,0.08115232601944017,0.062343727780646174,0.3091118800461361,363,-0.13251835754882357
tbi_z8,long,4,-0.2815991935356222,0.003767039247392485,876,0.08090686109920618,0.06209826286041219,0.3344748858447489,352,0.053325855810422235
range_z,long,3,-0.6045310958055903,-0.4514947738339036,867,0.08080668209710269,0.0619980838583087,0.33679354094579006,287,0.1575034700028738
tbi_ma24,long,1,-0.009992051737382303,-0.007350625201617627,874,0.08065296428581305,0.06184436604701905,0.34096109839816935,325,-0.19646593836986667
efficiency,long,6,0.06181974422204902,0.07649580443428429,876,0.08045936969891195,0.06165077146011795,0.3299086757990868,324,-0.01898347116332202
range_z,long,9,1.2202518597702472,inf,867,0.08044101943576928,0.06163242119697529,0.31257208765859285,359,-0.04905382424720969
trade_intensity,long,6,0.9461992272434562,1.1173278827714148,867,0.0798400532649977,0.061031455026203704,0.32987312572087657,276,-0.16686867645152906
atr_pct,short,3,0.01380005008421249,0.015344019804804385,876,0.07873831891301943,0.12708300480050677,0.3401826484018265,304,-0.0006327206911738042
dn_wick,long,0,-inf,0.06063348667650544,877,0.07867865497553635,0.05987005673674235,0.3329532497149373,393,-0.0031601920472260044
absorb_z,short,8,0.2261836432179246,0.3861689089193485,848,0.07851577504623444,0.1268604609337218,0.31839622641509435,289,0.03513510803205369
to_lo24,long,4,1.9944429526824226,2.4301514028480886,874,0.07831937019682154,0.05951077195802755,0.3352402745995423,362,-0.015087940970181067
since_lo24,long,9,24.0,inf,1229,0.07718025836426164,0.05837166012546764,0.3287225386493084,435,-0.05134159514546878
pos24,long,7,0.7301728498703437,0.8091875995254977,874,0.07613960912940382,0.057331010890609824,0.32608695652173914,255,-0.0026228947605881426
disp96,long,6,1.9630870197531143,3.8574025234418943,867,0.07540059062775598,0.05659199238896198,0.3391003460207612,313,-0.07850165642104014
persist24,long,0,-inf,0.03381198187406315,874,0.07534769152069991,0.056539093281905914,0.32723112128146453,399,-0.09046769524315568
rpt_z,long,9,1.3331224320282498,inf,867,0.07509182097047189,0.05628322273167789,0.32525951557093424,335,0.03962343734857615
avg_trade_usd,long,2,2975.339056554425,3275.0465434337902,877,0.0743041978886036,0.0554955996498096,0.338654503990878,285,-0.1791281077954766
range_rank,long,6,0.5875,0.6958333333333333,830,0.07418861242887942,0.055380014190085425,0.3240963855421687,327,-0.16090223801459289
kyle,long,1,2.0053712473038197e-07,2.3599434372685855e-07,876,0.07411213506215955,0.05530353682336556,0.3470319634703196,542,-0.021412315310229864
avg_trade_usd,long,7,4429.932133653071,4762.617031526381,877,0.07291326533909825,0.05410466710030426,0.3249714937286203,265,0.09420964216974297
close_loc,long,0,-inf,0.14601537594380817,877,0.07212811374610806,0.053319515507314064,0.3295324971493729,389,-0.10063397804847975
accel,long,2,-1.0997316491236018,-0.699012663140142,875,0.07087954270540718,0.05207094446661319,0.31657142857142856,286,0.0019951495008342143
tbi_z96,long,2,-0.8595671205731356,-0.5373577890535531,867,0.07053376685479379,0.051725168615999795,0.3229527104959631,339,0.016812902990154022
dq_z96,long,2,-0.8587730583550733,-0.537193005180019,867,0.07030467351932522,0.051496075280531226,0.3217993079584775,339,0.02016373122397903
ats_z96,long,7,0.5982659455752135,0.9826868872856521,867,0.07029478447801132,0.05148618623921733,0.33102652825836215,323,0.06577257629219604
pos24,long,5,0.5294697576153384,0.6322616244553863,874,0.06967131990679205,0.05086272166799806,0.32608695652173914,339,-0.12342496309535125
trade_intensity,long,3,0.6373089822903832,0.7260984876372799,867,0.06947906763895878,0.050670469400164786,0.3264129181084198,247,-0.15013700887102568
vol_of_vol,long,3,-0.5853181162439783,-0.4435321718973473,826,0.06914015779828964,0.05033155955949564,0.3353510895883777,210,0.08487510647993231
since_hi96,short,0,-inf,4.0,826,0.06879443618294234,0.1171391220704297,0.34019370460048426,268,-0.1368893306997152
gap,long,2,-7.901603251036761e-05,0.0,530,0.06826539718871792,0.04945679894992393,0.3150943396226415,257,-0.25920736308302583
disp96,long,4,-1.072868132323117,0.3660211886731899,866,0.06825847324962682,0.049449875010832825,0.3464203233256351,281,-0.26252986852073895
ats_z96,long,6,0.2738726853948817,0.5982659455752135,867,0.06804115299456358,0.049232554755769584,0.32410611303344866,331,0.0694379483182895
to_hi24,long,4,1.72453232391888,2.1035386337179403,874,0.0674372427704347,0.0486286445316407,0.3306636155606407,275,-0.0753873462701798
wick_skew,long,9,0.3995793140200461,inf,877,0.06741981620446355,0.048611217965669556,0.3329532497149373,312,-0.04222368610870652
wick_skew,long,8,0.25166950855143666,0.3995793140200461,876,0.06741157445369428,0.048602976214900284,0.3230593607305936,294,0.20478054767928594
absorb_z,long,7,0.15378856212922218,0.2261836432179246,847,0.0673777176984424,0.04856911945964841,0.31995277449822906,311,-0.0077104690655233656
atr_pct,long,8,0.024678765221320686,0.030351754735768795,876,0.06677351841750359,0.0479649201787096,0.2694063926940639,107,0.1907840029526944
range_rank,long,8,0.7958333333333333,0.9020833333333333,833,0.06634359720992704,0.047534998971133044,0.3037214885954382,334,-0.07459389156471946
since_hi96,long,4,31.0,44.0,880,0.06627721494516606,0.04746861670637206,0.3375,275,-0.04374091470344683
dq_cum24,long,1,-0.4757069499251344,-0.34899101821812256,874,0.0662712224848271,0.047462624246033105,0.3352402745995423,325,-0.196537981209193
vol_of_vol,short,0,-inf,-0.8806657599615962,827,0.0661281444114175,0.11447283029890484,0.34099153567110035,629,-0.12108563489423997
since_lo480,short,6,366.0,410.0,830,0.06600183281694948,0.11434651870443682,0.3325301204819277,247,0.1876851824649947
avg_trade_usd,long,6,4147.058274240792,4429.932133653071,876,0.06561809718371087,0.04680949894491687,0.3276255707762557,191,0.028163213519130637
dq_cum24,short,2,-0.34899101821812256,-0.2629753993361918,874,0.06404260527756235,0.1123872911650497,0.34324942791762014,295,0.2131127713536153
updn_ratio,long,8,0.5232067510548524,0.5366106233019649,896,0.0638712049500874,0.045062606711293404,0.3203125,364,-0.08350402538090095
absorb,long,7,0.02367784555914429,0.044717626664597124,876,0.06377670886474421,0.044968110625950214,0.3242009132420091,278,0.04320096418054235
tbi_ma24,short,2,-0.007350625201617627,-0.005544708761485168,874,0.06359866910654428,0.11194335499403163,0.34324942791762014,293,0.21102789128623117
up_wick,long,7,0.38427705627705583,0.4652863703779721,877,0.06354164977731201,0.04473305153851802,0.3261117445838084,304,0.0509538800439665
since_hi24,long,1,2.0,4.0,843,0.06296816486158052,0.04415956662278653,0.31791221826809013,306,0.023207472102615357
persist6,long,6,0.4832805114664188,0.5799522535681318,876,0.06262149898031252,0.04381290074151853,0.3276255707762557,327,9.066205859937673e-05
kyle,long,7,4.134743394911122e-07,4.800458662385801e-07,877,0.062136918292217645,0.04332832005342365,0.3112884834663626,164,-0.14229941321874856
persist96,long,3,0.0515634106213566,0.07344964523908125,867,0.061415705814657245,0.04260710757586325,0.3356401384083045,348,0.12610325764807512
disp24,long,6,0.8857261102531374,1.764446311305434,874,0.061308114823232895,0.0424995165844389,0.3352402745995423,347,0.1773416134148882
wick_skew,long,6,0.06493913238194599,0.1466209500176167,876,0.06124007678312479,0.0424314785443308,0.3230593607305936,325,-0.019045010363117208
persist96,short,2,0.03338044619195898,0.0515634106213566,867,0.06122589665799415,0.10957058254548149,0.32987312572087657,346,0.06687729634894617
dq,long,7,0.017399669031531558,0.030617822466259943,877,0.06120620489666109,0.0423976066578671,0.3215507411630559,241,-0.0009267793121869687
range_z,long,7,0.15568719632717545,0.5248822723292595,867,0.060989187278625435,0.04218058903983144,0.3079584775086505,328,-0.17838265487007893
trade_intensity,long,9,1.8005630550031468,inf,867,0.06063964721946261,0.04183104898066862,0.30103806228373703,414,-0.1105812696561632
tbi,long,5,-0.0023197511107546642,0.0030071644135989633,877,0.060497102524066496,0.0416885042852725,0.314709236031927,261,-0.04147104007749643
to_hi24,long,5,2.1035386337179403,2.534017030051735,874,0.060367174993933834,0.04155857675513984,0.3169336384439359,276,0.06294426470978758
disp6,long,3,-0.6087177305173185,-0.25965319034926165,876,0.059541119115338964,0.04073252087654497,0.3230593607305936,290,-0.026924122173977154
absorb,long,6,0.009896605556402129,0.02367784555914429,876,0.05940016532096188,0.040591567082167886,0.3162100456621005,224,-0.07608856752582802
tbi,long,7,0.008709581192913353,0.015243197431993476,877,0.05905247043225828,0.040243872193464286,0.31927023945267957,239,0.00776984496042996
since_hi24,long,3,7.0,10.0,828,0.0587026240377913,0.039894025798997305,0.321256038647343,311,8.501488438653712e-05
vol_of_vol,short,5,-0.29998734266072047,-0.1159629389336806,827,0.05845548119995316,0.10680016708744051,0.3301088270858525,235,0.03979846942441962
kyle,long,4,2.987557355074311e-07,3.30631537978391e-07,876,0.05820871273552591,0.03940011449673191,0.3356164383561644,286,-0.13508933229800787
absorb_z,long,6,0.10621992214079679,0.15378856212922218,848,0.05772913294555842,0.038920534706764424,0.3113207547169811,371,-0.277903741952972
dow,long,5,5.0,6.0,1254,0.05752057151285255,0.03871197327405856,0.3229665071770335,462,0.08628396356312838
kyle_z,long,8,0.6870621901332734,1.270981246347144,867,0.05737466874540185,0.038566070506607854,0.3021914648212226,358,-0.14095089837097716
kyle_z,long,4,-0.43366009001754413,-0.21236720358189776,867,0.056678807317621455,0.03787020907882746,0.32410611303344866,283,-0.14585099821817252
atr_rank,long,7,0.69375,0.8020833333333334,842,0.05658740501270349,0.0377788067739095,0.30760095011876487,213,-0.22038496414473904
pos96,long,9,0.909131041130446,inf,867,0.056436810305262694,0.0376282120664687,0.32987312572087657,256,-0.06326792774844439
up_wick,long,2,0.10769834952449314,0.1537346445545088,877,0.05621197836757869,0.0374033801287847,0.322690992018244,287,-0.007340882494407972
range_rank,long,3,0.275,0.3770833333333333,819,0.055698117266820675,0.03688951902802668,0.33577533577533575,312,-0.072280580584037
m1_jump,long,7,0.20971816373948826,0.25195253342068497,877,0.055141073186864835,0.03633247494807084,0.3261117445838084,344,-0.1219652017103771
range_per_trade,long,3,2.3595939859596615e-08,2.5856397998865023e-08,876,0.05503918420735592,0.03623058596856193,0.3253424657534247,383,0.05064009503368761
accel,long,3,-0.699012663140142,-0.34874645215833466,873,0.05475585914849055,0.035947260909696556,0.3241695303550974,309,0.09107774108842638
persist6,long,3,0.2226079432468842,0.302335680588273,876,0.05410464001555994,0.03529604177676594,0.3242009132420091,352,0.021963341181357874
ats_z96,long,9,1.491541066401036,inf,867,0.05398073019221881,0.035172131953424814,0.33102652825836215,283,0.13614222576773666
persist6,long,2,0.1437316015990382,0.2226079432468842,876,0.05236398998970837,0.033555391750914376,0.3219178082191781,320,0.09694724432855939
pos24,long,3,0.34298752660413573,0.43604477547122444,874,0.051769013074727296,0.0329604148359333,0.30434782608695654,297,0.05814805463533694
kyle_z,long,6,0.023459112082467374,0.3024210281291553,867,0.05162991920510262,0.032821320966308624,0.3217993079584775,331,-0.09514700406162648
to_lo96,long,7,7.596208370083321,9.137172348829573,867,0.05160108760097087,0.03279248936217687,0.3356401384083045,374,-0.2807813196655967
dq,long,5,-0.004422707711386351,0.0061825412298494075,877,0.05152884337951615,0.03272024514072216,0.3112884834663626,257,-0.04705650866739367
rv_vs_range,long,1,0.4846170569677432,0.5423857931751022,876,0.05143076675107885,0.03262216851228485,0.319634703196347,276,0.011127713715499988
absorb_z,long,5,0.048648778315058844,0.10621992214079679,848,0.05108609736268669,0.032277499123892696,0.3231132075471698,410,-0.11949103913291925
to_hi480,short,5,9.848374878703964,12.64774500004412,829,0.05099426790924242,0.09933895379672977,0.3112183353437877,312,0.07193252890835865
tbi_ma8,long,5,-0.0022705903744923255,-8.514950941362843e-05,876,0.05089567458728577,0.032087076348491776,0.3150684931506849,241,-0.09983046911119009
range_per_trade,long,7,3.4871296877540556e-08,3.988356080393457e-08,877,0.050857811266500796,0.0320492130277068,0.31927023945267957,127,0.23799891674852422
absorb,long,8,0.044717626664597124,0.09575947728273958,876,0.050733679817033354,0.03192508157823936,0.3299086757990868,340,0.01893954873203726
extreme_late,long,1,0.23430962343096234,0.3891213389121339,878,0.05038000654344107,0.031571408304647074,0.3132118451025057,308,0.08582885496008212
since_hi96,long,0,-inf,4.0,826,0.0494645171049428,0.030655918866148803,0.31840193704600483,268,-0.03605372596956271
persist96,short,7,0.15744874036607343,0.19993176108058378,867,0.04928639812360661,0.09763108401109397,0.3079584775086505,362,0.13118122407732222
disp96,long,5,0.3660211886731899,1.9630870197531143,867,0.04922990811883848,0.030421309880044482,0.33217993079584773,311,-0.0451413051395865
rv_vs_range,long,3,0.5901794183609127,0.6336503707839143,876,0.04904323239723797,0.030234634158443977,0.3242009132420091,316,0.018936315902795712
extreme_late,long,4,0.6234309623430963,0.7238493723849372,848,0.04881951046915746,0.030010912230363465,0.3160377358490566,323,0.09047626269648645
disp6,long,1,-1.7804717542894932,-1.0597079211984235,876,0.048794328874347065,0.02998573063555307,0.3150684931506849,359,-0.19068405098824168
tbi_ma96,short,6,-0.0013667872336756608,-0.00030567570763539233,867,0.048323012928073984,0.09666769881556134,0.31833910034602075,210,0.38074610097017414
tbi_z24,long,5,-0.001980968647508028,0.2685552548113925,874,0.04811714086793684,0.02930854262914285,0.3157894736842105,343,0.05217711004342717
range_rank,short,1,0.08125,0.17291666666666666,818,0.047949390415280124,0.09629407630276748,0.3312958435207824,308,-0.00041809686263145457
rv_vs_range,long,5,0.6755027837760977,0.7186206532706073,877,0.04781927088640984,0.029010672647615844,0.3181299885974915,290,0.07969080675946574
body_frac,long,9,0.647672323272756,inf,877,0.047641467487263195,0.0288328692484692,0.32839224629418473,375,-0.06723832409237963
hi_pos,long,2,0.07531380753138076,0.1589958158995816,897,0.04726790795993428,0.02845930972114029,0.31995540691192864,306,-0.02836982645884372
since_lo480,long,8,447.0,473.0,837,0.047086007213668096,0.028277408974874102,0.3225806451612903,246,-0.4031263513104713
up_wick,long,9,0.5798687191800286,inf,877,0.0467894310909357,0.02798083285214171,0.3249714937286203,280,0.03206005708911517
m1_jump,long,1,0.09125296461620419,0.10865966621344716,876,0.04661254891407948,0.027803950675285488,0.317351598173516,282,0.062238306120078156
dq_cum24,short,8,0.1483850612762181,0.2675339650052798,874,0.04641088804314529,0.09475557393063264,0.2917620137299771,270,-0.28592046675334537
absorb,long,5,-0.008677057017303397,0.009896605556402129,876,0.04632727228012142,0.027518674041327428,0.3105022831050228,356,-0.0860019338213052
atr_pct,long,9,0.030351754735768795,inf,877,0.04597874445103763,0.02717014621224364,0.2542759407069555,23,
dq,short,8,0.030617822466259943,0.050170927440953784,876,0.04568957525550479,0.09403426114299214,0.3116438356164384,299,-0.028492844548672704
ats_rank480,long,6,0.6416666666666667,0.746875000000002,837,0.045428869741913055,0.02662027150311906,0.32616487455197135,281,0.05933687565654569
range_per_trade,long,1,1.8252102014440413e-08,2.1104472055980993e-08,876,0.04538709433552896,0.026578496096734967,0.3230593607305936,534,-0.10278941000064279
body_frac,long,5,0.020609043371261057,0.17569474296582896,877,0.04534944534543936,0.026540847106645366,0.3261117445838084,274,0.09439837862179834
pos96,long,5,0.5330857457785712,0.6450096414647009,867,0.04487153932250886,0.026062941083714868,0.328719723183391,275,0.1203210970802658
since_hi96,short,1,4.0,10.0,826,0.044834674568647835,0.09317936045613519,0.3196125907990315,245,-0.122401736442558
ats_rank480,long,4,0.4,0.51875,823,0.04479209225319913,0.025983494014405133,0.32806804374240583,342,0.035302192199254075
disp6,long,8,1.1803459452900136,1.9383292806548476,876,0.04431681826283846,0.025508220024044466,0.3264840182648402,335,-0.11957218225153958
rpt_z,long,4,-0.3821033315739095,-0.14651668596023054,867,0.044180236450992824,0.02537163821219883,0.31833910034602075,313,0.012765132154662547
avg_trade_usd,long,4,3571.7814422655642,3869.0922843088965,876,0.0439228389998428,0.025114240761048803,0.319634703196347,193,0.02581872461821051
pos24,long,6,0.6322616244553863,0.7301728498703437,874,0.04381202218383759,0.025003423945043596,0.3295194508009153,320,-0.11029518678050818
tbi,short,8,0.015243197431993476,0.025053853481713743,876,0.04355414133114361,0.09189882721863096,0.3105022831050228,300,-0.012410368293543883
to_hi96,long,5,4.358958469130034,5.456963927412087,867,0.04343525511416209,0.024626656875368094,0.3333333333333333,310,-0.3820764632831111
dq_z96,long,9,1.3027029395279508,inf,867,0.04327226036067672,0.024463662121882723,0.32987312572087657,310,0.16864178643662914
dn_wick,long,4,0.21976693723255156,0.27842507030932095,876,0.04304441383673147,0.024235815597937478,0.3139269406392694,326,-0.004814209612912206
close_loc,long,1,0.14601537594380817,0.2411498761821243,876,0.0426731656536956,0.023864567414901602,0.3116438356164384,331,-0.04882539114029127
disp6,short,3,-0.6087177305173185,-0.25965319034926165,876,0.042327568729834134,0.09067225461732148,0.3162100456621005,290,0.2522981609491367
tbi_ma24,short,0,-inf,-0.009992051737382303,875,0.04208652748080898,0.09043121336829633,0.31085714285714283,566,0.31818098553161633
to_lo24,long,5,2.4301514028480886,2.959401468473601,874,0.04187749910953446,0.02306890087074047,0.3112128146453089,335,-0.07964671721099764
disp6,long,2,-1.0597079211984235,-0.6087177305173185,876,0.04160973522072948,0.022801136981935484,0.3162100456621005,311,0.06931819095526591
to_lo96,long,2,2.5780327686168896,3.4872744615639926,867,0.04143904596079883,0.022630447722004836,0.3079584775086505,358,-0.007434860091615975
range_per_trade,short,0,-inf,1.8252102014440413e-08,877,0.04133189874670304,0.0896765846341904,0.31356898517673887,731,0.1784303123294899
dq_cum24,long,2,-0.34899101821812256,-0.2629753993361918,874,0.041316068110663816,0.02250746987186982,0.3306636155606407,295,-0.1794401657467357
persist24,long,8,0.3730368956947808,0.46544431995907726,874,0.04117746881150617,0.022368870572712175,0.30549199084668194,286,0.010015282189448575
flow_eff,long,0,-inf,-0.39733640764624717,877,0.04106512799374405,0.022256529754950058,0.3033067274800456,321,-0.029462083755871612
dn_wick,long,3,0.16670349907920837,0.21976693723255156,876,0.04102696650715359,0.022218368268359594,0.317351598173516,358,-0.09631539584988985
tbi_z96,long,9,1.303541504661481,inf,867,0.04089166693969972,0.022083068700905727,0.32987312572087657,310,0.16864178643662914
updn_ratio,long,2,0.47368421052631576,0.48333333333333334,858,0.040208999183042896,0.0214004009442489,0.317016317016317,269,-0.006569128166818317
flow_eff,long,6,0.4191040181338267,0.6062104360361869,877,0.039866447395777924,0.02105784915698393,0.3181299885974915,217,-0.07114549097976669
tbi_ma24,long,2,-0.007350625201617627,-0.005544708761485168,874,0.03982182191204374,0.021013223673249745,0.3295194508009153,293,-0.19409531409822264
tbi_ma8,long,3,-0.006834991048846032,-0.00440441203685144,875,0.039321147995845684,0.02051254975705169,0.3142857142857143,264,-0.045754946636191
gap,long,0,-inf,-0.00025816145493430016,877,0.039319409591828204,0.02051081135303421,0.3272519954389966,20,
flow_div,long,2,1.0,inf,1873,0.039295718095349326,0.02048711985655533,0.3166043780032034,807,0.04245489717238865
since_lo24,long,5,15.0,18.0,824,0.03921836547575357,0.020409767236959572,0.32645631067961167,296,-0.02904972755043827
atr_rank,long,6,0.5854166666666667,0.69375,825,0.039213412177862936,0.02040481393906894,0.3236363636363636,234,-0.2042598528264458
to_hi96,short,5,4.358958469130034,5.456963927412087,867,0.0391822473018555,0.08752693318934285,0.3044982698961938,310,0.3287425766983702
range_z,long,6,-0.09049257085156812,0.15568719632717545,867,0.03917389490344993,0.020365296664655932,0.30565167243367936,278,-0.1485642154778717
disp6,long,7,0.6964592982610548,1.1803459452900136,876,0.03901523312443213,0.020206634885638133,0.3093607305936073,358,0.057495611080582675
tbi_ma96,short,5,-0.0021863931914519663,-0.0013667872336756608,867,0.038803309481689675,0.08714799536917703,0.32410611303344866,165,0.33263213017840226
updn_ratio,long,3,0.48333333333333334,0.49159663865546216,865,0.03822566523510667,0.019417066996312675,0.31213872832369943,267,-0.0037475300086225703
vol_per_trade_z,short,8,0.9101815262502554,1.4449022804360598,867,0.03786652914254103,0.08621121503002838,0.3137254901960784,328,-0.14309636517681382
hour,long,0,-inf,4.0,1461,0.03738880896699121,0.018580210728197218,0.31759069130732376,537,-0.032526648268744913
minofday,long,0,-inf,240.0,1461,0.03738880896699121,0.018580210728197218,0.31759069130732376,537,-0.032526648268744913
kyle,short,5,3.30631537978391e-07,3.685243424347186e-07,877,0.03720887707195569,0.08555356295944305,0.31014823261117447,245,0.1516317590984357
since_lo24,long,7,20.0,23.0,1151,0.037054385534298906,0.01824578729550491,0.3188531711555169,415,0.12887869492776835
flow_eff,long,1,-0.39733640764624717,-0.019977624588091714,876,0.03700773731587929,0.018199139077085293,0.3276255707762557,399,0.06883198417886555
to_lo480,short,8,21.70941120235073,25.484712895199703,829,0.03686075421767045,0.08520544010515779,0.32569360675512665,230,-0.3457150930196878
vol_of_vol,short,8,0.5234357289122207,1.3208321731087087,826,0.03683306640751472,0.08517775229500207,0.29782082324455206,395,0.1492819271008838
flow_eff,long,7,0.6062104360361869,0.9207250652891722,876,0.03678592370927702,0.017977325470483023,0.3116438356164384,174,0.09812750265207634
tbi_ma24,short,8,0.0030165052439096785,0.005514033581752368,874,0.036719420054287286,0.08506410594177463,0.2894736842105263,275,-0.2790268727936357
disp24,long,4,-0.5502340015475478,0.1406102877703619,874,0.036287078680496715,0.01747848044170272,0.32036613272311215,359,0.0265541145443348
wick_skew,long,1,-0.4377410159181354,-0.28415366438028616,876,0.03587220704454615,0.017063608805752153,0.319634703196347,332,-0.10896272890998367
dq_cum24,short,0,-inf,-0.4757069499251344,875,0.03508452407486748,0.08342920996235484,0.30857142857142855,569,0.3231427706786375
tbi,long,3,-0.013168510616637938,-0.007654052728105141,876,0.03507905463454453,0.01627045639575054,0.3116438356164384,221,0.00845197982172883
kyle,long,8,4.800458662385801e-07,6.03328908275103e-07,876,0.034866717891222886,0.01605811965242889,0.2922374429223744,101,0.20628419608648083
dq,long,3,-0.02612180672785863,-0.015102813222672326,876,0.03486584343143211,0.01605724519263812,0.3116438356164384,220,-0.013343247051792538
disp6,long,4,-0.25965319034926165,0.03261478069250262,875,0.03486149854102756,0.016052900302233566,0.31657142857142856,267,0.09089051021747412
rpt_z,long,5,-0.14651668596023054,0.11541738274548088,867,0.034852350056371474,0.01604375181757748,0.32525951557093424,298,0.015633943340697867
updn_ratio,long,1,0.4602510460251046,0.47368421052631576,887,0.03483707183031794,0.016028473591523942,0.3179255918827508,314,0.002942052667928555
tbi_z24,long,2,-0.8779291138600496,-0.5501928331766714,874,0.034792727051452144,0.01598412881265815,0.30892448512585813,316,0.14197255225766628
rv_vs_range,long,4,0.6336503707839143,0.6755027837760977,876,0.034509949422889166,0.015701351184095172,0.3150684931506849,286,-0.009820162693105426
tbi_ma8,long,4,-0.00440441203685144,-0.0022705903744923255,876,0.03447615349811775,0.015667555259323757,0.3059360730593607,227,-0.2308685360247312
accel,short,0,-inf,-1.6491428709401679,874,0.034364369695946105,0.08270905558343346,0.30205949656750575,357,0.11481111040926067
body_frac,long,8,0.4886665308905451,0.647672323272756,876,0.03421878280075055,0.015410184561956558,0.317351598173516,321,-0.0013869761715964064
body_frac,long,2,-0.44780140982012545,-0.29681895058452057,877,0.034140890535421714,0.01533229229662772,0.3124287343215507,283,-0.047576927723439424
trade_intensity,long,8,1.3482077717504959,1.8005630550031468,867,0.033928471931589516,0.015119873692795521,0.2906574394463668,331,-0.11832039498219102
rv_vs_range,long,8,0.824571909710019,0.9114508923578857,876,0.033920618110483074,0.01511201987168908,0.3127853881278539,342,0.03668761291247008
kyle_z,long,3,-0.6438246935495081,-0.43366009001754413,867,0.03384084445598157,0.015032246217187573,0.32410611303344866,293,0.2193863527577203
rv_vs_range,long,2,0.5423857931751022,0.5901794183609127,877,0.03357260775733453,0.014764009518540538,0.31014823261117447,298,-0.19569135615845842
tbi_z24,long,6,0.2685552548113925,0.5523382488745685,874,0.033539664432386845,0.014731066193592851,0.32151029748283755,333,-0.07808672088395312
dq,short,2,-0.039953790024378336,-0.02612180672785863,877,0.033538942966333495,0.08188362885382085,0.3169897377423033,280,0.07535588806846454
tbi_z8,long,0,-inf,-1.3409038308105765,876,0.03350846751306922,0.014699869274275225,0.3093607305936073,313,-0.08140134785331664
to_lo24,long,1,0.7648849695554003,1.1706383506773248,874,0.03346461659882289,0.014656018360028895,0.3169336384439359,312,-0.03347742570558738
rv_vs_range,short,9,0.9114508923578857,inf,877,0.03336418465074859,0.08170887053823594,0.3112884834663626,426,0.06624192768608407
persist6,short,5,0.39038315738435553,0.4832805114664188,876,0.03308675367941478,0.08143143956690213,0.3093607305936073,342,0.0021759105035412986
to_hi24,long,0,-inf,0.6130051047091024,875,0.032881802891415055,0.01407320465262106,0.32571428571428573,343,-0.09050231989156778
up_wick,long,0,-inf,0.057539600530415035,877,0.03286215277786073,0.014053554539066739,0.31356898517673887,418,0.033854606166889886
updn_ratio,long,4,0.49159663865546216,0.5,873,0.032555800772036764,0.01374720253324277,0.3138602520045819,274,0.14637311486917332
dow,long,3,3.0,4.0,1248,0.032504205154448636,0.013695606915654641,0.3076923076923077,462,-0.08132348449591245
wick_skew,short,5,-0.013552295918367374,0.06493913238194599,877,0.0324374787409632,0.08078216462845056,0.3010262257696693,359,-0.029631018541755007
dq_cum24,long,4,-0.1808396350302467,-0.10654500091574812,874,0.03186534720021309,0.013056748961419097,0.32379862700228834,236,-0.062117661850526654
tbi_ma24,long,4,-0.0038413223296578833,-0.002282175875109503,874,0.03176929168054045,0.012960693441746454,0.32379862700228834,235,-0.05699059430635859
close_loc,long,4,0.4277325790224542,0.52505473120895,876,0.031393368332119344,0.01258477009332535,0.3116438356164384,306,-0.01121410086283141
atr_rank,long,8,0.8020833333333334,0.9083333333333333,815,0.030631311883351504,0.01182271364455751,0.26134969325153373,343,-0.14110920351915687
vol_per_trade_z,long,3,-0.6311977477995068,-0.3595189147249858,867,0.03052520629370114,0.011716608054907145,0.3160322952710496,320,-0.10783941303898806
tbi_z24,long,3,-0.5501928331766714,-0.27413341803170954,874,0.030475541438134947,0.011666943199340953,0.3146453089244851,325,-0.10442635392434019
tbi_ma96,short,1,-0.007067867750344451,-0.005221464332485892,867,0.030325332247485164,0.07867001813497251,0.31257208765859285,393,0.13284917265436486
tbi_z8,long,6,0.2934497525791458,0.6074870578487849,875,0.030199598890857122,0.011391000652063128,0.3222857142857143,340,0.03490315159591219
tbi,short,2,-0.020024678573198583,-0.013168510616637938,877,0.030014967992011428,0.07835965387949878,0.31584948688711517,276,0.08059753049422348
persist96,long,1,0.01631211901011021,0.03338044619195898,867,0.030002013920582417,0.011193415681788423,0.33102652825836215,316,-0.14568850399285505
up_wick,long,1,0.057539600530415035,0.10769834952449314,876,0.029988563370754753,0.011179965131960758,0.3105022831050228,354,-0.19748191387485184
vol_per_trade_z,long,8,0.9101815262502554,1.4449022804360598,867,0.02979422084024698,0.010985622601452985,0.31257208765859285,328,0.1537875532771788
range_per_trade,long,2,2.1104472055980993e-08,2.3595939859596615e-08,877,0.029729021430283997,0.010920423191490003,0.31584948688711517,498,0.08654535009150008
rpt_rank,short,3,0.26458333333333334,0.3625,832,0.029663322778560933,0.07800800866604829,0.3088942307692308,308,0.035088333479364374
updn_ratio,short,7,0.5146443514644351,0.5232067510548524,882,0.029600809649804573,0.07794549553729192,0.30952380952380953,325,0.07193010722976693
m1_jump,long,9,0.3388243672399471,inf,877,0.029255465406466005,0.01044686716767201,0.31014823261117447,247,-0.004716756980901757
absorb_z,short,0,-inf,-0.36233158195032084,848,0.029034994806650987,0.07737968069413834,0.3136792452830189,358,0.09693511869127913
rpt_rank,long,7,0.6791666666666667,0.7916666666666666,839,0.02885858919153267,0.010049990952738674,0.30870083432657924,351,0.006272881182908149
to_hi96,short,6,5.456963927412087,6.5778721548054815,867,0.028487181503355833,0.07683186739084319,0.3033448673587082,305,-0.06524426871012436
rpt_rank,long,5,0.4666666666666667,0.5708333333333333,822,0.028429244878725154,0.00962064663993116,0.3150851581508516,315,0.04604826801429139
since_hi24,short,1,2.0,4.0,843,0.0284113047332815,0.07675599062076885,0.3096085409252669,306,-0.023854856140575864
since_lo96,short,7,82.0,90.0,870,0.028311400356043525,0.07665608624353087,0.3252873563218391,354,-0.16424652578815907
ats_z96,short,8,0.9826868872856521,1.491541066401036,867,0.028275139531006185,0.07661982541849353,0.32525951557093424,285,-0.11769880464776931
disp96,short,3,-2.613129304605548,-1.072868132323117,867,0.02819126290978598,0.07653594879727334,0.30103806228373703,317,0.016197480498115986
to_lo480,long,8,21.70941120235073,25.484712895199703,829,0.028101681188315766,0.009293082949521771,0.3365500603136309,230,0.0214263256601209
since_hi480,short,7,355.0,409.0,835,0.028029322356769627,0.07637400824425698,0.3125748502994012,200,0.11150669014850692
rpt_z,long,2,-0.890299282014816,-0.6179349713597198,867,0.027796865063349295,0.0089882668245553,0.3091118800461361,309,0.10867697510569772
body_frac,short,4,-0.1322199077969487,0.020609043371261057,876,0.027792267913520144,0.07613695380100749,0.3105022831050228,278,0.03764820511742916
to_hi480,long,0,-inf,1.7428002563700233,829,0.02768827100331995,0.008879672764525955,0.31242460796139926,173,0.024882860884661066
to_hi24,long,3,1.3399987716232993,1.72453232391888,874,0.02746594310301734,0.008657344864223347,0.32379862700228834,317,0.042326053069912196
tbi_z8,long,8,0.9238444153592951,1.354660076792907,876,0.027390425229331213,0.008581826990537219,0.3207762557077626,296,0.04001118628022709
accel,long,5,-0.013099381754319017,0.33119465026240713,875,0.027343098670649105,0.008534500431855111,0.31085714285714283,307,0.05080927526493805
ats_rank480,short,4,0.4,0.51875,823,0.027083473895026453,0.0754281597825138,0.3219927095990279,342,-0.03033862178828688
disp96,long,8,6.162367051044947,9.598565625143438,867,0.0266339010161039,0.007825302777309907,0.29873125720876587,388,-0.11184761480487733
absorb,long,4,-0.02381027372215469,-0.008677057017303397,876,0.02638061788242549,0.007572019643631495,0.3013698630136986,290,-0.051466329021781325
range_per_trade,short,8,3.988356080393457e-08,4.851782534912265e-08,876,0.026351975327539308,0.07469666121502666,0.3047945205479452,40,0.021899918171520528
kyle,long,2,2.3599434372685855e-07,2.6778939369519616e-07,877,0.02623905995821644,0.0074304617194224445,0.3238312428734322,411,-0.00202559968009683
absorb,short,3,-0.039510818125478527,-0.02381027372215469,876,0.02588778036505606,0.07423246625254341,0.3093607305936073,214,0.13554842643269527
kyle_z,long,5,-0.21236720358189776,0.023459112082467374,867,0.025878027840844683,0.007069429602050689,0.3091118800461361,293,0.0028913861988348003
body_frac,long,1,-0.624846839320522,-0.44780140982012545,876,0.02582720761331031,0.007018609374516316,0.3093607305936073,332,-0.1000135455716587
range_z,long,4,-0.4514947738339036,-0.2895947805612975,867,0.025783503457472295,0.006974905218678301,0.3206459054209919,281,0.036229525750698044
sess_asia,long,1,1.0,inf,2922,0.025616121212986773,0.006807522974192778,0.31553730321697465,1074,-0.017732949258511405
up_wick,long,8,0.4652863703779721,0.5798687191800286,876,0.025381471870535063,0.006572873631741069,0.3116438356164384,292,0.01356104794426671
efficiency,long,5,0.04943748063074492,0.06181974422204902,877,0.02514891102093789,0.0063403127821438955,0.3112884834663626,312,0.022869006210080638
to_hi96,long,3,2.5101534920313773,3.3604410362712,867,0.02512396245550085,0.006315364216706854,0.3160322952710496,321,0.2172985206923969
to_hi96,short,8,7.93958480731143,9.983912827373404,867,0.02469230045753901,0.07303698634502637,0.27450980392156865,367,0.24175635545471724
hour,long,5,20.0,inf,1460,0.024030583131554005,0.005221984892760011,0.3095890410958904,536,-0.019795256778217998
minofday,long,5,1200.0,inf,1460,0.024030583131554005,0.005221984892760011,0.3095890410958904,536,-0.019795256778217998
extreme_late,long,0,-inf,0.23430962343096234,873,0.023618137354521243,0.004809539115727249,0.31844215349369986,274,0.04279320919354775
pos24,short,8,0.8091875995254977,0.8857343537894616,874,0.023589482759184124,0.07193416864667147,0.30663615560640733,287,-0.17607560559172217
lo_pos,long,9,0.9355648535564869,inf,877,0.02348731507175265,0.004678716832958656,0.3090079817559863,344,-0.16201524328069009
sess_eu,long,0,-inf,1.0,5843,0.02340703474933722,0.004598436510543227,0.3123395516002054,2147,-0.01049396576407451
tbi,long,1,-0.029156555914568814,-0.020024678573198583,876,0.023373869834472358,0.0045652715956783635,0.3127853881278539,305,0.012843752921156791
since_hi24,long,2,4.0,7.0,967,0.02240341099457891,0.0035948127557849166,0.3081695966907963,352,0.1345751749737927
tbi_z96,long,5,-0.004833135626994989,0.2589168609623426,867,0.022205581793803567,0.0033969835550095723,0.3091118800461361,370,-0.12248862176577698
accel,short,8,1.0856744648996421,1.6839231485814867,874,0.021995528529108768,0.07034021441659612,0.3009153318077803,370,0.0960225693918951
gap,long,3,0.0,8.420301018954109e-05,4728,0.021965405948102805,0.0031568077093088107,0.3130287648054145,1996,-0.024790225239283196
flow_eff,long,9,1.6727174680472765,inf,877,0.021904639811429462,0.0030960415726354676,0.2759407069555302,218,-0.12176912379756379
dq_z96,long,5,-0.006008376991721173,0.25811175786992097,867,0.021902957316692877,0.003094359077898883,0.3091118800461361,370,-0.12400073073372134
since_hi480,long,7,355.0,409.0,835,0.02165282201573536,0.0028442237769413653,0.32455089820359284,200,-0.11513911328247727
vol_of_vol,long,9,1.3208321731087087,inf,827,0.021377740735446314,0.00256914249665232,0.2478839177750907,299,-0.22743494243077703
flow_eff,long,8,0.9207250652891722,1.6727174680472765,876,0.0212845732610514,0.002475975022257406,0.2888127853881279,181,-0.28672895996687664
sess_us,long,1,1.0,inf,2921,0.021197192008226687,0.0023885937694326925,0.3091407052379322,1073,-0.0032482357798944267
pos480,long,4,0.439279891478773,0.5886857473616829,829,0.02118310149222013,0.0023745032534261343,0.33172496984318456,301,-0.10766070713712862
is_weekend,long,0,-inf,1.0,6257,0.021108797162435404,0.0023001989236414097,0.30877417292632253,2298,-0.06985134127844828
range_z,long,8,0.5248822723292595,1.2202518597702472,867,0.02091847082669356,0.0021098725878995646,0.2964244521337947,363,-0.16215851439818105
hi_pos,long,3,0.1589958158995816,0.27615062761506276,882,0.02079679297505567,0.0019881947362616753,0.30839002267573695,318,-0.025018753408451323
disp24,long,1,-3.577461783881696,-2.291969682185864,874,0.02074446502060456,0.0019358667818105656,0.32036613272311215,334,-0.029081137850060713
flow_eff,long,3,0.07632832261883876,0.16344940613187892,877,0.02068915878634283,0.001880560547548836,0.33181299885974913,458,-0.011328123729600225
to_hi24,short,0,-inf,0.6130051047091024,875,0.02068332133851812,0.06902800722600547,0.3028571428571429,343,-0.04030083773250013
efficiency,long,9,0.12435211656186398,inf,877,0.020656365034410658,0.0018477667956166635,0.3124287343215507,356,-0.10362378934818012
lo_pos,long,7,0.6820083682008368,0.8200836820083682,877,0.020101831394002435,0.0012932331552084411,0.30444697833523376,338,0.05044763817870131
since_hi480,long,0,-inf,11.0,808,0.0198472691226125,0.0010386708838185064,0.297029702970297,186,-0.14543698083554704
up_wick,long,4,0.2055823326150177,0.2570842879536988,876,0.019756012790701178,0.0009474145519071837,0.3070776255707763,339,-0.012195369877481238
m1_jump,long,5,0.159385695531066,0.18045301309243397,877,0.01955256157488729,0.0007439633360932958,0.30672748004561,331,-0.14691351915172565
to_lo24,short,8,4.366514855543424,5.380773368718427,874,0.019540298371033077,0.06788498425852044,0.30434782608695654,269,0.11764816230010075
dn_wick,long,7,0.4068508113412117,0.4897686602436436,877,0.01936983381876131,0.0005612355799673174,0.3124287343215507,304,0.10337814531819163
dq,long,1,-0.05811527342789348,-0.039953790024378336,876,0.018899461349763374,9.086311096937957e-05,0.3116438356164384,302,0.023301922248501653
tbi_z8,long,2,-0.9467241273073556,-0.6040612272436893,876,0.018631890162589503,-0.00017670807620449175,0.3025114155251142,311,0.1129706911776831
rv_vs_range,long,0,-inf,0.4846170569677432,877,0.01851485014274911,-0.0002937480960448838,0.30672748004561,324,-0.03978175190517534
tbi_z24,long,9,1.323035951769245,inf,875,0.01848806426108105,-0.0003205339777129432,0.3222857142857143,295,0.06595260476560583
vol_per_trade_z,long,2,-0.9392144382417976,-0.6311977477995068,867,0.018434926035907486,-0.0003736722028865082,0.30565167243367936,348,-0.04365925280863229
tbi_ma96,long,6,-0.0013667872336756608,-0.00030567570763539233,867,0.018387602553615965,-0.0004209956851780293,0.31257208765859285,210,-0.3192950308698271
hour,long,4,16.0,20.0,1461,0.01836574023542866,-0.00044285800336533315,0.3086926762491444,537,0.01326797139906541
minofday,long,4,960.0,1200.0,1461,0.01836574023542866,-0.00044285800336533315,0.3086926762491444,537,0.01326797139906541
lo_pos,long,5,0.39748953974895396,0.5397489539748954,881,0.01828702405972831,-0.0005215741790656828,0.318955732122588,358,-0.17680193308894876
tbi_z96,long,8,0.8409490837143425,1.303541504661481,867,0.017893128854180554,-0.0009154693846134404,0.3137254901960784,308,-0.010539140047683604
since_hi480,long,4,125.0,198.0,830,0.017665052221653748,-0.0011435460171402463,0.3349397590361446,529,-0.19023470989428765
vol_per_trade_z,long,5,-0.07587515371106013,0.21414320489103297,867,0.01763988808534025,-0.0011687101534537427,0.3044982698961938,344,0.055423968932769775
sess_us,long,0,-inf,1.0,5844,0.017614710079910896,-0.0011938881588830982,0.3119438740588638,2148,-0.017865066329924663
tbi_z8,long,5,0.003767039247392485,0.2934497525791458,876,0.01697856760869629,-0.001830030630097703,0.3070776255707763,348,-0.1624441659536401
hi_pos,short,5,0.41841004184100417,0.5564853556485355,865,0.016951191176306755,0.06529587706379411,0.30982658959537573,346,0.11401229693665436
dq_z96,long,7,0.5409492448694525,0.8403602678012647,867,0.016835568718746623,-0.001973029520047371,0.3079584775086505,284,-0.08367577460972361
hour,long,2,8.0,12.0,1461,0.0167002945263251,-0.0021083037124688953,0.3134839151266256,537,-0.008668934907240999
minofday,long,2,480.0,720.0,1461,0.0167002945263251,-0.0021083037124688953,0.3134839151266256,537,-0.008668934907240999
body_frac,long,7,0.3299585854842767,0.4886665308905451,877,0.016590280920934276,-0.0022183173178597186,0.3090079817559863,303,0.12915143821038566
absorb,long,2,-0.0683031789361869,-0.039510818125478527,876,0.01653218284939711,-0.002276415389396883,0.3105022831050228,314,-0.07473443934247657
rpt_z,short,1,-1.216474230141495,-0.890299282014816,867,0.016440633075615094,0.06478531896310244,0.3091118800461361,324,0.1113106114849568
dn_wick,short,8,0.4897686602436436,0.6023615805780694,876,0.01635415013028536,0.06469883601777271,0.3070776255707763,304,0.07561848814451755
to_lo480,long,4,10.715801865379952,13.118001012596803,829,0.01623552504604748,-0.0025730731927465153,0.2955367913148372,250,0.10415323287187328
persist24,short,8,0.3730368956947808,0.46544431995907726,874,0.01619390494389317,0.06453859083138053,0.2940503432494279,286,-0.021468608178596728
vol_per_trade_z,short,9,1.4449022804360598,inf,867,0.01600144453818684,0.06434613042567419,0.3091118800461361,307,-0.006453972530978364
kyle_z,long,7,0.3024210281291553,0.6870621901332734,867,0.015704797495589545,-0.0031038007432044497,0.29873125720876587,354,-0.07996804696844272
sess_asia,long,0,-inf,1.0,5843,0.015404254215074813,-0.0034043440237191813,0.3087455074448058,2147,-0.010626144371152162
close_loc,short,8,0.7890827405603821,0.8779196224862643,876,0.015139807445163248,0.0634844933326506,0.3036529680365297,317,-0.018166251895709723
wick_skew,long,0,-inf,-0.4377410159181354,877,0.015007257507344015,-0.003801340731449979,0.3010262257696693,325,0.04164215794981578
vol_per_trade_z,long,7,0.5335539487469343,0.9101815262502554,867,0.01495476115270197,-0.0038538370860920247,0.31257208765859285,329,0.08131971938101099
dq_z96,short,3,-0.537193005180019,-0.2566671889570011,867,0.01494916838461004,0.0632938542720974,0.3033448673587082,299,0.04982728382949377
tbi_ma8,short,1,-0.013406686286847434,-0.009703235316404617,876,0.01480629055311303,0.06315097644060039,0.3184931506849315,338,0.21718142712463318
wick_skew,long,3,-0.1806848695854136,-0.09645779357826975,876,0.014745826529528284,-0.00406277170926571,0.3116438356164384,308,0.0025426176986576357
trade_intensity,long,4,0.7260984876372799,0.8279046459073436,867,0.014553613215468738,-0.004254985023325256,0.31141868512110726,278,-0.009541634033158502
since_hi96,short,4,31.0,44.0,880,0.014520753358862508,0.06286543924634987,0.31022727272727274,275,0.08651381941794586
pos24,short,1,0.1529843724693117,0.24288878500334718,874,0.01446002634251241,0.06280471222999977,0.31922196796338675,335,0.23065912621908977
range_rank,long,5,0.48125,0.5875,833,0.014318598875371222,-0.0044899993634227725,0.304921968787515,332,-0.04730331237165782
avg_trade_usd,short,7,4429.932133653071,4762.617031526381,877,0.014009738357254178,0.06235442424474153,0.3033067274800456,265,-0.1883945279220734
vol_per_trade_z,long,9,1.4449022804360598,inf,867,0.01393279882189315,-0.004875799416900844,0.314878892733564,307,0.059919338914355566
tbi_z24,long,7,0.5523382488745685,0.8798770194860938,874,0.013920667673557624,-0.00488793056523637,0.3135011441647597,325,-0.003072038919849897
hour,long,1,4.0,8.0,1461,0.013843433458982332,-0.0049651647798116625,0.3134839151266256,537,-0.002939250248277861
minofday,long,1,240.0,480.0,1461,0.013843433458982332,-0.0049651647798116625,0.3134839151266256,537,-0.002939250248277861
kyle_z,short,2,-0.8589886315728682,-0.6438246935495081,867,0.013784224457112313,0.062128910344599664,0.31949250288350634,270,-0.12460227501216568
tbi_ma24,short,7,0.0009966377006771499,0.0030165052439096785,874,0.0137092925756559,0.062053978463143256,0.28489702517162474,246,-0.25763005136355555
dq_cum24,short,7,0.051199594242740815,0.1483850612762181,874,0.013681012003609548,0.0620256978910969,0.28489702517162474,252,-0.2538320785240424
range_rank,short,4,0.3770833333333333,0.48125,833,0.01360231195710306,0.061946997844590415,0.3085234093637455,328,-0.11819665264201852
ats_rank480,long,8,0.8479166666666667,0.9354166666666667,833,0.013451748970424926,-0.005356849268369069,0.31212484993997597,265,0.09317402338013675
ats_rank480,long,9,0.9354166666666667,inf,837,0.013288485773518526,-0.005520112465275468,0.3106332138590203,237,0.26066932362310913
since_hi480,long,3,69.0,125.0,837,0.01327948970784732,-0.005529108530946675,0.2986857825567503,350,-0.1544881075821153
is_weekend,long,1,1.0,inf,2508,0.013070023810873632,-0.005738574427920362,0.31658692185007975,923,0.1285578145063589
flow_div,long,0,-inf,0.0,6889,0.012839366499154238,-0.005969231739639756,0.30933372042386414,2414,-0.03153298321732501
persist6,long,9,0.8180967993913174,inf,876,0.012837624032772142,-0.005970974206021853,0.3025114155251142,311,-0.028250039424109964
rpt_z,long,7,0.4062038984424042,0.7850117122844968,867,0.012257733277457787,-0.006550864961336207,0.3102652825836217,355,-0.04312501886418854
extreme_late,short,6,0.8075313807531381,0.8786610878661087,860,0.012041218542787075,0.06038590443027443,0.3081395348837209,309,0.043347756967800743
persist6,long,0,-inf,0.0737464414356186,876,0.012018546646805494,-0.0067900515919885,0.3047945205479452,323,0.050056015572472995
since_lo24,long,1,2.0,5.0,1079,0.01180378979301219,-0.007004808445781805,0.29471733086190915,401,-0.08954161968297626
hi_pos,long,8,0.8284518828451883,0.9414225941422594,871,0.011546651138383084,-0.00726194710041091,0.3157290470723307,336,0.049242724433753014
dn_wick,short,9,0.6023615805780694,inf,877,0.011391145705103883,0.059735831592591236,0.30672748004561,316,0.04593250547321991
up_wick,short,5,0.2570842879536988,0.3179136248195269,877,0.011292266500399174,0.05963695238788653,0.30216647662485746,317,0.1357451199508881
to_hi24,short,1,0.6130051047091024,0.9750212547727201,874,0.01123619080675032,0.05958087669423767,0.2997711670480549,289,-0.25127651171106474
absorb,long,1,-0.14679728299706482,-0.0683031789361869,876,0.011065416852854611,-0.007743181385939383,0.317351598173516,332,-0.0363580952202738
since_lo480,long,6,366.0,410.0,830,0.011010853667024915,-0.007797744571769079,0.29759036144578316,247,-0.030663261136021868
kyle,long,6,3.685243424347186e-07,4.134743394911122e-07,876,0.01095122569599871,-0.007857372542795284,0.3002283105022831,184,0.07486613485655318
lo_pos,long,3,0.1589958158995816,0.27615062761506276,885,0.01091829936917689,-0.007890298869617104,0.30847457627118646,317,0.0947407860306977
wick_skew,long,2,-0.28415366438028616,-0.1806848695854136,877,0.010750908489525828,-0.008057689749268166,0.3090079817559863,317,0.033075357786498304
extreme_late,short,3,0.5188284518828452,0.6234309623430963,885,0.010609526519856626,0.05895421240734398,0.303954802259887,283,-0.07758417498170854
accel,long,0,-inf,-1.6491428709401679,874,0.01051149765154082,-0.008297100587253175,0.3009153318077803,357,-0.14764077093169894
disp24,long,3,-1.3908624376971332,-0.5502340015475478,873,0.010469477004907381,-0.008339121233886613,0.29553264604810997,316,-0.12362944836758724
hi_pos,short,7,0.698744769874477,0.8284518828451883,877,0.010399258906516615,0.058743944794003966,0.3055872291904219,328,0.05740794541800064
tbi_z96,long,7,0.5399741851352386,0.8409490837143425,867,0.010373704060244238,-0.008434894178549757,0.30680507497116494,286,-0.09036237922285467
close_loc,long,3,0.3360237627574011,0.4277325790224542,876,0.010308322197242632,-0.008500276041551362,0.3093607305936073,285,0.06897346260613788
dq,long,6,0.0061825412298494075,0.017399669031531558,876,0.01011156701527065,-0.008697031223523345,0.3070776255707763,254,-0.07126737867101612
m1_jump,long,8,0.25195253342068497,0.3388243672399471,876,0.009998759760347406,-0.008809838478446588,0.3059360730593607,349,-0.00170530480838297
since_lo24,long,4,11.0,15.0,1034,0.00996384043671183,-0.008844757802082165,0.31334622823984526,380,0.027006148841288095
disp6,short,0,-inf,-1.7804717542894932,876,0.009784881701713165,0.058129567589200515,0.2968036529680365,381,0.1363046114575201
sess_eu,long,1,1.0,inf,2922,0.009613298946835038,-0.009195299291958956,0.3083504449007529,1074,-0.017997183401337956
persist6,short,8,0.6910456957029085,0.8180967993913174,876,0.009513618543992868,0.05785830443148022,0.3105022831050228,303,-0.04094791167444499
atr_rank,short,1,0.04791666666666667,0.13333333333333333,836,0.0092052308316827,0.05754991671917005,0.3277511961722488,379,-0.03391664220076096
dq_z96,long,8,0.8403602678012647,1.3027029395279508,867,0.009187216268486788,-0.009621381970307206,0.31257208765859285,308,-0.010539140047683604
absorb,long,0,-inf,-0.14679728299706482,877,0.009152656686197086,-0.009655941552596909,0.31584948688711517,423,-0.003616887372652894
vol_per_trade_z,long,1,-1.3600079077846818,-0.9392144382417976,867,0.008770473185695508,-0.010038125053098486,0.30565167243367936,316,-0.08234556386960663
ats_z96,short,1,-1.3406424527553134,-0.9122146512040115,867,0.008763414728775546,0.0571081006162629,0.2895040369088812,355,0.1531900891401295
since_lo96,short,3,33.0,47.0,840,0.008660742334551497,0.05700542822203885,0.2857142857142857,293,-0.11101536485512081
efficiency,long,7,0.07649580443428429,0.09515751344876869,877,0.008639184447712913,-0.010169413791081081,0.2998859749144812,346,-0.04524768641869871
m1_jump,long,3,0.12451667415153965,0.1405938842871208,876,0.008452367462887342,-0.010356230775906652,0.3116438356164384,341,0.009304565287422708
tbi_z24,long,4,-0.27413341803170954,-0.001980968647508028,874,0.008261091101675987,-0.010547507137118007,0.30549199084668194,368,-0.04180355557470483
since_lo24,long,0,-inf,2.0,667,0.00822927841052116,-0.010579319828272834,0.3058470764617691,284,-0.18255541571631784
m1_jump,long,6,0.18045301309243397,0.20971816373948826,876,0.00819823803213506,-0.010610360206658934,0.3105022831050228,354,-0.05412617923509107
since_lo480,long,7,410.0,447.0,826,0.008177362441497697,-0.010631235797296298,0.2990314769975787,200,0.10777229795448051
lo_pos,short,1,0.016736401673640166,0.07112970711297072,900,0.00795763504634794,0.05630232093383529,0.29777777777777775,288,0.1315246037093479
tbi,long,6,0.0030071644135989633,0.008709581192913353,876,0.007896985981938467,-0.010911612256855528,0.3070776255707763,252,-0.06369828662977489
rv_vs_range,long,7,0.7652230555975403,0.824571909710019,877,0.007749922814277421,-0.011058675424516573,0.314709236031927,354,-0.1342616192644672
efficiency,short,1,0.009040793835589173,0.017949588329827786,876,0.007723614088966457,0.05606829997645381,0.3047945205479452,303,-0.021224750108730425
wick_skew,short,3,-0.1806848695854136,-0.09645779357826975,876,0.007559216077894048,0.0559039019653814,0.2968036529680365,308,-0.0635787012411073
atr_pct,long,2,0.012070208858927747,0.01380005008421249,877,0.007474629358677358,-0.011333968880116636,0.33409350057012543,484,0.04131778606410302
tbi,long,2,-0.020024678573198583,-0.013168510616637938,877,0.007439901224833537,-0.011368697013960458,0.3010262257696693,276,-0.10046884087344729
to_lo24,short,7,3.5732048953253366,4.366514855543424,874,0.006836778649827766,0.05518146453731512,0.2814645308924485,325,-0.07537332869094432
wick_skew,long,4,-0.09645779357826975,-0.013552295918367374,876,0.006695494918239369,-0.012113103320554625,0.3070776255707763,337,-0.1027346364930742
disp6,short,6,0.329275481138288,0.6964592982610548,876,0.0065145310664206525,0.054859216953908004,0.3013698630136986,324,0.0771266227369578
updn_ratio,short,0,-inf,0.4602510460251046,865,0.006374697931815229,0.05471938381930258,0.3017341040462428,343,0.045866874373943274
pos480,short,1,0.14801776353696755,0.2171383053410379,828,0.006295101450437119,0.054639787337924475,0.25966183574879226,455,-0.3506600659212259
accel,long,7,0.6613074383967532,1.0856744648996421,873,0.006097258573546215,-0.012711339665247779,0.3138602520045819,348,-0.01299775152447059
close_loc,long,5,0.52505473120895,0.6128157222335351,877,0.006016018500090437,-0.012792579738703558,0.3090079817559863,296,0.06944141641037951
since_lo96,long,5,60.0,71.0,824,0.005961190492976137,-0.012847407745817857,0.3288834951456311,267,0.10876651550000689
atr_rank,short,5,0.4625,0.5854166666666667,828,0.005878729229592514,0.05422341511707987,0.32004830917874394,334,0.19377833596078844
since_lo480,short,3,176.50000000000045,249.0,824,0.005587136334408046,0.053931822221895395,0.2973300970873786,393,-0.21235333143926483
rpt_z,short,3,-0.6179349713597198,-0.3821033315739095,867,0.0055320041714784635,0.053876690058965816,0.29988465974625145,268,0.05834801420476211
pos24,long,8,0.8091875995254977,0.8857343537894616,874,0.005239962344845043,-0.013568635893948952,0.30778032036613273,287,0.12858016415515144
tbi_z24,long,0,-inf,-1.3227384666546933,875,0.00523051796718596,-0.013578080271608034,0.304,301,-0.0930560775875106
extreme_late,long,2,0.3891213389121339,0.5188284518828452,866,0.005134857970562965,-0.01367374026823103,0.3117782909930716,327,-0.07212969242419708
atr_pct,short,1,0.01019349926659955,0.012070208858927747,876,0.004927531887548928,0.05327221777503628,0.3344748858447489,693,0.20180510456416753
dq,long,2,-0.039953790024378336,-0.02612180672785863,877,0.004804755475271054,-0.01400384276352294,0.2998859749144812,280,-0.09301828349631357
to_hi96,long,0,-inf,1.0266535812153021,867,0.00446797948478803,-0.014340618754005965,0.3206459054209919,276,-0.03078699815476427
atr_rank,long,4,0.3375,0.4625,828,0.004311387872258643,-0.01449721036653535,0.31280193236714976,368,0.09323225336347997
since_hi480,short,0,-inf,11.0,808,0.0038799184134439895,0.05222460430093134,0.29455445544554454,186,-0.13852179758081293
efficiency,short,0,-inf,0.009040793835589173,877,0.003811078535442597,0.05215576442292995,0.2998859749144812,283,0.009770110927037307
up_wick,long,6,0.3179136248195269,0.38427705627705583,876,0.0036630624871422453,-0.01514553575165175,0.3070776255707763,300,0.10671989336840762
since_lo24,short,3,8.0,11.0,758,0.003261717172072973,0.051606403059560324,0.2955145118733509,279,-0.020185835199397182
ats_z96,long,2,-0.9122146512040115,-0.6089442981471993,867,0.0032009498985298844,-0.01560764834026411,0.3033448673587082,340,-0.04384732462587921
flow_eff,short,5,0.27667621324964786,0.4191040181338267,876,0.003127803907421444,0.051472489794908795,0.3059360730593607,273,-0.10391502198713269
tbi_z8,long,9,1.354660076792907,inf,876,0.0031093997791790226,-0.015699198459614972,0.3105022831050228,314,-0.018682801779510965
dn_wick,long,2,0.1146328000538512,0.16670349907920837,877,0.002935039026966193,-0.0158735592118278,0.30786773090079816,321,-0.07061737779552746
to_lo24,long,8,4.366514855543424,5.380773368718427,874,0.0026960408755195993,-0.016112557363274396,0.2940503432494279,269,-0.05740545944666132
hour,long,3,12.0,16.0,1461,0.0025263033673449597,-0.016282294871449034,0.30321697467488024,537,-0.02732543189543489
minofday,long,3,720.0,960.0,1461,0.0025263033673449597,-0.016282294871449034,0.30321697467488024,537,-0.02732543189543489
rpt_z,short,6,0.11541738274548088,0.4062038984424042,867,0.002473305204370495,0.05081799109185785,0.29411764705882354,320,0.12907142928334747
dow,long,1,1.0,2.0,1253,0.0024027794319050684,-0.016405818806888926,0.3040702314445331,456,0.024171459847432575
lo_pos,short,9,0.9355648535564869,inf,877,0.0023545302550710186,0.05069921614255837,0.29874572405929306,344,0.10234447233250843
tbi_z24,long,8,0.8798770194860938,1.323035951769245,874,0.0019959212814493585,-0.016812676957344636,0.30778032036613273,313,-0.08717175340763841
extreme_late,short,7,0.8786610878661087,0.9372384937238494,865,0.001875729494383974,0.050220415381871324,0.30751445086705204,352,0.022141730670160606
pos24,short,2,0.24288878500334718,0.34298752660413573,874,0.0018259408159507495,0.0501706267034381,0.3169336384439359,362,0.08785717673174422
tbi_z24,short,3,-0.5501928331766714,-0.27413341803170954,874,0.0017917315933172221,0.05013641748080457,0.2951945080091533,325,0.11123606660922873
hi_pos,long,6,0.5564853556485355,0.698744769874477,875,0.0017696526936591276,-0.017038945545134868,0.29828571428571427,311,0.006872671403105422
m1_jump,short,5,0.159385695531066,0.18045301309243397,877,0.0017323825413124215,0.050077068428799776,0.30444697833523376,331,0.00825047477485278
dq_z96,long,4,-0.2566671889570011,-0.006008376991721173,867,0.0014576586726742422,-0.01735093956611975,0.2952710495963091,364,-0.06550742187476659
efficiency,long,4,0.03808282100614866,0.04943748063074492,876,0.0014412275447594671,-0.017367370694034528,0.3036529680365297,306,0.09557047292839217
accel,long,6,0.33119465026240713,0.6613074383967532,874,0.0013862791594456431,-0.017422319079348353,0.3180778032036613,255,0.017427890225823042
tbi_z96,short,3,-0.5373577890535531,-0.2553814783649961,867,0.0012041153568712291,0.04954880124435858,0.29873125720876587,300,0.04624902808453571
pos96,long,6,0.6450096414647009,0.7579715165324187,867,0.000992047588464984,-0.01781655065032901,0.3275663206459054,358,0.09624260170333573
efficiency,long,8,0.09515751344876869,0.12435211656186398,876,0.0008333410288625928,-0.0179752572099314,0.3082191780821918,356,-0.021561025728733543
trade_intensity,short,0,-inf,0.44299151602712095,867,0.0008169518377105616,0.04916163772519792,0.32525951557093424,559,0.08898033368948513
dn_wick,short,1,0.06063348667650544,0.1146328000538512,876,0.0007975287725870115,0.04914221466007437,0.2990867579908676,316,-0.01648960653462961
lo_pos,long,1,0.016736401673640166,0.07112970711297072,900,0.0007955908494767132,-0.01801300738931728,0.31,288,-0.10687848013429997
rpt_rank,long,6,0.5708333333333333,0.6791666666666667,830,0.0007718779355643797,-0.018036720303229614,0.3144578313253012,322,-0.11622799407924085
vol_per_trade_z,long,6,0.21414320489103297,0.5335539487469343,867,0.0006169382849460213,-0.018191659953847972,0.3091118800461361,326,0.06076350932292852
trade_intensity,long,0,-inf,0.44299151602712095,867,0.00025028938879056073,-0.018558308850003435,0.32410611303344866,559,0.09805217949000536
to_lo24,short,3,1.5507470855117158,1.9944429526824226,874,9.586794259785502e-05,0.048440553830085206,0.30663615560640733,342,0.12807895414523482
hi_pos,long,4,0.27615062761506276,0.41841004184100417,880,5.7850070918704947e-05,-0.018750748167875288,0.2988636363636364,361,0.015707138690773472
dq,short,3,-0.02612180672785863,-0.015102813222672326,876,-0.00032906549018291685,0.048015620397304434,0.3002283105022831,220,0.1987173527125469
tbi_z96,long,4,-0.2553814783649961,-0.004833135626994989,867,-0.0005321069883960594,-0.019340705227190055,0.2952710495963091,363,-0.06282052225638023
tbi,short,3,-0.013168510616637938,-0.007654052728105141,876,-0.000808716357886972,0.04753596952960038,0.3002283105022831,221,0.1660348561080279
atr_pct,long,6,0.018859711195326537,0.02119866654978644,876,-0.0008474395112836562,-0.01965603775007765,0.3230593607305936,109,0.4000305802072708
dn_wick,long,9,0.6023615805780694,inf,877,-0.0010168785370695023,-0.019825476775863497,0.3010262257696693,316,-0.043737276096924925
tbi_ma8,long,6,-8.514950941362843e-05,0.00217507300364068,875,-0.0010454353029747219,-0.019854033541768717,0.29714285714285715,242,0.061643040908702644
dq_z96,long,1,-1.293329031337503,-0.8587730583550733,867,-0.0013422625380035613,-0.020150860776797556,0.2952710495963091,312,0.03597361928051729
to_lo96,short,7,7.596208370083321,9.137172348829573,867,-0.001366032749725261,0.04697865313776209,0.31949250288350634,374,0.3283734969686327
m1_jump,long,2,0.10865966621344716,0.12451667415153965,877,-0.0013996323905252018,-0.020208230629319195,0.3010262257696693,321,0.08382669998597836
to_hi24,long,8,3.7577961891365845,4.790134118284894,874,-0.0016228646848072226,-0.020431462923601217,0.3135011441647597,372,0.07307985900103671
since_lo480,short,7,410.0,447.0,826,-0.0017082228168721506,0.046636463070615204,0.30387409200968524,200,-0.24771497488230892
absorb,short,1,-0.14679728299706482,-0.0683031789361869,876,-0.001749115646318372,0.04659557024116898,0.3105022831050228,332,0.14684169308823075
gap,short,5,0.0002571207823121999,inf,877,-0.0019398464477260815,0.04640483943976127,0.3090079817559863,26,
range_per_trade,long,6,3.118313638746739e-08,3.4871296877540556e-08,876,-0.002075190672581004,-0.020883788911374997,0.3047945205479452,208,0.1770242624931919
tbi_z8,long,7,0.6074870578487849,0.9238444153592951,876,-0.0022008019707491122,-0.021009400209543106,0.3036529680365297,297,-0.13826704510411894
gap,short,1,-0.00025816145493430016,-7.901603251036761e-05,876,-0.002509837382981957,0.04583484850450539,0.3047945205479452,457,-0.036238732907965414
since_lo96,short,4,47.0,60.0,895,-0.0025234863102781527,0.0458211995772092,0.29720670391061454,277,-0.16440959018480364
rv_vs_range,short,8,0.824571909710019,0.9114508923578857,876,-0.0025536369575393787,0.045791048929947974,0.3025114155251142,342,-0.011023521785002408
to_hi96,short,0,-inf,1.0266535812153021,867,-0.0029883991851392894,0.045356286702348064,0.31257208765859285,276,-0.1682396948803881
to_lo96,short,2,2.5780327686168896,3.4872744615639926,867,-0.00304945392235909,0.04529523196512826,0.2768166089965398,358,0.08213544467363831
efficiency,long,1,0.009040793835589173,0.017949588329827786,876,-0.0030841726610248187,-0.021892770899818812,0.3047945205479452,303,0.00957770277841276
tbi_z96,short,7,0.5399741851352386,0.8409490837143425,867,-0.003381583279080918,0.044963102608406434,0.2964244521337947,286,0.040553401860982566
dq_z96,short,7,0.5409492448694525,0.8403602678012647,867,-0.003394899289952365,0.044949786597534985,0.2964244521337947,284,0.03144186839318194
rpt_z,long,0,-inf,-1.216474230141495,867,-0.0038134919232247566,-0.02262209016201875,0.3079584775086505,341,-0.13889937041817016
lo_pos,long,6,0.5397489539748954,0.6820083682008368,885,-0.003866957845610825,-0.02267555608440482,0.30056497175141245,331,0.09508515877189194
rpt_z,short,0,-inf,-1.216474230141495,867,-0.003922047578583451,0.0444226383089039,0.3079584775086505,341,0.045685256781692364
rv_vs_range,short,3,0.5901794183609127,0.6336503707839143,876,-0.004520301536283137,0.04382438435120421,0.3002283105022831,316,-0.0312512559542195
since_hi96,long,1,4.0,10.0,826,-0.004604636406237756,-0.02341323464503175,0.30024213075060535,245,-0.15821840319074623
vol_of_vol,short,4,-0.4435321718973473,-0.29998734266072047,826,-0.004922915497099658,0.04342177039038769,0.2966101694915254,239,0.03281891254136173
tbi_ma96,long,2,-0.005221464332485892,-0.003994503230319841,867,-0.0049431414105351535,-0.023751739649329147,0.3160322952710496,342,-0.3454895513157811
avg_trade_usd,long,8,4762.617031526381,5193.04320066882,876,-0.004957811184178758,-0.023766409422972753,0.3070776255707763,384,-0.009793664716770576
range_rank,short,2,0.17291666666666666,0.275,837,-0.005009147037998636,0.043335538849488715,0.3154121863799283,318,-0.10782715128872965
efficiency,long,0,-inf,0.009040793835589173,877,-0.005369059925798481,-0.024177658164592476,0.30672748004561,283,-0.010066555743326837
disp96,short,1,-7.316418299668853,-4.6414997717812,867,-0.0054679074893908925,0.04287677839809646,0.27450980392156865,306,-0.24294564412329456
pos480,short,4,0.439279891478773,0.5886857473616829,829,-0.006586568123442319,0.04175811776404503,0.32689987937273823,301,0.23574208783140332
kyle,short,3,2.6778939369519616e-07,2.987557355074311e-07,876,-0.006697483935942527,0.041647201951544824,0.3116438356164384,336,-0.01569652153083881
lo_pos,long,0,-inf,0.016736401673640166,799,-0.006731720185895681,-0.025540318424689675,0.3016270337922403,285,-0.013766173153956155
rpt_z,long,3,-0.6179349713597198,-0.3821033315739095,867,-0.006839619022689624,-0.02564821726148362,0.3033448673587082,268,0.08116300133155124
to_hi96,short,9,9.983912827373404,inf,867,-0.006874813300344674,0.04146987258714268,0.2825836216839677,380,0.06470173757599826
wick_skew,short,4,-0.09645779357826975,-0.013552295918367374,876,-0.006910838705662588,0.041433847181824766,0.295662100456621,337,0.15232508564260114
ats_rank480,short,8,0.8479166666666667,0.9354166666666667,833,-0.007149590790227431,0.04119509509725992,0.3133253301320528,265,-0.08783326357635306
disp96,long,3,-2.613129304605548,-1.072868132323117,867,-0.007169109378011158,-0.02597770761680515,0.31833910034602075,317,-0.014096743915622139
m1_jump,short,0,-inf,0.09125296461620419,877,-0.007419846808820107,0.040924839078667244,0.29304446978335236,343,0.016150455190556964
persist6,short,2,0.1437316015990382,0.2226079432468842,876,-0.007531899131576173,0.04081278675591118,0.3059360730593607,320,0.036711876363202965
updn_ratio,short,4,0.49159663865546216,0.5,873,-0.00846603248045078,0.03987865340703657,0.2920962199312715,274,-0.0033605137975412677
trade_intensity,short,1,0.44299151602712095,0.5487640851719368,867,-0.008685960607804391,0.03965872527968296,0.3021914648212226,332,-0.056391777468903455
close_loc,short,7,0.7036539599702323,0.7890827405603821,877,-0.008821835770031832,0.03952285011745552,0.28734321550741165,290,0.06775179585286954
since_lo24,short,9,24.0,inf,1229,-0.00912513558575066,0.0392195503017367,0.3051261187957689,435,-0.07755209640290164
tbi_z96,long,1,-1.2937127435063578,-0.8595671205731356,867,-0.009142058137067807,-0.0279506563758618,0.2918108419838524,313,0.03618671906720536
rpt_rank,long,4,0.3625,0.4666666666666667,832,-0.00924813535429886,-0.028056733593092853,0.29927884615384615,326,0.06587709045625441
since_hi24,long,6,16.0,20.0,1111,-0.009555965840960703,-0.028364564079754698,0.3051305130513051,375,-0.016807143771782128
kyle,long,5,3.30631537978391e-07,3.685243424347186e-07,877,-0.009882773160355605,-0.0286913713991496,0.3055872291904219,245,-0.18557037328807766
updn_ratio,long,0,-inf,0.4602510460251046,865,-0.01012497211590426,-0.028933570354698256,0.30751445086705204,343,0.022011512437957844
tbi_z8,short,5,0.003767039247392485,0.2934497525791458,876,-0.010175565732497803,0.03816912015498955,0.3093607305936073,348,0.09410989365575094
up_wick,short,4,0.2055823326150177,0.2570842879536988,876,-0.010321860281319309,0.03802282560616804,0.29337899543379,339,0.05924912139790162
atr_pct,short,6,0.018859711195326537,0.02119866654978644,876,-0.011015468711629641,0.037329217175857715,0.2968036529680365,109,-0.2548340245969316
tbi_z96,long,3,-0.5373577890535531,-0.2553814783649961,867,-0.011037193769587495,-0.02984579200838149,0.29988465974625145,300,-0.02552689712972547
hi_pos,short,8,0.8284518828451883,0.9414225941422594,871,-0.011103753761633053,0.037240932125854304,0.3019517795637199,336,-0.06121633714533067
atr_rank,long,3,0.22708333333333333,0.3375,833,-0.01118263791157658,-0.029991236150370575,0.31212484993997597,319,0.10974081881824108
since_lo24,long,6,18.0,20.0,608,-0.011270346978479144,-0.03007894521727314,0.3059210526315789,223,0.041821075837468046
vol_per_trade_z,long,0,-inf,-1.3600079077846818,867,-0.011294253357934525,-0.03010285159672852,0.30103806228373703,292,-0.13183797853687465
extreme_late,short,5,0.7238493723849372,0.8075313807531381,903,-0.011449568952831142,0.03689511693465621,0.2978959025470653,365,0.0904624646777249
since_hi96,long,8,84.0,93.0,854,-0.011670135833525967,-0.030478734072319963,0.29859484777517564,395,0.004184397965311873
persist6,long,8,0.6910456957029085,0.8180967993913174,876,-0.012314943424854646,-0.03112354166364864,0.3025114155251142,303,0.042976050452291636
pos480,short,9,0.9286429376153641,inf,829,-0.012342894852201578,0.03600179103528577,0.30036188178528345,174,-0.016515726740831505
to_lo480,long,3,8.431407725710367,10.715801865379952,828,-0.012734809119424212,-0.03154340735821821,0.3140096618357488,327,-0.010727276233632767
lo_pos,short,6,0.5397489539748954,0.6820083682008368,885,-0.01286098485426215,0.03548370103322521,0.2937853107344633,331,-0.05071907660133205
dow,long,2,2.0,3.0,1248,-0.013237527685893346,-0.03204612592468734,0.2988782051282051,462,-0.12615181795016803
absorb,short,0,-inf,-0.14679728299706482,877,-0.013323414614011457,0.035021271273475894,0.3112884834663626,423,0.07480307177878974
extreme_late,long,7,0.8786610878661087,0.9372384937238494,865,-0.013820068408344946,-0.03262866664713894,0.2994219653179191,352,-0.0369191711314297
close_loc,long,8,0.7890827405603821,0.8779196224862643,876,-0.013852924646613116,-0.03266152288540711,0.3047945205479452,317,-0.010091572256955157
wick_skew,short,0,-inf,-0.4377410159181354,877,-0.013935665243633058,0.034409020643854295,0.29646522234891676,325,-0.025324116590759418
m1_jump,short,6,0.18045301309243397,0.20971816373948826,876,-0.014218133865339514,0.03412655202214784,0.3059360730593607,354,0.027027415345573864
ats_z96,long,3,-0.6089442981471993,-0.3242508505869179,867,-0.014331651048320133,-0.03314024928711413,0.3033448673587082,332,-0.11048260685844795
close_loc,long,2,0.2411498761821243,0.3360237627574011,877,-0.014438220018239524,-0.03324681825703352,0.3010262257696693,307,0.023137907231014204
body_frac,long,0,-inf,-0.624846839320522,877,-0.014470560931990015,-0.03327915917078401,0.29418472063854045,411,-0.047067114424618715
tbi_ma96,long,9,0.0027365291248077385,inf,867,-0.015062745305800282,-0.03387134354459428,0.2837370242214533,553,0.1714044524264943
to_hi24,long,7,3.0361244652164334,3.7577961891365845,874,-0.015152717488061754,-0.03396131572685575,0.28604118993135014,386,-0.10160319007146477
trade_intensity,short,2,0.5487640851719368,0.6373089822903832,867,-0.015158845331624095,0.03318584055586326,0.29988465974625145,264,-0.0332058540754164
kyle_z,short,1,-1.135397580785618,-0.8589886315728682,867,-0.015256478592361365,0.03308820729512599,0.314878892733564,308,0.04469343110801043
lo_pos,long,2,0.07112970711297072,0.1589958158995816,915,-0.015408559820691876,-0.03421715805948587,0.307103825136612,318,0.027957206252588507
tbi_z8,long,1,-1.3409038308105765,-0.9467241273073556,876,-0.015606386321820539,-0.03441498456061454,0.2968036529680365,288,0.0015936931001390277
dn_wick,long,1,0.06063348667650544,0.1146328000538512,876,-0.015633286132729123,-0.03444188437152312,0.3002283105022831,316,0.007797296693662024
to_lo24,short,2,1.1706383506773248,1.5507470855117158,874,-0.01568975424859997,0.032654931638887386,0.3157894736842105,318,0.0814968203860263
persist6,short,0,-inf,0.0737464414356186,876,-0.015890752552760384,0.03245393333472697,0.2945205479452055,323,0.08043505513014432
to_lo24,short,1,0.7648849695554003,1.1706383506773248,874,-0.015910339301047027,0.03243434658644033,0.2986270022883295,312,0.19995656529500275
dq_z96,long,3,-0.537193005180019,-0.2566671889570011,867,-0.016042466242934914,-0.03485106448172891,0.29873125720876587,299,-0.022133385194937044
kyle_z,long,1,-1.135397580785618,-0.8589886315728682,867,-0.01631490335763337,-0.03512350159642737,0.31141868512110726,308,0.10520859536204878
ats_rank480,long,2,0.175,0.28541666666666665,819,-0.016523382087179152,-0.03533198032597315,0.2979242979242979,331,-0.14024216623431549
trade_intensity,short,9,1.8005630550031468,inf,867,-0.0171389859340512,0.031205699953436153,0.28719723183391005,414,0.14638457721668482
trade_intensity,long,7,1.1173278827714148,1.3482077717504959,867,-0.017577582757956445,-0.036386180996750436,0.28835063437139563,283,-0.08208026491851647
extreme_late,long,3,0.5188284518828452,0.6234309623430963,885,-0.017986191814158704,-0.0367947900529527,0.296045197740113,283,0.03940959667476551
since_hi96,short,2,10.0,20.0,939,-0.018330962017818395,0.030013723869668957,0.30564430244941426,276,-0.007261146264156629
since_lo96,short,6,71.0,82.0,890,-0.018624651575178487,0.029720034312308866,0.32808988764044944,329,0.14774690628632467
persist96,short,4,0.07344964523908125,0.09793205045260268,866,-0.018709686971832534,0.02963499891565482,0.3094688221709007,406,0.11353851714636361
absorb,short,9,0.09575947728273958,inf,877,-0.018836329296494862,0.02950835659099249,0.2976054732041049,450,-0.011968672218809408
m1_jump,short,3,0.12451667415153965,0.1405938842871208,876,-0.01907323612724287,0.029271449760244483,0.2888127853881279,341,-0.007447131096493218
pos96,short,6,0.6450096414647009,0.7579715165324187,867,-0.019122079009032192,0.02922260687845516,0.31257208765859285,358,-0.035325251453160275
to_lo24,long,0,-inf,0.7648849695554003,875,-0.019233834456339246,-0.038042432695133244,0.29714285714285715,377,-0.08228428007435931
rpt_rank,short,4,0.3625,0.4666666666666667,832,-0.019349097120220506,0.028995588767266847,0.29927884615384615,326,0.022150909406764722
tbi_z8,short,3,-0.6040612272436893,-0.2815991935356222,875,-0.019604131659561534,0.02874055422792582,0.296,362,0.011462437863693678
close_loc,short,0,-inf,0.14601537594380817,877,-0.019798176193377794,0.02854650969410956,0.29646522234891676,389,0.08613381295570618
disp6,short,5,0.03261478069250262,0.329275481138288,876,-0.019842762309544095,0.028501923577943258,0.2979452054794521,296,-0.02792042274923974
ats_rank480,short,3,0.28541666666666665,0.4,830,-0.01988995119127213,0.028454734696215223,0.3036144578313253,332,0.0987090757910015
ats_z96,long,5,-0.03431224938847927,0.2738726853948817,867,-0.019975710042752892,-0.038784308281546886,0.29873125720876587,333,-0.002193328045933171
body_frac,short,6,0.17569474296582896,0.3299585854842767,876,-0.020110561089593727,0.028234124797893626,0.3047945205479452,310,0.050784444707739435
tbi_z24,long,1,-1.3227384666546933,-0.8779291138600496,874,-0.02016980130740305,-0.03897839954619704,0.2906178489702517,302,0.024975460986636916
pos24,short,9,0.8857343537894616,inf,875,-0.020441453242477564,0.02790323264500979,0.2914285714285714,341,-0.16526064079169422
absorb,long,9,0.09575947728273958,inf,877,-0.020508475135332382,-0.03931707337412638,0.3124287343215507,450,0.13503289629201246
tbi_z8,long,3,-0.6040612272436893,-0.2815991935356222,875,-0.020568643592284316,-0.03937724183107831,0.29714285714285715,362,0.024882408343133357
wick_skew,long,7,0.1466209500176167,0.25166950855143666,877,-0.02059627835906774,-0.03940487659786174,0.29874572405929306,312,-0.05072375771653659
vol_of_vol,long,6,-0.1159629389336806,0.1305644429785149,826,-0.020740436748726443,-0.03954903498752044,0.2966101694915254,256,0.3215387517432067
lo_pos,short,0,-inf,0.016736401673640166,799,-0.02076645575329272,0.027578230134194633,0.28911138923654567,285,-0.024451161937862988
pos24,long,2,0.24288878500334718,0.34298752660413573,874,-0.020826141123395103,-0.0396347393621891,0.2974828375286041,362,0.01499153143942913
tbi_z96,long,0,-inf,-1.2937127435063578,867,-0.02086602143766773,-0.03967461967646173,0.3091118800461361,284,-0.11880758469790827
persist6,long,1,0.0737464414356186,0.1437316015990382,876,-0.020869642622488267,-0.03967824086128226,0.2979452054794521,280,0.030370266963875552
updn_ratio,long,6,0.5062761506276151,0.5146443514644351,914,-0.021180167212952912,-0.039988765451746906,0.2975929978118162,345,-0.027480861229234356
rpt_rank,long,2,0.17291666666666666,0.26458333333333334,815,-0.021948866461848363,-0.04075746470064236,0.2969325153374233,298,-0.12358954991350388
dn_wick,long,5,0.27842507030932095,0.33942584319378094,877,-0.02227057568015894,-0.04107917391895294,0.3010262257696693,304,0.05154897240372038
since_lo96,long,2,19.0,33.0,852,-0.02227077507282493,-0.04107937331161893,0.29225352112676056,343,0.0806861308848762
rpt_z,long,1,-1.216474230141495,-0.890299282014816,867,-0.0227215822864469,-0.04153018052524089,0.30103806228373703,324,-0.08498249159180787
tbi_z8,short,2,-0.9467241273073556,-0.6040612272436893,876,-0.02315970512484443,0.025184980762642924,0.2899543378995434,311,0.023853307385497746
atr_pct,short,4,0.015344019804804385,0.017038161888111823,876,-0.023235383921363626,0.025109301966123727,0.3139269406392694,287,0.2565945515859208
range_z,short,9,1.2202518597702472,inf,867,-0.023316052549129943,0.02502863333835741,0.28604382929642447,359,0.06569850583584547
pos24,long,1,0.1529843724693117,0.24288878500334718,874,-0.02340308618233098,-0.042211684421124974,0.30549199084668194,335,-0.08465906126927161
up_wick,short,6,0.3179136248195269,0.38427705627705583,876,-0.023823940159385614,0.02452074572810174,0.3002283105022831,300,-0.053233999461000735
up_wick,short,3,0.1537346445545088,0.2055823326150177,876,-0.024236740512355394,0.02410794537513196,0.2876712328767123,330,0.03148470636843929
since_lo24,short,8,23.0,24.0,560,-0.02430788182038611,0.024036804067101243,0.30178571428571427,187,-0.09783779746536445
persist6,long,4,0.302335680588273,0.39038315738435553,875,-0.024615928238416903,-0.0434245264772109,0.29828571428571427,348,-0.16038191399204002
accel,long,4,-0.34874645215833466,-0.013099381754319017,874,-0.024627595184019167,-0.04343619342281316,0.30320366132723114,336,0.05211807354016725
tbi_z96,short,0,-inf,-1.2937127435063578,867,-0.02505104404548603,0.023293641842001323,0.3033448673587082,284,0.10500596967148632
dq_z96,long,0,-inf,-1.293329031337503,867,-0.02507123353214671,-0.04387983177094071,0.3079584775086505,284,-0.11880758469790827
atr_rank,short,4,0.3375,0.4625,828,-0.025263307151929076,0.023081378735558277,0.3140096618357488,368,-0.10916260194471429
since_lo24,short,1,2.0,5.0,1079,-0.0253499483782542,0.022994737509233153,0.2891566265060241,401,0.1428844353656056
flow_eff,short,0,-inf,-0.39733640764624717,877,-0.025592724736204973,0.02275196115128238,0.29076396807297605,321,0.011880407180979765
range_per_trade,short,9,4.851782534912265e-08,inf,877,-0.02566763639182728,0.022677049495660073,0.2782212086659065,2,
up_wick,long,3,0.1537346445545088,0.2055823326150177,876,-0.025817935661929227,-0.04462653390072322,0.2945205479452055,330,-0.019589839058461872
dow,short,6,6.0,inf,1254,-0.025839767046010268,0.022504918841477085,0.3133971291866029,461,-0.0513761746246212
persist6,short,1,0.0737464414356186,0.1437316015990382,876,-0.026042483328027513,0.02230220255945984,0.2853881278538813,280,0.07832578495240566
wick_skew,short,2,-0.28415366438028616,-0.1806848695854136,877,-0.026272081601030107,0.022072604286457246,0.2919042189281642,317,0.10780255096920036
avg_trade_usd,long,0,-inf,2661.7871666265796,877,-0.026338960557668163,-0.04514755879646216,0.28848346636259975,379,0.016998100440544527
persist96,long,8,0.19993176108058378,0.26354186353312103,867,-0.026625726604337697,-0.04543432484313169,0.2768166089965398,285,0.12702808408366745
kyle_z,long,2,-0.8589886315728682,-0.6438246935495081,867,-0.026923640251442876,-0.04573223849023687,0.30565167243367936,270,0.0623721218084232
atr_pct,long,1,0.01019349926659955,0.012070208858927747,876,-0.0271011412293267,-0.04590973946812069,0.3276255707762557,693,-0.19491736341838237
tbi_ma24,long,5,-0.002282175875109503,-0.0007328653022908441,874,-0.027321496454698575,-0.046130094693492565,0.30434782608695654,226,0.17522268801583424
persist96,short,6,0.12507836107050965,0.15744874036607343,867,-0.027442034743484705,0.020902651144002648,0.28143021914648214,340,0.05194863275171688
dq,long,4,-0.015102813222672326,-0.004422707711386351,876,-0.02762624713984874,-0.04643484537864273,0.2899543378995434,269,-0.07280413588637827
body_frac,short,7,0.3299585854842767,0.4886665308905451,877,-0.02775757818495474,0.020587107702532612,0.3010262257696693,303,-0.02462979549104003
tbi_z24,short,1,-1.3227384666546933,-0.8779291138600496,874,-0.028128227047368712,0.02021645884011864,0.30205949656750575,302,-0.05988949895370996
accel,short,4,-0.34874645215833466,-0.013099381754319017,874,-0.02820113778865198,0.02014354809883537,0.30320366132723114,336,-0.0907617203954153
efficiency,long,2,0.017949588329827786,0.027681176416064802,877,-0.028321238830620106,-0.0471298370694141,0.29646522234891676,312,0.03741044332979356
ats_z96,short,0,-inf,-1.3406424527553134,867,-0.028326872520333155,0.0200178133671542,0.2560553633217993,313,0.1143683338919626
range_rank,long,7,0.6958333333333333,0.7958333333333333,818,-0.028353199244867937,-0.047161797483661935,0.2860635696821516,284,-0.16088649043705633
dow,long,0,-inf,1.0,1254,-0.028383739253668175,-0.04719233749246217,0.3062200956937799,456,-0.1322652741657995
range_per_trade,long,5,2.840846211011737e-08,3.118313638746739e-08,877,-0.0283890985677213,-0.047197696806515296,0.2919042189281642,313,0.022015402562054056
flow_eff,long,2,-0.019977624588091714,0.07632832261883876,876,-0.028513023025570974,-0.04732162126436497,0.3162100456621005,579,0.06783220292979301
close_loc,short,6,0.6128157222335351,0.7036539599702323,876,-0.028628867132376466,0.019715818755110887,0.29337899543379,294,0.007466156878266849
persist96,long,5,0.09793205045260268,0.12507836107050965,867,-0.028982923823766535,-0.04779152206256053,0.2918108419838524,349,0.05651114505514178
rpt_z,short,4,-0.3821033315739095,-0.14651668596023054,867,-0.028994670361812722,0.01935001552567463,0.29873125720876587,313,-0.051771610273746695
dn_wick,short,7,0.4068508113412117,0.4897686602436436,877,-0.02905020825403529,0.019294477633452062,0.29646522234891676,304,-0.05495491706360942
atr_pct,long,5,0.017038161888111823,0.018859711195326537,877,-0.02924509838170224,-0.04805369662049623,0.2953249714937286,201,-0.13093817375611894
updn_ratio,short,1,0.4602510460251046,0.47368421052631576,887,-0.02998402654256654,0.018360659344920812,0.2919954904171364,314,-0.02879197475372537
ats_rank480,short,2,0.175,0.28541666666666665,819,-0.03013133831843254,0.01821334756905481,0.2857142857142857,331,0.11177485063725538
hi_pos,short,2,0.07531380753138076,0.1589958158995816,897,-0.03018075300720416,0.018163932880283194,0.2898550724637681,306,0.19326628670177576
updn_ratio,long,5,0.5,0.5062761506276151,848,-0.030191002549204,-0.04899960078799799,0.3018867924528302,287,-0.07827245936625778
absorb,short,2,-0.0683031789361869,-0.039510818125478527,876,-0.030308519614882935,0.018036166272604418,0.29337899543379,314,0.06281284611253898
close_loc,long,6,0.6128157222335351,0.7036539599702323,876,-0.030446182277575413,-0.049254780516369404,0.2910958904109589,294,-0.00037950847184560423
m1_jump,short,4,0.1405938842871208,0.159385695531066,876,-0.030608554663364363,0.01773613122412299,0.2888127853881279,309,0.07385682689981998
since_lo24,short,6,18.0,20.0,608,-0.030630024293114132,0.01771466159437322,0.2894736842105263,223,0.20987742047550326
flow_eff,short,2,-0.019977624588091714,0.07632832261883876,876,-0.030680136028838272,0.01766454985864908,0.3162100456621005,579,0.020442518975463838
hi_pos,short,6,0.5564853556485355,0.698744769874477,875,-0.030815726105798028,0.017528959781689325,0.2857142857142857,311,0.04686696820564455
tbi_ma8,short,6,-8.514950941362843e-05,0.00217507300364068,875,-0.030915521338776477,0.017429164548710876,0.2822857142857143,242,-0.025660308030907877
tbi_z24,short,0,-inf,-1.3227384666546933,875,-0.03096094062694772,0.017383745260539634,0.2937142857142857,301,0.12635166181238544
since_lo24,short,0,-inf,2.0,667,-0.03102106771054057,0.017323618176946783,0.29535232383808097,284,0.16156867897786203
dq_cum24,long,5,-0.10654500091574812,-0.03202331147178632,874,-0.031200537990494263,-0.05000913622928826,0.30320366132723114,229,0.1862341680227789
rv_vs_range,short,6,0.7186206532706073,0.7652230555975403,876,-0.031300518209080516,0.017044167678406837,0.2968036529680365,309,-0.008922432633112303
dow,long,6,6.0,inf,1254,-0.03138052389110527,-0.05018912212989927,0.310207336523126,461,0.17092336577701506
dow,short,0,-inf,1.0,1254,-0.03143572375603909,0.01690896213144826,0.31100478468899523,456,0.011763022995276843
tbi_z24,short,9,1.323035951769245,inf,875,-0.03152589677248786,0.01681878911499949,0.28685714285714287,295,-0.05428575626612966
ats_z96,short,3,-0.6089442981471993,-0.3242508505869179,867,-0.031596837730616126,0.016747848156871227,0.28604382929642447,332,0.1312370699159357
accel,long,9,1.6839231485814867,inf,875,-0.03168628854072171,-0.050494886779515705,0.29028571428571426,325,0.019233638701517945
hi_pos,long,0,-inf,0.02092050209205021,876,-0.03175783908980322,-0.05056643732859722,0.2910958904109589,291,0.05810903348245722
dn_wick,short,2,0.1146328000538512,0.16670349907920837,877,-0.0318614961233491,0.016483189764138255,0.29304446978335236,321,0.0069436875648211955
rpt_rank,short,6,0.5708333333333333,0.6791666666666667,830,-0.03187266103389512,0.016472024853592233,0.2927710843373494,322,0.13280492296074986
tbi_ma8,short,4,-0.00440441203685144,-0.0022705903744923255,876,-0.03208601786781232,0.01625866801967503,0.295662100456621,227,0.2186292329415626
since_lo480,short,8,447.0,473.0,837,-0.03220655444778498,0.016138131439702372,0.2831541218637993,246,-0.003847398582248026
dq_z96,short,0,-inf,-1.293329031337503,867,-0.03227975876751942,0.01606492711996793,0.30103806228373703,284,0.10500596967148632
pos24,short,0,-inf,0.1529843724693117,875,-0.032319157909707616,0.016025527977779737,0.28114285714285714,385,0.11386658476394025
to_lo480,long,0,-inf,4.2166649766533375,829,-0.03267790575911855,-0.05148650399791255,0.22677925211097708,438,0.08288544882825921
body_frac,short,0,-inf,-0.624846839320522,877,-0.032942575444950925,0.015402110442536428,0.27936145952109465,411,0.04024424975364993
flow_eff,short,3,0.07632832261883876,0.16344940613187892,877,-0.03313390489084161,0.015210780996645745,0.30216647662485746,458,0.08297703655551156
since_hi480,long,9,462.0,inf,837,-0.033166368717182246,-0.05197496695597624,0.2939068100358423,373,0.6544894115957441
kyle_z,short,3,-0.6438246935495081,-0.43366009001754413,867,-0.03316772682997881,0.015176959057508543,0.29296424452133796,293,-0.036102472958094066
range_per_trade,short,2,2.1104472055980993e-08,2.3595939859596615e-08,877,-0.03343808267040673,0.014906603217080622,0.2998859749144812,498,-0.05158930318495743
range_rank,short,5,0.48125,0.5875,833,-0.03345464474415616,0.014890041143331194,0.28811524609843936,332,0.037880150933081745
atr_pct,long,3,0.01380005008421249,0.015344019804804385,876,-0.03355039682411664,-0.052358995062910633,0.3070776255707763,304,-0.05028656876639313
dow,short,3,3.0,4.0,1248,-0.03362117777640148,0.014723508111085873,0.27724358974358976,462,0.14107813805066077
accel,short,7,0.6613074383967532,1.0856744648996421,873,-0.03362244512001244,0.014722240767474915,0.290950744558992,348,0.09824558203402221
to_lo24,short,6,2.959401468473601,3.5732048953253366,874,-0.03365544197606178,0.014689243911425572,0.2906178489702517,312,-0.019300090186590263
absorb_z,short,1,-0.36233158195032084,-0.16077695321819727,848,-0.033975739441777564,0.014368946445709789,0.28773584905660377,295,-0.11369689188542365
tbi,short,4,-0.007654052728105141,-0.0023197511107546642,876,-0.03400012048134581,0.01434456540614154,0.2842465753424658,269,0.09339327959611396
to_lo24,long,6,2.959401468473601,3.5732048953253366,874,-0.03406696051169489,-0.05287555875048888,0.30205949656750575,312,-0.17001728115445622
disp96,short,6,1.9630870197531143,3.8574025234418943,867,-0.03424235645668921,0.014102329430798144,0.3206459054209919,313,0.18113487281210267
tbi,long,8,0.015243197431993476,0.025053853481713743,876,-0.03430823737038312,-0.05311683560917711,0.2945205479452055,300,-0.014140193416941716
disp24,long,8,2.8978604858971413,4.243089271256354,874,-0.03461933451920623,-0.05342793275800022,0.2940503432494279,274,-0.10473345877893497
tbi_z24,short,8,0.8798770194860938,1.323035951769245,874,-0.034802440026500736,0.013542245860986617,0.28489702517162474,313,0.11461917066174025
dq,long,8,0.030617822466259943,0.050170927440953784,876,-0.03522369222817851,-0.054032290466972506,0.29337899543379,299,-0.0009022814110940796
range_per_trade,short,1,1.8252102014440413e-08,2.1104472055980993e-08,876,-0.03579826490320547,0.01254642098428188,0.295662100456621,534,0.16252522491105323
dow,short,2,2.0,3.0,1248,-0.03637032085227338,0.011974365035213971,0.2860576923076923,462,0.1988334868481844
since_hi24,short,2,4.0,7.0,967,-0.036393710759610176,0.011950975127877177,0.2874870734229576,352,0.03847839383464289
rv_vs_range,long,6,0.7186206532706073,0.7652230555975403,876,-0.03660195748771293,-0.055410555726506924,0.295662100456621,309,0.04526485119959251
atr_rank,long,5,0.4625,0.5854166666666667,828,-0.036620428179146215,-0.05542902641794021,0.3140096618357488,334,-0.0893733462317412
tbi_z8,short,7,0.6074870578487849,0.9238444153592951,876,-0.03686476192633751,0.011479923961149843,0.2888127853881279,297,0.10012802743896317
dq_z96,short,8,0.8403602678012647,1.3027029395279508,867,-0.036864764777454435,0.011479921110032917,0.2768166089965398,308,0.09473930600780774
tbi,long,4,-0.007654052728105141,-0.0023197511107546642,876,-0.03694054763911949,-0.055749145877913485,0.2865296803652968,269,-0.09283785959353215
since_hi24,short,9,24.0,inf,1045,-0.03694716614662832,0.011397519740859036,0.276555023923445,451,0.05438077318422066
pos96,short,3,0.34108142424222404,0.43698615688442133,867,-0.03703818440904146,0.01130650147844589,0.27450980392156865,441,0.30894378284013607
body_frac,long,6,0.17569474296582896,0.3299585854842767,876,-0.03740267010590327,-0.056211268344697266,0.2922374429223744,310,-0.054393111917355526
rpt_rank,short,2,0.17291666666666666,0.26458333333333334,815,-0.03758441799980886,0.01076026788767849,0.2907975460122699,298,0.20843844076746215
tbi_ma24,long,8,0.0030165052439096785,0.005514033581752368,874,-0.03765407683273938,-0.05646267507153337,0.2631578947368421,275,0.35826011457803375
tbi_ma8,long,2,-0.009703235316404617,-0.006834991048846032,876,-0.03769783388832325,-0.05650643212711724,0.2922374429223744,283,0.02782529150137648
gap,long,5,0.0002571207823121999,inf,877,-0.03806273087388607,-0.056871329112680065,0.3033067274800456,26,
ats_rank480,short,9,0.9354166666666667,inf,837,-0.0381449173436125,0.010199768543874853,0.3058542413381123,237,-0.270617751184158
dq,short,4,-0.015102813222672326,-0.004422707711386351,876,-0.03815810638692438,0.010186579500562974,0.2831050228310502,269,0.08202114491830355
persist24,short,5,0.19597906119336136,0.2462627617705114,875,-0.03840041942383492,0.009944266463652436,0.2914285714285714,300,-0.0653239609387421
atr_rank,short,3,0.22708333333333333,0.3375,833,-0.03853076323081253,0.009813922656674821,0.30612244897959184,319,-0.10663106946373561
kyle,short,8,4.800458662385801e-07,6.03328908275103e-07,876,-0.0386607602528293,0.009683925634658051,0.2625570776255708,101,-0.3001540387134114
ats_rank480,long,3,0.28541666666666665,0.4,830,-0.038723931981163855,-0.05753253021995785,0.2855421686746988,332,-0.11219595789044713
disp96,short,0,-inf,-7.316418299668853,867,-0.03920989981136678,0.009134786076120574,0.24682814302191464,477,0.3530403943047396
to_hi24,long,1,0.6130051047091024,0.9750212547727201,874,-0.03932684120854983,-0.058135439447343826,0.30320366132723114,289,0.22999527103058734
rv_vs_range,short,4,0.6336503707839143,0.6755027837760977,876,-0.0400436553362582,0.008301030551229154,0.2808219178082192,286,-0.03393433318643332
since_hi24,short,8,22.0,24.0,903,-0.040077917950802136,0.008266767936685217,0.2868217054263566,347,0.13123274105091481
tbi_ma96,long,5,-0.0021863931914519663,-0.0013667872336756608,867,-0.040211827407812144,-0.05902042564660614,0.3044982698961938,165,-0.33695067899599523
hour,short,3,12.0,16.0,1461,-0.04030086227448292,0.00804382361300443,0.2861054072553046,537,0.016857476238143113
minofday,short,3,720.0,960.0,1461,-0.04030086227448292,0.00804382361300443,0.2861054072553046,537,0.016857476238143113
to_lo96,long,4,4.363540401278077,5.304135230321936,867,-0.04030127538860287,-0.059109873627396864,0.28604382929642447,310,0.04072921231978251
is_weekend,short,1,1.0,inf,2508,-0.04030429723261904,0.008040388654868315,0.29545454545454547,923,-0.05691413449965569
tbi_z96,short,8,0.8409490837143425,1.303541504661481,867,-0.04035470529366511,0.007989980593822242,0.27566320645905423,308,0.09473930600780774
kyle_z,short,4,-0.43366009001754413,-0.21236720358189776,867,-0.04044013322850257,0.007904552658984786,0.28719723183391005,283,-0.004490264093400747
lo_pos,long,8,0.8200836820083682,0.9355648535564869,884,-0.04051833820908223,-0.059326936447876226,0.2861990950226244,342,-0.014224422233373921
tbi_z8,short,8,0.9238444153592951,1.354660076792907,876,-0.04071023859782716,0.007634447289660194,0.2785388127853881,296,-0.061901890620663105
trade_intensity,long,1,0.44299151602712095,0.5487640851719368,867,-0.0408353169349292,-0.059643915173723194,0.31257208765859285,332,0.1297640217554929
tbi_z8,short,0,-inf,-1.3409038308105765,876,-0.04127826639765881,0.007066419489828543,0.2922374429223744,313,0.06581661777319936
persist6,short,3,0.2226079432468842,0.302335680588273,876,-0.041522131178974846,0.006822554708512507,0.2910958904109589,352,0.07698458480991933
dq,long,0,-inf,-0.05811527342789348,877,-0.041595819330477485,-0.06040441756927148,0.30216647662485746,564,-0.041466992931085134
since_hi24,long,8,22.0,24.0,903,-0.041684920015373286,-0.06049351825416728,0.2912513842746401,347,-0.07902832019425528
body_frac,short,1,-0.624846839320522,-0.44780140982012545,876,-0.04214465655323713,0.0062000293342502205,0.2968036529680365,332,0.13303841451747203
lo_pos,short,3,0.1589958158995816,0.27615062761506276,885,-0.042155360877700894,0.006189325009786459,0.28926553672316385,317,-0.09727586717780062
to_lo24,long,2,1.1706383506773248,1.5507470855117158,874,-0.042225582943390065,-0.06103418118218406,0.3009153318077803,318,0.1223038750384608
minofday,short,1,240.0,480.0,1461,-0.04230271502479933,0.006041970862688026,0.2915811088295688,537,0.02345541652513717
hour,short,1,4.0,8.0,1461,-0.04230271502479933,0.006041970862688026,0.2915811088295688,537,0.02345541652513717
lo_pos,short,8,0.8200836820083682,0.9355648535564869,884,-0.042496306884717075,0.005848379002770278,0.2895927601809955,342,0.13934820081020716
since_lo24,long,2,5.0,8.0,832,-0.04261141582056027,-0.061420014059354267,0.28725961538461536,321,-0.06713246044583994
sess_asia,short,1,1.0,inf,2922,-0.043154001700365825,0.005190684187121528,0.2888432580424367,1074,0.030954478224091937
flow_eff,short,1,-0.39733640764624717,-0.019977624588091714,876,-0.043207777780946074,0.005136908106541278,0.3002283105022831,399,0.034039401738106864
tbi_z96,short,2,-0.8595671205731356,-0.5373577890535531,867,-0.04321893185489125,0.005125754032596103,0.29411764705882354,339,0.06680158144706698
since_lo480,long,3,176.50000000000045,249.0,824,-0.043282139667715436,-0.06209073790650943,0.3106796116504854,393,0.2972192217917127
tbi_ma8,short,3,-0.006834991048846032,-0.00440441203685144,875,-0.043414873378279255,0.004929812509208098,0.296,264,0.08278690031982193
since_hi24,short,3,7.0,10.0,828,-0.04342688925112396,0.004917796636363395,0.2741545893719807,311,0.022589971052972318
sess_us,short,0,-inf,1.0,5844,-0.04349347499048592,0.004851210897001433,0.28850102669404515,2148,0.03014081721349883
minofday,short,5,1200.0,inf,1460,-0.04368223470300377,0.004662451184483586,0.2828767123287671,536,0.0555957696069942
hour,short,5,20.0,inf,1460,-0.04368223470300377,0.004662451184483586,0.2828767123287671,536,0.0555957696069942
extreme_late,long,6,0.8075313807531381,0.8786610878661087,860,-0.04382573586856296,-0.06263433410735696,0.2930232558139535,309,0.10811771960946719
sess_eu,short,1,1.0,inf,2922,-0.04383294828060602,0.004511737606881332,0.28815879534565364,1074,0.029327156202905703
minofday,short,0,-inf,240.0,1461,-0.0440052883759323,0.00433939751155505,0.2861054072553046,537,0.03845353992304669
hour,short,0,-inf,4.0,1461,-0.0440052883759323,0.00433939751155505,0.2861054072553046,537,0.03845353992304669
atr_pct,long,4,0.015344019804804385,0.017038161888111823,876,-0.044119449908949684,-0.06292804814774368,0.2842465753424658,287,-0.20632441554280892
persist96,short,3,0.0515634106213566,0.07344964523908125,867,-0.044200250552630105,0.004144435334857248,0.29296424452133796,348,-0.18595959549357052
to_hi24,short,3,1.3399987716232993,1.72453232391888,874,-0.044242839254278514,0.004101846633208839,0.2814645308924485,317,0.10469330607427667
flow_eff,short,6,0.4191040181338267,0.6062104360361869,877,-0.04500145761251706,0.0033432282749702932,0.27708095781071834,217,0.038371077790915954
tbi,short,0,-inf,-0.029156555914568814,877,-0.04504088771468577,0.0033037981728015822,0.2953249714937286,562,0.11175183706618136
tbi,long,0,-inf,-0.029156555914568814,877,-0.04510680088763441,-0.06391539912642841,0.3010262257696693,562,-0.037930827165007376
kyle,short,2,2.3599434372685855e-07,2.6778939369519616e-07,877,-0.045358515294174916,0.002986170593312437,0.29646522234891676,411,0.09665567984763142
flow_eff,short,7,0.6062104360361869,0.9207250652891722,876,-0.0456121539108517,0.0027325319766356507,0.2796803652968037,174,-0.03386068918099386
efficiency,short,3,0.027681176416064802,0.03808282100614866,876,-0.04577106411389862,0.002573621773588733,0.2968036529680365,323,0.09046080037578878
disp6,short,8,1.1803459452900136,1.9383292806548476,876,-0.045889539901921246,0.0024551459855661067,0.271689497716895,335,-0.04454803515559002
dn_wick,short,4,0.21976693723255156,0.27842507030932095,876,-0.04589433004754632,0.0024503558399410347,0.2819634703196347,326,0.09536252789473372
to_lo24,long,3,1.5507470855117158,1.9944429526824226,874,-0.04594781184495206,-0.06475641008374605,0.2986270022883295,342,0.05206022368567851
efficiency,short,2,0.017949588329827786,0.027681176416064802,877,-0.0463686018991373,0.001976083988350051,0.28848346636259975,312,0.03575468120519037
dq_cum24,long,8,0.1483850612762181,0.2675339650052798,874,-0.046522366380958365,-0.06533096461975235,0.2620137299771167,270,0.36239475760224343
tbi_z96,short,4,-0.2553814783649961,-0.004833135626994989,867,-0.04665286457295535,0.0016918213145320007,0.28027681660899656,363,0.0896164019089206
body_frac,short,5,0.020609043371261057,0.17569474296582896,877,-0.046659872440133726,0.0016848134473536266,0.28734321550741165,274,-0.04395888961701392
range_z,long,2,-0.7636894619040546,-0.6045310958055903,867,-0.04678194312602777,-0.06559054136482176,0.30103806228373703,324,0.08548320774198918
dn_wick,long,8,0.4897686602436436,0.6023615805780694,876,-0.04687939888776716,-0.06568799712656115,0.2888127853881279,304,-0.07616724745640732
flow_div,short,2,1.0,inf,1873,-0.04708155767297666,0.0012631282145106962,0.2920448478376935,807,0.02520018289222264
minofday,short,2,480.0,720.0,1461,-0.04736503428672915,0.0009796516007582051,0.29021218343600275,537,0.04179683616766834
hour,short,2,8.0,12.0,1461,-0.04736503428672915,0.0009796516007582051,0.29021218343600275,537,0.04179683616766834
to_hi24,short,8,3.7577961891365845,4.790134118284894,874,-0.047393907378853635,0.0009507785086337178,0.2826086956521739,372,0.002443508785433957
tbi_ma8,long,0,-inf,-0.013406686286847434,876,-0.04797361800729379,-0.0667822162460878,0.3093607305936073,546,-0.22576365941050874
close_loc,short,2,0.2411498761821243,0.3360237627574011,877,-0.047997090560086685,0.00034759532740066823,0.28848346636259975,307,0.04404988677828563
flow_div,short,0,-inf,0.0,6889,-0.04826021966177146,8.446622571589568e-05,0.28305995064595735,2414,0.038845495792910134
lo_pos,short,2,0.07112970711297072,0.1589958158995816,915,-0.0484200940277308,-7.540814024344783e-05,0.2786885245901639,318,0.03656922991079741
dq,short,0,-inf,-0.05811527342789348,877,-0.04845650301330609,-0.00011181712581873754,0.29418472063854045,564,0.10767576310077519
hi_pos,short,3,0.1589958158995816,0.27615062761506276,882,-0.04863920426418323,-0.00029451837669587644,0.2857142857142857,318,-0.047530667730478926
tbi_ma8,long,1,-0.013406686286847434,-0.009703235316404617,876,-0.048675683278680715,-0.06748428151747471,0.2979452054794521,338,-0.227170821426271
absorb_z,long,8,0.2261836432179246,0.3861689089193485,848,-0.04890314915022283,-0.06771174738901682,0.29952830188679247,289,-0.02530203711362243
disp6,short,4,-0.25965319034926165,0.03261478069250262,875,-0.04940632146396712,-0.001061635576479765,0.2948571428571429,267,0.06747876209769064
vol_of_vol,short,9,1.3208321731087087,inf,827,-0.04946375980231714,-0.0011190739148297865,0.19709794437726724,299,0.1335991920804328
m1_jump,short,9,0.3388243672399471,inf,877,-0.04964643517016275,-0.0013017492826753949,0.29076396807297605,247,-0.017777145754570418
persist24,long,4,0.1516318381334749,0.19597906119336136,874,-0.04976800688636476,-0.06857660512515876,0.2951945080091533,288,-0.042153066851790356
dq_z96,short,4,-0.2566671889570011,-0.006008376991721173,867,-0.04986803752276125,-0.0015233516352738952,0.279123414071511,364,0.08655792074062071
disp6,long,6,0.329275481138288,0.6964592982610548,876,-0.049948080757040034,-0.06875667899583403,0.2968036529680365,324,-0.003870650545197762
accel,long,8,1.0856744648996421,1.6839231485814867,874,-0.049996978880470465,-0.06880557711926447,0.2974828375286041,370,-0.05634489621422234
accel,short,3,-0.699012663140142,-0.34874645215833466,873,-0.0501073877486696,-0.001762701861182249,0.284077892325315,309,-0.010871277113580435
range_rank,short,7,0.6958333333333333,0.7958333333333333,818,-0.05014237440341398,-0.0017976885159266265,0.26772616136919314,284,0.16894887817627927
range_per_trade,long,8,3.988356080393457e-08,4.851782534912265e-08,876,-0.050483107364686884,-0.06929170560348089,0.2831050228310502,40,0.09660571293951228
efficiency,short,8,0.09515751344876869,0.12435211656186398,876,-0.05048949252562374,-0.00214480663813639,0.2762557077625571,356,0.05342161890952412
avg_trade_usd,short,1,2661.7871666265796,2975.339056554425,876,-0.05049038928352711,-0.0021457033960397554,0.2671232876712329,291,0.19616064249841966
sess_eu,short,0,-inf,1.0,5843,-0.05060094077150366,-0.002256254884016304,0.28324490843744654,2147,0.03847797330050678
sess_asia,short,0,-inf,1.0,5843,-0.05094047216076638,-0.002595786273279027,0.2829026185178847,2147,0.03766393331412855
tbi_z24,short,4,-0.27413341803170954,-0.001980968647508028,874,-0.051097521928868676,-0.0027528360413813235,0.28489702517162474,368,0.11560029087834388
pos96,short,9,0.909131041130446,inf,867,-0.05133595473352301,-0.0029912688460356565,0.2975778546712803,256,-0.23324372176699598
updn_ratio,short,6,0.5062761506276151,0.5146443514644351,914,-0.05134148644364707,-0.0029968005561597164,0.27571115973741794,345,0.09528302844474254
gap,short,3,0.0,8.420301018954109e-05,4728,-0.05138837673292294,-0.0030436908454355843,0.28320642978003385,1996,0.016351280542452728
absorb,short,7,0.02367784555914429,0.044717626664597124,876,-0.0514084560883681,-0.00306377020088075,0.273972602739726,278,-0.13784757888963584
is_weekend,short,0,-inf,1.0,6257,-0.051567523468821826,-0.003222837581334473,0.28064567684193703,2298,0.07251580530082286
rpt_rank,long,3,0.26458333333333334,0.3625,832,-0.05163858937618674,-0.07044718761498073,0.2920673076923077,308,-0.00021658940945565487
since_hi24,short,0,-inf,2.0,802,-0.05175326209273513,-0.0034085762052477805,0.29052369077306733,297,-0.052452302124693116
rv_vs_range,long,9,0.9114508923578857,inf,877,-0.05182965284466331,-0.07063825108345731,0.29304446978335236,426,0.049257067197410055
rpt_rank,long,1,0.07916666666666666,0.17291666666666666,834,-0.051980695602441555,-0.07078929384123556,0.2805755395683453,309,-0.158503198820695
range_z,long,1,-0.939232251268162,-0.7636894619040546,867,-0.052017048221603884,-0.07082564646039788,0.3079584775086505,309,-0.008101776332748407
tbi_ma96,short,8,0.0011656080331935539,0.0027365291248077385,867,-0.052238566460755226,-0.003893880573267873,0.28143021914648214,277,-0.24648283995375622
since_hi96,long,9,93.0,inf,937,-0.05231150626577824,-0.07112010450457223,0.2902881536819637,502,0.11320720995081575
to_hi480,long,3,4.7998143696449915,7.102057272876573,828,-0.05232422446928649,-0.07113282270808048,0.2922705314009662,319,-0.12869091910836084
persist6,short,9,0.8180967993913174,inf,876,-0.05234648692507511,-0.004001801037587759,0.2819634703196347,311,-0.06538891521284201
rpt_z,long,6,0.11541738274548088,0.4062038984424042,867,-0.05275788719898671,-0.07156648543778071,0.2825836216839677,320,-0.040985126954248184
persist6,long,5,0.39038315738435553,0.4832805114664188,876,-0.052771723559051895,-0.07158032179784589,0.2968036529680365,342,-0.07646812652809795
hi_pos,long,5,0.41841004184100417,0.5564853556485355,865,-0.052822837241335546,-0.07163143548012954,0.28901734104046245,346,-0.09378792691649453
ats_rank480,short,6,0.6416666666666667,0.746875000000002,837,-0.05285826929913865,-0.004513583411651298,0.3010752688172043,281,-0.08292502969572513
ats_rank480,short,0,-inf,0.08333333333333333,817,-0.05321596737816939,-0.004871281490682035,0.2178702570379437,425,0.10603469368233381
range_rank,long,2,0.17291666666666666,0.275,837,-0.053266209434305406,-0.0720748076730994,0.3022700119474313,318,0.1783729217111725
trade_intensity,short,3,0.6373089822903832,0.7260984876372799,867,-0.05360412539237969,-0.005259439504892334,0.28143021914648214,247,0.008923644976712553
since_lo24,short,7,20.0,23.0,1151,-0.05379969422156948,-0.005455008334082127,0.2893136403127715,415,-0.003886466905635942
dq,short,6,0.0061825412298494075,0.017399669031531558,876,-0.053924458669301366,-0.005579772781814013,0.2785388127853881,254,-0.076257995472642
updn_ratio,short,2,0.47368421052631576,0.48333333333333334,858,-0.05402429241201032,-0.0056796065245229704,0.28438228438228436,269,-0.07055247138990407
pos24,long,4,0.43604477547122444,0.5294697576153384,874,-0.05406412047676167,-0.07287271871555567,0.2826086956521739,300,0.10486857931862098
trade_intensity,short,4,0.7260984876372799,0.8279046459073436,867,-0.0541897902209244,-0.005845104333437046,0.279123414071511,278,0.06330613015085283
tbi_z8,short,9,1.354660076792907,inf,876,-0.05423068727375921,-0.005886001386271857,0.2773972602739726,314,0.08294675927961785
body_frac,short,9,0.647672323272756,inf,877,-0.05443450773583193,-0.006089821848344577,0.2690992018244014,375,-0.009903602436404743
dow,short,5,5.0,6.0,1254,-0.054768827419227804,-0.0064241415317404515,0.27751196172248804,462,-0.062440107448553724
ats_z96,short,5,-0.03431224938847927,0.2738726853948817,867,-0.05557249189356483,-0.007227806006077475,0.2906574394463668,333,0.06241746851999957
dq_z96,short,2,-0.8587730583550733,-0.537193005180019,867,-0.05573929037116068,-0.00739460448367333,0.2895040369088812,339,0.06678343762790064
extreme_late,long,5,0.7238493723849372,0.8075313807531381,903,-0.055904877595044644,-0.07471347583383864,0.292358803986711,365,-0.12859176530001507
tbi_z24,short,6,0.2685552548113925,0.5523382488745685,874,-0.0561734311173141,-0.007828745229826746,0.28489702517162474,333,-0.05167895809852841
tbi_ma8,short,0,-inf,-0.013406686286847434,876,-0.056459054850627514,-0.008114368963140162,0.2853881278538813,546,0.21375176481821298
close_loc,long,7,0.7036539599702323,0.7890827405603821,877,-0.05647875256796116,-0.07528735080675515,0.28848346636259975,290,-0.057332871901011835
efficiency,short,4,0.03808282100614866,0.04943748063074492,876,-0.05662373582821155,-0.008279049940724197,0.2899543378995434,306,-0.013841223011587758
ats_z96,short,7,0.5982659455752135,0.9826868872856521,867,-0.05664113787794465,-0.008296451990457296,0.28719723183391005,323,-0.014591271542233728
vol_per_trade_z,short,2,-0.9392144382417976,-0.6311977477995068,867,-0.05701021985211433,-0.008665533964626979,0.28604382929642447,348,0.08072117387146424
since_hi24,short,6,16.0,20.0,1111,-0.05710721666486437,-0.008762530777377014,0.29162916291629165,375,0.04284080174986982
tbi,short,6,0.0030071644135989633,0.008709581192913353,876,-0.05711082612855521,-0.008766140241067859,0.2773972602739726,252,-0.08033166529166973
tbi_z96,short,9,1.303541504661481,inf,867,-0.057517586501076925,-0.009172900613589573,0.2779700115340254,310,-0.1602915021697594
dq_cum24,long,7,0.051199594242740815,0.1483850612762181,874,-0.0575894906440983,-0.07639808888289229,0.2757437070938215,252,0.33400322772698565
m1_jump,short,8,0.25195253342068497,0.3388243672399471,876,-0.057685781725887265,-0.009341095838399913,0.2808219178082192,349,0.0010782703833659337
sess_us,short,1,1.0,inf,2921,-0.058050429291142444,-0.009705743403655091,0.2776446422458062,1073,0.04600848002191356
extreme_late,short,9,0.9790794979079498,inf,936,-0.058292861672963554,-0.009948175785476202,0.27564102564102566,342,0.0331788799875081
since_lo96,long,4,47.0,60.0,895,-0.05848035407886523,-0.07728895231765923,0.2927374301675978,277,-0.01851335019401897
persist24,long,5,0.19597906119336136,0.2462627617705114,875,-0.058771904733321875,-0.07758050297211587,0.2925714285714286,300,-0.025351750412745885
since_hi480,short,5,198.0,280.0,827,-0.05892191895201064,-0.010577233064523288,0.26360338573155984,497,0.2798202391289831
tbi_z24,short,2,-0.8779291138600496,-0.5501928331766714,874,-0.058968712193445884,-0.010624026305958531,0.2803203661327231,316,0.0009663892875290646
tbi_ma24,long,7,0.0009966377006771499,0.0030165052439096785,874,-0.05911621380649498,-0.07792481204528898,0.2768878718535469,246,0.3436835833437872
tbi_ma96,long,8,0.0011656080331935539,0.0027365291248077385,867,-0.059280816529808544,-0.07808941476860254,0.279123414071511,277,0.37753489939029816
range_z,short,3,-0.6045310958055903,-0.4514947738339036,867,-0.05959252514586095,-0.011247839258373596,0.279123414071511,287,-0.100315244758278
close_loc,short,4,0.4277325790224542,0.52505473120895,876,-0.059675120324844906,-0.011330434437357553,0.2876712328767123,306,0.020730479985037086
to_hi480,long,7,15.9517432415093,22.051911477403223,828,-0.05977445228048495,-0.07858305051927894,0.29347826086956524,421,-0.04664948286663512
hi_pos,short,0,-inf,0.02092050209205021,876,-0.059837844970217685,-0.011493159082730332,0.2751141552511416,291,-0.07073730268651154
disp96,long,7,3.8574025234418943,6.162367051044947,867,-0.06043462528247459,-0.07924322352126859,0.28719723183391005,341,-0.07870673542450653
tbi_ma96,long,1,-0.007067867750344451,-0.005221464332485892,867,-0.06054357881898956,-0.07935217705778355,0.27566320645905423,393,-0.2853044663052707
flow_eff,short,8,0.9207250652891722,1.6727174680472765,876,-0.06055809127034077,-0.01221340538285342,0.2625570776255708,181,0.15088949054046435
absorb_z,long,1,-0.36233158195032084,-0.16077695321819727,848,-0.060607969941845176,-0.07941656818063916,0.2794811320754717,295,0.024485714305274086
vol_per_trade_z,short,3,-0.6311977477995068,-0.3595189147249858,867,-0.06095151345606501,-0.012606827568577658,0.28835063437139563,320,0.040802880905899216
dq_z96,short,9,1.3027029395279508,inf,867,-0.06098192473861804,-0.012637238851130689,0.2768166089965398,310,-0.1602915021697594
efficiency,short,7,0.07649580443428429,0.09515751344876869,877,-0.06112820106298261,-0.01278351517549526,0.2702394526795895,346,0.09028211864177256
since_hi96,long,2,10.0,20.0,939,-0.061212023597268246,-0.08002062183606223,0.28434504792332266,276,-0.10630447013026584
pos24,short,5,0.5294697576153384,0.6322616244553863,874,-0.061253330487285464,-0.01290864459979811,0.2768878718535469,339,0.17451829525952023
since_hi96,short,6,59.0,73.0,886,-0.061475383773093716,-0.013130697885606363,0.2697516930022573,340,-0.11703165281658995
tbi_ma96,short,9,0.0027365291248077385,inf,867,-0.06148415581691426,-0.013139469929426904,0.28143021914648214,553,-0.3227381605033142
since_hi96,short,5,44.0,59.0,888,-0.061556438399311214,-0.013211752511823861,0.27927927927927926,279,0.07979531658290771
rv_vs_range,short,0,-inf,0.4846170569677432,877,-0.06166678855919649,-0.013322102671709135,0.2702394526795895,324,0.009759355800290415
atr_rank,long,1,0.04791666666666667,0.13333333333333333,836,-0.06170235325195262,-0.08051095149074661,0.3277511961722488,379,0.15883461670353433
efficiency,short,9,0.12435211656186398,inf,877,-0.06207215522544116,-0.01372746933795381,0.27137970353477764,356,0.03568705952109581
persist24,long,3,0.109804210197814,0.1516318381334749,873,-0.06209025060345582,-0.08089884884224982,0.290950744558992,323,-0.0028671599082061277
vol_per_trade_z,short,7,0.5335539487469343,0.9101815262502554,867,-0.06231450143924543,-0.01396981555175808,0.279123414071511,329,0.028431697722905932
up_wick,short,1,0.057539600530415035,0.10769834952449314,876,-0.06339995660517415,-0.015055270717686801,0.2808219178082192,354,0.1850056652099491
up_wick,short,8,0.4652863703779721,0.5798687191800286,876,-0.06344153750108535,-0.015096851613597993,0.2853881278538813,292,0.04363598007847726
kyle_z,long,0,-inf,-1.135397580785618,867,-0.06351585263061722,-0.08232445086941122,0.3102652825836217,368,0.1179650750854397
vol_of_vol,short,6,-0.1159629389336806,0.1305644429785149,826,-0.06368571106502878,-0.015341025177541427,0.2845036319612591,256,-0.08934170115933598
to_lo96,short,4,4.363540401278077,5.304135230321936,867,-0.0638011064355065,-0.01545642054801915,0.28143021914648214,310,-0.008419011905449358
up_wick,short,0,-inf,0.057539600530415035,877,-0.06382907547776427,-0.015484389590276919,0.2748004561003421,418,0.010615659893781321
updn_ratio,short,3,0.48333333333333334,0.49159663865546216,865,-0.06382908020356659,-0.015484394316079238,0.29132947976878615,267,0.12321973610957927
up_wick,long,5,0.2570842879536988,0.3179136248195269,877,-0.06433723665665325,-0.08314583489544725,0.2919042189281642,317,-0.10674771706460538
body_frac,short,3,-0.29681895058452057,-0.1322199077969487,876,-0.06475436540826715,-0.016409679520779798,0.2762557077625571,334,-0.010008546977318615
range_rank,long,4,0.3770833333333333,0.48125,833,-0.06484665274346063,-0.08365525098225463,0.2893157262905162,328,0.09634955449484892
vol_of_vol,long,8,0.5234357289122207,1.3208321731087087,826,-0.06501147266315137,-0.08382007090194536,0.2639225181598063,395,-0.11392654898785845
accel,short,9,1.6839231485814867,inf,875,-0.06535228002727451,-0.017007594139787162,0.2674285714285714,325,-0.01912161283985611
atr_pct,short,9,0.030351754735768795,inf,877,-0.0655940191389364,-0.01724933325144904,0.20296465222348917,23,
tbi_z8,short,4,-0.2815991935356222,0.003767039247392485,876,-0.06607778953155852,-0.017733103644071165,0.2773972602739726,352,0.05418943354624616
gap,short,2,-7.901603251036761e-05,0.0,530,-0.0662156238116093,-0.017870937924121942,0.27169811320754716,257,0.29632099544581114
wick_skew,short,9,0.3995793140200461,inf,877,-0.06676198353962912,-0.018417297652141763,0.29304446978335236,312,0.04133031347420829
tbi_ma8,short,7,0.00217507300364068,0.004988225015250394,876,-0.06720362237989425,-0.018858936492406893,0.2659817351598174,256,-0.1627036511731184
extreme_late,short,8,0.9372384937238494,0.9790794979079498,851,-0.06733070897628297,-0.01898602308879562,0.2784958871915394,338,0.1322872802838069
tbi,short,1,-0.029156555914568814,-0.020024678573198583,876,-0.06758346505552479,-0.019238779168037436,0.2876712328767123,305,0.03560345150253445
close_loc,short,1,0.14601537594380817,0.2411498761821243,876,-0.06761459434305557,-0.019269908455568217,0.2796803652968037,331,0.06336567951388107
dq,short,1,-0.05811527342789348,-0.039953790024378336,876,-0.06777095849639023,-0.019426272608902874,0.2876712328767123,302,0.03633448715136129
body_frac,long,4,-0.1322199077969487,0.020609043371261057,876,-0.06811769155972683,-0.08692628979852082,0.2819634703196347,278,-0.05237395351235587
vol_per_trade_z,short,1,-1.3600079077846818,-0.9392144382417976,867,-0.06827386802357491,-0.019929182136087555,0.279123414071511,316,-0.06982094065314692
rpt_z,short,5,-0.14651668596023054,0.11541738274548088,867,-0.06846342038320836,-0.020118734495721012,0.2848904267589389,298,-0.08307913028859179
range_per_trade,short,7,3.4871296877540556e-08,3.988356080393457e-08,877,-0.0687222080857766,-0.020377522198289248,0.27708095781071834,127,-0.022945378496812503
vol_of_vol,short,1,-0.8806657599615962,-0.7203019051498344,826,-0.06876161992254011,-0.020416934035052757,0.30024213075060535,283,-0.03945805295705629
pos24,short,4,0.43604477547122444,0.5294697576153384,874,-0.0688041148818394,-0.020459428994352054,0.2768878718535469,300,-0.13221780835811153
rpt_rank,short,5,0.4666666666666667,0.5708333333333333,822,-0.06880516375622571,-0.020460477868738357,0.2822384428223844,315,-0.0556241406109925
efficiency,short,5,0.04943748063074492,0.06181974422204902,877,-0.06885070463384829,-0.02050601874636094,0.2839224629418472,312,-0.011202970121371888
ats_rank480,short,5,0.51875,0.6416666666666667,835,-0.0689049476174835,-0.02056026172999615,0.2838323353293413,334,0.1213488323627126
kyle_z,short,7,0.3024210281291553,0.6870621901332734,867,-0.06899262058691223,-0.02064793469942488,0.2722029988465975,354,0.036640813087806645
since_hi24,short,4,10.0,13.0,779,-0.06901051020353381,-0.02066582431604646,0.27599486521181,276,0.005543202954285302
range_z,short,2,-0.7636894619040546,-0.6045310958055903,867,-0.0691421170858197,-0.02079743119833235,0.2895040369088812,324,0.027638066987166237
disp6,long,5,0.03261478069250262,0.329275481138288,876,-0.06920225625844699,-0.08801085449724098,0.2945205479452055,296,0.15443395784657288
to_lo24,short,4,1.9944429526824226,2.4301514028480886,874,-0.06936073551271395,-0.021016049625226595,0.2757437070938215,362,0.10523965224195364
ats_rank480,short,1,0.08333333333333333,0.175,839,-0.06942296100977606,-0.021078275122288707,0.2586412395709178,327,0.3322870342099334
hi_pos,long,7,0.698744769874477,0.8284518828451883,877,-0.06977258084281329,-0.08858117908160729,0.2953249714937286,328,-0.04581684492071456
flow_eff,short,4,0.16344940613187892,0.27667621324964786,876,-0.07023617230887765,-0.021891486421390292,0.2888127853881279,401,0.08297936883346774
tbi_z24,short,7,0.5523382488745685,0.8798770194860938,874,-0.07024430210602431,-0.021899616218536956,0.2723112128146453,325,0.012201272873636067
wick_skew,long,5,-0.013552295918367374,0.06493913238194599,877,-0.07035608682937049,-0.08916468506816448,0.2839224629418472,359,-0.05816235975387772
lo_pos,short,7,0.6820083682008368,0.8200836820083682,877,-0.07059159201288813,-0.022246906125400777,0.2805017103762828,338,0.049706219618677765
range_per_trade,short,5,2.840846211011737e-08,3.118313638746739e-08,877,-0.07088937389279572,-0.022544688005308365,0.2748004561003421,313,-0.07260642588343012
up_wick,short,9,0.5798687191800286,inf,877,-0.07101921771511159,-0.022674531827624238,0.2862029646522235,280,-0.05183359927181451
to_lo96,long,5,5.304135230321936,6.379207564025311,867,-0.0710896390958852,-0.08989823733467919,0.29411764705882354,292,0.002908786020225153
up_wick,short,2,0.10769834952449314,0.1537346445545088,877,-0.07110148034883872,-0.022756794461351364,0.27137970353477764,287,-0.07058157780413295
kyle,long,3,2.6778939369519616e-07,2.987557355074311e-07,876,-0.07110934180082225,-0.08991794003961624,0.2888127853881279,336,-0.08412447016163149
disp6,long,0,-inf,-1.7804717542894932,876,-0.0712998912730177,-0.09010848951181169,0.2694063926940639,381,-0.16685643225677788
pos480,long,9,0.9286429376153641,inf,829,-0.07162618041265112,-0.09043477865144511,0.2955367913148372,174,0.037521203655025114
wick_skew,short,8,0.25166950855143666,0.3995793140200461,876,-0.07174823966004804,-0.023403553772560683,0.273972602739726,294,-0.09418155147140185
to_hi24,short,2,0.9750212547727201,1.3399987716232993,874,-0.07208986627743962,-0.023745180389952263,0.2711670480549199,287,0.011986812231192924
minofday,short,4,960.0,1200.0,1461,-0.07240878938606539,-0.024064103498578036,0.2724161533196441,537,0.03643904386250348
hour,short,4,16.0,20.0,1461,-0.07240878938606539,-0.024064103498578036,0.2724161533196441,537,0.03643904386250348
gap,short,0,-inf,-0.00025816145493430016,877,-0.0729489293742236,-0.024604243486736253,0.2725199543899658,20,
since_lo96,short,5,60.0,71.0,824,-0.07320156821380754,-0.024856882326320183,0.30097087378640774,267,0.11362083927809906
range_z,short,6,-0.09049257085156812,0.15568719632717545,867,-0.07329108247970266,-0.024946396592215307,0.27335640138408307,278,0.016949258574701836
trade_intensity,short,7,1.1173278827714148,1.3482077717504959,867,-0.07342481276405712,-0.025080126876569762,0.2675893886966551,283,-0.05188031138998326
to_lo24,short,5,2.4301514028480886,2.959401468473601,874,-0.07362994535914948,-0.025285259471662123,0.2711670480549199,335,0.02276560069220114
close_loc,short,9,0.8779196224862643,inf,877,-0.07367567208172092,-0.025330986194233567,0.27708095781071834,406,0.02999145046260082
absorb_z,short,7,0.15378856212922218,0.2261836432179246,847,-0.07399415239381839,-0.025649466506331035,0.2680047225501771,311,-0.04379509166675906
m1_jump,short,2,0.10865966621344716,0.12451667415153965,877,-0.07418336112893131,-0.02583867524144396,0.27366020524515394,321,-0.049219740279492254
ats_z96,long,1,-1.3406424527553134,-0.9122146512040115,867,-0.07430665901865774,-0.09311525725745173,0.2722029988465975,355,-0.19612206804892474
dow,short,1,1.0,2.0,1253,-0.07502806546376364,-0.02668337957627629,0.27773343974461295,456,0.063393873445733
updn_ratio,short,8,0.5232067510548524,0.5366106233019649,896,-0.07510399728922885,-0.026759311401741502,0.27232142857142855,364,0.10262094992071183
rpt_z,short,2,-0.890299282014816,-0.6179349713597198,867,-0.07516924970978409,-0.026824563822296733,0.28027681660899656,309,-0.08233369771737965
vol_per_trade_z,short,5,-0.07587515371106013,0.21414320489103297,867,-0.07661228302625929,-0.028267597138771937,0.27450980392156865,344,0.1224046515536026
absorb_z,short,4,-0.023011506087688857,0.048648778315058844,847,-0.07731678098045905,-0.028972095092971696,0.282172373081464,342,0.024637322425533
wick_skew,short,7,0.1466209500176167,0.25166950855143666,877,-0.07735267771027836,-0.029007991822791006,0.2690992018244014,312,0.09338146925709473
absorb_z,short,6,0.10621992214079679,0.15378856212922218,848,-0.07750244031771672,-0.029157754430229367,0.27358490566037735,371,0.12953358142651797
tbi_ma8,long,7,0.00217507300364068,0.004988225015250394,876,-0.0776823425150517,-0.09649094075384569,0.2728310502283105,256,0.34435046044329604
avg_trade_usd,long,1,2661.7871666265796,2975.339056554425,876,-0.07780148259165473,-0.09661008083044872,0.2636986301369863,291,-0.08057812301189073
absorb,long,3,-0.039510818125478527,-0.02381027372215469,876,-0.07785722128174538,-0.09666581952053938,0.2705479452054795,214,-0.10009546496825476
pos24,long,0,-inf,0.1529843724693117,875,-0.07807686061248043,-0.09688545885127442,0.28,385,-0.09462962903981734
accel,short,5,-0.013099381754319017,0.33119465026240713,875,-0.07822409771909652,-0.029879411831609172,0.27885714285714286,307,-0.045184061806294896
since_lo96,long,0,-inf,7.0,796,-0.07824399513185017,-0.09705259337064416,0.25125628140703515,395,-0.06240863364194425
since_lo24,long,3,8.0,11.0,758,-0.0788225944251987,-0.0976311926639927,0.28100263852242746,279,0.018843380296669536
trade_intensity,short,6,0.9461992272434562,1.1173278827714148,867,-0.07897646461733095,-0.030631778729843594,0.27450980392156865,276,0.007294361962841395
range_z,short,5,-0.2895947805612975,-0.09049257085156812,867,-0.07944109421277548,-0.03109640832528813,0.2629757785467128,308,-0.08755721723768493
vol_per_trade_z,short,4,-0.3595189147249858,-0.07587515371106013,867,-0.07973672741943369,-0.03139204153194634,0.2825836216839677,311,0.09383600507538735
kyle,short,7,4.134743394911122e-07,4.800458662385801e-07,877,-0.07997260271244531,-0.03162791682495796,0.27366020524515394,164,0.2587098234726273
persist24,long,7,0.30578017484461784,0.3730368956947808,874,-0.08064024288104281,-0.0994488411198368,0.2814645308924485,314,-0.04661152193023848
accel,short,6,0.33119465026240713,0.6613074383967532,874,-0.08089401390079755,-0.032549328013310196,0.2700228832951945,255,0.0117441562579581
m1_jump,long,0,-inf,0.09125296461620419,877,-0.08111947653869966,-0.09992807477749366,0.2759407069555302,343,0.05700484103335982
tbi_z96,short,5,-0.004833135626994989,0.2589168609623426,867,-0.0811216471948688,-0.032776961307381454,0.27566320645905423,370,0.12508865664921115
dow,short,4,4.0,5.0,1254,-0.08124245649095944,-0.03289777060347209,0.2511961722488038,462,-0.05339695865600874
ats_z96,short,9,1.491541066401036,inf,867,-0.08147436970423427,-0.03312968381674692,0.2837370242214533,283,-0.1440167273203131
gap,long,1,-0.00025816145493430016,-7.901603251036761e-05,876,-0.08178052827593063,-0.10058912651472462,0.2648401826484018,457,0.07956940701128704
since_lo24,short,2,5.0,8.0,832,-0.08212917539394977,-0.03378448950646242,0.2620192307692308,321,0.03386902676218961
since_hi96,short,3,20.0,31.0,823,-0.08257162328750949,-0.03422693740002213,0.29404617253948967,288,0.16058249492674276
accel,short,1,-1.6491428709401679,-1.0997316491236018,874,-0.08308714712511127,-0.034742461237623916,0.2826086956521739,328,0.126197924755162
atr_rank,short,7,0.69375,0.8020833333333334,842,-0.08327279413704136,-0.03492810824955401,0.26247030878859856,213,0.31705456617946387
to_lo96,short,5,5.304135230321936,6.379207564025311,867,-0.08353866237586656,-0.03519397648837921,0.2779700115340254,292,0.0103923271666832
rv_vs_range,short,7,0.7652230555975403,0.824571909710019,877,-0.0836336387915713,-0.03528895290408395,0.2725199543899658,354,0.09975843577093173
tbi_ma96,short,2,-0.005221464332485892,-0.003994503230319841,867,-0.08405773408230127,-0.03571304819481392,0.2779700115340254,342,0.28382839764375545
kyle_z,short,9,1.270981246347144,inf,867,-0.08424786915466803,-0.03590318326718068,0.25836216839677045,363,0.1347627256678337
range_z,long,0,-inf,-0.939232251268162,867,-0.08437403053024199,-0.10318262876903599,0.30103806228373703,384,0.14618592131610628
dn_wick,short,0,-inf,0.06063348667650544,877,-0.08448362507480683,-0.03613893918731948,0.2668187001140251,393,-0.015774538022281195
dq_z96,short,5,-0.006008376991721173,0.25811175786992097,867,-0.08473024761978003,-0.036385561732292675,0.27450980392156865,370,0.11700277885616334
updn_ratio,short,5,0.5,0.5062761506276151,848,-0.08490678604060375,-0.0365621001531164,0.2794811320754717,287,0.08639378565560366
vol_per_trade_z,short,0,-inf,-1.3600079077846818,867,-0.08493291396140475,-0.03658822807391739,0.25951557093425603,292,0.21020380553083065
since_hi96,short,9,93.0,inf,937,-0.08531643057545482,-0.03697174468796747,0.26680896478121663,502,0.2466251242243
ats_z96,short,2,-0.9122146512040115,-0.6089442981471993,867,-0.08543619133010204,-0.037091505442614685,0.2710495963091119,340,-0.051985102397807445
range_per_trade,short,6,3.118313638746739e-08,3.4871296877540556e-08,876,-0.08552847014267365,-0.03718378425518629,0.271689497716895,208,-0.2648635480293041
persist24,short,3,0.109804210197814,0.1516318381334749,873,-0.08589585907381606,-0.0375511731863287,0.27835051546391754,323,0.024021277158922688
absorb,short,6,0.009896605556402129,0.02367784555914429,876,-0.08599685675844515,-0.0376521708709578,0.271689497716895,224,-0.0640764975475192
extreme_late,short,2,0.3891213389121339,0.5188284518828452,866,-0.08641310602586787,-0.038068420138380514,0.279445727482679,327,0.08122274116282409
dn_wick,short,5,0.27842507030932095,0.33942584319378094,877,-0.08644467759470743,-0.03809999170722008,0.2759407069555302,304,0.10855077497899046
vol_of_vol,short,3,-0.5853181162439783,-0.4435321718973473,826,-0.08651340541271904,-0.03816871952523169,0.2796610169491525,210,0.06532076156574029
flow_eff,long,5,0.27667621324964786,0.4191040181338267,876,-0.08712459124591555,-0.10593318948470955,0.29337899543379,273,0.04123985222646954
range_z,short,8,0.5248822723292595,1.2202518597702472,867,-0.08731217085534507,-0.038967484967857714,0.26412918108419836,363,0.12624218901941825
to_lo480,short,4,10.715801865379952,13.118001012596803,829,-0.08734284648262304,-0.03899816059513569,0.27744270205066346,250,0.2169397527544006
since_hi480,long,5,198.0,280.0,827,-0.08741960004356837,-0.10622819828236237,0.2539298669891173,497,-0.21265085658055988
disp24,short,3,-1.3908624376971332,-0.5502340015475478,873,-0.08742581004763067,-0.03908112416014332,0.2806414662084765,316,0.05911836401726614
gap,short,4,8.420301018954109e-05,0.0002571207823121999,876,-0.08765768703787279,-0.03931300115038543,0.2705479452054795,465,0.05595389092573209
pos24,short,6,0.6322616244553863,0.7301728498703437,874,-0.08769350938471195,-0.03934882349722459,0.26773455377574373,320,0.27423280430853536
rpt_z,short,7,0.4062038984424042,0.7850117122844968,867,-0.08777273755298694,-0.039428051665499585,0.2675893886966551,355,0.05776777576262891
disp24,short,1,-3.577461783881696,-2.291969682185864,874,-0.08778961729832664,-0.03944493141083929,0.26887871853546913,334,0.13450480874024076
hi_pos,short,4,0.27615062761506276,0.41841004184100417,880,-0.08829270475600147,-0.03994801886851412,0.275,361,0.08832425858813447
absorb,short,4,-0.02381027372215469,-0.008677057017303397,876,-0.0883840809755187,-0.040039395088031345,0.2648401826484018,290,0.046256753996567986
vol_of_vol,long,7,0.1305644429785149,0.5234357289122207,826,-0.0892854224540327,-0.1080940206928267,0.26150121065375304,369,-0.32853226090921267
tbi_ma24,short,6,-0.0007328653022908441,0.0009966377006771499,874,-0.08933501089424059,-0.04099032500675324,0.2517162471395881,259,-0.06178806998596911
dq_cum24,long,6,-0.03202331147178632,0.051199594242740815,874,-0.08981852878425693,-0.10862712702305093,0.2574370709382151,254,0.093081565874632
dq,short,5,-0.004422707711386351,0.0061825412298494075,877,-0.09039682652225492,-0.04205214063476757,0.2690992018244014,257,-0.013552962919694954
tbi_z8,short,1,-1.3409038308105765,-0.9467241273073556,876,-0.09072304661910283,-0.04237836073161547,0.271689497716895,288,0.0740291487159182
absorb,short,5,-0.008677057017303397,0.009896605556402129,876,-0.09080832216102783,-0.042463636273540474,0.2659817351598174,356,0.0866618797892704
rv_vs_range,short,2,0.5423857931751022,0.5901794183609127,877,-0.09129926067035544,-0.04295457478286809,0.27137970353477764,298,0.14396808491922797
since_hi24,short,7,20.0,22.0,687,-0.091339377424795,-0.04299469153730765,0.27365356622998543,243,0.10115677095095595
kyle,short,6,3.685243424347186e-07,4.134743394911122e-07,876,-0.09134357354971293,-0.04299888766222557,0.2705479452054795,184,0.02486788207031421
close_loc,short,5,0.52505473120895,0.6128157222335351,877,-0.09140539368856283,-0.04306070780107548,0.2645381984036488,296,0.0723518698490957
disp6,short,9,1.9383292806548476,inf,876,-0.09146297230691967,-0.04311828641943232,0.2773972602739726,300,-0.0871652510632444
since_lo96,short,1,7.0,19.0,934,-0.0917668800206794,-0.043422194133192045,0.2430406852248394,393,0.08690201084615667
ats_rank480,short,7,0.746875000000002,0.8479166666666667,816,-0.09209408423886778,-0.04374939835138043,0.27818627450980393,268,-0.044855295289356875
extreme_late,short,0,-inf,0.23430962343096234,873,-0.09276947237062112,-0.04442478648313377,0.26575028636884307,274,-0.05377103437892457
tbi_z8,short,6,0.2934497525791458,0.6074870578487849,875,-0.09288513336646403,-0.04454044747897668,0.26971428571428574,340,-0.08430727470167579
vol_of_vol,long,4,-0.4435321718973473,-0.29998734266072047,826,-0.0931217043719438,-0.11193030261073779,0.2857142857142857,239,-0.06544511592970097
wick_skew,short,1,-0.4377410159181354,-0.28415366438028616,876,-0.09314026874258684,-0.044795582855099485,0.2773972602739726,332,0.11763641364685909
dq_z96,short,1,-1.293329031337503,-0.8587730583550733,867,-0.09348239953962015,-0.045137713652132795,0.2779700115340254,312,0.06162484041068002
extreme_late,short,4,0.6234309623430963,0.7238493723849372,848,-0.09367840826854604,-0.045333722381058685,0.27004716981132076,323,-0.008924599534708746
disp6,short,7,0.6964592982610548,1.1803459452900136,876,-0.09386197572104499,-0.045517289833557635,0.2648401826484018,358,-0.13455207965271543
since_hi96,long,3,20.0,31.0,823,-0.09390496999236612,-0.11271356823116012,0.2891859052247874,288,-0.0890638496353257
tbi,short,5,-0.0023197511107546642,0.0030071644135989633,877,-0.09428530532411393,-0.04594061943662658,0.26795895096921324,261,-0.006707899948317873
to_hi480,short,9,30.382761438644796,inf,829,-0.09532448097345239,-0.04697979508596504,0.2858866103739445,239,-0.5547943853451461
dq_cum24,short,6,-0.03202331147178632,0.051199594242740815,874,-0.09542248721607953,-0.04707780132859218,0.2505720823798627,254,-0.06587453523412072
tbi_ma8,short,9,0.00884038084554492,inf,876,-0.09576874606388776,-0.047424060176400405,0.2659817351598174,527,-0.12611021818142754
to_hi480,long,5,9.848374878703964,12.64774500004412,829,-0.0965720139344047,-0.1153806121731987,0.2738238841978287,312,-0.14501126200954287
since_hi24,long,7,20.0,22.0,687,-0.09661395318614252,-0.11542255142493651,0.2765647743813683,243,-0.19248108040089643
tbi_ma24,short,3,-0.005544708761485168,-0.0038413223296578833,874,-0.09676647569117305,-0.0484217898036857,0.2963386727688787,266,-0.07807220943760168
vol_per_trade_z,short,6,0.21414320489103297,0.5335539487469343,867,-0.0975033931720181,-0.04915870728453075,0.2629757785467128,326,0.005884482066342913
to_lo24,short,0,-inf,0.7648849695554003,875,-0.09911812549353698,-0.050773439606049624,0.272,377,0.003661901278992481
extreme_late,short,1,0.23430962343096234,0.3891213389121339,878,-0.09982716935596903,-0.05148248346848167,0.2619589977220957,308,0.054722549575499935
kyle_z,short,6,0.023459112082467374,0.3024210281291553,867,-0.09992028596127668,-0.05157560007378933,0.2629757785467128,331,0.09741247619899036
rv_vs_range,short,1,0.4846170569677432,0.5423857931751022,876,-0.09993183046067992,-0.05158714457319257,0.2671232876712329,276,0.1008750168440199
tbi_ma24,long,6,-0.0007328653022908441,0.0009966377006771499,874,-0.10060270467864474,-0.11941130291743873,0.2528604118993135,259,0.09415628578156356
since_hi24,short,5,13.0,16.0,777,-0.10062475116650636,-0.05228006527901901,0.277992277992278,263,0.015885204020809573
updn_ratio,long,7,0.5146443514644351,0.5232067510548524,882,-0.10096665983188026,-0.11977525807067425,0.2653061224489796,325,-0.014156912918420736
close_loc,short,3,0.3360237627574011,0.4277325790224542,876,-0.10096994506290187,-0.05262525917541452,0.2705479452054795,285,-0.03478741146968961
to_hi24,short,5,2.1035386337179403,2.534017030051735,874,-0.10100141413792553,-0.05265672825043818,0.2734553775743707,276,-0.08771027011911825
avg_trade_usd,short,5,3869.0922843088965,4147.058274240792,877,-0.10100793507419155,-0.052663249186704196,0.26795895096921324,163,0.09059424601657799
since_hi24,long,9,24.0,inf,1045,-0.10126993682882675,-0.12007853506762074,0.27177033492822966,451,-0.05742007271833974
dq_cum24,short,3,-0.2629753993361918,-0.1808396350302467,874,-0.10156963097603798,-0.05322494508855063,0.2951945080091533,262,-0.09329679170524886
rv_vs_range,short,5,0.6755027837760977,0.7186206532706073,877,-0.10178915133198103,-0.05344446544449368,0.2759407069555302,290,0.009578255357618559
dn_wick,short,3,0.16670349907920837,0.21976693723255156,876,-0.102546952108642,-0.05420226622115464,0.2659817351598174,358,0.11084186031274819
avg_trade_usd,short,3,3275.0465434337902,3571.7814422655642,876,-0.1026953426997283,-0.054350656812240945,0.2751141552511416,221,0.26943290867776515
tbi_z96,short,1,-1.2937127435063578,-0.8595671205731356,867,-0.10290824070605466,-0.054563554818567304,0.27450980392156865,313,0.05810841268486396
up_wick,short,7,0.38427705627705583,0.4652863703779721,877,-0.1035008932914812,-0.055156207403993844,0.2668187001140251,304,0.028527727366974048
efficiency,short,6,0.06181974422204902,0.07649580443428429,876,-0.10368571817949039,-0.05534103229200304,0.2671232876712329,324,0.06843170252889887
disp24,short,2,-2.291969682185864,-1.3908624376971332,875,-0.1041923265751529,-0.055847640687665547,0.26857142857142857,273,0.047223774897231154
persist96,long,4,0.07344964523908125,0.09793205045260268,866,-0.10421993336295382,-0.12302853160174781,0.26674364896073904,406,0.007465370412840848
avg_trade_usd,short,6,4147.058274240792,4429.932133653071,876,-0.10423090497139055,-0.0558862190839032,0.2648401826484018,191,0.08654886622112512
trade_intensity,short,8,1.3482077717504959,1.8005630550031468,867,-0.10458982004611893,-0.056245134158631575,0.25836216839677045,331,0.10099823764139662
lo_pos,short,5,0.39748953974895396,0.5397489539748954,881,-0.10498154914610454,-0.056636863258617186,0.27695800227014755,358,0.12154999506747322
to_hi480,short,0,-inf,1.7428002563700233,829,-0.10547157170270674,-0.05712688581521939,0.2605548854041013,173,-0.09623012973920593
persist6,short,4,0.302335680588273,0.39038315738435553,875,-0.10590292915218753,-0.05755824326470018,0.264,348,0.10361035429141627
pos24,short,7,0.7301728498703437,0.8091875995254977,874,-0.10600224203911497,-0.05765755615162762,0.2540045766590389,255,-0.030793914988521874
since_lo24,short,5,15.0,18.0,824,-0.10630739244534235,-0.057962706557854994,0.2609223300970874,296,0.07956480781877594
tbi_ma8,short,5,-0.0022705903744923255,-8.514950941362843e-05,876,-0.1067113511877043,-0.058366665300216954,0.2614155251141553,241,0.006184683260079701
body_frac,short,8,0.4886665308905451,0.647672323272756,876,-0.10703355310362406,-0.058688867216136704,0.2579908675799087,321,0.07794656459109119
disp96,short,7,3.8574025234418943,6.162367051044947,867,-0.10737643802689124,-0.05903175213940389,0.28604382929642447,341,0.07063014514105835
pos480,short,3,0.3050713968053542,0.439279891478773,828,-0.10744624898998498,-0.059101563102497624,0.2608695652173913,454,0.34889236511576555
tbi_ma24,short,9,0.005514033581752368,inf,875,-0.10782353265698082,-0.059478846769493464,0.264,530,-0.1677745491091968
persist24,short,9,0.46544431995907726,inf,875,-0.10818248488005174,-0.05983779899256438,0.2822857142857143,265,-0.12747608385223258
tbi_ma96,long,0,-inf,-0.007067867750344451,867,-0.10819337335316706,-0.12700197159196105,0.2675893886966551,672,0.1725231920618791
avg_trade_usd,short,2,2975.339056554425,3275.0465434337902,877,-0.10822455068632704,-0.05987986479883969,0.27137970353477764,285,0.16819736402093027
persist96,short,8,0.19993176108058378,0.26354186353312103,867,-0.1089406024086436,-0.06059591652115625,0.2306805074971165,285,-0.22565229804219644
ats_rank480,long,0,-inf,0.08333333333333333,817,-0.10940648625375116,-0.12821508449254515,0.2423500611995104,425,-0.12469980289145591
disp6,short,1,-1.7804717542894932,-1.0597079211984235,876,-0.11003726880930827,-0.061692582921820914,0.2625570776255708,359,0.10324331267216522
kyle,short,9,6.03328908275103e-07,inf,877,-0.11049571164805778,-0.06215102576057043,0.21322690992018245,26,
since_lo24,short,4,11.0,15.0,1034,-0.11099890535107461,-0.06265421946358726,0.2620889748549323,380,-0.029007454201351566
to_lo480,long,1,4.2166649766533375,6.32392160129927,828,-0.1114565282497026,-0.13026512648849659,0.25966183574879226,398,-0.08541965679932038
dq_cum24,short,9,0.2675339650052798,inf,875,-0.11150978327662986,-0.0631650973891425,0.26285714285714284,529,-0.16609770107768781
since_lo96,short,2,19.0,33.0,852,-0.11159274543185249,-0.06324805954436513,0.22417840375586853,343,-0.08740218405513595
kyle,short,1,2.0053712473038197e-07,2.3599434372685855e-07,876,-0.11256649030186697,-0.06422180441437961,0.2819634703196347,542,-0.030535353134085428
disp24,short,4,-0.5502340015475478,0.1406102877703619,874,-0.11277524958508034,-0.06443056369759298,0.26887871853546913,359,0.1556935570898099
disp96,short,8,6.162367051044947,9.598565625143438,867,-0.11318720679970844,-0.06484252091222109,0.2722029988465975,388,0.02020249838311548
ats_z96,short,4,-0.3242508505869179,-0.03431224938847927,867,-0.113416519688213,-0.06507183380072565,0.2722029988465975,326,0.038276533908061336
disp24,long,2,-2.291969682185864,-1.3908624376971332,875,-0.11381292037624771,-0.1326215186150417,0.2651428571428571,273,-0.13756526894558807
range_per_trade,short,3,2.3595939859596615e-08,2.5856397998865023e-08,876,-0.1142194474784807,-0.06587476159099334,0.2671232876712329,383,0.020288574206870174
dq_cum24,long,0,-inf,-0.4757069499251344,875,-0.1143948998105611,-0.1332034980493551,0.28685714285714287,569,-0.29347286091930547
kyle,long,0,-inf,2.0053712473038197e-07,877,-0.11460267067423034,-0.13341126891302435,0.30444697833523376,926,0.08963068359566176
hi_pos,short,9,0.9414225941422594,inf,901,-0.11470477894975313,-0.06636009306226578,0.26082130965593786,342,0.03908526649274612
atr_rank,short,6,0.5854166666666667,0.69375,825,-0.11473681786692638,-0.06639213197943902,0.2678787878787879,234,0.32430576449219556
body_frac,short,2,-0.44780140982012545,-0.29681895058452057,877,-0.11536100920956069,-0.06701632332207333,0.26567844925883694,283,0.10153525599539308
range_rank,long,1,0.08125,0.17291666666666666,818,-0.1156985012048034,-0.1345070994435974,0.2860635696821516,308,0.09729765756665214
m1_jump,short,7,0.20971816373948826,0.25195253342068497,877,-0.11574965645350557,-0.06740497056601821,0.2611174458380844,344,0.16008396390642174
m1_jump,short,1,0.09125296461620419,0.10865966621344716,876,-0.11659019039578321,-0.06824550450829586,0.2614155251141553,282,0.14444808510741203
persist24,short,4,0.1516318381334749,0.19597906119336136,874,-0.11681767924706266,-0.0684729933595753,0.2528604118993135,288,0.004494136228782512
trade_intensity,long,2,0.5487640851719368,0.6373089822903832,867,-0.116932475202345,-0.135741073441139,0.2825836216839677,264,0.1880696916335424
range_per_trade,short,4,2.5856397998865023e-08,2.840846211011737e-08,876,-0.11696352567064318,-0.06861883978315583,0.2659817351598174,385,-0.008482291260263676
range_z,short,4,-0.4514947738339036,-0.2895947805612975,867,-0.11712256601885149,-0.06877788013136413,0.25720876585928487,281,-0.0938062832377286
vol_of_vol,long,0,-inf,-0.8806657599615962,827,-0.11755601581072662,-0.1363646140495206,0.2926239419588875,629,0.017632915576765842
pos96,short,4,0.43698615688442133,0.5330857457785712,867,-0.11765370469808212,-0.06930901881059476,0.26528258362168394,289,0.4123382321151448
accel,short,2,-1.0997316491236018,-0.699012663140142,875,-0.11794343919221313,-0.06959875330472579,0.26857142857142857,286,0.04530667644101749
ats_z96,short,6,0.2738726853948817,0.5982659455752135,867,-0.1180415801841614,-0.06969689429667406,0.27335640138408307,331,0.13228017728567631
vol_of_vol,short,2,-0.7203019051498344,-0.5853181162439783,826,-0.11838238893218801,-0.07003770304470067,0.2917675544794189,204,0.06800867280942281
persist6,short,6,0.4832805114664188,0.5799522535681318,876,-0.11849923571111406,-0.0701545498236267,0.2511415525114155,327,-0.0398059740034991
since_lo480,short,9,473.0,inf,834,-0.11892308748166731,-0.07057840159417997,0.26139088729016785,273,0.09364185734288376
absorb_z,long,0,-inf,-0.36233158195032084,848,-0.11910359994488684,-0.13791219818368083,0.2641509433962264,358,0.029909502818845638
tbi_ma24,long,0,-inf,-0.009992051737382303,875,-0.11996167023246469,-0.13877026847125867,0.2845714285714286,566,-0.2895416900674842
to_lo96,long,1,1.5534555465878805,2.5780327686168896,867,-0.1213213170675518,-0.14012991530634578,0.2629757785467128,366,-0.08833703302224376
persist24,long,6,0.2462627617705114,0.30578017484461784,873,-0.12169279402961111,-0.1405013922684051,0.27949599083619703,306,0.03411905995704399
persist24,short,2,0.06974219146853762,0.109804210197814,875,-0.12169789656687698,-0.07335321067938963,0.2674285714285714,364,0.049037630919493855
tbi_z24,short,5,-0.001980968647508028,0.2685552548113925,874,-0.12225195281614325,-0.0739072669286559,0.2631578947368421,343,0.024922805407503957
to_lo480,short,0,-inf,4.2166649766533375,829,-0.12235022537539272,-0.07400553948790536,0.20024125452352232,438,0.01469443319264537
range_rank,short,9,0.9020833333333333,inf,837,-0.12308236926362238,-0.07473768337613504,0.23058542413381122,310,0.14377942992084028
tbi,short,7,0.008709581192913353,0.015243197431993476,877,-0.12331004047892684,-0.07496535459143949,0.2508551881413911,239,0.010258446030869364
since_lo96,long,3,33.0,47.0,840,-0.12332375978033115,-0.14213235801912516,0.2726190476190476,293,0.27650931611917634
vol_of_vol,long,5,-0.29998734266072047,-0.1159629389336806,827,-0.12405758298632406,-0.14286618122511807,0.26360338573155984,235,-0.006025568535491142
absorb_z,short,3,-0.088541607076107,-0.023011506087688857,848,-0.12415134028633087,-0.07580665439884351,0.27476415094339623,253,0.042414141588897586
atr_rank,long,0,-inf,0.04791666666666667,820,-0.12474042080596211,-0.1435490190447561,0.3048780487804878,239,0.2655678425704706
absorb_z,short,5,0.048648778315058844,0.10621992214079679,848,-0.12474917834130693,-0.07640449245381958,0.25707547169811323,410,0.1384452049793193
disp6,short,2,-1.0597079211984235,-0.6087177305173185,876,-0.1249279296246603,-0.07658324373717296,0.2671232876712329,311,0.020733450311646178
absorb,short,8,0.044717626664597124,0.09575947728273958,876,-0.12522822291263513,-0.07688353702514777,0.2511415525114155,340,-0.0035870204385400387
avg_trade_usd,short,0,-inf,2661.7871666265796,877,-0.12588604600100614,-0.07754136011351878,0.233751425313569,379,0.09909341641968702
range_rank,long,0,-inf,0.08125,828,-0.12593749402243415,-0.14474609226122814,0.29589371980676327,289,0.1665374103016123
hi_pos,short,1,0.02092050209205021,0.07531380753138076,841,-0.12776756307015474,-0.07942287718266738,0.25921521997621877,282,-0.02435396819756808
range_rank,short,8,0.7958333333333333,0.9020833333333333,833,-0.1281484130983721,-0.07980372721088475,0.2388955582232893,334,0.16925505227236703
trade_intensity,short,5,0.8279046459073436,0.9461992272434562,867,-0.12851559359280754,-0.08017090770532018,0.25951557093425603,237,-0.039282735845153634
since_lo480,long,0,-inf,46.0,826,-0.1299564406119986,-0.1487650388507926,0.20702179176755447,472,-0.06608119919265319
to_hi24,short,4,1.72453232391888,2.1035386337179403,874,-0.13040951564976272,-0.08206482976227536,0.2620137299771167,275,0.11973391458194374
ats_z96,long,0,-inf,-1.3406424527553134,867,-0.13092587434101055,-0.14973447257980455,0.24682814302191464,313,-0.054879666785333764
dq_z96,short,6,0.25811175786992097,0.5409492448694525,867,-0.13107529242713142,-0.08273060653964406,0.25951557093425603,351,-0.10169218491570346
dq,short,9,0.050170927440953784,inf,877,-0.1313256778163962,-0.08298099192890884,0.25997719498289623,535,-0.03609279133717052
flow_eff,short,9,1.6727174680472765,inf,877,-0.13139717570930745,-0.08305248982182009,0.22576966932725198,218,0.05606813559448856
dn_wick,short,6,0.33942584319378094,0.4068508113412117,876,-0.1317326803164018,-0.08338799442891445,0.2557077625570776,279,-0.004568613548003894
dq,short,7,0.017399669031531558,0.030617822466259943,877,-0.13216870611170475,-0.0838240202242174,0.24743443557582667,241,0.025759007869122084
pos96,short,5,0.5330857457785712,0.6450096414647009,867,-0.13226449115342312,-0.08391980526593576,0.2664359861591695,275,-0.029385924810505757
range_rank,short,3,0.275,0.3770833333333333,819,-0.13242538545865457,-0.0840806995711672,0.2686202686202686,312,0.09482320942668392
tbi_z96,short,6,0.2589168609623426,0.5399741851352386,867,-0.1344649585781799,-0.08612027269069253,0.25836216839677045,348,-0.11586686499436466
rpt_rank,short,7,0.6791666666666667,0.7916666666666666,839,-0.1347189087742794,-0.08637422288679203,0.25387365911799764,351,0.0064244823142322206
tbi,short,9,0.025053853481713743,inf,877,-0.13473319224108823,-0.08638850635360087,0.2588369441277081,536,-0.03796593489234248
to_hi96,short,3,2.5101534920313773,3.3604410362712,867,-0.1349784488523208,-0.08663376296483344,0.2675893886966551,321,-0.185481597600212
to_hi96,short,1,1.0266535812153021,1.7493207730872482,867,-0.13691169016442306,-0.0885670042769357,0.2675893886966551,268,-0.16917805155870333
disp96,short,2,-4.6414997717812,-2.613129304605548,867,-0.13726812265392915,-0.0889234367664418,0.24567474048442905,370,-0.2851460211101019
kyle_z,short,8,0.6870621901332734,1.270981246347144,867,-0.13785044103017477,-0.08950575514268741,0.23990772779700115,358,0.12631991334469006
atr_pct,short,7,0.02119866654978644,0.024678765221320686,877,-0.13859090341703645,-0.09024621752954909,0.23033067274800456,166,0.03154289359205092
to_lo480,long,2,6.32392160129927,8.431407725710367,829,-0.1386492717707085,-0.15745787000950248,0.2750301568154403,463,-0.08539075433737088
rpt_z,short,9,1.3331224320282498,inf,867,-0.1390420382952784,-0.09069735240779103,0.24682814302191464,335,0.1003504981519967
range_rank,short,6,0.5875,0.6958333333333333,830,-0.14004856531194843,-0.09170387942446107,0.24819277108433735,327,0.014415092902284115
kyle,short,4,2.987557355074311e-07,3.30631537978391e-07,876,-0.14292477924130487,-0.09458009335381751,0.2625570776255708,286,0.12059623255359148
to_lo96,long,6,6.379207564025311,7.596208370083321,867,-0.14438015633079973,-0.16318875456959372,0.2768166089965398,344,0.13336203561719995
absorb_z,long,9,0.3861689089193485,inf,848,-0.14470915665442755,-0.16351775489322154,0.2641509433962264,330,0.1362292579015644
to_lo480,short,5,13.118001012596803,15.868379882089577,828,-0.14528614244187316,-0.0969414565543858,0.2669082125603865,319,-0.05051631440470983
pos24,short,3,0.34298752660413573,0.43604477547122444,874,-0.14573446341961155,-0.09738977753212419,0.2574370709382151,297,-0.10543770129193562
since_hi480,short,2,33.0,69.0,819,-0.14661722890197845,-0.09827254301449109,0.2612942612942613,233,0.5516300464046193
to_hi96,long,7,6.5778721548054815,7.93958480731143,867,-0.14720268510445805,-0.16601128334325205,0.23414071510957324,366,-0.05128381919870214
since_lo96,short,8,90.0,95.0,838,-0.14762308031092242,-0.09927839442343506,0.26610978520286394,304,0.12589818725284443
disp24,long,7,1.764446311305434,2.8978604858971413,873,-0.14795828621055457,-0.16676688444934856,0.26804123711340205,301,0.08424412601410855
persist24,short,1,0.03381198187406315,0.06974219146853762,874,-0.1500571990457897,-0.10171251315830235,0.2482837528604119,376,0.12226273945250547
since_lo480,short,0,-inf,46.0,826,-0.15097044320706432,-0.10262575731957696,0.17675544794188863,472,0.0672301673104709
to_hi480,short,6,12.64774500004412,15.9517432415093,828,-0.1511730877056958,-0.10282840181820843,0.2463768115942029,382,0.07796856723736378
persist6,short,7,0.5799522535681318,0.6910456957029085,876,-0.15173073672748272,-0.10338605083999536,0.2568493150684932,315,0.11527179757826322
since_hi96,short,7,73.0,84.0,811,-0.1517373008776525,-0.10339261499016514,0.2318125770653514,353,-0.009829436168270972
to_hi480,short,7,15.9517432415093,22.051911477403223,828,-0.15202543253376252,-0.10368074664627516,0.2572463768115942,421,0.1661162248646483
updn_ratio,short,9,0.5366106233019649,inf,877,-0.15232755954232613,-0.10398287365483877,0.2508551881413911,433,-0.05538413227191456
lo_pos,short,4,0.27615062761506276,0.39748953974895396,862,-0.15245639204766176,-0.1041117061601744,0.25406032482598606,300,-0.07994888254621534
pos96,short,7,0.7579715165324187,0.8399926079556,867,-0.15256453649350532,-0.10421985060601796,0.2664359861591695,303,-0.038545679575878684
pos480,long,5,0.5886857473616829,0.6817188870286215,829,-0.15311870698217522,-0.17192730522096922,0.25211097708082025,134,0.06149793793041101
atr_rank,long,2,0.13333333333333333,0.22708333333333333,814,-0.15362349442618548,-0.17243209266497947,0.28255528255528256,379,0.006220368700494358
kyle_z,short,5,-0.21236720358189776,0.023459112082467374,867,-0.15379266792822535,-0.10544798204073799,0.23875432525951557,293,-0.03381475087650841
rpt_z,short,8,0.7850117122844968,1.3331224320282498,867,-0.15454922523919778,-0.10620453935171043,0.24567474048442905,358,0.04973287356586438
atr_pct,short,0,-inf,0.01019349926659955,877,-0.1548521193336339,-0.10650743344614655,0.2896237172177879,847,-0.06239284301101479
tbi_ma8,short,8,0.004988225015250394,0.00884038084554492,876,-0.15503304826405162,-0.10668836237656426,0.2328767123287671,297,-0.17688096633143394
disp96,long,1,-7.316418299668853,-4.6414997717812,867,-0.15572828246256162,-0.17453688070135562,0.23298731257208766,306,0.32358554191766015
persist24,short,0,-inf,0.03381198187406315,874,-0.15756466316322115,-0.10921997727573379,0.2437070938215103,399,0.1916218301021026
to_lo96,short,3,3.4872744615639926,4.363540401278077,867,-0.15767362010860253,-0.10932893422111517,0.22722029988465975,319,0.004158252209635975
pos96,long,2,0.2543062883895379,0.34108142424222404,867,-0.1588417968779323,-0.17765039511672628,0.2537485582468281,326,0.06483094703756243
to_hi24,short,7,3.0361244652164334,3.7577961891365845,874,-0.15968302791441571,-0.11133834202692836,0.2585812356979405,386,0.031996646181302525
range_per_trade,long,0,-inf,1.8252102014440413e-08,877,-0.15972766035208144,-0.17853625859087544,0.25655644241733183,731,-0.19660010992595656
atr_pct,short,8,0.024678765221320686,0.030351754735768795,876,-0.16034635476889414,-0.11200166888140678,0.2089041095890411,107,0.004985459147630874
to_hi24,short,6,2.534017030051735,3.0361244652164334,874,-0.16086364611475795,-0.11251896022727059,0.2654462242562929,290,0.0848409417190336
tbi_ma96,short,4,-0.003074124309458409,-0.0021863931914519663,867,-0.16102663748424667,-0.11268195159675931,0.24798154555940022,162,0.18829188864897875
rpt_rank,short,9,0.8979166666666667,inf,847,-0.16137461413651075,-0.11302992824902339,0.23730814639905548,315,-0.09041365984738865
since_lo96,long,1,7.0,19.0,934,-0.16176005567239093,-0.18056865391118493,0.22483940042826553,393,-0.017548575427529363
rpt_rank,long,0,-inf,0.07916666666666666,822,-0.16482645544124405,-0.18363505368003805,0.24817518248175183,271,-0.13301186795265965
avg_trade_usd,short,4,3571.7814422655642,3869.0922843088965,876,-0.1664281184115971,-0.11808343252410974,0.24885844748858446,193,0.15335234270281609
wick_skew,short,6,0.06493913238194599,0.1466209500176167,876,-0.1674243538562553,-0.11907966796876793,0.2534246575342466,325,0.0420207262760983
since_lo480,long,5,316.0,366.0,823,-0.16823115199637895,-0.18703975023517294,0.2770352369380316,250,-0.3249988533852088
to_hi480,long,4,7.102057272876573,9.848374878703964,829,-0.16845573766935706,-0.18726433590815106,0.24246079613992763,295,-0.22424012393461326
to_lo24,long,7,3.5732048953253366,4.366514855543424,874,-0.16886639751539828,-0.18767499575419228,0.2540045766590389,325,0.021279308321509562
persist96,long,6,0.12507836107050965,0.15744874036607343,867,-0.1691861269391948,-0.1879947251779888,0.23875432525951557,340,-0.1365040827979983
pos480,short,0,-inf,0.14801776353696755,829,-0.17126003800144401,-0.12291535211395666,0.24125452352231605,296,-0.00801580619144132
vol_of_vol,short,7,0.1305644429785149,0.5234357289122207,826,-0.17343752878083962,-0.12509284289335226,0.25181598062953997,369,0.32067885817595626
atr_pct,short,2,0.012070208858927747,0.01380005008421249,877,-0.17782473443752742,-0.12948004855004006,0.27137970353477764,484,-0.13776160727874331
pos480,long,1,0.14801776353696755,0.2171383053410379,828,-0.17937146860219388,-0.19818006684098788,0.24879227053140096,455,0.3703443882392619
pos480,long,6,0.6817188870286215,0.796112505193789,828,-0.1807179840817519,-0.1995265823205459,0.25483091787439616,251,-0.04757536517636778
disp24,short,9,4.243089271256354,inf,875,-0.18117661461096038,-0.13283192872347302,0.24914285714285714,246,-0.37873431984635403
avg_trade_usd,long,9,5193.04320066882,inf,877,-0.18237451505177193,-0.20118311329056593,0.2554161915621437,849,0.09845826114119914
disp24,short,5,0.1406102877703619,0.8857261102531374,875,-0.1876815083868803,-0.13933682249939294,0.22742857142857142,366,0.19727443502847192
to_lo480,short,7,18.747682216231087,21.70941120235073,828,-0.1881215617058043,-0.13977687581831694,0.25483091787439616,212,0.023602307279589722
ats_rank480,long,1,0.08333333333333333,0.175,839,-0.18869790119575328,-0.20750649943454727,0.24791418355184744,327,-0.22251686591616301
persist96,long,7,0.15744874036607343,0.19993176108058378,867,-0.18895394303463256,-0.20776254127342655,0.23529411764705882,362,0.008547200910465187
dq_cum24,short,5,-0.10654500091574812,-0.03202331147178632,874,-0.18906970817114008,-0.14072502228365272,0.2334096109839817,229,0.0914555584320618
range_z,short,7,0.15568719632717545,0.5248822723292595,867,-0.18936417498531932,-0.14101948909783196,0.22837370242214533,328,0.15669139940133664
disp24,short,6,0.8857261102531374,1.764446311305434,874,-0.18943187802797673,-0.14108719214048937,0.2437070938215103,347,-0.09683776354444892
pos96,long,0,-inf,0.15131782706036528,867,-0.18946397176406948,-0.20827257000286348,0.23760092272202998,340,0.0706750215357074
rpt_rank,short,8,0.7916666666666666,0.8979166666666667,813,-0.19285216634964825,-0.1445074804621609,0.23124231242312424,327,-0.03783402056357177
tbi_ma24,short,5,-0.002282175875109503,-0.0007328653022908441,874,-0.1928580455148675,-0.14451335962738013,0.2322654462242563,226,0.0928725983994369
absorb_z,short,2,-0.16077695321819727,-0.088541607076107,847,-0.19619653752321395,-0.1478518516357266,0.2408500590318772,262,-0.053663920498828975
atr_rank,short,9,0.9083333333333333,inf,845,-0.20051072296701916,-0.1521660370795318,0.1408284023668639,334,0.32674749360105
to_lo480,short,1,4.2166649766533375,6.32392160129927,828,-0.2009751603279831,-0.15263047444049574,0.21859903381642512,398,-0.07940913239363877
to_lo24,short,9,5.380773368718427,inf,875,-0.2011981800178956,-0.15285349413040825,0.232,269,-0.2462045648920728
since_hi96,short,8,84.0,93.0,854,-0.2012332688713034,-0.15288858298381605,0.21779859484777517,395,0.02516760815680943
to_hi96,short,4,3.3604410362712,4.358958469130034,867,-0.20421220494576064,-0.15586751905827329,0.25259515570934254,353,0.12761394946911964
to_hi480,short,2,3.0011919642799527,4.7998143696449915,829,-0.2055606896599392,-0.15721600377245185,0.24004825090470447,291,-0.06844474561144306
to_lo96,long,0,-inf,1.5534555465878805,867,-0.2101451484159865,-0.2289537466547805,0.22260668973471742,356,0.010158562626029937
persist96,short,5,0.09793205045260268,0.12507836107050965,867,-0.2106464409879012,-0.16230175510041384,0.24452133794694347,349,-0.064345493567792
disp24,long,0,-inf,-3.577461783881696,874,-0.21115073309314675,-0.22995933133194074,0.2322654462242563,405,-0.10148487286625618
disp96,long,0,-inf,-7.316418299668853,867,-0.21711556159820125,-0.23592415983699525,0.22491349480968859,477,-0.12392038405197785
tbi_ma96,short,3,-0.003994503230319841,-0.003074124309458409,867,-0.21714912444000545,-0.1688044385525181,0.223760092272203,215,0.3004455977424641
pos480,long,2,0.2171383053410379,0.3050713968053542,829,-0.2185654768675584,-0.2373740751063524,0.2436670687575392,502,-0.009125941226378923
since_hi480,short,3,69.0,125.0,837,-0.2208429019380762,-0.17249821605058885,0.23297491039426524,350,0.40065674419623404
atr_rank,short,8,0.8020833333333334,0.9083333333333333,815,-0.2305760885579882,-0.18223140267050084,0.18282208588957055,343,-0.042499008460917295
since_lo96,short,9,95.0,inf,931,-0.23066141570605145,-0.1823167298185641,0.24812030075187969,266,0.1773677453705422
to_lo480,short,6,15.868379882089577,18.747682216231087,829,-0.2333232523431348,-0.18497856645564745,0.22195416164053075,256,0.11267041092249955
to_hi96,short,2,1.7493207730872482,2.5101534920313773,867,-0.23708831654505189,-0.18874363065756453,0.24567474048442905,275,-0.13632177734899129
to_hi24,long,9,4.790134118284894,inf,875,-0.23997069854214192,-0.2587792967809359,0.21714285714285714,386,-0.17454409404277257
tbi_ma96,short,7,-0.00030567570763539233,0.0011656080331935539,867,-0.24138827735320398,-0.19304359146571662,0.22606689734717417,232,-0.04872878744062762
to_hi96,long,8,7.93958480731143,9.983912827373404,867,-0.24188573355888238,-0.26069433179767637,0.21337946943483277,367,-0.24792348674882453
tbi_ma24,short,4,-0.0038413223296578833,-0.002282175875109503,874,-0.24192159900885965,-0.1935769131213723,0.23569794050343248,235,0.20816726642168593
dq_cum24,short,4,-0.1808396350302467,-0.10654500091574812,874,-0.24766564730881518,-0.19932096142132782,0.2334096109839817,236,0.21002942761433602
since_hi480,short,1,11.0,33.0,845,-0.24861616983815105,-0.2002714839506637,0.2319526627218935,195,0.21280055160423486
since_lo480,short,4,249.0,316.0,826,-0.25422760254298654,-0.20588291665549918,0.22276029055690072,286,0.003408025533163228
to_hi96,long,9,9.983912827373404,inf,867,-0.2553853917156117,-0.2741939899544057,0.223760092272203,380,0.05137204317144845
since_lo480,long,2,111.0,176.50000000000045,838,-0.2674119219042366,-0.2862205201430306,0.2386634844868735,373,-0.04312361201059474
pos480,short,7,0.796112505193789,0.8739881025689143,828,-0.2690809856111884,-0.220736299723701,0.23550724637681159,365,-0.05615727236225621
pos96,long,1,0.15131782706036528,0.2543062883895379,867,-0.27595104086974703,-0.294759639108541,0.1972318339100346,373,-0.06572647608581557
to_lo480,long,9,25.484712895199703,inf,829,-0.279876667938558,-0.29868526617735197,0.2545235223160434,249,-0.04738469410930021
to_hi480,short,1,1.7428002563700233,3.0011919642799527,828,-0.28366233846671274,-0.23531765257922538,0.22826086956521738,206,0.143950091290728
pos480,short,8,0.8739881025689143,0.9286429376153641,829,-0.2867136984927578,-0.23836901260527044,0.2255729794933655,210,-0.1380918335066032
to_lo96,short,9,11.48572580007687,inf,867,-0.2914892545825639,-0.24314456869507656,0.22606689734717417,192,-0.6716421822689135
since_hi480,short,8,409.0,462.0,822,-0.296557326682262,-0.24821264079477462,0.21776155717761558,311,-0.2803585710989845
since_lo480,short,1,46.0,111.0,822,-0.2973599101817193,-0.24901522429423195,0.2141119221411192,402,0.10924665686279669
to_hi480,long,8,22.051911477403223,30.382761438644796,829,-0.3262324232804973,-0.3450410215192913,0.18938480096501809,504,0.09332879382187925
pos96,short,8,0.8399926079556,0.909131041130446,867,-0.32651395283917395,-0.2781692669516866,0.21337946943483277,260,-0.34315124980259526
disp96,short,9,9.598565625143438,inf,867,-0.37533932467999626,-0.3269946387925089,0.20184544405997693,117,-0.837208072535965
to_lo96,short,8,9.137172348829573,11.48572580007687,867,-0.4109861348722372,-0.3626414489847498,0.18569780853517878,310,-0.16113290104019257
since_hi480,long,6,280.0,355.0,826,-0.4501212192917339,-0.46892981753052787,0.1694915254237288,268,0.5297323610317063
persist96,short,9,0.26354186353312103,inf,867,-0.46268420411037575,-0.4143395182228884,0.16147635524798154,162,0.1405268488679016
