feature,side,bin,lo,hi,n,exp_r,lift,wr,n_test,exp_r_test
tbi_ma96,long,9,0.007109148193479173,inf,13962,0.01862189553632949,0.20313984843759672,0.39614668385618107,7007,-0.22696384204065098
atr_pct,long,8,0.006008227013634723,0.007703110709869426,14020,-0.01167264610114421,0.17284530680012303,0.3534950071326676,2012,-0.2557906446497953
atr_rank,long,9,0.9125,inf,14168,-0.04579227632659351,0.13872567657467372,0.32707509881422925,5559,-0.16804648550106935
persist96,long,9,0.22594448995659983,inf,14011,-0.06384213793741123,0.12067581496385602,0.3495824709157091,4467,-0.26085933982438986
atr_pct,short,9,0.007703045775300532,inf,14021,-0.07373042089894359,0.1264881736104011,0.3158119962912774,1303,-0.09376585117792936
to_hi480,long,0,-inf,2.8324287672857342,13973,-0.07556352615935054,0.1089544267419167,0.3490302726687182,5310,-0.19359096159844838
kyle,long,9,5.761371380259954e-07,inf,14019,-0.0756145333723141,0.10890341952895315,0.3296954133675726,681,-0.14761191644006127
pos480,long,9,0.88712951312945,inf,13973,-0.07603257725321702,0.10848537564805022,0.3557575323838832,5277,-0.24449285432959195
atr_pct,long,7,0.005087910630645287,0.006008227013634723,14021,-0.07700127128132726,0.10751668161993998,0.3380643320733186,2468,-0.132837162148955
disp24,short,0,-inf,-3.296364234776283,14019,-0.0821585776831181,0.1180600168262266,0.34560239674727156,6499,-0.17443046295544726
pos480,short,0,-inf,0.15615349019839658,13973,-0.08634574029393917,0.11387285421540554,0.3490302726687182,6217,-0.14994699661169975
disp24,long,9,3.6053494967583943,inf,14019,-0.08666648545856233,0.09785146744270491,0.3538768813752764,5648,-0.26131491114001487
disp96,long,2,-4.665580623336621,-2.8506999323716844,14011,-0.08825556164228023,0.09626239125898702,0.3582899150667333,4925,-0.20510393017154163
avg_trade_usd,short,9,5173.058292378791,inf,14020,-0.08845361041604044,0.11176498409330426,0.34693295292439374,11441,-0.2737339668996476
pos96,short,1,0.1704139664065597,0.2586538461538462,14011,-0.09182811631460051,0.10839047819474419,0.357005210191992,4943,-0.2153203697415591
to_lo24,long,9,4.90414682235282,inf,14019,-0.09277720783858626,0.09174074506268098,0.3492403167130323,5375,-0.28738261800861303
to_hi24,short,9,4.566890010891426,inf,14019,-0.09337458158995776,0.10684401291938694,0.34588772380340965,6163,-0.20705852510404535
to_lo480,short,0,-inf,3.45672942223962,13973,-0.0946309667636267,0.105587627745718,0.3357904530165319,6073,-0.11391971962897444
vol_of_vol,short,9,1.3811494826842816,inf,13971,-0.09593878862815722,0.10427980588118749,0.32460095912962567,5422,-0.17739843382918857
since_lo480,long,0,-inf,31.0,13930,-0.0980308173215064,0.08648713557976084,0.32519741564967697,5861,-0.24280937707319208
kyle,short,9,5.761467572552986e-07,inf,14020,-0.10263160163431297,0.09758699287503174,0.31704707560627676,681,-0.029051951895181692
range_per_trade,short,9,2.025687310071443e-07,inf,14020,-0.10595659539907579,0.09426199911026892,0.331169757489301,307,-0.20685194274907975
atr_rank,short,9,0.9125,inf,14168,-0.10663936434541606,0.09357923016392865,0.31408808582721626,5560,-0.06777313099638968
vol_of_vol,long,9,1.3812408132306995,inf,13971,-0.10698809503508475,0.0775298578661825,0.31558227757497676,5421,-0.16301675608622693
disp96,long,3,-2.8506999323716844,-1.287714306460211,14011,-0.1070872375959556,0.07743071530531163,0.36171579473271004,4681,-0.2263796329571087
atr_pct,short,5,0.0038756334767853728,0.004428502063239854,14021,-0.10722712788569393,0.09299146662365078,0.3437700591969189,4064,-0.10814963521829532
since_lo480,short,0,-inf,31.0,13931,-0.10724958696141071,0.092969007547934,0.32696863111047303,5860,-0.04378412609610075
flow_eff,long,8,0.07122363477788664,0.13416304529260428,14019,-0.10763800779996806,0.07687994510129918,0.3321206933447464,3023,-0.18249952168203937
flow_eff,short,9,0.13419145950396957,inf,14019,-0.10938377775667353,0.09083481675267117,0.3234895498965689,2894,-0.08196807960329663
disp96,long,9,8.336193972766779,inf,14011,-0.10978345609906415,0.0747344968022031,0.3501534508600385,5047,-0.299958784752868
to_lo96,short,2,2.5435267209393846,3.394527332740302,14012,-0.11081666877830698,0.08940192573103772,0.35341136168998,4770,-0.22651557676286366
atr_pct,short,7,0.005087978480585472,0.006008108447837021,14020,-0.11082493176469717,0.08939366274464754,0.3268188302425107,2468,-0.08327314920859724
atr_pct,long,9,0.007703110709869426,inf,14021,-0.11091074248883018,0.07360721041243706,0.30468582840025676,1303,-0.05378268900788049
pos96,long,8,0.7852145834708162,0.8664694995116965,14011,-0.1110585612651378,0.07345939163612944,0.3539361929912212,5019,-0.254022256555639
dq_cum24,long,9,0.6713989647234374,inf,14006,-0.11200320298872604,0.0725147499125412,0.36577181208053694,8750,-0.3008358206825777
atr_rank,long,8,0.8083333333333333,0.9125,13943,-0.11252916918859651,0.07198878371267073,0.3254679767625332,5083,-0.171690315175362
tbi_ma24,long,9,0.013945336174285275,inf,14006,-0.11279923619816312,0.07171871670310412,0.36562901613594173,8764,-0.3003476452328968
flow_eff,long,9,0.13416304529260428,inf,14019,-0.11289032752939133,0.0716276253718759,0.3237035451886725,2897,-0.1943541189464742
range_z,short,9,1.2012099854815996,inf,13963,-0.11371437175841893,0.08650422275092577,0.34090095251736735,5847,-0.18521952733927768
since_hi480,long,0,-inf,24.0,13946,-0.11389257368851109,0.07062537921275615,0.33070414455757924,5027,-0.21930299182297294
persist96,short,7,0.1371805502129038,0.17301532068008757,14011,-0.11486579646046446,0.08535279804888024,0.34451502390978517,5649,-0.2215640011940955
to_lo96,short,1,1.6449539512389675,2.5435267209393846,14011,-0.11560623191605446,0.08461236259329025,0.3455856113054029,5109,-0.25525583540621893
range_per_trade,long,9,2.0257754187832645e-07,inf,14019,-0.11668718245689297,0.06783077044437427,0.3303373992438833,306,-0.23591015524312353
disp6,long,9,1.7053573947959162,inf,14020,-0.11687844091989401,0.06763951198137323,0.3485021398002853,5763,-0.2308659606561557
kyle,long,8,4.646763638676932e-07,5.761371380259954e-07,14019,-0.11702413433884556,0.06749381856242168,0.32669947927812254,1995,-0.135237680275916
to_lo480,short,1,3.45672942223962,5.758062637871411,13973,-0.11731180641369805,0.08290678809564665,0.33922564946682887,4952,-0.16612493989889748
since_hi480,long,7,382.0,431.0,14028,-0.11790541285651887,0.06661254004474837,0.35457656116338754,5220,-0.23153118494232294
dow,long,0,-inf,1.0,20062,-0.11805132338913657,0.06646662951213067,0.3478715980460572,7296,-0.25807676987898875
trade_intensity,short,9,1.8632316161100615,inf,14012,-0.11877496084918043,0.08144363366016427,0.3358549814444762,5896,-0.1540727207412004
pos480,long,6,0.6338095238095239,0.7329178506945452,13972,-0.11909893668879463,0.0654190162124726,0.3580017177211566,5145,-0.5028370942283374
range_rank,long,9,0.90625,inf,13861,-0.11994299707775834,0.0645749558235089,0.3232090036793882,5227,-0.16960078285728067
atr_pct,short,6,0.004428502063239854,0.005087978480585472,14020,-0.12025293262215714,0.07996566188718757,0.33152639087018543,3104,-0.09250108425233705
vol_of_vol,long,8,0.6363719350456063,1.3812408132306995,13970,-0.12047789473470893,0.0640400581665583,0.3346456692913386,5643,-0.22758864639200582
to_hi480,long,1,2.8324287672857342,4.7854325769733785,13972,-0.12352176059262578,0.060996192308641464,0.3383910678499857,4643,-0.23048918242016597
dow,long,2,2.0,3.0,19957,-0.12400725480956047,0.06051069809170677,0.34193516059527984,7389,-0.1939819575649917
disp96,short,0,-inf,-7.161172246080107,14011,-0.12467919410363094,0.07553940040571376,0.33987581186210836,6477,-0.09054844625457009
range_rank,long,8,0.8083333333333333,0.90625,13640,-0.12534959581762775,0.05916835708363949,0.3316715542521994,5184,-0.17903559978544414
gap,short,2,-0.00024044437160507422,0.0,8259,-0.12559576845083512,0.07462282605850959,0.3241312507567502,1837,0.061328652312136724
to_lo480,long,0,-inf,3.456898418185254,13973,-0.12650676214422799,0.058011190757039255,0.31911543691404853,6073,-0.22356011702172013
dow,short,3,3.0,4.0,19961,-0.12685129639435241,0.07336729811499229,0.3401633184710185,7392,-0.04341058206881229
persist96,short,8,0.17301532068008757,0.22592883561059307,14011,-0.1283621254728723,0.07185646903647241,0.3368067946613375,5186,-0.10511927790120054
range_rank,short,9,0.90625,inf,13866,-0.12990578632355773,0.07031280818578697,0.3205682965527189,5228,-0.14299260574778996
kyle,short,8,4.6469809648718895e-07,5.761467572552986e-07,14019,-0.13181829735266395,0.06840029715668075,0.32149226050360225,1994,-0.10399049871922218
to_hi480,long,2,4.7854325769733785,6.73305283306836,13973,-0.13219434417706002,0.052323608724207216,0.3399413153939741,4567,-0.3145437845241183
tbi_ma96,short,1,-0.011975031384904892,-0.008730158423124043,13962,-0.13274503557947046,0.06747355892987425,0.3447930095974789,5127,-0.15867291096333153
dow,long,4,4.0,5.0,20050,-0.13276182217477286,0.051756130726494376,0.3231920199501247,7389,-0.15160413135777343
pos96,short,2,0.2586538461538462,0.3442234292425143,14011,-0.13293602015134337,0.06728257435800133,0.34886874598529727,4464,-0.256195713757665
dow,long,1,1.0,2.0,20057,-0.13296129073779048,0.05155666216347676,0.34028020142593607,7296,-0.2511557498661635
gap,long,2,-0.00024060389008667988,0.0,8264,-0.13357259933019314,0.0509453535710741,0.3218780251694095,1844,-0.2633938791338978
disp6,short,0,-inf,-1.6728822782232264,14020,-0.13417359846258087,0.06604499604676384,0.336376604850214,6137,-0.18553454669618497
accel,long,9,1.578929709476568,inf,14019,-0.1344242816946915,0.050093671206575735,0.33711391682716313,5639,-0.23736333010593436
to_hi96,long,0,-inf,1.41961341773632,14011,-0.1350407112901135,0.049477241611153744,0.33666404967525515,6025,-0.3383015183721319
since_hi96,long,9,94.0,inf,14776,-0.13536843632623383,0.049149516575033414,0.3451543042772063,5906,-0.2727567135538838
tbi_ma8,long,9,0.026271673226861476,inf,14015,-0.1365532201596436,0.047964732741623634,0.3626114876917588,8927,-0.303620785787081
avg_trade_usd,long,4,3335.697309998764,3636.516798334627,14018,-0.13678532710595845,0.04773262579530879,0.3442003138821515,3756,-0.3047138338127805
gap,long,4,0.00026312365483922536,0.001124992068778833,14020,-0.13705876717779433,0.04745918572347291,0.33808844507845937,9729,-0.2692213463011321
pos480,long,7,0.7329178506945452,0.8152934456661426,13972,-0.13723373740366526,0.04728421549760198,0.3508445462353278,3871,-0.2663751136155509
flow_eff,long,7,0.04534063044387608,0.07122363477788664,14018,-0.13724774204759654,0.0472702108536707,0.33100299614781,3511,-0.2427526854617585
kyle,long,7,4.0453610765774407e-07,4.646763638676932e-07,14019,-0.13736147924552278,0.04715647365574446,0.32534417576146657,2813,-0.1823028234027196
pos480,short,4,0.4382162320945629,0.5288373493975902,13972,-0.1374525068255835,0.06276608768376121,0.3524906956770684,5166,-0.3209079910470058
to_hi96,long,2,2.2597647315424756,3.0632371301046066,14011,-0.13753075622555697,0.046987196675710274,0.3446577688958675,5055,-0.20165913997428303
atr_pct,short,4,0.0033988785700407777,0.0038756334767853728,14021,-0.13787283446067283,0.06234576004867187,0.3383496184294986,4894,-0.1370844682830303
pos480,short,5,0.5288373493975902,0.6337427537404107,13973,-0.13822022555057825,0.06199836895876645,0.34967437200314894,5832,-0.2763222253006449
pos96,long,9,0.8664694995116965,inf,14011,-0.13841866476104817,0.046099288140219075,0.3353079723074727,5926,-0.3364246987621444
flow_eff,short,8,0.07122741591613944,0.13419145950396957,14019,-0.13866458726504677,0.06155400724429794,0.3224195734360511,3023,-0.15359057069084942
since_lo96,long,0,-inf,7.0,13345,-0.13867741341762388,0.04584053948364336,0.3212439115773698,5765,-0.20326430932549658
wick_skew,long,8,0.27880041609788403,0.43851628901229917,14019,-0.13961499004732048,0.044902962853946765,0.3476710179042728,5129,-0.27149340600669974
minofday,long,8,1140.0,1290.0,14608,-0.1403760667864146,0.044141886114852646,0.3315306681270537,5369,-0.2559000912631891
hour,long,8,19.0,21.0,11688,-0.140407497779614,0.044110455121653236,0.33127994524298426,4295,-0.24926762618075182
trade_intensity,long,9,1.862877212223722,inf,14011,-0.1408132303493555,0.04370472255191174,0.3315966026693312,5898,-0.20659865332690955
hour,long,7,16.0,19.0,17527,-0.14097350091609262,0.04354445198517462,0.3297769156159069,6442,-0.23211615645953812
pos96,long,7,0.7009038729730825,0.7852145834708162,14011,-0.14110857825657938,0.04340937464468786,0.3487973734922561,5279,-0.273420584093455
persist24,long,9,0.4017313689963678,inf,14019,-0.1422506815661021,0.04226727133516514,0.32555817105357016,5151,-0.26019673392256915
since_hi24,long,7,20.0,22.0,11206,-0.1428446264639177,0.04167332643734953,0.3430305193646261,4068,-0.2889434612715303
pos480,long,8,0.8152934456661426,0.88712951312945,13973,-0.14326589357261607,0.04125205932865117,0.34244614613898233,4411,-0.14562546346429847
minofday,long,7,1005.0,1140.0,13145,-0.14334248162520452,0.04117547127606272,0.3294028147584633,4831,-0.22346984563566133
dq_cum24,short,1,-0.9158115907462522,-0.6335947684657466,14005,-0.14360664059618797,0.05661195391315674,0.34373438057836486,4920,-0.19150211490925922
dn_wick,long,2,0.07526881720428834,0.13034179460313666,14019,-0.1437931642352032,0.04072478866606405,0.34239246736571793,5330,-0.25891152295897596
up_wick,long,7,0.3686174432943791,0.4562500000000121,14019,-0.14392723025203222,0.04059072264923502,0.342535130893787,4796,-0.26153213820870386
tbi_ma24,long,8,0.008202984231008065,0.013945336174285275,14005,-0.14444083380587822,0.040077119095389024,0.34337736522670476,4458,-0.2600490823762456
tbi_ma24,short,1,-0.019117840542679287,-0.013243712006739565,14005,-0.1444879422699284,0.05573065223941631,0.3434487682970368,4917,-0.19397887926025592
to_lo24,long,4,1.9689059158617224,2.3577651268572097,14018,-0.1449857100899775,0.03953224281128975,0.3454130403766586,4643,-0.2482193067190405
tbi_ma8,long,8,0.016118056584377895,0.026271673226861476,14015,-0.14501056400683662,0.03950738889443062,0.34256154120585086,4789,-0.34368099389837886
dq_cum24,long,8,0.39581440224018616,0.6713989647234374,14005,-0.14544546837961203,0.03907248452165521,0.3429489468047126,4450,-0.2589248797685284
atr_pct,short,3,0.00290907864958693,0.0033988785700407777,14020,-0.14568418738916245,0.05453440712018226,0.34407988587731814,6428,-0.1725671059798343
to_hi24,long,5,2.1554869494620448,2.5591435789122388,14018,-0.14570374166056832,0.03881421124069892,0.3465544300185476,4619,-0.23950865705216579
absorb,long,5,-0.008894431219412153,0.04535103117069512,14007,-0.14594795202926428,0.03857000087200296,0.33326194045834223,4717,-0.2467215206747746
hour,long,1,2.0,4.0,11687,-0.14596483398885665,0.03855311891241059,0.3431162830495422,4296,-0.225868277361962
to_hi96,long,5,4.653256879070218,5.53832759480264,14011,-0.14614988785569175,0.038368065045575495,0.34422953393762046,4419,-0.2758989019324434
tbi_ma8,short,3,-0.01390171927793934,-0.007964260990406537,14015,-0.14670395563649538,0.053514638872849324,0.33699607563325007,3872,-0.19650210391074036
is_weekend,long,0,-inf,1.0,100084,-0.14689525651724122,0.037622696384026016,0.33221094280804125,36760,-0.24485427268060186
since_lo96,short,0,-inf,7.0,13351,-0.14697937700562105,0.05323921750372365,0.32424537487828625,5764,-0.14120748471853156
to_lo96,long,9,11.301896755603387,inf,14011,-0.14702476407733447,0.037493188823932766,0.35193776318606806,5333,-0.3001120524180899
to_lo480,short,4,10.498471494135169,13.048055164655658,13972,-0.1470765941820201,0.05314200032732461,0.34096764958488407,5485,-0.1635625395498343
avg_trade_usd,long,5,3636.516798334627,3932.580158876999,14019,-0.14710531575881092,0.03741263714245632,0.3352592909622655,3672,-0.29072102819621143
to_lo480,long,6,15.8350173719943,19.012400004480057,13972,-0.1474153255580542,0.03710262734321304,0.34425994846836533,4677,-0.33477426089574935
kyle,short,6,3.617264824321945e-07,4.0455201788592104e-07,14019,-0.14772709122153255,0.05249150328781216,0.3271988016263642,3275,-0.15175020899804978
to_hi96,long,3,3.0632371301046066,3.8419186754304064,14011,-0.14781530803589363,0.03670264486537361,0.3440867889515381,4779,-0.21167225039038157
absorb,short,5,-0.008940199274746645,0.045333293297616664,14007,-0.14799559935712484,0.05222299515221987,0.3319768687085029,4722,-0.18060335806341668
avg_trade_usd,long,7,4248.407563253388,4628.93621789551,14019,-0.14816672009387125,0.036351232807395994,0.3274127969184678,4397,-0.2932649452437948
trade_intensity,short,8,1.3138824336689479,1.8632316161100615,14011,-0.1482641194765784,0.05195447503276632,0.33066876025979586,5112,-0.21491980201154198
atr_pct,long,6,0.0044284970424762924,0.005087910630645287,14020,-0.14832612247989735,0.03619183042136989,0.3209700427960057,3104,-0.1382681184259095
vol_per_trade_z,short,8,0.8522284184256341,1.3761251941272648,13962,-0.14835159383900948,0.05186700067033523,0.336771236212577,4522,-0.20999883298800498
pos24,long,9,0.8624119407962997,inf,14019,-0.14841320639442407,0.03610474650684317,0.3396105285683715,6270,-0.31196834090451686
pos480,short,2,0.24517289721432828,0.34036840425734416,13972,-0.14876669323167016,0.051451901277674544,0.3465502433438305,5367,-0.2094161370081784
avg_trade_usd,long,8,4628.93621789551,5173.065133212862,14019,-0.1487799944164829,0.03573795848478434,0.3289820957272273,5538,-0.28947078366150825
minofday,short,6,855.0,1005.0,14606,-0.1504200975684135,0.04979849694093119,0.33000136930028756,5369,-0.22741193001831422
to_lo480,long,7,19.012400004480057,23.149518307535008,13972,-0.15042652684351016,0.034091426057757085,0.34361580303464073,4523,-0.2753990192000233
to_hi96,long,1,1.41961341773632,2.2597647315424756,14011,-0.15049499706607006,0.03402295583519718,0.33780600956391404,5236,-0.2617027951841398
pos24,long,4,0.43488809873057516,0.5223667457230385,14018,-0.15079979483848674,0.0337181580627805,0.34384362961906123,4505,-0.291785075957412
hour,short,6,14.0,16.0,11685,-0.15105799386974,0.0491606006396047,0.33239195549850237,4295,-0.2354897548043128
minofday,long,6,855.0,1005.0,14606,-0.15109740251589376,0.033420550385373476,0.33109680953033,5370,-0.23374454841994824
gap,long,1,-0.0010977990199314922,-0.00024060389008667988,14020,-0.1512809176443213,0.033237035256945935,0.32796005706134096,10056,-0.29428034735550285
avg_trade_usd,long,6,3932.580158876999,4248.407563253388,14019,-0.15149118020043537,0.033026772700831875,0.3283401098509166,3843,-0.289084583272954
dq_z96,long,3,-0.5652311090993327,-0.27957646607960907,13962,-0.15149920884601514,0.0330187440552521,0.3385618106288497,5125,-0.25607344089395423
since_lo24,long,3,8.0,11.0,12586,-0.15156569245475715,0.03295226044651009,0.33688225011918005,4566,-0.2544344395219013
to_hi480,short,1,2.832755498908557,4.7863697247445725,13973,-0.15174142764974644,0.04847716685959827,0.32827596078150717,4643,-0.13697240355856813
tbi_z96,long,3,-0.5651465951317809,-0.2796550127826365,13962,-0.15189918932373664,0.0326187635775306,0.33841856467554793,5121,-0.25661444740351175
persist6,long,9,0.7701025474972892,inf,14020,-0.15206107215948764,0.032456880741779603,0.33644793152639085,5461,-0.2814155426709331
to_hi24,long,6,2.5591435789122388,3.0341089541071327,14018,-0.1523010737442958,0.03221687915697144,0.3442003138821515,4730,-0.26361264335327705
kyle,short,7,4.0455201788592104e-07,4.6469809648718895e-07,14018,-0.15339877820420006,0.046819816305144646,0.3214438578969896,2813,-0.11632120923924535
dow,short,0,-inf,1.0,20061,-0.15350873176239263,0.046709862746952074,0.33557649170031406,7295,-0.15989006671900344
to_lo96,short,0,-inf,1.6449539512389675,14011,-0.15355112876417717,0.04666746574516753,0.3253871957747484,6705,-0.12867833164188436
range_z,long,7,0.15517808631908261,0.519131129841931,13962,-0.15366817666029925,0.03084977624096799,0.33025354533734425,5111,-0.2248617843200414
absorb_z,long,5,0.02558667394685132,0.08955019744145998,12948,-0.15367017463755597,0.030847778263711267,0.33704046957059003,4890,-0.25436332802204614
wick_skew,long,7,0.16407903248792355,0.27880041609788403,14019,-0.1537385715844355,0.03077938131683175,0.34025251444468224,5253,-0.2551335136054435
range_rank,short,8,0.8083333333333333,0.90625,13640,-0.15386207711243233,0.04635651739691238,0.3221407624633431,5182,-0.15481363179035285
range_per_trade,long,7,1.428173757569029e-07,1.6480965395920003e-07,14019,-0.15440842258011753,0.030109530321149713,0.3343319780298167,2852,-0.2989461703506815
ats_rank480,short,8,0.8104166666666667,0.9083333333333333,13594,-0.15442446740045196,0.045794127108892746,0.332793879652788,5063,-0.20250845949888632
range_rank,short,6,0.6020833333333333,0.7041666666666667,13623,-0.15447460878023578,0.04574398572910893,0.33171841738236807,5045,-0.17837810912665808
accel,short,0,-inf,-1.5785891369775744,14019,-0.15448306980502352,0.045735524704321184,0.3294100863114345,5731,-0.17831636570563597
atr_rank,short,8,0.8083333333333333,0.9125,13944,-0.15452515863895427,0.04569343587039043,0.3150458978772232,5083,-0.16890208095927167
kyle_z,long,9,1.321734800051001,inf,13962,-0.15465925240493092,0.02985870049633632,0.3271021343647042,5598,-0.20311510076892397
rv_vs_range,long,0,-inf,0.4604343709830894,14019,-0.15518149004686693,0.029336462854400308,0.3344033097938512,4352,-0.24163783849502246
since_lo96,short,9,94.0,inf,16241,-0.15519209425254102,0.045026500256803687,0.34080413767625145,5872,-0.2526060416861248
ats_z96,long,8,0.8544533477959751,1.3826947118374038,13962,-0.15571880514275818,0.02879914775850906,0.3351239077496061,4547,-0.2709735651498411
sess_us,long,1,1.0,inf,46732,-0.1557281120902547,0.028789840811012546,0.3296028417358555,17178,-0.24380180508488075
ats_z96,long,9,1.3826947118374038,inf,13962,-0.1557965305407776,0.028721422360489635,0.3363414983526715,5078,-0.28873428514430405
since_lo96,short,1,7.0,18.0,14624,-0.15595773826022977,0.04426085624911494,0.32576586433260396,5540,-0.17272203937852507
since_hi480,short,5,254.0,322.0,13995,-0.15599010666540528,0.04422848784393943,0.3430510896748839,4884,-0.32095269224651063
range_z,short,8,0.5191925121822427,1.2012099854815996,13962,-0.15599910859854443,0.04421948591080027,0.32846297092107146,5469,-0.19615759814615844
ats_rank480,long,9,0.9083333333333333,inf,13883,-0.15610510243050527,0.028412850470761974,0.3303320607937766,5066,-0.2840773167664328
minofday,long,1,135.0,285.0,14610,-0.1561853658452102,0.02833258705605704,0.3412046543463381,5370,-0.21778544742250597
to_hi480,short,6,13.041991745753942,15.773014791949857,13973,-0.15636777942095673,0.04385081508838798,0.3385815501323982,5188,-0.2222494605932654
flow_eff,short,6,0.03054961357223467,0.04533928624517622,14019,-0.1563802717143636,0.043838322794981094,0.3282687780868821,4053,-0.1687725395593726
flow_eff,short,7,0.04533928624517622,0.07122741591613944,14019,-0.15652058025396853,0.04369801425537617,0.32263356872815463,3513,-0.10920497583970795
tbi,short,5,-0.002540533284392743,0.015595459303316295,14019,-0.15675250508214947,0.04346608942719524,0.33083672159212496,4132,-0.1999548898799839
to_hi480,long,5,10.759107343986132,13.042269610738552,13973,-0.1569148313376961,0.027603121563571142,0.3345022543476705,4614,-0.2064794905630773
body_frac,long,2,-0.518199402472173,-0.361246474394109,14019,-0.15692731584457098,0.02759063705669626,0.33689992153505954,4766,-0.24704323171815762
vol_of_vol,short,7,0.228390564925245,0.6362442955473898,13970,-0.15708137003447672,0.04313722447486798,0.3299928418038654,5296,-0.13113202725306322
dq,short,5,-0.00496432815236339,0.031312291551513896,14020,-0.15711669734031442,0.04310189716903029,0.33074179743223964,4132,-0.2006521277048463
trade_intensity,short,7,1.0509101329976398,1.3138824336689479,14010,-0.15744792988089,0.04277066462845472,0.3321912919343326,4892,-0.20723641378977495
flow_eff,short,0,-inf,-0.026518245693899913,14019,-0.15749835518800162,0.042720239321343084,0.32491618517725945,4899,-0.14987905502999715
up_wick,long,8,0.4562500000000121,0.578263647728849,14019,-0.1575267394759485,0.02699121342531874,0.33889721092802627,4894,-0.2623335927734327
absorb,short,4,-0.058567669922970286,-0.008940199274746645,14007,-0.15788405217702023,0.042334542332324476,0.3275505104590562,4615,-0.20153421871658875
to_lo480,short,2,5.758062637871411,8.1114017608312,13972,-0.15810041962062338,0.04211817488872133,0.32722588033209277,4972,-0.2858090007837819
since_hi24,short,2,4.0,7.0,14633,-0.15814776157478147,0.042070832934563235,0.33670470853550194,5288,-0.22079667013234017
close_loc,long,3,0.2947782453475651,0.39962735047442915,14019,-0.1584612473336117,0.026056705567655547,0.33504529567016195,4802,-0.2547217423313855
kyle_z,short,9,1.3219247734427366,inf,13963,-0.15847937255182737,0.041739221957517336,0.32679223662536705,5597,-0.2093826583504392
ats_rank480,long,7,0.7083333333333334,0.8104166666666667,13724,-0.15851301947983548,0.02600493342143176,0.33532497814048384,5205,-0.22288795046079277
dq,short,3,-0.08047958406402522,-0.04188763485695446,14018,-0.15886482406735433,0.04135377044199037,0.33200171208446283,4159,-0.1817988345636138
extreme_late,long,2,0.42857142857142855,0.5714285714285714,14174,-0.15887019360685134,0.0256477592944159,0.3375899534358685,5577,-0.25481840958824614
kyle,long,5,3.2658209837810094e-07,3.6171467594244787e-07,14019,-0.1588994073951307,0.025618545506136542,0.3287681004351238,3804,-0.2004872733842408
range_z,long,8,0.519131129841931,1.2007520962990905,13962,-0.15905065856886375,0.025467294332403495,0.32903595473427877,5466,-0.21445816899245643
range_rank,long,7,0.7041666666666667,0.8083333333333333,13967,-0.15905868202363585,0.02545927087763139,0.3254814920884943,5364,-0.22524676446605577
tbi_ma24,short,6,0.0008071403958293133,0.0042267053088684186,14005,-0.15908620414746513,0.04113239036187957,0.3343091752945377,3763,-0.20698047937647557
range_per_trade,long,8,1.6480965395920003e-07,2.0257754187832645e-07,14019,-0.15911114740736496,0.025406805493902285,0.3289107639631928,1496,-0.35675829209403725
updn_ratio,long,4,0.4666666666666667,0.5,25468,-0.15928569982910046,0.025232253072166783,0.3297078686979739,8563,-0.2725035728005353
to_hi480,long,4,8.742960896425739,10.759107343986132,13973,-0.15931287955631931,0.025205073344947926,0.3347885207185286,4671,-0.2781637297690829
absorb_z,long,4,-0.047095765032363374,0.02558667394685132,12948,-0.15932362934540262,0.025194323555864623,0.3364998455359901,5136,-0.2624023594293171
disp24,long,3,-1.287589211919439,-0.580528344422213,14017,-0.15969487967243895,0.02482307322882829,0.3417279018334879,4812,-0.24812975143993984
tbi,short,3,-0.0402874143007144,-0.02099096566344244,14018,-0.15993351596149125,0.04028507854785346,0.3316450278213725,4162,-0.17904692405791436
kyle,long,6,3.6171467594244787e-07,4.0453610765774407e-07,14019,-0.15997848909936277,0.02453946380190447,0.3250588487053285,3275,-0.17158550457561453
to_hi96,short,2,2.2608294657360517,3.063584844409211,14012,-0.16010704563721956,0.04011154887212515,0.3357836140451042,5051,-0.182923505934485
since_lo96,short,2,18.0,30.0,13742,-0.16024586608720737,0.03997272842213734,0.33299374181341873,4838,-0.21667935187270826
dq_cum24,short,6,0.04071258435312962,0.20489754056051324,14005,-0.16040215424852874,0.03981644026081596,0.3338093538022135,3759,-0.20510529014251955
avg_trade_usd,short,7,4248.306108301457,4628.78669892076,14018,-0.16043729480387237,0.03978129970547234,0.3240119845912398,4395,-0.2227136663376968
hour,long,6,14.0,16.0,11685,-0.16046734421394207,0.02405060868732517,0.33145057766367136,4296,-0.22286825781880007
disp24,long,1,-3.2957925438574414,-2.1252186738213332,14018,-0.16075234892437554,0.023765603976891703,0.3341418176630047,5252,-0.3442522007258195
range_rank,long,6,0.6020833333333333,0.7041666666666667,13623,-0.1608668772915985,0.023651075609668754,0.32892901710342803,5046,-0.24486985749045617
tbi,long,5,-0.0025201220206523822,0.015614976127788175,14019,-0.16089925989244291,0.023618693008824326,0.32955274983950356,4127,-0.2448632517696332
persist96,long,5,0.08615164727302325,0.10973724457402331,14011,-0.1609098456747405,0.02360810722652673,0.3368067946613375,5553,-0.32275239922675514
dq_cum24,long,4,-0.26871610266518553,-0.11276750888776133,14005,-0.16093124530328323,0.023586707597984008,0.3346661906461978,4031,-0.2624213369096544
tbi_ma8,short,2,-0.021118659020570495,-0.01390171927793934,14015,-0.16093513391437508,0.03928346059496962,0.3333571173742419,4329,-0.19453283556620163
since_hi96,short,0,-inf,6.0,12930,-0.1609589864442904,0.0392596080650543,0.3211136890951276,5118,-0.14564386617134617
dq,long,5,-0.004918232594915163,0.03134889064629017,14019,-0.16113097125198045,0.023386981649286792,0.3294100863114345,4129,-0.24514528941362443
to_lo480,short,3,8.1114017608312,10.498471494135169,13973,-0.16124006050323036,0.03897853400611434,0.33228368997352037,5491,-0.18488000689627057
pos24,long,3,0.34840741729672026,0.43488809873057516,14018,-0.16129053067327845,0.023227422227988792,0.33770866029390784,4370,-0.25806684732584767
atr_rank,long,2,0.14583333333333334,0.2604166666666667,13858,-0.1613040875903093,0.023213865310957954,0.350844277673546,4345,-0.2596246430595236
since_lo24,long,4,11.0,15.0,16758,-0.16144925813829905,0.02306869476296819,0.337391096789593,6070,-0.27202316994807585
hour,short,7,16.0,19.0,17526,-0.1615696546129328,0.03864893989641191,0.32545931758530183,6444,-0.20475093244874656
atr_rank,long,7,0.7,0.8083333333333333,13914,-0.1616930130045043,0.02282493989676293,0.32054046284317955,5231,-0.20565441601053572
ats_z96,short,8,0.8545762191800854,1.3829824822357133,13962,-0.16197721887609112,0.03824137563325358,0.33218736570691876,4549,-0.22009290760389152
since_lo24,long,2,5.0,8.0,13320,-0.16225239898076624,0.022265553920501002,0.3322072072072072,4958,-0.25445201539616896
absorb_z,long,3,-0.11123153535870542,-0.047095765032363374,12948,-0.1623867814558587,0.02213117144540855,0.33371949335804757,5677,-0.27539130787390026
to_lo96,short,3,3.394527332740302,4.263021177073732,14010,-0.16240188833376853,0.03781670617557617,0.33897216274089936,4671,-0.25006780387209093
sess_eu,long,0,-inf,1.0,93490,-0.1624837482788835,0.02203420462238373,0.332088993475238,34363,-0.2554622036499398
persist6,long,6,0.42619090682076466,0.5153610975968899,14019,-0.1625298067472527,0.021988146154014537,0.3380412297596119,5016,-0.24745112582190093
absorb,long,7,0.09137903466062583,0.1535732691941239,14007,-0.16276846485038332,0.02174948805088392,0.33554651245805667,4709,-0.28574196560307297
body_frac,long,9,0.6956588731828498,inf,14019,-0.16283349111230894,0.021684461788958304,0.3401811826806477,6087,-0.2546280054902975
since_lo24,short,0,-inf,2.0,10700,-0.16294071611610758,0.037277878393237124,0.3333644859813084,4735,-0.196886174261993
tbi_ma24,long,4,-0.005640266880528486,-0.002388889783427222,14005,-0.16321429102757073,0.021303661873696506,0.3339521599428775,4025,-0.2592686377766911
tbi_ma8,short,1,-0.0314754989960725,-0.021118659020570495,14015,-0.16345374613632446,0.03676484837302024,0.335997145915091,5047,-0.2387018483202739
vol_per_trade_z,short,9,1.3761251941272648,inf,13963,-0.1635184833693111,0.0367001111400336,0.33044474683091024,5112,-0.19202009891378283
absorb_z,long,2,-0.20416329830477448,-0.11123153535870542,12948,-0.1635915433109221,0.02092640959034514,0.3347235094223046,5700,-0.24490366916620132
avg_trade_usd,short,8,4628.78669892076,5173.058292378791,14019,-0.1636106385715775,0.036607955937767195,0.32127826521149866,5538,-0.24027901075316196
dn_wick,long,3,0.13034179460313666,0.18671718358397815,14019,-0.16361317101472983,0.02090478188653741,0.3380412297596119,5263,-0.26048658393784935
vol_per_trade_z,long,8,0.8522023338393289,1.3758447273404955,13962,-0.16369414868030902,0.020823804220958225,0.3324022346368715,4521,-0.26675408881459606
vol_per_trade_z,long,9,1.3758447273404955,inf,13962,-0.16372913929508237,0.02078881360618487,0.332831972496777,5116,-0.28487660806006804
to_hi96,long,6,5.53832759480264,6.5504471001588565,14011,-0.16375027267248873,0.020767680228778507,0.33994718435514953,4490,-0.25690688318074795
since_hi24,long,0,-inf,2.0,11376,-0.1637861093831566,0.020731843518110638,0.33772855133614627,4617,-0.2663411054172787
absorb,long,6,0.04535103117069512,0.09137903466062583,14006,-0.16381712677038043,0.020700826130886807,0.32950164215336286,4272,-0.27748895242855026
vol_of_vol,short,8,0.6362442955473898,1.3811494826842816,13970,-0.16388320850066793,0.03633538600867678,0.3221904080171797,5645,-0.1769343531690104
tbi_z8,long,0,-inf,-1.3275202064490639,14015,-0.16389410915200342,0.02062384374926382,0.3367820192650731,5343,-0.2585122930443757
kyle,long,4,2.948306102404962e-07,3.2658209837810094e-07,14018,-0.16392303226153276,0.020594920639734476,0.3331431017263518,4472,-0.2648035084024832
persist6,long,8,0.6225354256400888,0.7701025474972892,14020,-0.1640710153535774,0.020446937547689836,0.332453637660485,5283,-0.2906288360990614
flow_eff,long,0,-inf,-0.026517546856800182,14019,-0.16415753423345278,0.02036041866781446,0.3237035451886725,4898,-0.2533692091313335
since_hi96,long,0,-inf,6.0,12933,-0.1641998935531154,0.02031805934815184,0.325678496868476,5118,-0.3305882067568619
pos24,long,5,0.5223667457230385,0.6093408023185628,14018,-0.16420454116151892,0.02031341173974832,0.3373519760308175,4659,-0.19833331725681505
since_hi96,short,1,6.0,16.0,14946,-0.16428242297078705,0.03593617153855766,0.32483607654221863,5551,-0.18894679506716838
tbi_z8,long,4,-0.30961911888204263,-0.004615759511699151,14014,-0.16429929915321204,0.020218653748055204,0.3363065505922649,5289,-0.2596550208957242
since_hi96,long,8,87.0,94.0,13704,-0.16455011985560186,0.01996783304566538,0.34289258610624634,5353,-0.26316532694047995
close_loc,long,5,0.5078459343794732,0.6173427626018347,14019,-0.16459553348664416,0.019922419414623083,0.33547328625436906,4892,-0.2595803087390106
to_hi480,short,7,15.773014791949857,19.69956781351872,13972,-0.16476001171810645,0.03545858279123826,0.335742914400229,5763,-0.23525603107058507
trade_intensity,long,8,1.3138334683470838,1.862877212223722,14011,-0.16486921101036084,0.0196487418909064,0.3231746484904718,5114,-0.20421245447930544
ats_rank480,short,9,0.9083333333333333,inf,13889,-0.16491373734431924,0.03530485716502546,0.3262293901648787,5066,-0.2066420957345667
kyle_z,short,8,0.7765144321900646,1.3219247734427366,13962,-0.16499676291210483,0.03522183159723988,0.3286778398510242,5509,-0.1826163002063463
rpt_z,long,1,-1.2306688617300021,-0.8793857268791939,13962,-0.16510566293523193,0.019412289966035307,0.33698610514252975,5463,-0.27289514143922455
m1_jump,long,2,0.22569432233740705,0.25360271739527573,14021,-0.16514061932295343,0.01937733357831381,0.3310034947578632,4506,-0.29643966654178855
pos96,short,6,0.6133902540608079,0.7008243022720618,14010,-0.16535105619712037,0.03486753831222433,0.3426124197002141,4943,-0.23144459664172484
kyle,short,5,3.2658556648517737e-07,3.617264824321945e-07,14020,-0.16536679768472373,0.03485179682462097,0.3276034236804565,3805,-0.12178732163570735
rpt_rank,long,8,0.8020833333333334,0.9041666666666667,13819,-0.1655380621016658,0.01897989079960144,0.3385917939069397,5308,-0.3047307723315253
tbi_ma8,long,7,0.00902981961564112,0.016118056584377895,14014,-0.1656644303591671,0.018853522542100154,0.33138290281147426,3985,-0.27768572746529274
since_hi480,long,6,322.0,382.0,13884,-0.16568390840474428,0.018834044496522956,0.343921060213195,4747,-0.2712259273134571
kyle_z,long,8,0.7763645494361063,1.321734800051001,13962,-0.16594809377769912,0.018569859123568122,0.32746024924795875,5510,-0.22616503340455751
atr_rank,short,3,0.2620833333333394,0.375,13857,-0.16607293770038156,0.03414565680896314,0.3424983762719203,5143,-0.09127062311796694
ats_z96,short,7,0.4895770241910782,0.8545762191800854,13961,-0.1661672396441464,0.03405135486519831,0.33249767208652675,4800,-0.20644352223416268
since_hi24,short,3,7.0,11.0,17329,-0.16633765287766128,0.033880941631683426,0.3357954873333718,6103,-0.2267186140685655
vol_per_trade_z,short,7,0.4909886798579146,0.8522284184256341,13961,-0.16666239191012522,0.03355620259921949,0.3312083661628823,4717,-0.21655739189136206
dq,long,6,0.03134889064629017,0.07009726067713912,14019,-0.16683537881202992,0.01768257408923732,0.3274127969184678,4239,-0.3024373260628447
range_z,long,9,1.2007520962990905,inf,13962,-0.16684570977032054,0.017672243130946702,0.3235209855321587,5851,-0.1982937449599587
close_loc,long,1,0.09578144695295555,0.19557613462868004,14019,-0.166848526255966,0.017669426645301245,0.3378272344675084,5195,-0.2485118666313986
updn_ratio,short,4,0.4666666666666667,0.5,25472,-0.1668918965203029,0.03332669798904181,0.3263583542713568,8564,-0.17087964802933236
dq,long,3,-0.08043211712805001,-0.04184413840251551,14019,-0.16714157720965067,0.01737637569161657,0.3285541051430202,4164,-0.24045613217506445
absorb_z,long,6,0.08955019744145998,0.14196263766192335,12948,-0.1672330681919762,0.017284884709291043,0.3315569972196478,5001,-0.25127670516592343
lo_pos,short,3,0.2857142857142857,0.35714285714285715,7260,-0.16731809045775478,0.032900504051589924,0.33402203856749313,2536,-0.19154926097389424
minofday,short,7,1005.0,1140.0,13144,-0.16736225288960774,0.03285634161973697,0.3241783323189288,4833,-0.20216959889471547
to_lo96,long,1,1.6458445192567064,2.5439909696699674,14011,-0.1673678715411511,0.017150081360116143,0.32360288344871885,5109,-0.18875663443153154
since_hi24,long,8,22.0,24.0,15052,-0.16737735127543268,0.017140601625834556,0.33397555142173796,5485,-0.2812763314930659
to_hi24,long,3,1.4335291097138652,1.7860632189749637,14018,-0.16741318295516291,0.017104769946104326,0.3403481238407761,4808,-0.22704235564747724
tbi_ma24,short,2,-0.013243712006739565,-0.009110771964585236,14005,-0.16753873157141902,0.032679862937925686,0.33216708318457694,4393,-0.22302104303065226
tbi,long,6,0.015614976127788175,0.03499910491750475,14019,-0.1676356017171567,0.01688235118411055,0.3271274698623297,4236,-0.3027748872103492
to_lo480,long,1,3.456898418185254,5.758444183983209,13972,-0.1678520990142136,0.016665853887053633,0.3179931291153736,4951,-0.17795990454634664
dn_wick,short,9,0.5902439024391308,inf,14020,-0.16787170613282948,0.032346888376515226,0.3393723252496434,4739,-0.22648834657083042
m1_jump,long,3,0.25360271739527573,0.2812583053224568,14020,-0.16788396218596047,0.016633990715306773,0.33352353780313837,4766,-0.26973579840314943
disp24,long,2,-2.1252186738213332,-1.287589211919439,14019,-0.16790224244171578,0.016615710459551458,0.33632926742278335,4899,-0.27344747918800244
dq_cum24,short,2,-0.6335947684657466,-0.43534720748872113,14005,-0.16794140025802837,0.03227719425131634,0.3320956801142449,4392,-0.22048815960123008
to_lo24,long,5,2.3577651268572097,2.7778530464451623,14018,-0.16797294268059806,0.016545010220669176,0.3362819232415466,4648,-0.24596748917151953
hour,long,9,21.0,inf,17528,-0.1679774727308513,0.016540480170415928,0.3279324509356458,6442,-0.2845043075757799
absorb,short,3,-0.10685039439473062,-0.058567669922970286,14007,-0.1681046394650279,0.0321139550443168,0.3289069750838866,4323,-0.18328832016493452
ats_rank480,long,8,0.8104166666666667,0.9083333333333333,13599,-0.1681079057749983,0.01641004712626895,0.3284065004779763,5066,-0.26739359541867713
tbi_ma8,long,5,-0.0024145564020344526,0.003117228057850253,14015,-0.16814834884450874,0.016369604056758497,0.32772029967891547,3755,-0.26741388358467094
absorb,long,4,-0.05854148665735544,-0.008894431219412153,14007,-0.16816011690540228,0.01635783599586496,0.3278360819590205,4619,-0.22978136797903778
tbi,long,3,-0.040267695503067136,-0.02097320618925752,14019,-0.1681909153631862,0.01632703753808104,0.3281974463228476,4160,-0.24048098710385357
atr_rank,long,5,0.48125,0.5916666666666667,13976,-0.16828095959267778,0.016236993308589465,0.33278477389811106,5173,-0.23190721859148272
hour,short,0,-inf,2.0,11687,-0.1684183984648963,0.03180019604444839,0.3308804654744588,4296,-0.19015681118920696
up_wick,long,4,0.1767661189307376,0.2335555555555604,14018,-0.16843699142871718,0.01608096147255006,0.3357112284206021,4971,-0.27005511853059383
updn_ratio,long,2,0.4,0.42857142857142855,19936,-0.16862985891668028,0.01588809398458696,0.32840088282504015,6766,-0.2553934499486185
tbi,short,2,-0.0625718548905016,-0.0402874143007144,14020,-0.16864131838213722,0.03157727612720748,0.3303851640513552,4342,-0.21972770085878418
accel,short,8,1.0412165682531493,1.5786416020620861,14018,-0.1687368962401751,0.031481698269169606,0.33342844913682407,5234,-0.2366950373768756
flow_eff,long,6,0.030552733066872534,0.04534063044387608,14019,-0.16875691701790924,0.015761035883358004,0.32498751694129396,4052,-0.20967204932269665
rpt_rank,long,1,0.09791666666666667,0.19583333333333333,13648,-0.1687951367644732,0.01572281613679405,0.33528722157092616,5084,-0.27647632246867354
vol_per_trade_z,long,0,-inf,-1.2704430010330223,13962,-0.16880813771071457,0.015709815190552673,0.33870505658215155,4020,-0.24858380740876782
since_lo96,long,4,43.0,56.0,13643,-0.16898000307955155,0.01553794982171569,0.3459649637176574,4956,-0.2651985567914606
tbi_z24,long,0,-inf,-1.3075510528026582,14005,-0.16917081962424646,0.01534713327702078,0.33659407354516246,5261,-0.24140488887484604
since_lo96,long,1,7.0,18.0,14627,-0.16919940666373165,0.01531854623753559,0.31503384152594516,5541,-0.22040204952775738
minofday,short,0,-inf,135.0,13148,-0.16932479938374365,0.03089379512560106,0.33077274110130817,4833,-0.19130009179821011
dq,short,2,-0.12506711950875404,-0.08047958406402522,14020,-0.1694006572012542,0.030817937308090515,0.3302425106990014,4350,-0.21894847331065898
vol_of_vol,long,5,-0.2810253203654729,-0.05954608022461008,13971,-0.1694045386398646,0.015113414261402641,0.3303986829861857,4668,-0.2862565018341924
persist24,short,8,0.3099641246082016,0.40171629042393525,14018,-0.16944824051793117,0.030770353991413535,0.32386931088600374,5527,-0.2321290902055226
tbi_ma24,long,3,-0.009108742337497843,-0.005640266880528486,14005,-0.16945217172124025,0.015065781180026994,0.33230988932524097,3984,-0.2428197798604978
persist6,short,9,0.7700887129166784,inf,14020,-0.16958691994346303,0.030631674565881672,0.3276034236804565,5457,-0.18723307996269054
extreme_late,long,3,0.5714285714285714,0.6428571428571429,7924,-0.16982382508788513,0.014694127813382113,0.3363200403836446,3063,-0.3174254992975238
efficiency,long,6,0.26967648077035716,0.32586938052025155,14019,-0.16987500694316363,0.014642945958103615,0.33533062272630004,4983,-0.2828422898690211
lo_pos,long,7,0.8571428571428571,1.0,16184,-0.1700153304110051,0.01450262249026213,0.33273603559070686,6009,-0.25004665300475243
updn_ratio,short,6,0.5333333333333333,0.5454545454545454,25742,-0.1700501972343967,0.030168397274947995,0.32798539352031697,9136,-0.20889138754715636
since_hi96,long,5,53.0,66.0,14283,-0.17027473913239122,0.014243213768876023,0.3404046768886088,4945,-0.2661277473358298
to_lo96,long,7,7.403769620471006,8.948390790096305,14011,-0.17035116571097586,0.01416678719029138,0.3398044393690672,5128,-0.28037176226471355
since_lo480,long,9,470.0,inf,14519,-0.170417238101967,0.014100714799300251,0.3317721606171224,4980,-0.24340839282524335
sess_us,short,1,1.0,inf,46732,-0.17049946254432918,0.02971913196501552,0.3259650774629804,17178,-0.2091537997932879
up_wick,short,3,0.12387387387386986,0.17674907943187165,14018,-0.1705130905352378,0.0297055039741069,0.3328577543158796,4972,-0.21967856257756982
up_wick,long,5,0.2335555555555604,0.29660651175023417,14019,-0.17051377901651002,0.01400417388475722,0.3321206933447464,4867,-0.24590715951553585
since_hi96,short,4,40.0,53.0,13720,-0.17060239567977972,0.029616198829564983,0.3444606413994169,4892,-0.22173575858687744
vol_of_vol,long,7,0.22844204468970683,0.6363719350456063,13970,-0.17060635465815466,0.013911598243112583,0.32254831782390836,5298,-0.24585518200187992
ats_z96,short,9,1.3829824822357133,inf,13963,-0.17075651408747036,0.029462080421874343,0.3286543006517224,5073,-0.18763020279833312
to_lo96,long,4,4.263559068720481,5.194345236884719,14011,-0.170942465046036,0.013575487855231244,0.33802012704303763,4812,-0.25712716050617146
dq_cum24,long,3,-0.4352328166968824,-0.26871610266518553,14004,-0.17097446020024978,0.013543492701017457,0.3318337617823479,3986,-0.23828456581594173
rpt_z,long,3,-0.6029544847277344,-0.35083958876181487,13962,-0.17101783428079528,0.013500118620471957,0.33440767798309695,5409,-0.23567527206318156
disp96,short,1,-7.161172246080107,-4.665563762521254,14011,-0.17118063955640164,0.029037954952943063,0.3243166083791307,5272,-0.13761212142271387
tbi_z96,long,5,-0.001775202511246164,0.27188813439551607,13962,-0.17130776681719825,0.013210186084068987,0.33039679129064603,5246,-0.27057197899288293
trade_intensity,long,6,0.8871451607867703,1.0508333710011628,14011,-0.1713501725300525,0.013167780371214743,0.32952680037113696,4715,-0.23561310247664058
atr_pct,long,5,0.0038756191246624785,0.0044284970424762924,14021,-0.1716903862947668,0.012827566606500446,0.31944939733257255,4064,-0.16642125916431505
range_z,long,6,-0.08896080542351069,0.15517808631908261,13962,-0.17189426897713544,0.012623683924131796,0.3258845437616387,4837,-0.2456664447196252
absorb_z,long,8,0.2327544611669363,0.43851050616117193,12948,-0.17191097299882233,0.012606979902444915,0.3327927092987334,4394,-0.33189380891289655
tbi_z8,long,6,0.29988958211324834,0.6124612062416134,14015,-0.1720386358629232,0.01247931703834404,0.33349982161969316,5223,-0.30549277717838264
range_z,short,6,-0.08894248491641185,0.15518636103032468,13962,-0.1720554361942871,0.028163158315057613,0.32824810199111876,4837,-0.21606998186496668
since_hi480,long,2,66.0,121.0,14005,-0.17206057632624241,0.012457376575024826,0.33373795073188145,5043,-0.17915294395437933
ats_z96,long,7,0.48950923117675577,0.8544533477959751,13962,-0.17227737444099567,0.012240578460271573,0.3325454805901733,4804,-0.25183028470609564
rpt_rank,long,0,-inf,0.09791666666666667,13729,-0.1722955767868898,0.012222376114377431,0.3314880909024692,5099,-0.26540972620468933
atr_rank,short,6,0.5916666666666667,0.7,14076,-0.1723222688391534,0.02789632567019132,0.32395566922421143,5391,-0.19099502371131283
range_rank,short,7,0.7041666666666667,0.8083333333333333,13961,-0.17242836678325774,0.02779022772608697,0.3214669436286799,5362,-0.17291031251353425
pos480,long,0,-inf,0.1561588174439923,13973,-0.17246383563222778,0.01205411726903946,0.31711157231804193,6217,-0.26218495706433964
wick_skew,short,4,-0.09226310576326738,-0.008518193067087537,14019,-0.17248903359782414,0.027729560911520568,0.33069405806405594,5249,-0.18747176443063898
updn_ratio,long,8,0.6,0.6666666666666666,21032,-0.17254024691699896,0.011977705984268283,0.3324933434766071,7617,-0.2907555256836151
tbi_ma96,short,4,-0.00439890913423428,-0.0025621024230090134,13962,-0.17264554046278224,0.027573054046562462,0.33290359547342785,4162,-0.24989248568581982
close_loc,long,6,0.6173427626018347,0.7213430189143064,14019,-0.1726541909780483,0.011863761923218946,0.3329766745131607,4936,-0.27644379270933467
tbi,long,8,0.05762419746012556,0.088837966945542,14019,-0.17274998471891512,0.011767968182352123,0.3341893145017476,5016,-0.28808819724779294
persist96,long,2,0.031088717016453347,0.047770291214144195,14011,-0.17278149701789866,0.01173645588336858,0.3446577688958675,4917,-0.2594305753221484
pos24,short,4,0.43484798021850907,0.5223067199900562,14018,-0.1727842522573196,0.027434342252025096,0.33763732344128977,4495,-0.1586796293743994
since_lo96,long,5,56.0,69.0,14458,-0.172803836178387,0.011714116722880252,0.34776594273066813,5209,-0.2558801052940158
dq,long,8,0.11533533440634174,0.1776924942239292,14019,-0.17282622429592312,0.01169172860534412,0.3341179827377131,5012,-0.28794380010515314
kyle,short,4,2.9483330926236887e-07,3.2658556648517737e-07,14019,-0.17291305086011552,0.027305543649229186,0.33126471217633213,4471,-0.1417216559283064
trade_intensity,short,5,0.7660296620977943,0.8871722226332629,14011,-0.17299091207163547,0.027227682437709233,0.3330240525301549,4588,-0.2117796504734963
tbi,short,7,0.034983981136080526,0.05760692609154805,14018,-0.17305790969776527,0.027160684811579433,0.3300042802111571,4435,-0.20475751879713128
dq,short,7,0.07005681562462676,0.11531226725540183,14019,-0.17306209646682544,0.027156498042519267,0.33012340395177975,4428,-0.20544648460681567
accel,long,0,-inf,-1.5784301573828123,14018,-0.17316714319845472,0.01135080970281252,0.3282921957483236,5731,-0.2433310158331793
disp96,short,8,5.457906675803157,8.33559703050476,14011,-0.1732137333533804,0.027004861155964316,0.329955035329384,5356,-0.21735821276776043
persist24,long,1,0.028810721893642546,0.0583790513638313,14018,-0.17325467937136996,0.011263273529897283,0.3414181766300471,4944,-0.26695024967489206
body_frac,short,4,-0.1921322690992044,0.002997560125481351,14019,-0.17326411674453998,0.026954477764804724,0.33518795919823097,4811,-0.2320619861773919
dq_z96,long,5,-0.00153879034606697,0.2720853201935087,13962,-0.17328809946754767,0.011229853433719572,0.32968056152413694,5247,-0.2707677104782664
disp96,long,8,5.459133272368439,8.336193972766779,14011,-0.17330445425356955,0.01121349864769769,0.33031189779458997,5355,-0.31670443186529623
rv_vs_range,short,0,-inf,0.46042414771831797,14019,-0.17337904144658664,0.026839553062758065,0.32755546044653683,4350,-0.19973591765441387
dq_z96,long,8,0.8815574697700089,1.3090255936861974,13962,-0.17344876439582588,0.011069188505441363,0.3353387766795588,5141,-0.29842055717041166
tbi_z96,long,0,-inf,-1.2985522288790108,13962,-0.17349336554410058,0.01102458735716666,0.33992264718521703,5288,-0.24973748663792203
minofday,long,9,1290.0,inf,14608,-0.17351987900181726,0.010998073899449984,0.32701259583789705,5368,-0.28492056890041745
hi_pos,long,2,0.14285714285714285,0.21428571428571427,8652,-0.17364710348441842,0.010870849416848821,0.3324086916319926,3083,-0.22237718347969326
vol_per_trade_z,long,7,0.49089183598683833,0.8522023338393289,13962,-0.17370952531412778,0.010808427587139458,0.33118464403380604,4721,-0.2605907142684518
extreme_late,long,0,-inf,0.21428571428571427,10747,-0.17376318133626625,0.010754771565000987,0.33265097236438074,3634,-0.28058693091827563
rv_vs_range,long,1,0.4604343709830894,0.5158538491267392,14019,-0.17378712557344309,0.010730827327824155,0.3288394321991583,4683,-0.23656519927065656
persist24,long,2,0.0583790513638313,0.08963875414042659,14018,-0.17378852373997322,0.010729429161294018,0.3386360393779426,4964,-0.2801306178272509
absorb_z,short,9,0.4384623238314251,inf,12949,-0.17379615306926136,0.02642244144008335,0.33238087883234224,4433,-0.178342662753006
tbi_z96,long,8,0.881485753590979,1.3092685730322335,13962,-0.17383908618243932,0.010678866718827923,0.3353387766795588,5141,-0.2971971975017252
dn_wick,long,5,0.24643428650941598,0.31092762736051843,14019,-0.17385939130053954,0.0106585616007277,0.3284114416149511,4916,-0.2657369869639546
pos96,long,3,0.3442631817138008,0.4341144474823162,14011,-0.1738697785495131,0.010648174351754136,0.33587895225180214,4448,-0.3012178463841489
rv_vs_range,long,4,0.6042591029243041,0.6466579061285646,14018,-0.1739125322692977,0.010605420631969537,0.332215722642317,4845,-0.24785420700815208
since_lo96,long,8,88.0,94.0,13286,-0.17395329814188543,0.010564654759381814,0.3355411711576095,4851,-0.33833135067599446
dq_z96,long,0,-inf,-1.2987777231241322,13962,-0.17399950986237003,0.010518443038897207,0.3397794012319152,5285,-0.2502302339666101
rpt_rank,long,3,0.29583333333333334,0.39791666666666664,13786,-0.17403722366403418,0.01048072923723306,0.33135064558247496,5214,-0.23709419699310752
efficiency,long,5,0.2194530271267392,0.26967648077035716,14019,-0.17416537932278922,0.01035257357847802,0.3318353662886083,4951,-0.22235421152468438
to_hi24,long,2,1.0799663657889116,1.4335291097138652,14018,-0.17436586674738933,0.010152086153877915,0.33749464973605364,4909,-0.25091715368918327
rpt_z,long,8,0.8393527792255829,1.3772015585763804,13962,-0.17453214963084165,0.009985803270425586,0.3318292508236642,4916,-0.26006912379114594
kyle_z,short,7,0.4114832484969713,0.7765144321900646,13961,-0.17454019943881002,0.025678395070534682,0.32784184514003295,5125,-0.24032712513382765
tbi_z24,long,5,-0.0035593042517562527,0.27981170446581827,14006,-0.17459171351729397,0.009926239383973273,0.33250035698986147,5307,-0.24785715041457748
hi_pos,long,1,0.0,0.14285714285714285,40973,-0.17461395905117533,0.009903993850091913,0.33375637615014764,14594,-0.2656453442538412
close_loc,short,8,0.8192307692307879,0.9146211312700113,14019,-0.17463316366161624,0.025585430847728463,0.3318353662886083,5137,-0.2186582320278292
atr_rank,short,7,0.7,0.8083333333333333,13913,-0.17467264194116633,0.025545952568178376,0.31610723783511824,5230,-0.20450908662200698
rpt_z,short,0,-inf,-1.230515517528782,13962,-0.17480245484329826,0.025416139666046444,0.33218736570691876,4665,-0.21031515872516132
since_hi480,short,9,466.0,inf,14187,-0.1748514450414073,0.025367149467937417,0.3307253119052654,5949,-0.051129151797476985
m1_jump,short,8,0.45169174579290083,0.5679182660189004,14021,-0.17486765634874402,0.02535093816060069,0.33727979459382357,5964,-0.2656004163970805
since_lo480,long,7,400.50000000001455,443.0,13719,-0.17509498467960777,0.009422968221659472,0.34054960274072454,4861,-0.22455598372266972
wick_skew,long,6,0.07023950078633967,0.16407903248792355,14019,-0.17510800757594225,0.009409945325324992,0.33076538982809045,5385,-0.2681176581222008
disp6,short,8,1.0896905952108842,1.7044860255783256,14020,-0.17524852704036104,0.02497006746898367,0.33302425106990013,5426,-0.1843057113186301
m1_jump,long,1,0.19187837719552797,0.22569432233740705,14020,-0.17548801744484663,0.009029935456420612,0.32838801711840226,4501,-0.26198617043792194
pos24,long,8,0.775763640822622,0.8624119407962997,14018,-0.17563454972801953,0.008883403173247706,0.3327150806106435,5180,-0.2776861538394096
pos96,long,4,0.4341144474823162,0.5242393603080979,14011,-0.17570072457149252,0.008817228329774718,0.3432303190350439,4447,-0.2251408537698253
persist6,short,8,0.6224565655382928,0.7700887129166784,14020,-0.17578689584273877,0.02443169866660594,0.3273894436519258,5287,-0.16649973130289802
atr_rank,long,6,0.5916666666666667,0.7,14076,-0.17581392765972662,0.008704025241540625,0.32310315430520037,5390,-0.23084299037664888
body_frac,long,3,-0.361246474394109,-0.19194395409658724,14019,-0.17604837801170262,0.008469574889564624,0.32990940865967616,4752,-0.2701881446014269
rpt_z,long,7,0.4702530623947181,0.8393527792255829,13962,-0.17606742926242214,0.008450523638845103,0.3326171035668242,4859,-0.2964074555025127
to_hi24,long,4,1.7860632189749637,2.1554869494620448,14018,-0.17607431004793073,0.008443642853336514,0.3381366814096162,4626,-0.26789710354066426
to_lo24,short,5,2.357472773895033,2.7773497817047623,14019,-0.17615312743551403,0.02406546707383067,0.33747057564733574,4642,-0.23759630390377467
disp6,long,7,0.6826044759690237,1.090076907483402,14020,-0.17623675896187038,0.008281193939396858,0.33259629101283883,4936,-0.3121363832355303
updn_ratio,long,6,0.5333333333333333,0.5454545454545454,25741,-0.17638643213898816,0.008131520762279076,0.3255118293772581,9136,-0.24888109161679942
dn_wick,short,7,0.3834042553191841,0.4696969696969989,14017,-0.1764213638472491,0.023797230662095603,0.3308839266604837,4677,-0.20967096509473768
dq_cum24,short,7,0.20489754056051324,0.39576011540981604,14005,-0.1765194398048314,0.02369915470451331,0.32831131738664765,3871,-0.18549529094635883
dq_z96,long,6,0.2720853201935087,0.5565056888995146,13962,-0.17661674081100998,0.007901212090257265,0.3298238074774388,5308,-0.3007165251391818
close_loc,long,2,0.19557613462868004,0.2947782453475651,14019,-0.17674140346843778,0.00777654943282946,0.329481418075469,5010,-0.2681920881368196
m1_jump,long,4,0.2812583053224568,0.3110714934343838,14020,-0.17675790681410125,0.007760046087165989,0.3313124108416548,5124,-0.2712262397367213
range_rank,long,5,0.49583333333333335,0.6020833333333333,13807,-0.17678527963597207,0.00773267326529517,0.3270080394003042,5286,-0.2885593823797833
since_hi480,short,0,-inf,24.0,13942,-0.17688254694479782,0.02333604756454688,0.31157653134414,5026,-0.1559796961393761
ats_rank480,short,7,0.7083333333333334,0.8104166666666667,13725,-0.17690297802723884,0.023315616482105866,0.3277231329690346,5203,-0.23720586579317338
vol_of_vol,short,3,-0.6336224531493388,-0.46380180864105836,13971,-0.17703190354245904,0.023186690966885665,0.33641113735595163,4550,-0.23459811789664264
to_lo24,short,4,1.9685711748553205,2.357472773895033,14018,-0.17710750675447504,0.02311108775486967,0.3362819232415466,4643,-0.18568999780365766
wick_skew,long,5,-0.008462623413263065,0.07023950078633967,14019,-0.17711498197775433,0.007402970923512914,0.33661459447892145,5592,-0.25513580482299314
up_wick,short,1,0.019421367959199992,0.070911722141846,14019,-0.17711563014994025,0.023102964359404454,0.33162137099650474,5381,-0.18596187690003055
range_z,short,5,-0.2778230938544579,-0.08894248491641185,13963,-0.17712799968002851,0.02309059482931619,0.32879753634605746,4708,-0.2133933431749501
dn_wick,long,1,0.021100668224049653,0.07526881720428834,14019,-0.17718525719538544,0.007332695705881798,0.3332620015692988,5495,-0.26596354677768186
body_frac,long,1,-0.6839561481300367,-0.518199402472173,14019,-0.17723831117269273,0.00727964172857451,0.33169270276053925,5142,-0.23397397763293895
efficiency,long,1,0.04468486467042282,0.0871526837779541,14019,-0.1775016701978121,0.00701628270345514,0.33019473571581426,4866,-0.2683448875712172
to_hi96,short,3,3.063584844409211,3.842325213351332,14010,-0.1776299584533883,0.0225886360559564,0.33361884368308353,4781,-0.19985146246343422
since_hi96,long,6,66.0,77.0,13326,-0.17765728388150356,0.006860669019763677,0.33821101605883236,4612,-0.2577904493717247
m1_jump,long,0,-inf,0.19187837719552797,14021,-0.1776632994358676,0.006854653465399652,0.32665287782611796,4174,-0.2825957122285303
tbi_ma24,short,7,0.0042267053088684186,0.00820202739075934,14005,-0.17768233222552898,0.022536262283815722,0.3279543020349875,3873,-0.18364967777586683
is_weekend,short,0,-inf,1.0,100085,-0.177692047088531,0.022526547420813697,0.32212619273617427,36754,-0.1632583747580133
lo_pos,long,2,0.14285714285714285,0.2857142857142857,16689,-0.177727271868537,0.006790681032730228,0.3316555815207622,6208,-0.31784911144828776
wick_skew,short,0,-inf,-0.4565217391300823,14019,-0.17784836826272715,0.022370226246617553,0.3386832156359227,4790,-0.21026918541100262
vol_per_trade_z,long,6,0.18586722935299002,0.49089183598683833,13962,-0.1779369194607258,0.0065810334405414506,0.32989543045408964,5140,-0.2721474115671258
to_lo480,short,5,13.048055164655658,15.83539985838341,13973,-0.1779496058535776,0.022268988655767097,0.33428755456952697,5543,-0.16803997477515148
tbi_z24,long,9,1.3200300464119927,inf,14006,-0.17800097727087139,0.006516975630395855,0.3302870198486363,5168,-0.3046157060134496
up_wick,long,6,0.29660651175023417,0.3686174432943791,14019,-0.17808614430817463,0.006431808593092614,0.3299807404237107,5064,-0.2704623294036842
tbi_ma8,short,6,0.003110679505790625,0.009023832664842336,14015,-0.17814087475848567,0.022077719750859037,0.3247235105244381,3786,-0.18786405337144893
absorb_z,long,1,-0.4312585797104055,-0.20416329830477448,12948,-0.1781447710466592,0.006373181854608029,0.33063021316033364,4515,-0.2721869174375375
tbi_z8,short,2,-0.9353000096515661,-0.6115711033092804,14015,-0.17814667932797984,0.022071915181364865,0.3325008919015341,4961,-0.23471378268073761
tbi_z96,long,6,0.27188813439551607,0.5562947845343937,13962,-0.17814754593550744,0.006370406965759801,0.3293224466408824,5305,-0.30016033510820733
rv_vs_range,long,5,0.6466579061285646,0.6924652012609027,14019,-0.17816885944438532,0.006349093456881921,0.3280547827947785,5036,-0.2860273164501855
persist96,long,3,0.047770291214144195,0.06594242643594313,14011,-0.17822554984334033,0.006292403057926915,0.3392334594247377,5068,-0.2401484465984791
absorb_z,long,7,0.14196263766192335,0.2327544611669363,12948,-0.1782420618694709,0.006275891031796349,0.32792709298733397,4605,-0.2907727021249823
trade_intensity,long,7,1.0508333710011628,1.3138334683470838,14011,-0.17824594358358603,0.00627200931768121,0.32602954821211905,4893,-0.2599235715512484
kyle_z,long,7,0.4113341784314473,0.7763645494361063,13962,-0.17825400338664055,0.006263949514626693,0.3250966910184787,5129,-0.23988016851168942
rpt_rank,short,0,-inf,0.09791666666666667,13726,-0.17831268065835595,0.02190591385098875,0.3298120355529652,5097,-0.17515162155080136
gap,short,1,-0.0010977783990432618,-0.00024044437160507422,14020,-0.17834106718416745,0.021877527325177254,0.32189728958630526,10058,-0.23097566570462474
rpt_z,long,0,-inf,-1.2306688617300021,13962,-0.1783925698197672,0.006125383081500041,0.3339063171465406,4665,-0.2764638201603523
tbi_ma24,long,2,-0.013240325299747923,-0.009108742337497843,14005,-0.17844571881059235,0.006072234090674894,0.3282399143163156,4394,-0.23611894091704114
dq,long,4,-0.04184413840251551,-0.004918232594915163,14018,-0.17852554331485465,0.005992409586412589,0.32222856327578825,4228,-0.2382817371458403
hi_pos,long,6,0.7142857142857143,0.8571428571428571,13206,-0.1785964128985988,0.005921540002668452,0.33371194911403906,5102,-0.2753082147314613
accel,long,2,-1.0521447422182684,-0.667404918825364,14019,-0.17864996690987808,0.0058679859913891574,0.3340466509736786,4862,-0.2963871541982845
lo_pos,long,5,0.5714285714285714,0.7142857142857143,12521,-0.17866612716167618,0.00585182573959106,0.3333599552751378,4472,-0.2645592809707733
absorb,long,3,-0.10684548744136567,-0.05854148665735544,14006,-0.17870602415616235,0.0058119287451048884,0.3260745394830787,4323,-0.23408656503623562
hi_pos,long,4,0.35714285714285715,0.5714285714285714,19019,-0.1787066749414924,0.0058112779597748465,0.3315105946684894,7510,-0.25405695633648834
rv_vs_range,short,2,0.515828257680301,0.5612688310620825,14019,-0.17877717903861265,0.021441415470732056,0.3285541051430202,4736,-0.23374777365092964
tbi,long,4,-0.02097320618925752,-0.0025201220206523822,14018,-0.17877769254222173,0.005740260359045513,0.3221572264231702,4233,-0.2370604801441848
range_per_trade,short,8,1.648031347906796e-07,2.025687310071443e-07,14019,-0.17878317759095383,0.021435416918390876,0.32092160639132605,1496,-0.2250123830329345
to_lo96,long,5,5.194345236884719,6.199260602741037,14011,-0.17889960200244584,0.0056183508988214,0.33830561701520234,4665,-0.3112048416574159
persist24,short,7,0.24790568722813253,0.3099641246082016,14018,-0.17899659671171603,0.021221997797628678,0.32643743758025395,5524,-0.2629374875173306
since_hi24,long,1,2.0,4.0,12210,-0.17910854901737144,0.005409403883895797,0.3316134316134316,4643,-0.24497163882960898
tbi,short,4,-0.02099096566344244,-0.002540533284392743,14019,-0.17914820898857817,0.021070385520766538,0.322134246379913,4227,-0.1842763062366692
absorb,short,6,0.045333293297616664,0.09135727519300803,14007,-0.17917294881831447,0.021045645691030235,0.32412365245948455,4266,-0.20429496792418322
gap,short,4,0.00026308423570342695,0.0011251201336366725,14020,-0.17921245977941294,0.021006134729931764,0.32011412268188305,9731,-0.25760905726418426
to_hi24,short,0,-inf,0.6860466384583446,14019,-0.17923665168152378,0.020981942827820926,0.33048006277195235,6272,-0.2062351115228677
pos24,short,1,0.1652874404665278,0.26044752512083175,14018,-0.17925007484763547,0.020968519661709234,0.32943358539021256,5191,-0.15947631830406694
pos96,short,0,-inf,0.1704139664065597,14011,-0.17927252995117768,0.020946064558167027,0.3174648490471772,7301,-0.14949605008187783
ats_z96,long,0,-inf,-1.2675087382588484,13962,-0.17929885758700004,0.0052190953142672025,0.3350522847729552,4102,-0.24531097685623968
lo_pos,long,8,1.0,inf,15474,-0.17930151851087175,0.005216434390395486,0.33527206927749775,5527,-0.24138213712678783
since_hi480,long,1,24.0,66.0,13965,-0.17947117771324017,0.0050467751880270695,0.322234156820623,4986,-0.36159562850872057
persist24,long,3,0.08963875414042659,0.1228834421726055,14018,-0.17948645336453528,0.005031499536731959,0.3354972178627479,5066,-0.22837247425238524
tbi_ma24,long,7,0.004227312325752216,0.008202984231008065,14005,-0.1795477715711593,0.004970181330107931,0.3282399143163156,3875,-0.2675659432956027
dq,short,4,-0.04188763485695446,-0.00496432815236339,14019,-0.17961893397551046,0.020599660533834246,0.3219202510878094,4228,-0.18218286070756332
dn_wick,long,4,0.18671718358397815,0.24643428650941598,14018,-0.1800882531255011,0.004429699775766127,0.32772150092737906,5124,-0.28692740968066194
updn_ratio,long,9,0.6666666666666666,inf,18497,-0.1802495115644002,0.004268441336867046,0.33070227604476404,7157,-0.2709902081054682
since_lo480,long,1,31.0,82.0,13930,-0.1803094295170095,0.0042085233842577285,0.33151471643933955,5246,-0.31257515985867196
rv_vs_range,long,6,0.6924652012609027,0.7452426862997326,14019,-0.18039444054771459,0.004123512353552655,0.33076538982809045,5294,-0.3104388198614881
tbi_z24,long,6,0.27981170446581827,0.5726712290170943,14005,-0.18039519791529549,0.004122754985971755,0.3300249910746162,5218,-0.2881898806451909
tbi_z24,long,1,-1.3075510528026582,-0.8990858488510951,14005,-0.1804039946085096,0.004113958292757652,0.33181006783291683,4994,-0.2640219043258215
wick_skew,long,4,-0.09218478023567431,-0.008462623413263065,14018,-0.18043593841154407,0.004082014489723174,0.3285062063061778,5248,-0.2606330086519288
dq_cum24,long,2,-0.6334906747263888,-0.4352328166968824,14006,-0.18046254144927082,0.004055411451996421,0.3277166928459232,4393,-0.2376790174484442
dn_wick,long,6,0.31092762736051843,0.3833569020015768,14019,-0.18047791426718293,0.004040038634084309,0.3279121192667095,4796,-0.24291815566858926
tbi_z24,long,3,-0.5797469430055873,-0.2915113260678587,14004,-0.18054388415725225,0.003974068744014986,0.33219080262782064,5050,-0.27027038569197537
vol_of_vol,short,4,-0.46380180864105836,-0.28105827524473626,13970,-0.18060889568510097,0.019609698824243738,0.3287043664996421,4345,-0.2249541341268193
persist24,long,8,0.3099583680210613,0.4017313689963678,14018,-0.1806805039084485,0.003837448992818737,0.3212298473391354,5526,-0.27071503744655345
dn_wick,short,4,0.18674698795173594,0.24645390070919068,14019,-0.18068688863590082,0.019531705873443883,0.3278407875026749,5122,-0.17155032307178722
tbi_z8,long,1,-1.3275202064490639,-0.9351645280258382,14015,-0.18069135587447693,0.003826597026790307,0.33235818765608277,5122,-0.2593558880677733
body_frac,long,7,0.3677037312878359,0.5255681818181782,14019,-0.18071212137048234,0.0038058315307848978,0.3296954133675726,4822,-0.29299763495361997
dq_cum24,long,7,0.20501710839242318,0.39581440224018616,14004,-0.18071286340304826,0.0038050894982189776,0.32790631248214797,3872,-0.26705266490719276
ats_rank480,long,3,0.29375,0.3958333333333333,13620,-0.18088974548674253,0.0036282074145247145,0.3322320117474302,5090,-0.2864057327111846
tbi,short,6,0.015595459303316295,0.034983981136080526,14020,-0.18089923853887133,0.01931935597047338,0.3224679029957204,4231,-0.1702180298677428
up_wick,long,9,0.578263647728849,inf,14019,-0.180927515546128,0.0035904373551392532,0.3344033097938512,5088,-0.281148047924372
ats_rank480,long,5,0.5,0.6041666666666666,13729,-0.18102789690145704,0.0034900559998101988,0.3295942894602666,5091,-0.28685921728995023
dq,short,6,0.031312291551513896,0.07005681562462676,14018,-0.18112513577554115,0.019093458733803553,0.3222999001284063,4234,-0.16930566550532783
hi_pos,short,4,0.35714285714285715,0.5714285714285714,19021,-0.18113223175633567,0.01908636275300904,0.3301614005572788,7508,-0.2150722529362677
avg_trade_usd,short,6,3932.5794845887635,4248.306108301457,14020,-0.18127326576322988,0.01894532874611482,0.3191155492154066,3841,-0.23306629866117357
since_hi96,long,3,27.0,40.0,14358,-0.18132103460165078,0.0031969182996164636,0.33047778242095,5104,-0.23349370916776327
persist24,short,9,0.40171629042393525,inf,14019,-0.18133474257626325,0.018883851933081452,0.30957985590983667,5153,-0.161894055330233
disp6,long,8,1.090076907483402,1.7053573947959162,14020,-0.18135057041399597,0.0031673824872712752,0.3301711840228245,5435,-0.2879359103228404
kyle_z,long,6,0.12278626876450897,0.4113341784314473,13962,-0.18151015676785207,0.003007796133415175,0.32574129780833694,5001,-0.2754328481726828
rpt_rank,short,1,0.09791666666666667,0.19583333333333333,13648,-0.1815122323842391,0.018706362125105597,0.32810668229777257,5083,-0.1685655887816407
hour,short,9,21.0,inf,17525,-0.18162298120483064,0.018595613304514064,0.3238231098430813,6441,-0.16265640448191132
sess_asia,long,1,1.0,inf,46747,-0.18164168759504376,0.00287626530622348,0.335379810469121,17184,-0.2598516003267431
accel,long,8,1.0415346352587243,1.578929709476568,14018,-0.18166062850211903,0.002857324399148209,0.32700813240119847,5236,-0.28294993313153505
accel,long,1,-1.5784301573828123,-1.0521447422182684,14018,-0.1816727055912714,0.0028452473099958298,0.33300042802111574,5091,-0.26853669509022604
minofday,long,0,-inf,135.0,13146,-0.18183519741084395,0.002682755490423294,0.3270196257416705,4833,-0.29735613632523106
tbi_ma8,short,4,-0.007964260990406537,-0.0024199947373814285,14014,-0.18190759912089322,0.01831099538845149,0.3229627515341801,3669,-0.19628534551512905
flow_div,long,0,-inf,0.0,113251,-0.18192479414475352,0.002593158756513725,0.3308580056688241,39656,-0.2639149576267844
dn_wick,long,7,0.3833569020015768,0.46967684359776585,14019,-0.1819266396855391,0.0025913132157281416,0.3250588487053285,4680,-0.28785234186004627
pos24,short,5,0.5223067199900562,0.60927314039896,14019,-0.1820906033158094,0.01812799119353531,0.33233468863685,4661,-0.2322654551653329
range_z,short,7,0.15518636103032468,0.5191925121822427,13961,-0.18214516288728327,0.01807343162206143,0.32196834037676386,5108,-0.20582529165581354
since_lo24,short,5,15.0,18.0,13444,-0.18218101471149362,0.01803757979785109,0.33196965188931865,4841,-0.18301402043819906
dq_z96,short,2,-0.881887903819737,-0.5654900061289111,13963,-0.18221170135599546,0.018006893153349246,0.33044474683091024,4918,-0.2538447454434515
atr_rank,short,4,0.375,0.48125,13874,-0.18221862167376268,0.017999972835582023,0.3334294363557734,5115,-0.17895472909673238
flow_eff,long,5,0.020495003870539343,0.030552733066872534,14019,-0.18225280837360938,0.0022651445276578586,0.3283401098509166,4999,-0.2691450780887388
minofday,short,9,1290.0,inf,14605,-0.18229722223610412,0.017921372273240588,0.32413557001027044,5368,-0.16473322925487113
updn_ratio,short,2,0.4,0.42857142857142855,19938,-0.1823520861093608,0.01786650839998391,0.324706590430334,6767,-0.18112756277033903
trade_intensity,long,5,0.7659952307727449,0.8871451607867703,14011,-0.18238084281974748,0.002137110081519761,0.3289558204268075,4592,-0.28028481945270417
tbi_z96,short,4,-0.28004326144296937,-0.0020046903479925965,13962,-0.18256269894148777,0.017655895567856933,0.3278183641312133,5380,-0.2203298578347478
tbi,long,7,0.03499910491750475,0.05762419746012556,14019,-0.18258183747928236,0.0019361154219848797,0.32570083458163923,4434,-0.2718994402100956
dq_cum24,short,4,-0.2688583231715969,-0.1128469930824091,14005,-0.18261657052142063,0.01760202398792407,0.3282399143163156,4034,-0.1861214607438813
tbi_z8,short,5,-0.004721066738257668,0.29970214615877516,14015,-0.18262297936262845,0.01759561514671626,0.3302889760970389,5185,-0.24253460771158397
dq_z96,short,4,-0.2798043632043503,-0.0017335423614625136,13962,-0.1826923490677823,0.017526245441562394,0.32774674115456237,5376,-0.21894207827724774
tbi_ma24,short,4,-0.005642591127015672,-0.0023919389579212156,14005,-0.18271269248335859,0.01750590202598612,0.3280971081756516,4023,-0.18820589907760515
tbi_z96,short,2,-0.8816635647242188,-0.5654067857226103,13963,-0.18281679565143086,0.017401798857913847,0.3302298932894077,4922,-0.2531531292267391
to_hi24,long,7,3.0341089541071327,3.6328074202529788,14018,-0.18282457543195327,0.0016933774693139725,0.32893422742188616,4900,-0.286014715112863
since_hi24,long,6,17.0,20.0,14303,-0.1828728021782829,0.001645150722984351,0.3325875690414598,5146,-0.2754707443236176
efficiency,long,7,0.32586938052025155,0.3963239700766458,14019,-0.18287698761038002,0.0016409652908872252,0.33040873100791784,5162,-0.2783360286724699
persist6,long,7,0.5153610975968899,0.6225354256400888,14020,-0.1830260802049452,0.001491872696322033,0.3275320970042796,5122,-0.2551364624604993
close_loc,short,4,0.3995943204868361,0.5077720207253933,14019,-0.18311898084779957,0.017099613661545138,0.3276981239746059,4723,-0.20110354618502735
to_lo24,short,6,2.7773497817047623,3.2728921386777707,14018,-0.18317849464400154,0.01704009986534316,0.3332144385789699,4801,-0.22854334001303758
persist24,long,6,0.19951877351974961,0.2479036459701051,14018,-0.18318213194231528,0.001335820958951961,0.3303609644742474,5445,-0.3094820966037566
to_hi480,long,3,6.73305283306836,8.742960896425739,13972,-0.18323458931533096,0.0012833635859362813,0.3226452905811623,4798,-0.2996547045700177
extreme_late,long,7,0.9285714285714286,1.0,16464,-0.18326390810601004,0.0012540447952572031,0.33023566569484936,5998,-0.2732319707491993
up_wick,long,2,0.07094133697136125,0.12388961546171354,14020,-0.1832722278506135,0.0012457250506537343,0.32631954350927245,5190,-0.26991867131282404
rpt_rank,long,7,0.7020833333333333,0.8020833333333334,13689,-0.18331753056406314,0.0012004223372041045,0.3320184089414859,5073,-0.2791102873357508
wick_skew,long,3,-0.18567861446834183,-0.09218478023567431,14019,-0.18343087943063174,0.0010870734706354968,0.3280547827947785,5164,-0.28012184064681794
m1_jump,long,5,0.3110714934343838,0.34564978633654664,14021,-0.18350874397723682,0.0010092089240304192,0.33221596177162827,5370,-0.26162569808859937
dq,long,7,0.07009726067713912,0.11533533440634174,14019,-0.18351867371187724,0.0009992791893899955,0.3254155075255011,4424,-0.27080659986107136
range_per_trade,short,7,1.428142921414599e-07,1.648031347906796e-07,14018,-0.1836333740478021,0.016585220461542594,0.3235839634755315,2852,-0.24941810785210786
ats_rank480,long,6,0.6041666666666666,0.7083333333333334,13842,-0.18370994994348783,0.0008080029577794134,0.32639791937581275,5241,-0.25865644101103236
tbi_ma96,long,8,0.003766597165597752,0.007109148193479173,13962,-0.1838201833443353,0.000697769556931932,0.3318292508236642,4721,-0.2203493154878912
rv_vs_range,short,3,0.5612688310620825,0.6042530021713174,14019,-0.18391949845452044,0.01629909605482427,0.32677081104215705,4886,-0.18512759168112922
to_lo96,long,3,3.394828950321609,4.263559068720481,14011,-0.18405563154863763,0.0004623213526296077,0.3310256227250018,4677,-0.22975825803044633
wick_skew,short,2,-0.2981132075471561,-0.18571428571433027,14019,-0.18414478631943534,0.01607380818990936,0.32983807689564165,5024,-0.20455467769311975
tbi_ma24,short,3,-0.009110771964585236,-0.005642591127015672,14005,-0.1841576929953314,0.016060901514013293,0.32624062834701895,3984,-0.2363067539878983
efficiency,long,4,0.1733790729044714,0.2194530271267392,14018,-0.184232065927677,0.00028588697359024917,0.3290055642745042,5029,-0.29978253072759065
disp6,long,6,0.3419056504208343,0.6826044759690237,14020,-0.18437648830948422,0.0001414645917830193,0.3310271041369472,4812,-0.2778704949138967
since_hi480,short,3,121.0,185.0,13924,-0.1843809182775398,0.015837676231804904,0.33769031887388684,5059,-0.24184391122778146
close_loc,long,4,0.39962735047442915,0.5078459343794732,14018,-0.18441715196794814,0.00010080093331910067,0.32579540590669137,4728,-0.29359138168582416
dq_z96,short,5,-0.0017335423614625136,0.27179216761118963,13963,-0.18442450755574943,0.01579408695359527,0.3256463510706868,5251,-0.18731018117411596
range_z,long,5,-0.27786589297880016,-0.08896080542351069,13962,-0.1844253298733413,9.262302792595323e-05,0.3263859045981951,4709,-0.3049517214562158
tbi_ma96,short,5,-0.0025621024230090134,-0.0007381904889521628,13963,-0.18445556326910215,0.01576303124024256,0.32815297572154983,4202,-0.1925638333251725
tbi_z8,long,9,1.3361884670801125,inf,14015,-0.18449407928821984,2.3873613047398212e-05,0.32829111666072064,5329,-0.28449424647290145
dq_cum24,short,3,-0.43534720748872113,-0.2688583231715969,14005,-0.18454639976887544,0.01567219474046927,0.32602641913602287,3986,-0.24151936946538838
since_hi24,short,9,24.0,inf,18250,-0.18467309757183362,0.015545496937511089,0.32558904109589043,6943,-0.17379992092775848
tbi_ma96,long,0,-inf,-0.011975607786586928,13962,-0.184735565360568,-0.00021761245930077,0.32989543045408964,8709,-0.3036705011337405
trade_intensity,long,3,0.5854979095300124,0.668247625701113,14011,-0.18484551371842203,-0.0003275608171547928,0.332667190064949,4576,-0.2908449278665544
body_frac,short,6,0.1992385786801686,0.3675478065241858,14019,-0.18496719444030058,0.01525140006904413,0.32669947927812254,4848,-0.18146275910523388
to_hi96,long,4,3.8419186754304064,4.653256879070218,14011,-0.18501957591690987,-0.0005016230156426327,0.3315966026693312,4532,-0.24584312350840093
rpt_rank,long,2,0.19583333333333333,0.29583333333333334,13592,-0.18502012297748802,-0.0005021700762207759,0.32754561506768687,5103,-0.28353007047362133
close_loc,long,7,0.7213430189143064,0.8192800309789763,14019,-0.18504044406715348,-0.0005224911658862352,0.3271988016263642,4964,-0.2630402874845534
up_wick,short,2,0.070911722141846,0.12387387387386986,14020,-0.1851286692662231,0.01508992524312161,0.3268188302425107,5190,-0.20742542948224557
to_lo24,long,3,1.6007468124879813,1.9689059158617224,14018,-0.18513927317578094,-0.0006213202745136981,0.3315023541161364,4564,-0.24608599361681005
extreme_late,long,8,1.0,inf,30590,-0.18536852343865948,-0.0008505705373922368,0.33000980712651196,10565,-0.27514484081014207
pos480,long,3,0.34037703690754845,0.43821100202586943,13972,-0.18539033298636232,-0.0008723800850950758,0.33094760950472374,5162,-0.10465113012309969
tbi_ma96,short,0,-inf,-0.011975031384904892,13962,-0.18555078834956787,0.014667806159776836,0.33068328319724966,8709,-0.25558569000558273
tbi_z24,short,7,0.5724688385302443,0.8993297362103616,14005,-0.18556609325277126,0.014652501256573441,0.32959657265262404,5190,-0.1969420675310057
tbi_z96,short,5,-0.0020046903479925965,0.27168538955460736,13963,-0.18557773626941426,0.014640858239930443,0.32521664398768174,5246,-0.18683682675837096
tbi_z96,short,6,0.27168538955460736,0.555992350160493,13962,-0.1856197120281194,0.014598882481225317,0.3271021343647042,5301,-0.1910963213203124
ats_z96,short,6,0.18687886929386485,0.4895770241910782,13963,-0.1856479687453572,0.014570625763987516,0.3270787080140371,5035,-0.21216446810766437
to_hi24,long,1,0.6858023297257255,1.0799663657889116,14018,-0.1857855899702789,-0.0012676370690116734,0.3322870594949351,5201,-0.2708057052463817
accel,long,7,0.651677772747537,1.0415346352587243,14017,-0.18581908991323628,-0.0013011370119690446,0.3299564814154241,4937,-0.28727570282246595
gap,long,3,0.0,0.00026312365483922536,75858,-0.18588476881332025,-0.00136681591205301,0.32916765535606,28728,-0.26286073073326033
pos480,short,1,0.15615349019839658,0.24517289721432828,13973,-0.18593611519214817,0.014282479317196534,0.332641522937093,5009,-0.046353897322988995
sess_asia,long,0,-inf,1.0,93458,-0.18595663952274452,-0.0014386866214772809,0.32709880374071776,34357,-0.2778618826210575
absorb_z,short,0,-inf,-0.4313496079605395,12949,-0.18602569248007658,0.014192902029268123,0.32813344659819293,4499,-0.2261539804247918
hour,long,0,-inf,2.0,11686,-0.1860867442920792,-0.0015687913908119522,0.32534656854355637,4296,-0.3067569554464595
wick_skew,short,1,-0.4565217391300823,-0.2981132075471561,14019,-0.18614606804847614,0.014072526460868567,0.33083672159212496,4823,-0.20329317649774034
absorb,long,1,-0.329658162117052,-0.17669461830339742,14007,-0.18616660469571641,-0.001648651794449174,0.3366174055829228,5424,-0.27103558818833967
efficiency,long,2,0.0871526837779541,0.12999184780902787,14019,-0.1862020733562661,-0.0016841204549988553,0.3277694557386404,5051,-0.3152631411372873
extreme_late,long,4,0.6428571428571429,0.7857142857142857,19232,-0.18621108116757676,-0.0016931282663095182,0.32945091514143093,7222,-0.2847562484472578
body_frac,long,5,0.003313452617627376,0.1995052190707581,14019,-0.18631294244457577,-0.0017949895433085339,0.3289820957272273,4746,-0.27387329038061187
hi_pos,long,3,0.21428571428571427,0.35714285714285715,14372,-0.18631427365006153,-0.0017963207487942945,0.3285555246312274,5285,-0.22411863100181012
rv_vs_range,short,7,0.7452610226467983,0.8116423522187182,14019,-0.18632694989460938,0.013891644614735327,0.33097938512019404,5426,-0.21934164610258183
to_hi480,short,3,6.733492815167451,8.743137518369409,13973,-0.18634047772969198,0.013878116779652727,0.32162026765905677,4797,-0.24461222864906423
efficiency,long,3,0.12999184780902787,0.1733790729044714,14019,-0.18643739019022956,-0.0019194372889623224,0.3280547827947785,4902,-0.25067755177813805
dq_cum24,long,5,-0.11276750888776133,0.04085294885108326,14005,-0.18648263009221108,-0.001964677190943842,0.32574080685469475,3810,-0.2528331774261591
accel,short,9,1.5786416020620861,inf,14019,-0.1865418012768205,0.013676793232524215,0.32177758755974034,5638,-0.19949966131376864
rv_vs_range,short,1,0.46042414771831797,0.515828257680301,14019,-0.18656667086980228,0.01365192363954243,0.3237035451886725,4677,-0.22298106782807717
since_hi96,short,3,27.0,40.0,14358,-0.18657548869882695,0.013643105810517753,0.3335422760830199,5102,-0.2749989141296072
persist96,short,6,0.10972280276055886,0.1371805502129038,14011,-0.18659801473748172,0.013620579771862984,0.3246734708443366,5607,-0.19090260227448969
trade_intensity,short,4,0.668257863098695,0.7660296620977943,14011,-0.18672308235449267,0.013495512154852035,0.32931268289201343,4576,-0.22883982687846202
tbi_ma24,long,5,-0.002388889783427222,0.0008086940534172325,14006,-0.1867235845431171,-0.0022056316418498645,0.3257175496215908,3806,-0.2526338069883986
disp6,long,1,-1.6722401930513462,-1.055616590869484,14020,-0.18680749070674377,-0.002289537805476527,0.3294579172610556,5265,-0.270140453566004
to_lo96,long,2,2.5439909696699674,3.394828950321609,14011,-0.1869215669265564,-0.002403614025289158,0.3243166083791307,4767,-0.2695073470468227
absorb_z,short,6,0.08954799925785696,0.1419609234571625,12949,-0.18696148894346465,0.013257105565880056,0.32203258938914203,5001,-0.21292898883281117
since_hi24,short,1,2.0,4.0,12211,-0.1870494490111695,0.013169145498175217,0.32593563180738677,4644,-0.24115906775449497
tbi_z24,long,4,-0.2915113260678587,-0.0035593042517562527,14005,-0.187095898803454,-0.002577945902186768,0.3267404498393431,5230,-0.29242673038179595
lo_pos,long,6,0.7142857142857143,0.8571428571428571,13274,-0.18715066780902007,-0.0026327149077528256,0.32838631912008437,5144,-0.2514032755266222
accel,short,6,0.31166732891946725,0.6514423452302834,14018,-0.1871603178607808,0.013058276648563905,0.3316450278213725,4978,-0.23357261667917045
dq_z96,short,6,0.27179216761118963,0.5561604203198813,13961,-0.18733069823840504,0.01288789627093967,0.3265525392163885,5301,-0.1922185330692034
rpt_z,long,2,-0.8793857268791939,-0.6029544847277344,13962,-0.18735678918605195,-0.002838836284784707,0.3268156424581006,5369,-0.3109649502359834
since_lo24,long,7,20.0,22.0,11693,-0.18741858640529405,-0.002900633504026806,0.3332763191653126,4113,-0.27317297997499607
pos24,short,0,-inf,0.1652874404665278,14019,-0.1874224038407071,0.012796190668637603,0.3239175404807761,7011,-0.22546776324912537
rv_vs_range,long,3,0.5612779238662922,0.6042591029243041,14019,-0.18753788517286463,-0.0030199322715973864,0.3276981239746059,4886,-0.2807695135319605
tbi_ma8,long,6,0.003117228057850253,0.00902981961564112,14015,-0.18759494596741552,-0.0030769930661482814,0.32236889047449163,3791,-0.2661002903642184
dq_cum24,short,5,-0.1128469930824091,0.04071258435312962,14006,-0.18763535033574266,0.012583244173602043,0.32557475367699557,3805,-0.1888909690493923
disp6,short,1,-1.6728822782232264,-1.055904305542547,14020,-0.18769626376084747,0.012522330748497235,0.32788873038516403,5268,-0.18869009809548706
ats_rank480,short,6,0.6041666666666666,0.7083333333333334,13844,-0.1877056740166104,0.012512920492734309,0.3260618318405085,5243,-0.21198203077435684
dn_wick,short,6,0.3109756097562032,0.3834042553191841,14019,-0.1877863143993162,0.012432280110028504,0.32727013339039873,4794,-0.22664867290942728
vol_per_trade_z,short,6,0.18586389683941895,0.4909886798579146,13962,-0.18779688524237229,0.01242170926697242,0.3263142816215442,5143,-0.1928710900782541
vol_per_trade_z,short,3,-0.6061315109535771,-0.3421527275170177,13961,-0.18779899501479336,0.012419599494551348,0.33127999426975147,5760,-0.22253759066639095
avg_trade_usd,long,9,5173.065133212862,inf,14019,-0.1878295397771871,-0.0033115868759198697,0.31578571938084027,11447,-0.2604021849605276
since_lo24,short,4,11.0,15.0,16756,-0.18786334928251425,0.012355245226830458,0.3293148722845548,6070,-0.19766548273057025
absorb_z,short,1,-0.4313496079605395,-0.20420256119989233,12948,-0.18789306365455255,0.012325530854792155,0.327386468952734,4515,-0.20627408134709033
since_hi96,long,7,77.0,87.0,14471,-0.1879453719047177,-0.0034274190034504493,0.3322507083131781,5255,-0.24821743587518824
since_hi480,long,9,466.0,inf,14183,-0.18812919256292432,-0.0036112396616570785,0.32701121060424454,5949,-0.3501240107239595
to_lo24,long,0,-inf,0.7891009080286462,14019,-0.18814826145701632,-0.0036303085557490844,0.333689992153506,6877,-0.2729237747243377
persist96,long,1,0.015586624939182238,0.031088717016453347,14011,-0.1881603766136998,-0.003642423712432563,0.34265933909071444,4904,-0.23416425251667192
since_lo24,long,9,24.0,inf,19225,-0.18824891860921503,-0.0037309657079477865,0.3306111833550065,6825,-0.2640656433589375
kyle_z,short,6,0.12290796534581916,0.4114832484969713,13962,-0.18826804607594053,0.011950548433404179,0.32445208422862054,5000,-0.19410398986242297
tbi_z24,short,6,0.2794421585166979,0.5724688385302443,14005,-0.1883076450285365,0.011910949480808203,0.3270974651910032,5218,-0.20444936068621247
to_hi480,short,2,4.7863697247445725,6.733492815167451,13972,-0.18833817462534752,0.011880419883997184,0.32078442599484686,4563,-0.23444192408641476
tbi_z24,short,2,-0.8992674463654032,-0.580165393077178,14005,-0.18836657060852519,0.01185202390081952,0.3299535880042842,5035,-0.2281090756220035
tbi_ma24,short,5,-0.0023919389579212156,0.0008071403958293133,14006,-0.18836877935152585,0.011849815157818855,0.3254319577324004,3806,-0.18784906609225355
tbi_ma96,short,2,-0.008730158423124043,-0.006364263145032647,13962,-0.18837345364360222,0.011845140865742482,0.32903595473427877,4447,-0.11574716991092118
tbi_z96,long,7,0.5562947845343937,0.881485753590979,13962,-0.18837348000020032,-0.0038555270989330814,0.3276034952012606,5055,-0.2650632642580545
kyle_z,long,5,-0.12963924882545783,0.12278626876450897,13962,-0.1884729043881292,-0.003954951486861952,0.32674401948144965,4890,-0.2866656574974234
tbi_ma8,long,4,-0.007955299614712094,-0.0024145564020344526,14014,-0.18850183117423389,-0.0039838782729666455,0.32139289282146427,3670,-0.20689604207867693
extreme_late,short,1,0.21428571428571427,0.42857142857142855,16777,-0.18854974214465012,0.011668852364694587,0.3269952911724385,6041,-0.22957841106307564
kyle_z,long,3,-0.6030469236783595,-0.36285702209289666,13962,-0.18855345570692572,-0.004035502805658481,0.33096977510385334,4857,-0.27516349571251864
sess_eu,short,0,-inf,1.0,93486,-0.18862107910179177,0.011597515407552939,0.32394155274586567,34362,-0.19662047898524204
since_lo480,long,4,214.0,283.0,13991,-0.18868591163916887,-0.004167958737901628,0.332999785576442,5424,-0.27393084505779847
persist96,long,4,0.06594242643594313,0.08615164727302325,14010,-0.18868740981722873,-0.004169456915961489,0.3316202712348323,5265,-0.2510429759663932
since_lo96,long,3,30.0,43.0,13777,-0.18871613711538038,-0.004198184214113138,0.33519634172896856,4984,-0.27450023588600136
rpt_z,short,2,-0.8793782017837968,-0.6028799109593327,13962,-0.1887195660020362,0.011499028507308495,0.3276034952012606,5371,-0.19209948094640522
absorb_z,short,2,-0.20420256119989233,-0.11126036897126378,12948,-0.18872727123867508,0.011491323270669623,0.3259190608588199,5699,-0.24382297417298976
trade_intensity,long,4,0.668247625701113,0.7659952307727449,14011,-0.18877072895591318,-0.00425277605464594,0.3294554278780958,4575,-0.2877413822870178
since_lo24,short,6,18.0,20.0,10078,-0.18891612209053005,0.011302472418814657,0.32982734669577296,3514,-0.21970242505418905
since_lo24,long,8,22.0,24.0,15672,-0.18894447016278498,-0.004426517261517743,0.3313552833078101,5496,-0.28464400122004946
efficiency,long,8,0.3963239700766458,0.4970512803862003,14019,-0.18896716229295668,-0.00444920939168944,0.3286254369070547,5469,-0.2694184237282191
tbi_z8,long,3,-0.6113568461906197,-0.30961911888204263,14015,-0.18897520071992613,-0.004457247818658888,0.32921869425615413,4905,-0.2728344639496088
dq_z96,long,7,0.5565056888995146,0.8815574697700089,13962,-0.18898046631973334,-0.004462513418466096,0.32746024924795875,5053,-0.26397986477829166
ats_rank480,long,2,0.18958333333333333,0.29375,13812,-0.18909092105576558,-0.004572968154498341,0.33174051549377354,5293,-0.31956275532495126
lo_pos,long,1,0.0,0.14285714285714285,39178,-0.18911950875360473,-0.0046015558523374855,0.328270968400633,14258,-0.275528057199065
flow_div,short,2,1.0,inf,26817,-0.18914444098443042,0.011074153524914282,0.32803818473356455,11857,-0.20041706850414603
vol_per_trade_z,long,4,-0.3421319372298246,-0.08141174347881851,13961,-0.1891946483959031,-0.0046766954946358685,0.3305637132010601,5521,-0.2450180055456964
range_per_trade,long,3,9.236078114363094e-08,1.0324222136323413e-07,14019,-0.1891970528447704,-0.004679099943503157,0.3320493615807119,6340,-0.23052670360074035
efficiency,short,5,0.2194470887518462,0.2696454101404108,14020,-0.18927081487630804,0.01094777963303667,0.3265335235378031,4949,-0.1957781475180446
flow_eff,short,5,0.020494509293147868,0.03054961357223467,14019,-0.1893150455865221,0.010903548922822609,0.32584349810970825,4994,-0.18693065043364854
to_hi480,long,6,13.042269610738552,15.772559633911433,13972,-0.18931697485208654,-0.004799021950819299,0.3241482965931864,5187,-0.2252699483122597
dq_z96,short,1,-1.298940213156318,-0.881887903819737,13962,-0.18934276042890677,0.010875834080437935,0.329608938547486,4968,-0.20479127408532308
tbi_z96,short,1,-1.2986839117391644,-0.8816635647242188,13962,-0.18941613200361807,0.01080246250572664,0.329608938547486,4964,-0.2056853373459852
since_hi24,long,3,7.0,11.0,17329,-0.18950100746891066,-0.004983054567643419,0.33019793409890935,6103,-0.26801690230877756
persist6,short,6,0.426170111537721,0.5153395514622312,14020,-0.18958304727385328,0.010635547235491427,0.3267475035663338,5012,-0.21847792449928238
efficiency,short,0,-inf,0.0446807092376088,14019,-0.18964805041451607,0.010570544094828632,0.3279121192667095,5018,-0.21778877356146445
tbi_ma8,short,7,0.009023832664842336,0.016112427773024407,14015,-0.18965532958521458,0.010563264924130122,0.3242953977880842,3988,-0.17652545276262707
body_frac,long,6,0.1995052190707581,0.3677037312878359,14019,-0.1897332909306754,-0.005215338029408156,0.3276267922105714,4843,-0.2952917353535545
range_per_trade,short,6,1.2728348739474852e-07,1.428142921414599e-07,14020,-0.18976873834372998,0.010449856165614724,0.3248216833095578,3739,-0.2797521577744165
lo_pos,short,2,0.14285714285714285,0.2857142857142857,16688,-0.1898387988289858,0.010379795680358905,0.3268815915627996,6209,-0.1705262781290569
since_lo24,short,2,5.0,8.0,13317,-0.18986082487701983,0.010357769632324876,0.32657505444169105,4956,-0.2153993763630702
ats_rank480,long,4,0.3958333333333333,0.5,13838,-0.19003313890879522,-0.0055151860075279835,0.32923832923832924,5345,-0.27686335383509186
absorb_z,short,5,0.025583131228390794,0.08954799925785696,12948,-0.19003345160504587,0.010185142904298838,0.3236793327154773,4886,-0.21726119664800092
hi_pos,short,5,0.5714285714285714,0.7142857142857143,11986,-0.19006310070749136,0.01015549380185335,0.32854997497079924,4634,-0.19319717968962183
range_z,long,1,-0.9189144138834843,-0.7297353337669116,13962,-0.19007754228675758,-0.005559589385490338,0.3410686148116316,5441,-0.31203224937530705
wick_skew,long,9,0.43851628901229917,inf,14019,-0.1901412023292391,-0.005623249427971849,0.3352592909622655,5130,-0.279350993569357
disp24,long,4,-0.580528344422213,0.059322132893119675,14018,-0.19014377653252346,-0.005625823631256216,0.3352832073048937,4528,-0.25265498812539805
disp24,short,5,0.05879706783889478,0.7109396874391137,14018,-0.19015985741125832,0.010058737098086384,0.33535454415751176,4662,-0.25181666470874575
lo_pos,long,4,0.35714285714285715,0.5714285714285714,19623,-0.1902424739547338,-0.005724521053466547,0.32711613922437954,7386,-0.27209315474740703
disp96,short,4,-1.28823802496529,0.20560704694723592,14011,-0.19035012945972352,0.009868465049621189,0.3352365998144315,4691,-0.2966785743262949
kyle_z,long,2,-0.8662043901141498,-0.6030469236783595,13962,-0.19038807306856473,-0.005870120167297488,0.33297521845007877,5070,-0.32314047409223823
ats_z96,long,6,0.1868481290186876,0.48950923117675577,13962,-0.1904282366796754,-0.00591028377840816,0.3270305113880533,5032,-0.2777088814411608
tbi_z8,long,7,0.6124612062416134,0.9384740616527038,14014,-0.1904738691249587,-0.00595591622369146,0.32802911374339944,5091,-0.3068126135860396
flow_eff,long,4,0.013082945163704182,0.020495003870539343,14018,-0.19060481176846597,-0.00608685886719873,0.3343558282208589,5821,-0.2646544300199558
persist6,long,3,0.20181717553079814,0.27194123173685275,14019,-0.19067640647598105,-0.0061584535747138125,0.3289820957272273,5118,-0.273525080028874
body_frac,long,8,0.5255681818181782,0.6956588731828498,14019,-0.19070960705299966,-0.006191654151732423,0.3274841286825023,5165,-0.3026761944282201
range_rank,long,3,0.28541666666666665,0.39166666666666666,13837,-0.19086378307722215,-0.006345830175954914,0.3322974633229746,5033,-0.3387899022932765
hi_pos,short,3,0.21428571428571427,0.35714285714285715,14373,-0.19096333384307368,0.009255260666271026,0.3259583942113685,5285,-0.2474249279125395
close_loc,short,6,0.6172839506172811,0.7213114754098361,14019,-0.19098333026778722,0.00923526424155749,0.32534417576146657,4940,-0.20513287266779986
range_per_trade,long,6,1.2728848374656137e-07,1.428173757569029e-07,14019,-0.1910163274757428,-0.006498374574475552,0.32570083458163923,3738,-0.3040551200107535
to_hi24,short,4,1.786316005943344,2.155771695186913,14018,-0.191128452840177,0.009090141669167717,0.33171636467399057,4627,-0.24309973699565837
ats_z96,long,2,-0.8951397982965755,-0.6087036026452666,13962,-0.19124071638341156,-0.006722763482144317,0.33039679129064603,5849,-0.28183886106936273
rv_vs_range,long,2,0.5158538491267392,0.5612779238662922,14019,-0.19131861266248273,-0.006800659761215494,0.32491618517725945,4732,-0.2317863610649243
ats_z96,long,1,-1.2675087382588484,-0.8951397982965755,13962,-0.19136251175243169,-0.006844558851164445,0.33046841426729695,5529,-0.26709610774693804
rpt_rank,long,5,0.4979166666666667,0.6,13884,-0.19137610939779884,-0.006858156496531598,0.32793143186401613,5165,-0.2656533098294529
close_loc,short,2,0.19555675602673442,0.294710327455997,14020,-0.19148240059167806,0.00873619391766664,0.32574893009985734,5006,-0.20779380001251077
range_per_trade,long,4,1.0324222136323413e-07,1.1457726343988496e-07,14018,-0.19157550014096278,-0.0070575472396955385,0.33021829076901127,5491,-0.2652257725053318
kyle_z,long,4,-0.36285702209289666,-0.12963924882545783,13961,-0.19159099748847622,-0.0070730445872089764,0.32812835756750947,4851,-0.26178156056287843
vol_per_trade_z,short,5,-0.08143789719721659,0.18586389683941895,13963,-0.19169029460995202,0.008528299899392688,0.3270070901668696,5263,-0.19954630372293156
vol_of_vol,long,3,-0.6335710298852597,-0.4638083874736776,13970,-0.1916962203348979,-0.007178267433630647,0.33285612025769507,4549,-0.2694794405303496
disp6,long,3,-0.6425981028870825,-0.2951610747205476,14020,-0.19177212070309388,-0.007254167801826639,0.3303851640513552,4779,-0.24299279000248003
extreme_late,long,6,0.8571428571428571,0.9285714285714286,13179,-0.19178445054109378,-0.007266497639826536,0.32695955687077927,5029,-0.25599405348437915
extreme_late,short,6,0.8571428571428571,0.9285714285714286,13181,-0.19183912893540245,0.008379465573942257,0.3273651468022153,5024,-0.2235716159457704
since_hi480,long,3,121.0,185.0,13924,-0.19190388224304902,-0.007385929341781783,0.3376185004309107,5063,-0.29575619380149676
rpt_z,short,5,-0.09728395127387442,0.1738707026794248,13963,-0.19197385661760233,0.008244737891742376,0.3271503258612046,5301,-0.2264556445237865
since_hi480,long,8,431.0,466.0,13833,-0.19206816137164473,-0.00755020847037749,0.33420082411624374,5244,-0.2587223065391246
body_frac,short,8,0.5254592330003212,0.6955952235896167,14019,-0.19209629878458448,0.008122295724760226,0.32705613809829515,5162,-0.1786905034082734
range_rank,long,4,0.39166666666666666,0.49583333333333335,13515,-0.1923335923717308,-0.00781563947046357,0.32793192748797634,5050,-0.25758914596916704
to_hi24,long,0,-inf,0.6858023297257255,14019,-0.19237027578642785,-0.007852322885160606,0.3271274698623297,6271,-0.3099858242320613
range_z,long,0,-inf,-0.9189144138834843,13962,-0.1923801518490155,-0.007862198947748256,0.3412118607649334,6074,-0.3138374625656702
disp6,short,7,0.6823073830233276,1.0896905952108842,14020,-0.19239009363061418,0.007828500878730521,0.32952924393723254,4940,-0.25997074418328747
rpt_rank,long,9,0.9041666666666667,inf,13864,-0.1924025487668778,-0.00788459586561055,0.3290536641661858,5249,-0.3051911583343557
tbi_z24,short,4,-0.29182905214826393,-0.0038997538895446902,14005,-0.192413150091276,0.007805444418068713,0.3261692252766869,5231,-0.2140516431797054
up_wick,short,5,0.2335456475583846,0.2965964343597903,14021,-0.19250945816255813,0.007709136346786577,0.32244490407246273,4867,-0.2153903507333257
tbi_z24,short,8,0.8993297362103616,1.319967109313569,14005,-0.19252032143300582,0.007698273076338885,0.32816851124598356,5091,-0.20252716382297192
to_lo24,short,7,3.2728921386777707,3.9074999087747786,14018,-0.19253924990092994,0.007679344608414768,0.3277928377799971,5105,-0.23895106058515436
persist24,long,5,0.15943082807569178,0.19951877351974961,14019,-0.19259419104457376,-0.008076238143306519,0.3303373992438833,5095,-0.2920276027165985
absorb_z,short,3,-0.11126036897126378,-0.04710559933814891,12949,-0.19262319376943926,0.007595400739905445,0.32326820603907636,5680,-0.20582624518903042
to_hi96,short,1,1.4199703247671187,2.2608294657360517,14011,-0.19280004130143416,0.007418553207910544,0.3195346513453715,5235,-0.2676992094460596
hour,short,1,2.0,4.0,11687,-0.19285493110960783,0.007363663399736875,0.3272867288440147,4295,-0.19261902496526848
up_wick,short,6,0.2965964343597903,0.3686274509804494,14019,-0.19298380850789773,0.0072347860014469745,0.3228475640202582,5063,-0.21413219118901677
tbi,long,2,-0.06255216128194917,-0.040267695503067136,14019,-0.19299313731537798,-0.008475184414110742,0.32120693344746415,4348,-0.2584677127114505
efficiency,short,1,0.0446807092376088,0.0871528276725074,14019,-0.19303353170507856,0.007185062804266146,0.32620015692988086,4867,-0.2279148746884079
dow,short,1,1.0,2.0,20057,-0.19316127630958924,0.007057318199755469,0.318791444383507,7294,-0.10773752101682275
dn_wick,short,8,0.4696969696969989,0.5902439024391308,14020,-0.19322589027445197,0.006992704234892733,0.32717546362339517,4706,-0.19111946578037037
since_hi96,short,2,16.0,27.0,13594,-0.19326694696785407,0.006951647541490635,0.323819332058261,4801,-0.22235897609785543
updn_ratio,long,1,0.3333333333333333,0.4,13457,-0.19331088861135318,-0.008792935710085936,0.33060860518689156,4923,-0.24190046868171328
ats_z96,short,5,-0.08412653477473842,0.18687886929386485,13962,-0.19331778047524947,0.006900814034095232,0.32624265864489327,5282,-0.1972654398141533
hour,long,2,4.0,7.0,17530,-0.19332331374426534,-0.0088053608429981,0.33673702224757557,6444,-0.24751348082256178
dq_z96,short,7,0.5561604203198813,0.8813411485238716,13962,-0.19341067403488982,0.006807920474454887,0.32574129780833694,5056,-0.21517554237868025
rpt_rank,short,2,0.19583333333333333,0.29583333333333334,13596,-0.19344046706266216,0.006778127446682547,0.3244336569579288,5101,-0.20782084239712895
tbi_ma8,short,5,-0.0024199947373814285,0.003110679505790625,14015,-0.19357521490274085,0.006643379606603855,0.320442383160899,3755,-0.15437991495765505
tbi_z8,short,7,0.6122309875490345,0.9384099745529043,14015,-0.19361057192856446,0.006608022580780248,0.32772029967891547,5092,-0.18193486468581893
persist6,long,2,0.13217053797303582,0.20181717553079814,14020,-0.19369813199625543,-0.009180179094988195,0.32931526390870186,5212,-0.2401128146872707
tbi_ma8,long,2,-0.02111309033129331,-0.013898186214516729,14014,-0.19372731068911328,-0.00920935778784604,0.3238190381047524,4325,-0.23004761835169205
extreme_late,short,4,0.6428571428571429,0.7857142857142857,19236,-0.1937623977551822,0.006456196754162508,0.3272509877313371,7221,-0.22982044236528235
close_loc,short,7,0.7213114754098361,0.8192307692307879,14019,-0.1937740832615593,0.006444511247785417,0.3230615593123618,4964,-0.18772980546630783
trade_intensity,short,6,0.8871722226332629,1.0509101329976398,14012,-0.1938415731305121,0.006377021378832615,0.32272337996003425,4714,-0.2216196278713015
m1_jump,long,8,0.45166861770082783,0.5678738592700728,14020,-0.19385414237295148,-0.009336189471684242,0.33216833095577747,5968,-0.25942749247627356
hi_pos,short,7,0.8571428571428571,1.0,16256,-0.19395192224881297,0.006266672260531736,0.3265255905511811,6081,-0.193838083186507
vol_per_trade_z,long,2,-0.8949185770239705,-0.6062218887021069,13962,-0.19404265357563824,-0.009524700674371,0.3300386764073915,5856,-0.289288271182223
absorb,short,2,-0.17669869255654866,-0.10685039439473062,14007,-0.19404608846349736,0.006172506045847348,0.3250517598343685,4975,-0.2335835190779335
persist24,short,2,0.058383389883320654,0.08963992554191193,14018,-0.19411842660728149,0.006100167902063219,0.33257240690540735,4964,-0.2167328089963056
since_lo480,long,5,283.0,345.0,13901,-0.19415824789082886,-0.00964029498956162,0.3312711315732681,5135,-0.3611821888913986
tbi_z96,short,7,0.555992350160493,0.8812483586532203,13961,-0.19416039051650244,0.006058203992842265,0.3254781176133515,5058,-0.21559664890780564
rpt_z,long,9,1.3772015585763804,inf,13962,-0.19425317150363902,-0.009735218602371781,0.3258129207849878,5185,-0.28468211815331335
rpt_z,short,4,-0.350823805001003,-0.09728395127387442,13962,-0.19431482759239352,0.005903766916951186,0.32645752757484603,5238,-0.2237127645126133
dq,long,2,-0.12504534813711152,-0.08043211712805001,14019,-0.19446835040750954,-0.009950397506242298,0.32077894286325703,4354,-0.2583722550204736
flow_div,long,2,1.0,inf,26816,-0.19452036137884687,-0.010002408477579633,0.32562649164677804,11857,-0.2982809090086921
ats_z96,short,3,-0.6086790826125398,-0.34271656966072284,13961,-0.19471272536145026,0.005505869147894443,0.3291311510636774,5795,-0.21438215706408972
m1_jump,short,3,0.2536085514266313,0.2812692356309507,14020,-0.19476088302531763,0.005457711484027072,0.3241084165477889,4764,-0.20143310790916238
tbi_ma96,short,3,-0.006364263145032647,-0.00439890913423428,13962,-0.19485548479970682,0.005363109709637881,0.3263859045981951,4226,-0.1874000749053464
since_lo480,short,2,82.0,145.0,13975,-0.19486838574222964,0.005350208767115061,0.32779964221824687,5006,-0.2297004808673071
tbi_z8,long,2,-0.9351645280258382,-0.6113568461906197,14014,-0.1948691443715234,-0.01035119147025615,0.32603111174539745,4965,-0.26793522894213734
disp24,long,5,0.059322132893119675,0.7114884230228797,14019,-0.19489791003197002,-0.010379957130702777,0.3334046650973679,4658,-0.22737357603758426
since_lo96,long,6,69.0,80.0,14255,-0.19508101012373824,-0.010563057222471,0.3370045598035777,5004,-0.29203484053595946
since_hi480,short,8,431.0,466.0,13835,-0.19509986297237286,0.005118731536971843,0.3304662088904951,5243,-0.12853305032385173
to_hi96,short,9,9.994725476491205,inf,14012,-0.1952648232282892,0.004953771281055508,0.33421353125892095,6390,-0.18590171852788206
pos24,short,6,0.60927314039896,0.6929532622285987,14018,-0.19527473784391167,0.0049438566654330385,0.32857754315879584,4748,-0.240409044841548
tbi_ma96,long,7,0.0012960843409774107,0.003766597165597752,13962,-0.19532128303498733,-0.01080333013372009,0.32724538031800604,4677,-0.27102316566885504
hi_pos,long,8,1.0,inf,15734,-0.1953607101325584,-0.010842757231291161,0.323376128130164,5250,-0.30463604499615976
since_hi24,long,5,14.0,17.0,13133,-0.1954178388377732,-0.010899885936505954,0.3289423589431204,4699,-0.2754118051503365
since_hi24,short,4,11.0,14.0,12692,-0.19542743431432072,0.004791160195023986,0.32863220926567915,4549,-0.21403588730086853
disp6,long,2,-1.055616590869484,-0.6425981028870825,14020,-0.19545226503861304,-0.010934312137345803,0.33009985734664765,4991,-0.2634268709700062
persist6,long,1,0.06565966838546315,0.13217053797303582,14020,-0.1954606887560523,-0.010942735854785057,0.3281027104136947,4923,-0.2904207250723457
persist6,short,7,0.5153395514622312,0.6224565655382928,14020,-0.19553777706139316,0.004680817447951541,0.3229671897289586,5121,-0.1989019305771739
vol_per_trade_z,long,1,-1.2704430010330223,-0.8949185770239705,13962,-0.19573781079916663,-0.011219857897899393,0.33054003724394787,5616,-0.26301224343306295
to_lo24,long,8,3.9077646411033653,4.90414682235282,14018,-0.1957445806192015,-0.011226627717934257,0.3247966899700385,5445,-0.2530849559672091
persist96,short,9,0.22592883561059307,inf,14011,-0.19576538996655973,0.004453204542784972,0.304831917778888,4470,-0.07239915529174477
efficiency,short,8,0.39631283996925226,0.49708360219796804,14019,-0.19580841708573737,0.004410177423607331,0.32612882516584635,5466,-0.181430026904125
dow,short,2,2.0,3.0,19954,-0.19583617389693936,0.004382420612405347,0.3183321639771474,7386,-0.26132246631591205
since_lo24,long,1,2.0,5.0,16712,-0.1958546651908809,-0.011336712289613665,0.32120631881282913,6422,-0.28047382716010993
vol_of_vol,long,6,-0.05954608022461008,0.22844204468970683,13970,-0.19586744328664227,-0.011349490385375027,0.31968503937007875,5139,-0.3159851165504841
body_frac,short,5,0.002997560125481351,0.1992385786801686,14020,-0.1958753908794762,0.004343203629868508,0.32339514978601996,4745,-0.2101014283235744
sess_asia,short,0,-inf,1.0,93458,-0.1959048662716128,0.004313728237731906,0.3238246057052366,34351,-0.2121816544866482
tbi,short,1,-0.09366256483558477,-0.0625718548905016,14019,-0.19602665934953936,0.004191935159805343,0.32648548398601895,5141,-0.2139992535299067
m1_jump,short,6,0.345656201089053,0.3888856014578788,14021,-0.1960544455364378,0.0041641489729069,0.327437415305613,5443,-0.2440001445403462
m1_jump,short,0,-inf,0.19187982829283945,14021,-0.19610836963520645,0.0041102248741382574,0.3218743313601027,4176,-0.20211423184713595
minofday,short,5,705.0,855.0,14583,-0.19617228356287827,0.00404631094646643,0.3320990194061579,5358,-0.23875498343204277
dq_z96,long,4,-0.27957646607960907,-0.00153879034606697,13961,-0.1962167456522455,-0.011698792750978265,0.3218250841630256,5373,-0.2499369579650674
avg_trade_usd,long,3,3031.946869397052,3335.697309998764,14019,-0.19623626334322536,-0.011718310441958119,0.32926742278336546,3847,-0.2818340781719696
disp96,long,4,-1.287714306460211,0.2064013453885959,14010,-0.19626359031226007,-0.011745637410992826,0.3321912919343326,4692,-0.18423908650433407
disp24,short,6,0.7109396874391137,1.4366574112346067,14018,-0.1963156295691201,0.0039029649402246014,0.33235839634755315,4731,-0.22998157311148784
tbi_ma8,long,3,-0.013898186214516729,-0.007955299614712094,14015,-0.19640041413799542,-0.011882461236728176,0.3199429183018195,3877,-0.2287593104670045
since_hi24,long,2,4.0,7.0,14629,-0.19640696370118962,-0.011889010799922384,0.3260646660742361,5287,-0.24601474839902882
range_per_trade,long,5,1.1457726343988496e-07,1.2728848374656137e-07,14019,-0.19644403043094383,-0.011926077529676588,0.3259861616377773,4613,-0.27319091433757126
kyle_z,short,4,-0.36283076070115966,-0.12944907678966924,13962,-0.19645560650929805,0.003762988000046652,0.3248101991118751,4854,-0.21766294377984358
efficiency,long,9,0.4970512803862003,inf,14019,-0.1964623028756827,-0.011944349974415458,0.3333333333333333,6109,-0.2646508904280114
rpt_z,short,3,-0.6028799109593327,-0.350823805001003,13962,-0.19653087852365028,0.003687715985694423,0.325669674831686,5403,-0.22075206539503417
tbi_z24,long,8,0.8994809678337548,1.3200300464119927,14005,-0.1965655207597298,-0.01204756785846256,0.3276686897536594,5087,-0.29328431320205484
efficiency,short,4,0.17337517125215213,0.2194470887518462,14019,-0.1965813009848807,0.0036372935244640137,0.32463085812112136,5027,-0.19299152386619467
rpt_rank,long,4,0.39791666666666664,0.4979166666666667,13730,-0.19659840816893095,-0.012080455267663714,0.32607428987618353,5075,-0.22671009980152
absorb_z,short,7,0.1419609234571625,0.23272231941194638,12948,-0.19661810433185395,0.003600490177490756,0.3229842446709917,4602,-0.23438754198219344
dq,short,1,-0.1872282455270797,-0.12506711950875404,14019,-0.19668639954083156,0.003532194968513147,0.3262714886939154,5142,-0.21420126511883691
dn_wick,long,8,0.46967684359776585,0.5902089718584498,14019,-0.19673496005708446,-0.012217007155817222,0.32120693344746415,4708,-0.278614810429603
persist6,short,1,0.06565993063300016,0.13216711254690242,14020,-0.19677743312582474,0.003441161383519964,0.3282453637660485,4922,-0.20084480326106413
range_rank,short,4,0.39166666666666666,0.49583333333333335,13517,-0.19678571379137402,0.003432880717970682,0.3260338832581194,5052,-0.1947626087806192
ats_z96,long,4,-0.3426940859582335,-0.08410257928602334,13961,-0.1968194461517078,-0.012301493250440554,0.327340448391949,5520,-0.23960093697662993
tbi_z96,long,4,-0.2796550127826365,-0.001775202511246164,13961,-0.19683951360076948,-0.012321560699502243,0.3216101998424182,5376,-0.2503246878038493
tbi_z24,short,1,-1.3075537318585704,-0.8992674463654032,14005,-0.19684633960071662,0.0033722549086280806,0.32602641913602287,4986,-0.20726610961989855
rpt_rank,short,3,0.29583333333333334,0.39791666666666664,13785,-0.1968487652017229,0.0033698293076218078,0.32520856002901705,5215,-0.2137653608463983
to_lo24,short,3,1.6005130967085188,1.9685711748553205,14018,-0.19685772030066073,0.0033608742086839727,0.3286488800114139,4564,-0.21341737882999612
pos96,long,0,-inf,0.1704309710527568,14011,-0.1968653099758651,-0.012347357074597859,0.31075583470130613,7301,-0.2591949059644773
body_frac,short,1,-0.6839826839825879,-0.5182558590503736,14019,-0.19693785525903326,0.003280739250311443,0.3237035451886725,5137,-0.21986164545071452
trade_intensity,long,2,0.5049627540121552,0.5854979095300124,14011,-0.19695844610131982,-0.012440493200052583,0.3313824851902077,4689,-0.27397122997372403
pos24,long,7,0.693032502865761,0.775763640822622,14018,-0.19702707543108103,-0.012509122529813788,0.32836353260094164,4902,-0.2326091886329192
extreme_late,long,5,0.7857142857142857,0.8571428571428571,11116,-0.19714265310875956,-0.012624700207492318,0.32610651313422095,4411,-0.26316908047471055
body_frac,short,0,-inf,-0.6839826839825879,14019,-0.1971455731953469,0.003073021313997809,0.3283401098509166,6406,-0.2116951161600324
rv_vs_range,short,5,0.6466579061285646,0.6924879784998987,14020,-0.19726262886254817,0.002955965646796538,0.3229671897289586,5041,-0.2013626288220955
rv_vs_range,short,4,0.6042530021713174,0.6466579061285646,14019,-0.19736664403118917,0.002851950478155535,0.3229902275483273,4844,-0.20279550046650052
accel,long,3,-0.667404918825364,-0.3296390993124288,14017,-0.1973863785364095,-0.012868425635142261,0.3298137975315688,5096,-0.2538031245905037
minofday,long,2,285.0,420.0,13147,-0.19754960815398961,-0.013031655252722374,0.337035065033848,4833,-0.2641226590206638
persist24,short,0,-inf,0.02881379497889415,14019,-0.19756177259549929,0.0026568219138454197,0.3329766745131607,4798,-0.2355705891294084
avg_trade_usd,short,5,3636.4510622334024,3932.5794845887635,14019,-0.19783932913897745,0.002379265370367256,0.3180683358299451,3674,-0.20524546744492897
rv_vs_range,long,8,0.8116421729493546,0.9127948142447208,14019,-0.19802767112408184,-0.013509718222814604,0.33055139453598686,5817,-0.27911108978054505
tbi_z24,long,2,-0.8990858488510951,-0.5797469430055873,14006,-0.19808579557335573,-0.013567842672088493,0.32628873339997144,5033,-0.25253361003003744
range_z,long,4,-0.4338723815287394,-0.27786589297880016,13961,-0.19812211290679463,-0.013604160005527388,0.3260511424683046,4591,-0.29656883168905757
m1_jump,long,7,0.38887353922353957,0.45166861770082783,14021,-0.19812789705444656,-0.013609944153179315,0.32793666642892805,5754,-0.28128024570332066
m1_jump,short,7,0.3888856014578788,0.45169174579290083,14020,-0.19813704636956375,0.002081548139780953,0.32874465049928675,5756,-0.1855480921941615
tbi_z8,short,9,1.3361875349617276,inf,14015,-0.19815933211079267,0.002059262398552031,0.32479486264716373,5326,-0.19899265255716864
disp24,short,8,2.3129586568366904,3.604875993639412,14018,-0.1981992313942928,0.0020193631150519087,0.32279925809673277,5608,-0.24482273451689976
tbi_z8,short,8,0.9384099745529043,1.3361875349617276,14015,-0.19828971131246684,0.0019288831968778675,0.32550838387442027,5086,-0.24490309638009897
ats_z96,short,2,-0.8950732651806586,-0.6086790826125398,13963,-0.19829660366549648,0.0019219908438482258,0.3286543006517224,5848,-0.2184958141258502
dq,long,1,-0.18721080680325666,-0.12504534813711152,14019,-0.19833293048184344,-0.013814977580576204,0.3284827733789857,5139,-0.27644702314554576
efficiency,short,2,0.0871528276725074,0.1299729993645499,14020,-0.1984771783315562,0.0017414161777885018,0.32453637660485024,5047,-0.20960530588712695
efficiency,long,0,-inf,0.04468486467042282,14019,-0.1985262685891833,-0.01400831568791605,0.3239888722448106,5019,-0.26697578918056863
disp24,short,4,-0.5810898188820608,0.05879706783889478,14018,-0.198558093751926,0.0016605007574186925,0.33257240690540735,4522,-0.2035620337944402
since_hi480,short,1,24.0,66.0,13964,-0.1986750216825841,0.0015435728267605975,0.3222572328845603,4985,-0.2436553052921415
rv_vs_range,long,9,0.9127948142447208,inf,14019,-0.19877542052242067,-0.01425746762115343,0.3382552250517155,6467,-0.30344234270634124
pos24,long,2,0.2604936696718385,0.34840741729672026,14018,-0.19882423460232462,-0.014306281701057383,0.324225995149094,4706,-0.3197346286369344
sess_us,long,0,-inf,1.0,93473,-0.19891148729922423,-0.014393534397956986,0.3299883388786067,34363,-0.2858820007996492
wick_skew,short,6,0.07020512820514029,0.16406829992575078,14019,-0.1989270019622264,0.0012915925471183032,0.32113560168342964,5384,-0.2102162116371876
tbi_ma96,short,7,0.0012944158721293804,0.00376543300779462,13961,-0.19893364888899995,0.0012849456203447573,0.3249050927583984,4674,-0.199438732008156
body_frac,short,7,0.3675478065241858,0.5254592330003212,14018,-0.19895457909929043,0.0012640154100542755,0.32222856327578825,4827,-0.16860293255935005
since_lo24,short,3,8.0,11.0,12585,-0.19902723756806337,0.0011913569412813352,0.32395709177592374,4564,-0.2054641972159685
to_hi96,short,7,6.550611239756408,7.869220537642625,14010,-0.19905024955664846,0.001168344952696243,0.3251249107780157,4972,-0.24013626306571761
wick_skew,long,2,-0.29801382108393193,-0.18567861446834183,14019,-0.19909886530646737,-0.014580912405200125,0.31970896640273916,5024,-0.268057438213145
tbi,long,1,-0.09365622440006306,-0.06255216128194917,14019,-0.19913048025094507,-0.014612527349677829,0.3281974463228476,5141,-0.2767894188551835
persist24,long,4,0.1228834421726055,0.15943082807569178,14018,-0.19929879301209347,-0.014780840110826227,0.32836353260094164,5026,-0.3023052308952797
since_lo24,short,1,2.0,5.0,16714,-0.19933237589998154,0.0008862186093631652,0.3229627856886442,6421,-0.18312414861551773
rpt_z,long,5,-0.0972736302574109,0.17386909141403945,13962,-0.19934969570639458,-0.014831742805127335,0.3250966910184787,5301,-0.2670904252789302
hi_pos,long,7,0.8571428571428571,1.0,16261,-0.199356733577199,-0.014838780675931751,0.3266096796015005,6083,-0.2955189317192418
atr_rank,short,5,0.48125,0.5916666666666667,13977,-0.19936553806826593,0.0008530564410787755,0.3200257566001288,5172,-0.17956945475077848
dn_wick,short,1,0.021122448979588867,0.07530864197530565,14019,-0.1993674456035473,0.0008511489057974053,0.3196376346387046,5494,-0.1656175785550625
since_lo24,long,0,-inf,2.0,10692,-0.19958296796675873,-0.015065015065491488,0.32444818555929666,4734,-0.2710371596113716
rpt_z,long,4,-0.35083958876181487,-0.0972736302574109,13961,-0.1996110040245345,-0.015093051123267254,0.3255497457202206,5238,-0.2439890714116526
extreme_late,short,7,0.9285714285714286,1.0,16465,-0.1996739336786909,0.0005446608306537981,0.32432432432432434,5998,-0.21836228976585104
disp24,long,8,2.313385486991059,3.6053494967583943,14018,-0.19969264084994176,-0.01517468794867452,0.32643743758025395,5609,-0.27194047816945277
disp6,long,0,-inf,-1.6722401930513462,14020,-0.1997316370134973,-0.015213684112230064,0.31847360912981454,6140,-0.26386021046779806
range_per_trade,long,2,8.105094875503471e-08,9.236078114363094e-08,14019,-0.199742920546691,-0.015224967645423748,0.33105071688422855,7604,-0.260020374420983
hi_pos,short,8,1.0,inf,15728,-0.19976228363237286,0.0004563108769718438,0.32616988809766023,5249,-0.17371494147549746
persist6,long,5,0.3451897379511226,0.42619090682076466,14020,-0.19983922549914124,-0.015321272597873997,0.32631954350927245,5299,-0.287206672553823
since_hi480,short,4,185.0,254.0,13967,-0.19993694625956662,0.00028164824977808256,0.3282737882150784,5298,-0.17213355851854126
since_lo96,long,2,18.0,30.0,13741,-0.19995304823870447,-0.015435095337437227,0.3199184921039226,4836,-0.3130055683730281
since_lo480,short,1,31.0,82.0,13930,-0.1999671144911093,0.00025148001823541155,0.3197415649676956,5246,-0.0849753138271975
minofday,short,8,1140.0,1290.0,14607,-0.19996748359497493,0.0002511109143697732,0.3151913466146368,5369,-0.16660058938218647
extreme_late,short,5,0.7857142857142857,0.8571428571428571,11117,-0.20001634209106595,0.00020225241827875884,0.3248178465413331,4411,-0.1904781788776635
efficiency,short,3,0.1299729993645499,0.17337517125215213,14018,-0.20001841531887474,0.0002001791904699679,0.32244257383364244,4904,-0.2294154371635647
range_z,long,3,-0.5776431418009375,-0.4338723815287394,13962,-0.20002773009964947,-0.01550977719838223,0.33054003724394787,4524,-0.302214311086993
tbi_ma96,short,6,-0.0007381904889521628,0.0012944158721293804,13962,-0.20003932225231105,0.00017927225703365246,0.324093969345366,4257,-0.14875419440875065
tbi_z24,long,7,0.5726712290170943,0.8994809678337548,14004,-0.2001044612967883,-0.01558650839552106,0.3245501285347044,5193,-0.2643233620907246
dq_z96,long,1,-1.2987777231241322,-0.8816155529987584,13962,-0.20015056610462653,-0.01563261320335929,0.3253831829250824,4969,-0.27397794202956366
persist24,short,3,0.08963992554191193,0.12288987909707781,14018,-0.20031423029013803,-9.563578079332946e-05,0.32914823797974035,5065,-0.2198886346892338
dn_wick,short,5,0.24645390070919068,0.3109756097562032,14020,-0.2003862550907292,-0.00016766058138448225,0.3223252496433666,4918,-0.21529463169065338
to_lo96,long,0,-inf,1.6458445192567064,14011,-0.2003978646978526,-0.01587991179658535,0.3075440725144529,6709,-0.24749046303197975
tbi_z8,short,4,-0.30983457977223045,-0.004721066738257668,14014,-0.20045292892248695,-0.00023433441314224535,0.32324818039103753,5292,-0.2085243944168684
since_lo96,long,7,80.0,88.0,12731,-0.20067863362581334,-0.0161606807245461,0.3314743539392035,4523,-0.32405417972298034
rpt_z,long,6,0.17386909141403945,0.4702530623947181,13962,-0.20070776242096974,-0.016189809519702503,0.3253115599484315,5136,-0.272243153458411
tbi_z96,long,1,-1.2985522288790108,-0.8813998015383324,13962,-0.20075098525066393,-0.016233032349396687,0.32516831399512963,4973,-0.27441141157979193
disp6,long,4,-0.2951610747205476,0.023145843952773047,14019,-0.20080236348533093,-0.016284410584063685,0.32634282045794993,4770,-0.2888363020887327
tbi_z96,short,3,-0.5654067857226103,-0.28004326144296937,13961,-0.20091814256745302,-0.000699548058108318,0.32218322469737126,5114,-0.20315377610434618
accel,short,7,0.6514423452302834,1.0412165682531493,14018,-0.20093366560190434,-0.0007150710925596382,0.32608075331716363,4938,-0.21927218119228806
rpt_rank,short,5,0.4979166666666667,0.6,13884,-0.20096890695459654,-0.0007503124452518384,0.32404206280610776,5164,-0.17529614763700993
ats_rank480,long,1,0.09166666666666666,0.18958333333333333,13624,-0.20102361996003376,-0.01650566705876652,0.330079271873165,5017,-0.2701237991147909
disp24,long,6,0.7114884230228797,1.4368704882564576,14017,-0.2010862969758863,-0.016568344074619046,0.33074124277662836,4728,-0.23986765801219903
wick_skew,short,3,-0.18571428571433027,-0.09226310576326738,14019,-0.2011463319051026,-0.0009277373957578827,0.32463085812112136,5158,-0.20328158227401583
wick_skew,long,1,-0.456516049309411,-0.29801382108393193,14019,-0.201203017786254,-0.01668506488498675,0.32099293815536056,4827,-0.2860964974547539
to_lo480,long,8,23.149518307535008,29.735116348002087,13973,-0.20124352918698812,-0.016725576285720883,0.33571888642381736,4683,-0.2902638367489552
updn_ratio,short,9,0.6666666666666666,inf,18490,-0.2013267100319191,-0.0011081155225743933,0.32525689561925364,7156,-0.20762785425363386
dn_wick,short,3,0.13036303630359752,0.18674698795173594,14018,-0.20133438742597917,-0.0011157929166344671,0.32194321586531605,5263,-0.19520486746472523
lo_pos,short,1,0.0,0.14285714285714285,39166,-0.2013413674503745,-0.0011227729410298037,0.32390338558954196,14255,-0.21772732028027197
ats_z96,long,5,-0.08410257928602334,0.1868481290186876,13962,-0.20137414924016997,-0.01685619633890273,0.3219452800458387,5285,-0.28772409348971334
disp24,short,7,1.4366574112346067,2.3129586568366904,14018,-0.20138596628192187,-0.0011673717725771693,0.32936224853759455,4908,-0.18240279509736806
persist6,long,0,-inf,0.06565966838546315,14020,-0.20145933834076202,-0.016941385439494777,0.325962910128388,5132,-0.28107748141549566
rpt_rank,short,6,0.6,0.7020833333333333,13577,-0.20150274802973264,-0.0012841535203879373,0.324519407822052,5093,-0.23500030492806925
rpt_rank,short,4,0.39791666666666664,0.4979166666666667,13731,-0.2015041820842308,-0.0012855875748860879,0.323647221615323,5073,-0.22871770967124538
up_wick,short,7,0.3686274509804494,0.45625,14018,-0.20152120348188265,-0.0013026089725379497,0.3208731630760451,4795,-0.20848983064012233
tbi_z96,long,9,1.3092685730322335,inf,13962,-0.20159810956528132,-0.01708015666401408,0.3281048560378169,5118,-0.3084651029193417
dq_z96,long,9,1.3090255936861974,inf,13962,-0.2016307805608346,-0.01711282765956737,0.32817647901446784,5117,-0.3077042256708
tbi_ma96,short,8,0.00376543300779462,0.007108160771714427,13962,-0.20164471750910745,-0.0014261229997627467,0.3255264288783842,4721,-0.25852513902390645
range_rank,short,5,0.49583333333333335,0.6020833333333333,13810,-0.20167795549778528,-0.0014593609884405723,0.31947863866763215,5284,-0.16496157533903624
pos24,long,6,0.6093408023185628,0.693032502865761,14018,-0.20169430499013405,-0.01717635208886681,0.32729347981167073,4749,-0.22398598026262193
m1_jump,long,6,0.34564978633654664,0.38887353922353957,14020,-0.20173010279359793,-0.01721214989233069,0.3238944365192582,5444,-0.2609520912256679
dq_z96,short,3,-0.5654900061289111,-0.2798043632043503,13961,-0.20182540512143657,-0.0016068106120918635,0.3218967122698947,5123,-0.20306940097241225
up_wick,long,3,0.12388961546171354,0.1767661189307376,14019,-0.20192962216791896,-0.01741166926665172,0.3195663028746701,4977,-0.23177613811838726
since_lo480,long,2,82.0,145.0,13975,-0.2020715937989099,-0.017553640897642664,0.32465116279069767,5008,-0.18467273017369673
accel,short,1,-1.5785891369775744,-1.0523629918694282,14018,-0.20220497722940345,-0.0019863827200587436,0.32108717363389927,5088,-0.20561608615446555
body_frac,long,4,-0.19194395409658724,0.003313452617627376,14018,-0.20232106817418366,-0.01780311527291642,0.3206591525181909,4814,-0.2633702562004005
range_per_trade,short,5,1.1457397376050615e-07,1.2728348739474852e-07,14019,-0.20234787539822927,-0.0021292808888845605,0.32534417576146657,4614,-0.21974256158746922
wick_skew,short,5,-0.008518193067087537,0.07020512820514029,14020,-0.20235752849538924,-0.0021389339860445333,0.324037089871612,5594,-0.2593760149271999
close_loc,short,3,0.294710327455997,0.3995943204868361,14018,-0.2023629379482769,-0.002144343438932189,0.3220145527179341,4807,-0.2263378884345565
vol_of_vol,short,6,-0.05958222728788046,0.228390564925245,13971,-0.20254406909584663,-0.0023254745865019244,0.31629804595232985,5141,-0.10004863080471042
since_lo480,short,8,443.0,470.0,13680,-0.20270982198644993,-0.002491227477105229,0.32858187134502925,4618,-0.3254035282579844
to_lo24,short,8,3.9074999087747786,4.9034324038267005,14018,-0.20271372166425822,-0.0024951271549135123,0.3193750891710658,5445,-0.2565896993309405
lo_pos,short,5,0.5714285714285714,0.7142857142857143,12519,-0.20272121927268463,-0.002502624763339928,0.32630401789280294,4471,-0.24968208012920615
flow_div,short,0,-inf,0.0,113252,-0.2027556048480658,-0.002537010338721085,0.3233055486878819,39648,-0.2172003678058379
accel,long,5,-0.006621642986675447,0.31189865695528013,14019,-0.20276685278054074,-0.0182488998792735,0.3271274698623297,4894,-0.2861123439241699
persist6,long,4,0.27194123173685275,0.3451897379511226,14020,-0.20287392545817015,-0.01835597255690291,0.3252496433666191,4975,-0.27056402050005357
extreme_late,short,8,1.0,inf,30589,-0.2029660054909922,-0.002747410981647491,0.32266501029781947,10565,-0.19077303497422937
tbi_z8,long,5,-0.004615759511699151,0.29988958211324834,14015,-0.20312483582983043,-0.01860688292856319,0.32336782019265076,5188,-0.24917003684401032
accel,long,4,-0.3296390993124288,-0.006621642986675447,14018,-0.20314454319830824,-0.018626590297041,0.3285062063061778,5072,-0.2801279663338288
m1_jump,short,2,0.22569550243363973,0.2536085514266313,14021,-0.20318928576977044,-0.002970691260425734,0.31895014620925755,4508,-0.20238154766547295
kyle_z,long,1,-1.1999268722117467,-0.8662043901141498,13962,-0.20336174300765644,-0.018843790106389202,0.3333333333333333,5130,-0.31886087529757645
tbi_z24,short,5,-0.0038997538895446902,0.2794421585166979,14006,-0.2034335617813319,-0.003214967271987196,0.32250464086819935,5311,-0.22064657828849044
up_wick,long,1,0.019422476090346107,0.07094133697136125,14018,-0.20354696268597758,-0.019029009784710338,0.3180196889713226,5385,-0.29029623735063964
kyle_z,long,0,-inf,-1.1999268722117467,13962,-0.20365481435703223,-0.019136861455764986,0.3407821229050279,5505,-0.3158134181656667
extreme_late,long,1,0.21428571428571427,0.42857142857142855,16779,-0.2036795952573203,-0.019161642356053055,0.32308242445914537,6042,-0.25624759693836724
tbi_z8,long,8,0.9384740616527038,1.3361884670801125,14015,-0.20382783562080825,-0.01930988271954101,0.3241526935426329,5086,-0.2544113087591678
vol_of_vol,long,2,-0.8026523129952079,-0.6335710298852597,13970,-0.20386129912138654,-0.019343346220119295,0.335361488904796,4555,-0.2965910236427194
kyle,short,3,2.6481211048672925e-07,2.9483330926236887e-07,14019,-0.203873660638271,-0.0036550661289262987,0.32698480633426064,5147,-0.15497288137880022
since_hi24,short,0,-inf,2.0,11369,-0.20394890730492415,-0.003730312795579449,0.3203447972556953,4614,-0.22062775831941264
since_hi24,long,4,11.0,14.0,12692,-0.20395578408918985,-0.01943783118792261,0.3260321462338481,4549,-0.2776965971933377
lo_pos,short,6,0.7142857142857143,0.8571428571428571,13278,-0.20420014547363835,-0.003981550964293645,0.32474770296731437,5143,-0.21169812289993845
range_rank,long,2,0.18125,0.28541666666666665,13727,-0.2044230260282343,-0.01990507312696707,0.33437750418882495,4855,-0.3337340179530328
body_frac,short,3,-0.3613445378151085,-0.1921322690992044,14019,-0.20447933132897889,-0.004260736819634181,0.3222055781439475,4748,-0.2577673135464061
rpt_z,short,1,-1.230515517528782,-0.8793782017837968,13962,-0.20464478202768752,-0.004426187518342811,0.3215871651625842,5461,-0.18305023606222498
lo_pos,short,8,1.0,inf,15477,-0.20497442704988003,-0.004755832540535326,0.31931252826775214,5529,-0.21026273120984232
m1_jump,long,9,0.5678738592700728,inf,14021,-0.20502434722964627,-0.02050639432837903,0.33150274588117823,5934,-0.27800002493464154
atr_pct,long,4,0.003398926846345571,0.0038756191246624785,14020,-0.20503100906513752,-0.02051305616387028,0.3166191155492154,4894,-0.2584722851342832
persist6,short,4,0.27192349065503374,0.3451442575178503,14020,-0.20506583627983183,-0.004847241770487121,0.3248216833095578,4976,-0.2401545826871281
disp6,short,5,0.02301522598762796,0.3415881806535629,14020,-0.20518289581440907,-0.004964301305064367,0.3261055634807418,4645,-0.2162042084236312
disp24,short,3,-1.288020673796075,-0.5810898188820608,14018,-0.20520157053367016,-0.004982976024325458,0.3271508061064346,4807,-0.22025743203484463
lo_pos,short,4,0.35714285714285715,0.5714285714285714,19625,-0.2052905619325422,-0.005071967423197488,0.3230573248407643,7384,-0.21253424740752477
hour,short,8,19.0,21.0,11687,-0.2053934472504016,-0.00517485274105689,0.3134251732694447,4296,-0.17018078160268077
hi_pos,long,5,0.5714285714285714,0.7142857142857143,11988,-0.20544432972112495,-0.020926376819857706,0.32232232232232233,4634,-0.3356356223885366
absorb_z,long,0,-inf,-0.4312585797104055,12949,-0.20547943863046456,-0.020961485729197316,0.32095142482044947,4501,-0.22410132404909455
to_hi96,short,0,-inf,1.4199703247671187,14011,-0.20548863267962125,-0.0052700381702765475,0.3089715223752766,6025,-0.1748942630317194
disp96,short,5,0.20560704694723592,1.6798680339947414,14011,-0.20551132535761055,-0.005292730848265842,0.331882092641496,4512,-0.26269868838132615
tbi_ma96,long,6,-0.0007373581354727336,0.0012960843409774107,13962,-0.20553825854077004,-0.0210203056395028,0.3228047557656496,4260,-0.3164955293060428
accel,long,6,0.31189865695528013,0.651677772747537,14018,-0.20584697247945286,-0.021329019578185615,0.3240119845912398,4983,-0.29227061982103303
pos24,long,0,-inf,0.16532312952747402,14019,-0.20586333198313622,-0.02134537908186898,0.32184891932377485,7010,-0.27119150299791
updn_ratio,short,8,0.6,0.6666666666666666,21028,-0.2058928691307913,-0.0056742746214465956,0.32033479170629636,7610,-0.17940476252448384
since_hi24,long,9,24.0,inf,18252,-0.2060028116101936,-0.021484858708926358,0.3164036817882972,6944,-0.2901938719524094
tbi_z8,short,1,-1.3276772273040416,-0.9353000096515661,14015,-0.20603124858968405,-0.005812654080339347,0.32286835533357117,5123,-0.21768098474970088
persist96,long,6,0.10973724457402331,0.13718817244615306,14011,-0.2061617728745583,-0.021643819973291067,0.31732210406109485,5610,-0.3287350798908302
kyle_z,short,5,-0.12944907678966924,0.12290796534581916,13963,-0.20627930735503047,-0.006060712845685767,0.3209911910047984,4892,-0.20759998805747087
to_lo24,short,2,1.2197173814501785,1.6005130967085188,14018,-0.20640398505224247,-0.006185390542897767,0.32536738479098304,4919,-0.17418802979218595
kyle_z,short,3,-0.6030444416978635,-0.36283076070115966,13961,-0.2065060176640554,-0.006287423154710703,0.3241171835828379,4857,-0.20703608959575343
vol_per_trade_z,short,2,-0.8949018990003834,-0.6061315109535771,13963,-0.2065655354315166,-0.00634694092217189,0.32643414738952947,5858,-0.21764460230000665
m1_jump,short,1,0.19187982829283945,0.22569550243363973,14020,-0.20657253412355975,-0.006353939614215043,0.3179743223965763,4497,-0.1843427267019294
since_lo480,short,6,345.0,401.0,14050,-0.20671153814381504,-0.006492943634470338,0.32647686832740214,5133,-0.22196291631722925
pos24,short,9,0.8623549167817096,inf,14019,-0.20675672570854736,-0.006538131199202657,0.3167130323132891,6274,-0.1845667171593537
vol_per_trade_z,long,3,-0.6062218887021069,-0.3421319372298246,13962,-0.20692737866713587,-0.02240942576586863,0.32294800171895144,5764,-0.2883464949897999
kyle_z,short,2,-0.8662144555138739,-0.6030444416978635,13963,-0.20696397863394048,-0.006745384124595771,0.3265773830838645,5069,-0.20448810915178442
absorb,long,2,-0.17669461830339742,-0.10684548744136567,14007,-0.20704189788821525,-0.022523944986948014,0.3212679374598415,4977,-0.2561929114351765
lo_pos,short,7,0.8571428571428571,1.0,16193,-0.20705861122605798,-0.006840016716713276,0.32223800407583525,6006,-0.23619734427900305
since_lo480,short,5,283.0,345.0,13898,-0.20716326906792626,-0.006944674558581554,0.32688156569290544,5134,-0.15000911075883835
gap,short,3,0.0,0.00026308423570342695,75864,-0.20720041781441245,-0.006981823305067747,0.3222608879046715,28723,-0.19806227923862238
efficiency,short,6,0.2696454101404108,0.325864790253199,14018,-0.20720096592623724,-0.0069823714168925355,0.32094449992866314,4986,-0.2100638981615436
hi_pos,short,6,0.7142857142857143,0.8571428571428571,13208,-0.2072020322185254,-0.006983437709180695,0.3215475469412477,5103,-0.20712912829826918
pos96,long,6,0.6134706823177937,0.7009038729730825,14011,-0.20739232214107273,-0.022874369239805487,0.3294554278780958,4942,-0.2860665408893752
since_lo24,long,5,15.0,18.0,13443,-0.20748812296578154,-0.022970170064514295,0.3250762478613405,4842,-0.28376983527506544
since_lo480,short,3,145.0,214.0,14032,-0.20750917917441764,-0.00729058466507293,0.32817844925883694,5196,-0.3740318504013719
extreme_late,short,3,0.5714285714285714,0.6428571428571429,7922,-0.20757348222242156,-0.007354887713076852,0.3247917192628124,3063,-0.20382924268094074
persist6,short,5,0.3451442575178503,0.426170111537721,14020,-0.20758053501388055,-0.007361940504535841,0.3219686162624822,5301,-0.2392259433418681
pos480,short,8,0.815278693924369,0.8871101022541493,13973,-0.20759517438942687,-0.007376579880082168,0.31782723824518716,4409,-0.2909205548224763
rpt_rank,long,6,0.6,0.7020833333333333,13574,-0.2076143588175174,-0.023096405916250173,0.3233387358184765,5092,-0.2819150162651071
dq_cum24,long,6,0.04085294885108326,0.20501710839242318,14006,-0.20763128422491964,-0.023113331323652397,0.3185063544195345,3755,-0.251147981366997
close_loc,long,8,0.8192800309789763,0.9146341463413958,14019,-0.20765512903211403,-0.023137176130846787,0.31885298523432487,5141,-0.2742890757680228
absorb_z,short,4,-0.04710559933814891,0.025583131228390794,12948,-0.2076818651804673,-0.007463270671122596,0.31804139635464934,5135,-0.21145482477091354
rpt_z,short,9,1.3771234516923274,inf,13963,-0.20779977112423487,-0.007581176614890162,0.3219938408651436,5185,-0.21802078985914264
tbi_z24,short,3,-0.580165393077178,-0.29182905214826393,14005,-0.20781113830526257,-0.0075925437959178665,0.32074259193145305,5045,-0.20705685340931132
avg_trade_usd,short,3,3031.992103169547,3335.680333044776,14019,-0.20800927602529323,-0.007790681515948528,0.32734146515443324,3847,-0.17310503028560895
hi_pos,short,2,0.14285714285714285,0.21428571428571427,8655,-0.20809412239429464,-0.00787552788494994,0.31877527440785675,3081,-0.23309627936636193
rv_vs_range,long,7,0.7452426862997326,0.8116421729493546,14019,-0.20814153383204295,-0.02362358093077571,0.3228475640202582,5429,-0.27868739100304585
minofday,short,1,135.0,285.0,14608,-0.20832244398108185,-0.008103849471737146,0.3237267250821468,5369,-0.20009950749408728
pos480,long,5,0.5288347990661115,0.6338095238095239,13973,-0.20839710499889985,-0.02387915209763261,0.3265583625563587,5836,-0.3594421865664835
up_wick,short,4,0.17674907943187165,0.2335456475583846,14018,-0.2084340966721403,-0.008215502162795596,0.3182336995291768,4973,-0.19074136218338897
ats_rank480,short,1,0.09166666666666666,0.18958333333333333,13624,-0.2084359749628855,-0.008217380453540785,0.32773047563123897,5017,-0.21953916061508577
rv_vs_range,short,6,0.6924879784998987,0.7452610226467983,14018,-0.20850272640094558,-0.008284131891600877,0.3218005421600799,5289,-0.17965521503855258
to_hi480,short,9,26.539439782904203,inf,13973,-0.20850351491626387,-0.008284920406919166,0.3649180562513419,6009,-0.19417635722812995
avg_trade_usd,short,4,3335.680333044776,3636.4510622334024,14019,-0.2085351660886376,-0.008316571579292886,0.31942363934660106,3755,-0.23156170579467655
lo_pos,long,3,0.2857142857142857,0.35714285714285715,7262,-0.20854318623636336,-0.024025233335096124,0.32043514183420546,2537,-0.31038520821099064
tbi_ma24,long,6,0.0008086940534172325,0.004227312325752216,14004,-0.2086519075999785,-0.02413395469871127,0.31826620965438446,3762,-0.2518404543961736
to_lo24,short,1,0.7889899407161584,1.2197173814501785,14018,-0.20869536048297374,-0.008476765973629036,0.3231559423598231,5161,-0.1636019306345891
tbi_z8,short,6,0.29970214615877516,0.6122309875490345,14015,-0.2087348287302908,-0.008516234220946106,0.320442383160899,5222,-0.17496794611830793
to_hi96,short,6,5.538541935816329,6.550611239756408,14011,-0.20877406672412102,-0.008555472214776316,0.3246020983512954,4488,-0.23313798497614602
m1_jump,short,5,0.31107182511578,0.345656201089053,14020,-0.20878442817585935,-0.008565833666514644,0.32146932952924395,5371,-0.21225843621436566
close_loc,long,0,-inf,0.09578144695295555,14019,-0.20880194581216394,-0.024283992910896696,0.3339753192096441,6257,-0.26974214730970053
disp96,long,5,0.2064013453885959,1.6810750661747498,14011,-0.2088174577979225,-0.02429950489665525,0.33066876025979586,4511,-0.2259220296927943
sess_asia,short,1,1.0,inf,46748,-0.20884254448885076,-0.008623949979506051,0.3251262086078549,17182,-0.21622665137036853
close_loc,short,5,0.5077720207253933,0.6172839506172811,14019,-0.2090333035489989,-0.0088147090396542,0.32056494757115345,4886,-0.1941737945805429
persist24,short,1,0.02881379497889415,0.058383389883320654,14018,-0.20911272942938489,-0.008894134920040181,0.3297189328006848,4942,-0.20764209199553815
dn_wick,long,0,-inf,0.021100668224049653,14019,-0.20920592937960097,-0.024687976478333734,0.3419644767815108,6491,-0.2867414621930061
vol_of_vol,long,4,-0.4638083874736776,-0.2810253203654729,13970,-0.2093199545734489,-0.02480200167218166,0.31932712956335,4347,-0.2402477063874484
range_per_trade,short,4,1.0324034053526939e-07,1.1457397376050615e-07,14019,-0.20932639184523458,-0.009107797335889872,0.3248448534132249,5487,-0.2550408440994349
persist24,long,7,0.2479036459701051,0.3099583680210613,14017,-0.20940913755058846,-0.02489118464932122,0.31911250624241994,5525,-0.27964506406421313
rpt_z,short,7,0.4702523711076439,0.8392532789904783,13962,-0.2094283886831539,-0.009209794173809183,0.32144391920928234,4855,-0.21522431698349082
absorb,long,8,0.1535732691941239,0.2842850676299107,14007,-0.20944468219076576,-0.024926729289498517,0.32769329620903836,5507,-0.29853205440090597
to_lo480,long,4,10.498563590380401,13.047911400431136,13973,-0.20974869980114075,-0.025230746899873507,0.3218349674372003,5486,-0.2570020666869146
to_hi24,short,5,2.155771695186913,2.5594480107215847,14019,-0.20978471995483916,-0.009566125445494456,0.3259861616377773,4616,-0.19159063651068137
since_lo24,long,6,18.0,20.0,10081,-0.20985412317840701,-0.025336170277139775,0.32457097510167643,3515,-0.2813004065885559
tbi_z96,long,2,-0.8813998015383324,-0.5651465951317809,13962,-0.21014482804835688,-0.02562687514708964,0.32244664088239505,4918,-0.24570588569422197
range_rank,short,3,0.28541666666666665,0.39166666666666666,13835,-0.21016527836859136,-0.009946683859246658,0.32526201662450305,5033,-0.21918216273378727
updn_ratio,short,1,0.3333333333333333,0.4,13460,-0.21036814535559767,-0.010149550846252964,0.3238484398216939,4922,-0.23378014211077655
body_frac,short,2,-0.5182558590503736,-0.3613445378151085,14019,-0.21041190809509394,-0.010193313585749236,0.3199229616948427,4765,-0.21646491912692098
dq_z96,long,2,-0.8816155529987584,-0.5652311090993327,13962,-0.21056294364355116,-0.02604499074228392,0.32230339492909327,4923,-0.24641994816710328
absorb,long,9,0.2842850676299107,inf,14007,-0.21057907047980778,-0.026061117578540544,0.3316199043335475,6554,-0.31581736707732494
persist24,long,0,-inf,0.028810721893642546,14018,-0.21059398092241585,-0.026076028021148612,0.32836353260094164,4799,-0.2231308253238004
m1_jump,short,4,0.2812692356309507,0.31107182511578,14021,-0.2107205324419377,-0.010501937932592992,0.3203052564011126,5123,-0.184368057117469
absorb,long,0,-inf,-0.329658162117052,14007,-0.21079124391649282,-0.026273291015225575,0.32912115370885986,6411,-0.27692756303812927
range_z,short,3,-0.5776421042785597,-0.43384104358696696,13961,-0.21080304432420974,-0.010584449814865032,0.3259078862545663,4524,-0.20259045602349607
close_loc,short,1,0.09578947368419521,0.19555675602673442,14019,-0.2108420374517753,-0.010623442942430589,0.3180683358299451,5194,-0.22827196722867468
dq,long,9,0.1776924942239292,inf,14019,-0.21086936577464124,-0.026351412873374003,0.34089450032099294,7845,-0.31090322090614414
tbi,long,0,-inf,-0.09365622440006306,14019,-0.2109707859601572,-0.026452833058889957,0.34146515443326914,8004,-0.2601051124017523
rpt_z,short,8,0.8392532789904783,1.3771234516923274,13962,-0.2109842540538208,-0.010765659544476086,0.3213722962326314,4918,-0.2308418914151609
extreme_late,short,0,-inf,0.21428571428571427,10744,-0.21110544411815968,-0.010886849608814975,0.3195271779597915,3633,-0.236115020671717
since_hi96,short,5,53.0,66.0,14283,-0.2111891711260698,-0.010970576616725097,0.330952881047399,4946,-0.2697034819433083
to_lo24,long,6,2.7778530464451623,3.2733187200081084,14018,-0.21124925659473723,-0.026731303693469988,0.32194321586531605,4797,-0.27946699469148434
to_hi96,short,4,3.842325213351332,4.653678437587209,14011,-0.21129891295904263,-0.011080318449697923,0.32545856826778957,4529,-0.2302040110453813
tbi,long,9,0.088837966945542,inf,14019,-0.21131622299637978,-0.026798270095112542,0.34075183679292387,7842,-0.3105689579181003
range_per_trade,long,1,6.781097352867726e-08,8.105094875503471e-08,14019,-0.2113528088647236,-0.02683485596345636,0.33126471217633213,8582,-0.2563628007364782
tbi_ma96,long,1,-0.011975607786586928,-0.008730060705784914,13962,-0.211409386236932,-0.026891433335664766,0.3228047557656496,5130,-0.29464156251114465
dq,long,0,-inf,-0.18721080680325666,14019,-0.21159688498950555,-0.027078932088238306,0.34125115914116555,8007,-0.2601432265270866
tbi_ma8,long,1,-0.0314736163003643,-0.02111309033129331,14015,-0.21170673407133844,-0.027188781170071202,0.32015697466999643,5050,-0.27181803131430393
to_hi24,long,8,3.6328074202529788,4.566113471676934,14018,-0.2118312723437685,-0.02731331944250126,0.3157369096875446,5313,-0.29371364225292657
to_hi480,long,7,15.772559633911433,19.699579066266445,13972,-0.2119692556995185,-0.027451302798251254,0.32121385628399657,5766,-0.262848297517118
hour,short,5,11.0,14.0,17504,-0.21199268202614793,-0.011774087516803228,0.3284963436928702,6432,-0.24132340387296913
ats_z96,long,3,-0.6087036026452666,-0.3426940859582335,13962,-0.2120772409120358,-0.027559288010768568,0.3220885259991405,5795,-0.29879599827288494
tbi_ma96,long,2,-0.008730060705784914,-0.006363423281143275,13962,-0.21210297102485084,-0.027585018123583604,0.32001145967626415,4447,-0.3027564710787286
to_lo480,long,2,5.758444183983209,8.111826327984483,13973,-0.21220187765913007,-0.027683924757862827,0.3113862449008803,4976,-0.21846200892210277
since_hi96,long,2,16.0,27.0,13594,-0.21222177493263558,-0.02770382203136834,0.31513903192584963,4804,-0.24239266628365636
disp6,long,5,0.023145843952773047,0.3419056504208343,14020,-0.21225298330212447,-0.02773503040085723,0.321398002853067,4650,-0.28868687967535855
dq_z96,short,8,0.8813411485238716,1.3089222186118485,13962,-0.21243890412305613,-0.012220309613711428,0.3218736570691878,5142,-0.1947560435086025
tbi_z8,short,3,-0.6115711033092804,-0.30983457977223045,14015,-0.21260424825513424,-0.012385653745789538,0.32022832679272206,4904,-0.2240613481542921
rpt_z,short,6,0.1738707026794248,0.4702523711076439,13961,-0.21260948380282646,-0.012390889293481755,0.3208222906668577,5136,-0.21723714029271812
vol_per_trade_z,long,5,-0.08141174347881851,0.18586722935299002,13962,-0.2126129608214487,-0.028095007920181464,0.31922360693310414,5266,-0.29131234232026587
since_hi96,short,8,87.0,94.0,13701,-0.21267847105007337,-0.012459876540728665,0.31902780818918325,5352,-0.228871179077388
to_lo480,long,9,29.735116348002087,inf,13973,-0.21282059904123254,-0.028302646139965304,0.3619838259500465,5065,-0.34556767684566553
ats_rank480,short,2,0.18958333333333333,0.29375,13812,-0.212862314184549,-0.012643719675204307,0.32529684332464526,5293,-0.1933863052911926
range_z,short,4,-0.43384104358696696,-0.2778230938544579,13962,-0.21292002950357244,-0.01270143499422774,0.3213722962326314,4590,-0.21991373095199987
to_lo480,long,5,13.047911400431136,15.8350173719943,13973,-0.21293099172202903,-0.028413038820761793,0.3236241322550633,5541,-0.33497746521983796
tbi_z96,short,8,0.8812483586532203,1.3092217828923187,13962,-0.21299050673458664,-0.012771912225241933,0.32173041111588596,5144,-0.19359063750862096
m1_jump,short,9,0.5679182660189004,inf,14021,-0.21299129005701192,-0.012772695547667218,0.32444190856572286,5931,-0.23506501663700372
extreme_late,short,2,0.42857142857142855,0.5714285714285714,14175,-0.21308289547221487,-0.012864300962870168,0.32028218694885363,5577,-0.21277205075730302
since_lo480,short,7,401.0,443.0,13723,-0.2134838662867101,-0.01326527177736539,0.3260948772134373,4856,-0.2772162230548139
pos96,long,2,0.2586755218888276,0.3442631817138008,14011,-0.21353008087707048,-0.029012127975803242,0.31939190635928916,4464,-0.2861140101156053
to_hi24,short,3,1.433714813680365,1.786316005943344,14018,-0.21371847334064167,-0.013499878831296969,0.3225852475388786,4807,-0.26682692357726995
tbi_ma24,short,0,-inf,-0.019117840542679287,14006,-0.21380418406325735,-0.013585589553912647,0.33007282593174353,9554,-0.2298935600956784
persist24,short,4,0.12288987909707781,0.1594320613903914,14018,-0.21383566168102208,-0.013617067171677377,0.32586674275930944,5024,-0.18611898459163653
hi_pos,short,1,0.0,0.14285714285714285,40979,-0.21404126609292232,-0.013822671583577611,0.3200663754606018,14592,-0.22755418703917787
up_wick,short,9,0.5782747603834116,inf,14020,-0.2140646816726815,-0.013846087163336795,0.3203281027104137,5089,-0.2375485024935812
dn_wick,short,2,0.07530864197530565,0.13036303630359752,14020,-0.2141088312863309,-0.013890236776986198,0.3153352353780314,5329,-0.2138813606367565
to_lo96,long,8,8.948390790096305,11.301896755603387,14011,-0.2142227660846673,-0.02970481318340007,0.3215330811505246,5330,-0.34299114021782734
to_hi96,short,5,4.653678437587209,5.538541935816329,14012,-0.21428123282812594,-0.01406263831878124,0.3252212389380531,4416,-0.20247025921889855
since_lo480,long,6,345.0,400.50000000001455,14048,-0.2144416873909854,-0.029923734489718162,0.32495728929384965,5131,-0.36482416968066333
efficiency,short,7,0.325864790253199,0.39631283996925226,14019,-0.21458075879027413,-0.01436216428092943,0.3185676581781867,5161,-0.18738224302587608
disp6,short,4,-0.29543298130165385,0.02301522598762796,14020,-0.21470448887715712,-0.014485894367812419,0.32289586305278173,4771,-0.20133292949282947
dq_cum24,short,0,-inf,-0.9158115907462522,14006,-0.21490290481691443,-0.014684310307569726,0.3299300299871484,9570,-0.2307628265130314
pos24,short,3,0.34835071212068747,0.43484798021850907,14018,-0.2149555895739403,-0.014736995064595582,0.32365530032814954,4369,-0.21271127771501355
to_lo24,long,2,1.2200323019189157,1.6007468124879813,14018,-0.21503294718433574,-0.030514994283068503,0.32137252104437153,4919,-0.31578373106135693
sess_us,short,0,-inf,1.0,93474,-0.21507657079140283,-0.014857976282058122,0.32340543894558915,34355,-0.2157186541774829
ats_rank480,short,4,0.3958333333333333,0.5,13835,-0.2151460260736046,-0.014927431564259908,0.3199132634622335,5344,-0.1910433781194987
disp96,short,7,3.3430619289265975,5.457906675803157,14011,-0.21515129451920126,-0.014932700009856553,0.3204624937549069,5627,-0.22790841743911908
atr_pct,short,8,0.006008108447837021,0.007703045775300532,14021,-0.21529393850708603,-0.015075343997741325,0.2857856073033307,2012,0.1398183104421762
to_lo480,long,3,8.111826327984483,10.498563590380401,13972,-0.2153470248772457,-0.03082907197597845,0.31649012310334956,5487,-0.27751371826000176
since_lo480,short,9,470.0,inf,14518,-0.2153601150078821,-0.015141520498537397,0.31987877118060337,4980,-0.2995358994250006
dq_cum24,short,8,0.39576011540981604,0.671340608573543,14005,-0.21558721095493114,-0.01536861644558643,0.3173866476258479,4447,-0.2238310514161838
since_hi24,short,5,14.0,17.0,13131,-0.2155999896803295,-0.015381395170984802,0.3216815170207905,4698,-0.2216880660041074
since_lo24,short,7,20.0,22.0,11693,-0.21561821674369983,-0.01539962223435512,0.32104678012486104,4114,-0.22850694292627102
pos24,short,7,0.6929532622285987,0.7756447279939965,14018,-0.21594450102890944,-0.015725906519564736,0.31880439435012126,4897,-0.2592014130075202
to_hi96,long,7,6.5504471001588565,7.86903678969333,14011,-0.21603537052786123,-0.03151741762659399,0.31760759403325955,4970,-0.2792114873842594
dow,long,6,6.0,inf,20059,-0.21607981515225294,-0.0315618622509857,0.34767436063612345,7390,-0.3508640907828369
since_lo480,long,3,145.0,214.0,14033,-0.21620065277844322,-0.03168269987717598,0.3282975842656595,5199,-0.2873758211555606
gap,short,5,0.0011251201336366725,inf,14021,-0.21645604695784001,-0.01623745244849531,0.3359246844019685,584,-0.470631628078713
tbi_ma24,short,8,0.00820202739075934,0.013942749809336623,14005,-0.21646631409466704,-0.01624771958532234,0.31710103534451983,4457,-0.22366572696856737
kyle,long,3,2.6480746733327567e-07,2.948306102404962e-07,14019,-0.21653082852883115,-0.032012875627563914,0.3238462087167416,5149,-0.2505123524956386
to_hi24,short,8,3.6332448390974337,4.566890010891426,14018,-0.21656856644912972,-0.01634997193978502,0.31538022542445426,5308,-0.1699092884332853
trade_intensity,long,0,-inf,0.414757542206425,14011,-0.21713300968940755,-0.032615056788140306,0.33909071443865535,7301,-0.34407323564786685
since_hi96,short,9,94.0,inf,14777,-0.21716257091170482,-0.016943976402360117,0.3121066522298166,5905,-0.10132400869268296
efficiency,short,9,0.49708360219796804,inf,14020,-0.21729126451237693,-0.017072670003032225,0.3248216833095578,6108,-0.27399672094368865
persist6,short,2,0.13216711254690242,0.20181577177707044,14020,-0.21736753678797377,-0.017148942278629065,0.32125534950071327,5212,-0.248907841511015
to_hi24,short,6,2.5594480107215847,3.034448689829506,14018,-0.21748016206593956,-0.01726156755659486,0.3220858895705521,4731,-0.1794189029387123
tbi_ma96,long,3,-0.006363423281143275,-0.00439781923909561,13962,-0.21757700776892397,-0.03305905486765673,0.3173614095401805,4230,-0.2544211250045815
since_lo480,long,8,443.0,470.0,13680,-0.21762694611987263,-0.03310899321860539,0.3248538011695906,4617,-0.2247423491657067
disp96,short,6,1.6798680339947414,3.3430619289265975,14011,-0.21771142502314492,-0.01749283051380021,0.3218899436157305,4947,-0.2608893466453288
pos24,short,2,0.26044752512083175,0.34835071212068747,14018,-0.2178635572781011,-0.017644962768756406,0.3189470680553574,4704,-0.19342330942332966
pos96,short,9,0.8664350879871734,inf,14012,-0.21795221890620772,-0.017733624396863018,0.30488153011704255,5925,-0.17555568678943465
to_lo24,short,0,-inf,0.7889899407161584,14019,-0.2179912423524788,-0.017772647843134093,0.3172123546615308,6878,-0.229460445876324
since_hi96,long,4,40.0,53.0,13718,-0.21806571098770033,-0.033547758086433094,0.32555766146668613,4892,-0.2830974183319985
atr_pct,long,3,0.0029091091212907756,0.003398926846345571,14020,-0.21816330756787702,-0.033645354666609784,0.32011412268188305,6428,-0.2613922202298004
persist24,short,5,0.1594320613903914,0.19952350125270307,14018,-0.21821951446383767,-0.01800091995449296,0.32172920530746185,5093,-0.21919560438426125
trade_intensity,long,1,0.414757542206425,0.5049627540121552,14011,-0.21834709903837524,-0.033829146137107996,0.3275283705659839,5188,-0.3151670281997652
persist6,short,0,-inf,0.06565993063300016,14020,-0.2183672411485927,-0.018148646639248006,0.3223252496433666,5131,-0.20047154003091297
to_lo24,long,7,3.2733187200081084,3.9077646411033653,14018,-0.21857722724948925,-0.03405927434822201,0.31859038379226706,5108,-0.2397709903096236
to_lo96,short,6,6.198663364633265,7.403208580201989,14010,-0.21860021320565276,-0.018381618696308055,0.3212705210563883,5011,-0.2198027617802853
since_lo96,short,8,88.0,94.0,13290,-0.21860425878672957,-0.01838566427738486,0.3218961625282167,4848,-0.1781564822964152
absorb_z,short,8,0.23272231941194638,0.4384623238314251,12948,-0.2186309231492917,-0.01841232863994699,0.3158016682113068,4395,-0.12229863940015029
rpt_rank,short,7,0.7020833333333333,0.8020833333333334,13689,-0.21866405034412234,-0.018445455834777635,0.3196727299291402,5073,-0.24068137762835196
persist96,long,0,-inf,0.015586624939182238,14011,-0.218790146453429,-0.03427219355216177,0.3332381700092784,4923,-0.22420279873312834
dq,short,8,0.11531226725540183,0.17768073717980362,14019,-0.2187976964284985,-0.018579101919153795,0.3182823311220486,5012,-0.16519156986873568
dow,short,4,4.0,5.0,20052,-0.2189677042071433,-0.018749109697798583,0.2978256533014163,7387,-0.2432846936485987
kyle,long,2,2.3261177614729138e-07,2.6480746733327567e-07,14019,-0.2190700281935224,-0.03455207529225515,0.3299807404237107,6421,-0.27417653831161676
tbi_z24,short,0,-inf,-1.3075537318585704,14006,-0.21907963745310619,-0.01886104294376148,0.31686420105669,5262,-0.23710619424706755
accel,short,4,-0.32987946265955476,-0.006904433916997854,14018,-0.21923793541639305,-0.01901934090704835,0.3232986160650592,5069,-0.22941619018976336
disp6,short,9,1.7044860255783256,inf,14020,-0.21932369972355292,-0.019105105214208218,0.3116262482168331,5766,-0.23195645711663454
disp6,short,2,-1.055904305542547,-0.6429388123983134,14020,-0.21945578817114367,-0.019237193661798963,0.3203281027104137,4982,-0.20503901433249172
range_per_trade,short,3,9.235932478418744e-08,1.0324034053526939e-07,14019,-0.2195556893880612,-0.019337094878716488,0.3224195734360511,6340,-0.24049833780641694
absorb,short,8,0.15355921798110675,0.28428394324185163,14007,-0.21972186326231977,-0.01950326875297506,0.3239808667095024,5508,-0.20820578911012144
close_loc,long,9,0.9146341463413958,inf,14019,-0.22003074810656656,-0.03551279520529932,0.3219202510878094,5616,-0.3076625820418297
tbi,short,8,0.05760692609154805,0.08882040853030082,14019,-0.22015489958233994,-0.019936305072995236,0.317925672301876,5016,-0.16493249633712675
to_hi24,short,7,3.034448689829506,3.6332448390974337,14018,-0.22067819073280204,-0.020459596223457333,0.3174489941503781,4900,-0.20025109323490736
since_hi480,short,6,322.0,382.0,13881,-0.2206861008638246,-0.020467506354479886,0.3233196455586773,4747,-0.219101756439625
disp96,long,1,-7.161374134914851,-4.665580623336621,14011,-0.22072895425469632,-0.036211001353429084,0.3084005424309471,5272,-0.2835462910000903
persist96,short,4,0.06594193473217946,0.08614643699992118,14011,-0.22080913880734257,-0.020590544297997865,0.32081935622011276,5260,-0.22436237308664017
up_wick,short,8,0.45625,0.5782747603834116,14019,-0.22088684339487283,-0.020668248885528123,0.3143590841001498,4893,-0.20520051973815884
tbi_z24,short,9,1.319967109313569,inf,14006,-0.22096735235431367,-0.020748757844968962,0.3178637726688562,5164,-0.2165134955236909
persist96,short,0,-inf,0.015586228078053058,14011,-0.22119683516550018,-0.020978240656155472,0.3305260152737135,4923,-0.2917294606898656
wick_skew,short,7,0.16406829992575078,0.27880027266530494,14018,-0.22120768735370663,-0.02098909284436193,0.31366814096162077,5252,-0.22995340750209176
tbi_ma96,long,5,-0.0025614064103694017,-0.0007373581354727336,13962,-0.22127059768860013,-0.036752644787332894,0.31721816358687865,4199,-0.26807070177687403
accel,short,5,-0.006904433916997854,0.31166732891946725,14018,-0.2215293653610392,-0.0213107708516945,0.3212298473391354,4900,-0.20289736379964687
ats_rank480,short,3,0.29375,0.3958333333333333,13620,-0.22167471289659363,-0.021456118387248924,0.3185022026431718,5089,-0.19844815240314587
close_loc,short,0,-inf,0.09578947368419521,14019,-0.2217156220157851,-0.02149702750644039,0.32042228404308437,6259,-0.23350216334596144
since_hi480,short,7,382.0,431.0,14028,-0.2217891417650277,-0.021570547255682998,0.3183632734530938,5220,-0.2963328622628071
tbi_z8,short,0,-inf,-1.3276772273040416,14015,-0.22187026242068553,-0.02165166791134082,0.31559043881555476,5342,-0.2094546475961682
since_lo96,short,4,43.0,56.0,13643,-0.22216340010253713,-0.021944805593192424,0.3223631166165799,4956,-0.18157657226559556
body_frac,long,0,-inf,-0.6839561481300367,14019,-0.222411071512388,-0.03789311861112077,0.3254155075255011,6404,-0.2847457166650853
since_lo24,short,8,22.0,24.0,15673,-0.22285496238261632,-0.022636367873271612,0.3190199706501627,5495,-0.24555544984024835
tbi_ma8,short,0,-inf,-0.0314754989960725,14015,-0.22293981638587876,-0.022721221876534053,0.3339279343560471,9372,-0.2559116904190105
pos96,short,7,0.7008243022720618,0.7851594439901781,14011,-0.2229993279678218,-0.022780733458477087,0.31732210406109485,5273,-0.19499544593428234
sess_eu,short,1,1.0,inf,46720,-0.2234250441110248,-0.023206449601680085,0.3248929794520548,17171,-0.24736971860844661
trade_intensity,short,2,0.5049644392615555,0.5855331497633928,14012,-0.22350651620790563,-0.02328792169856092,0.32222380816443047,4691,-0.2451906212171524
to_lo96,long,6,6.199260602741037,7.403769620471006,14011,-0.22353050016088294,-0.0390125472596157,0.32331739347655414,5011,-0.2938026962214912
atr_pct,short,2,0.002388450577240691,0.00290907864958693,14021,-0.2237781578109448,-0.023559563301600084,0.3312174595249982,8205,-0.18007209357147486
disp96,short,3,-2.850920529678052,-1.28823802496529,14011,-0.22378940443865578,-0.02357080992931107,0.32160445364356577,4679,-0.28962535005243023
atr_pct,long,1,0.0017763599172263232,0.0023885376132294885,14020,-0.22389264770292205,-0.039374694801654814,0.35028530670470753,9702,-0.3344925169057475
close_loc,short,9,0.9146211312700113,inf,14020,-0.22396374958989862,-0.023745155080553915,0.32796005706134096,5617,-0.22457931532629782
trade_intensity,short,3,0.5855331497633928,0.668257863098695,14010,-0.22401586665294165,-0.023797272143596948,0.31927194860813707,4574,-0.21629888534993436
disp24,long,7,1.4368704882564576,2.313385486991059,14018,-0.22403566794908814,-0.039517715047820895,0.3221572264231702,4910,-0.3195278945457622
since_hi24,short,6,17.0,20.0,14306,-0.2241590898131869,-0.023940495303842207,0.3190968824269537,5144,-0.21044647992222523
wick_skew,short,8,0.27880027266530494,0.4385093167701773,14019,-0.22417068919813202,-0.023952094688787312,0.31421642057208077,5127,-0.18394114155770225
pos480,long,1,0.1561588174439923,0.24518499081605916,13972,-0.22434423107689327,-0.039826278175626034,0.31949613512739766,5008,-0.32108780068643156
gap,long,0,-inf,-0.0010977990199314922,14021,-0.2244920930853431,-0.03997414018407586,0.33371371514157333,600,-0.3900001288311826
to_lo24,long,1,0.7891009080286462,1.2200323019189157,14018,-0.22497729709966482,-0.040459344198397584,0.31602225709801685,5165,-0.3242198402031243
disp96,long,7,3.3439068441865674,5.459133272368439,14011,-0.2253718467354259,-0.04085389383415866,0.3187495539219185,5633,-0.32504652981634996
flow_eff,short,4,0.013082936521969618,0.020494509293147868,14018,-0.2255291669187655,-0.025310572409420806,0.3225852475388786,5819,-0.20593952232902507
range_per_trade,short,2,8.104803586343057e-08,9.235932478418744e-08,14019,-0.22568006519175443,-0.025461470682409726,0.32177758755974034,7600,-0.22135374432638932
accel,short,3,-0.6677515688198901,-0.32987946265955476,14018,-0.22584007256271416,-0.02562147805336945,0.3199457839920103,5094,-0.234090423151392
hour,long,3,7.0,9.0,11687,-0.2260172514785626,-0.04149929857729537,0.3299392487379139,4296,-0.28922971480605353
updn_ratio,short,0,-inf,0.3333333333333333,7703,-0.22613957430492904,-0.02592097979558433,0.32571725301830456,3047,-0.24922885955934232
disp6,short,3,-0.6429388123983134,-0.29543298130165385,14020,-0.22616538428877672,-0.025946789779432017,0.3179743223965763,4787,-0.22718880387289672
persist6,short,3,0.20181577177707044,0.27192349065503374,14020,-0.22617028234240485,-0.02595168783306015,0.31940085592011414,5114,-0.2367274156578442
ats_rank480,short,5,0.5,0.6041666666666666,13730,-0.2262723498037875,-0.026053755294442787,0.31442097596504004,5088,-0.22076844029520692
pos96,short,5,0.5241906794734976,0.6133902540608079,14012,-0.22665572510114218,-0.026437130591797475,0.327576363117328,4772,-0.29189605199271984
to_hi480,short,0,-inf,2.832755498908557,13973,-0.22668715771523495,-0.02646856320589025,0.29721605954340513,5309,-0.24602827538194133
to_lo96,short,8,8.94728116204026,11.30136586648377,14011,-0.22673050103841275,-0.02651190652906804,0.31582328170723,5337,-0.23708918858679073
since_hi96,short,7,77.0,87.0,14476,-0.2268286322440542,-0.02661003773470949,0.3195634153080962,5255,-0.2561204967739779
kyle,long,1,1.9253450234524024e-07,2.3261177614729138e-07,14019,-0.22696466754556846,-0.04244671464430122,0.33918253798416437,8766,-0.30517071080177594
dow,long,3,3.0,4.0,19958,-0.22697801765067924,-0.042460064749411996,0.30769616194007415,7390,-0.36968159521352945
dq_z96,short,0,-inf,-1.298940213156318,13962,-0.22710620644223303,-0.026887611932888328,0.3180776393066896,5284,-0.24364889326004374
absorb,short,0,-inf,-0.3296387782231134,14007,-0.2271495748388332,-0.026930980329488485,0.3251231527093596,6411,-0.25115126701519797
tbi_z96,short,0,-inf,-1.2986839117391644,13962,-0.22732211866365598,-0.027103524154311276,0.31800601633003867,5289,-0.24350201113189626
disp6,short,6,0.3415881806535629,0.6823073830233276,14020,-0.22748276505051357,-0.027264170541168864,0.31697574893009983,4811,-0.24435025179340736
absorb,short,7,0.09135727519300803,0.15355921798110675,14007,-0.22760234503505994,-0.027383750525715234,0.31512815021060897,4710,-0.2100005510645246
to_lo480,short,6,15.83539985838341,19.01279750543999,13973,-0.2280924291552299,-0.027873834645885193,0.3176841050597581,4674,-0.11606964773544033
pos96,short,3,0.3442234292425143,0.43406478578891766,14011,-0.22815802657021475,-0.027939432060870045,0.31946327885233033,4445,-0.22472649269178208
since_lo96,long,9,94.0,inf,16247,-0.2282635389003168,-0.04374558599904957,0.3132270573028867,5872,-0.2590994043308249
disp24,short,2,-2.1256952389683406,-1.288020673796075,14018,-0.22832945539293079,-0.02811086088358608,0.31958909972891997,4898,-0.1974672495555274
pos24,short,8,0.7756447279939965,0.8623549167817096,14018,-0.22843453666917046,-0.028215942159825758,0.31309744614067625,5183,-0.2684673340477397
persist96,short,3,0.04776843983481453,0.06594193473217946,14011,-0.22856577258970773,-0.028347178080363022,0.3220326886018129,5068,-0.259131037909961
sess_eu,long,1,1.0,inf,46715,-0.2286146625265835,-0.044096709625316255,0.3253986942095687,17178,-0.3046537953896581
ats_rank480,long,0,-inf,0.09166666666666666,13644,-0.22877266656507209,-0.044254713663804846,0.3294488419818235,5048,-0.25383209514375527
to_hi24,short,2,1.080383313618722,1.433714813680365,14018,-0.22900647931047208,-0.028787884801127372,0.31645027821372523,4905,-0.2555956635888443
persist96,long,7,0.13718817244615306,0.1730212169642599,14011,-0.22916941977276623,-0.044651466871498985,0.3059738776675469,5646,-0.26708116685369626
rpt_rank,short,9,0.9041666666666667,inf,13862,-0.2292212666597243,-0.029002672150379605,0.3172702351752994,5249,-0.258244645288608
pos96,long,5,0.5242393603080979,0.6134706823177937,14011,-0.22923666875287052,-0.04471871585160328,0.3253871957747484,4773,-0.21299472678966397
to_hi480,short,5,10.759133835508333,13.041991745753942,13973,-0.2296832174495447,-0.029464622940199997,0.3112431117154512,4612,-0.16974140967098258
to_hi24,short,1,0.6860466384583446,1.080383313618722,14018,-0.2298074010585521,-0.029588806549207397,0.315094878013982,5204,-0.22228511241726745
avg_trade_usd,long,2,2727.310969055802,3031.946869397052,14019,-0.22985079849250142,-0.04533284559123418,0.32634282045794993,4032,-0.27512002996168383
range_z,long,2,-0.7297353337669116,-0.5776431418009375,13962,-0.22990228113965677,-0.04538432823838953,0.3243804612519696,4937,-0.3186124068321081
since_lo24,short,9,24.0,inf,19223,-0.23015244608031188,-0.029933851570967174,0.312802372158352,6823,-0.255498285732016
tbi_z96,short,9,1.3092217828923187,inf,13963,-0.2304228427652521,-0.030204248255907395,0.3189142734369405,5115,-0.22388382315512373
ats_z96,short,4,-0.34271656966072284,-0.08412653477473842,13962,-0.23059574125071913,-0.030377146741374428,0.3168600487036241,5520,-0.21823002663682362
persist96,short,5,0.08614643699992118,0.10972280276055886,14011,-0.23067071231268685,-0.030452117803342144,0.3127542645064592,5550,-0.15731325357359224
kyle_z,short,1,-1.1999483658657215,-0.8662144555138739,13962,-0.23077565728335794,-0.03055706277401324,0.3221601489757914,5126,-0.2139811645840198
minofday,short,2,285.0,420.0,13148,-0.23086444134848677,-0.030645846839142066,0.32347125038028596,4832,-0.24368778975915045
dq_z96,short,9,1.3089222186118485,inf,13963,-0.2310235285044471,-0.030804933995102396,0.31869941989543793,5114,-0.22318529531688516
since_hi96,long,1,6.0,16.0,14947,-0.2311136252697686,-0.04659567236850137,0.30407439619990634,5552,-0.31516251696360026
atr_rank,short,2,0.14583333333333334,0.2620833333333394,14102,-0.2311393673212356,-0.0309207728118909,0.32463480357396113,4445,-0.27697619033316456
to_lo96,short,4,4.263021177073732,5.193449938949969,14011,-0.2311826204717534,-0.030964025962408687,0.31860680893583615,4812,-0.2177903042372415
pos96,short,8,0.7851594439901781,0.8664350879871734,14011,-0.2316602214695416,-0.031441626960196895,0.30968524730568836,5022,-0.2440706372861971
absorb_z,long,9,0.43851050616117193,inf,12949,-0.23183625181556938,-0.04731829891430214,0.31276546451463433,4434,-0.2986030395161163
flow_eff,short,1,-0.026518245693899913,0.0007883383145950224,14019,-0.2319464634060531,-0.031727868896708394,0.3331193380412298,7656,-0.2572182890614525
flow_eff,long,3,0.007112042793778965,0.013082945163704182,14019,-0.23259620122089872,-0.04807824831963148,0.3344033097938512,6840,-0.2915261832981143
minofday,long,5,705.0,855.0,14580,-0.23263022212207954,-0.0481122692208123,0.3204389574759945,5364,-0.3317706530713022
hour,short,2,4.0,7.0,17530,-0.2328956643517273,-0.03267706984238258,0.32167712492869366,6443,-0.23780453615055996
gap,short,0,-inf,-0.0010977783990432618,14021,-0.23298099265185648,-0.03276239814251178,0.33000499251123316,600,-0.5379672869168463
tbi_ma96,long,4,-0.00439781923909561,-0.0025614064103694017,13961,-0.2332431201392771,-0.04872516723800985,0.3130148270181219,4161,-0.2549804538521453
since_lo96,short,3,30.0,43.0,13777,-0.2332737371365812,-0.033055142627236495,0.31668723234376134,4983,-0.19502122058800367
wick_skew,short,9,0.4385093167701773,inf,14020,-0.2334720042887355,-0.033253409779390786,0.31497860199714695,5132,-0.23819222822067213
tbi_ma8,short,8,0.016112427773024407,0.02626495143850748,14015,-0.23372535443312212,-0.03350675992377741,0.31237959329290044,4788,-0.1548902878185249
accel,short,2,-1.0523629918694282,-0.6677515688198901,14018,-0.23404800462118835,-0.03382941011184365,0.31523755171921813,4863,-0.2009164713152806
atr_rank,long,4,0.375,0.48125,13874,-0.2340571812730599,-0.04953922837179267,0.3171399740521839,5116,-0.3060731615396502
since_lo96,short,7,80.0,88.0,12730,-0.23407653196909464,-0.03385793745974994,0.3194029850746269,4520,-0.27156253844327405
absorb,short,1,-0.3296387782231134,-0.17669869255654866,14007,-0.23433437014178113,-0.034115775632436424,0.3200542585849932,5423,-0.22264138837134234
avg_trade_usd,short,2,2727.310097647567,3031.992103169547,14019,-0.23474290553538388,-0.03452431102603917,0.32441686282901777,4033,-0.19414382199696859
avg_trade_usd,short,1,2381.476814011581,2727.310097647567,14019,-0.23477766375925122,-0.03455906924990651,0.3303373992438833,4277,-0.16539746505008682
to_lo96,short,7,7.403208580201989,8.94728116204026,14011,-0.23508383673843386,-0.034865242229089155,0.31375347940903575,5120,-0.25603451698119783
to_hi480,short,4,8.743137518369409,10.759133835508333,13972,-0.2351934272838417,-0.034974832774497006,0.30883194961351274,4674,-0.1522976318692253
range_per_trade,short,0,-inf,6.781616780823492e-08,14019,-0.2352237229822473,-0.0350051284729026,0.3314787074684357,10519,-0.14430643202428042
minofday,long,3,420.0,570.0,14609,-0.2352998580748726,-0.05078190517360537,0.32849613252104864,5370,-0.29732078101686094
vol_of_vol,short,2,-0.8026695926346806,-0.6336224531493388,13970,-0.23539516220430193,-0.03517656769495722,0.3222619899785254,4554,-0.25981830348214974
minofday,long,4,570.0,705.0,13146,-0.23543886844815987,-0.050920915546892626,0.32527004411988436,4833,-0.31331535286475215
to_hi96,short,8,7.869220537642625,9.994725476491205,14011,-0.2356037226436071,-0.035385128134262395,0.3108272071943473,5646,-0.23102783948343678
range_per_trade,long,0,-inf,6.781097352867726e-08,14019,-0.235711438378047,-0.051193485476779765,0.3286967686710892,10519,-0.2910271873559001
range_z,short,2,-0.7297316055360483,-0.5776421042785597,13963,-0.23606001741677185,-0.035841422907427145,0.3215641337821385,4936,-0.20717800284703022
atr_rank,long,1,0.04791666666666667,0.14583333333333334,13941,-0.2362736474430739,-0.051755694541806646,0.3387131482676996,4700,-0.3170917054780703
persist96,short,1,0.015586228078053058,0.03108741809287667,14011,-0.23629174325828559,-0.03607314874894088,0.3253158232817072,4904,-0.30997423250845485
persist96,long,8,0.1730212169642599,0.22594448995659983,14011,-0.2369185935791283,-0.05240064067786107,0.2983370209121405,5188,-0.3152695034489349
persist96,short,2,0.03108741809287667,0.04776843983481453,14011,-0.2371075470213256,-0.036888952511980905,0.32110484619227747,4916,-0.30314708970174387
hour,long,5,11.0,14.0,17502,-0.23737160133886667,-0.05285364843759943,0.3208776139869729,6438,-0.34694565416270995
since_lo96,short,5,56.0,69.0,14459,-0.23759422226860308,-0.03737562775925837,0.3194550107199668,5208,-0.28270863120367284
rpt_rank,short,8,0.8020833333333334,0.9041666666666667,13819,-0.2376834181086958,-0.037464823599351105,0.3147839930530429,5306,-0.22285939375973948
persist24,short,6,0.19952350125270307,0.24790568722813253,14018,-0.23777148945847565,-0.037552894949130944,0.3112426879726066,5443,-0.19046786915805075
vol_per_trade_z,short,4,-0.3421527275170177,-0.08143789719721659,13962,-0.23782081528509086,-0.037602220775746154,0.3144248674974932,5522,-0.22215296331479295
rv_vs_range,short,8,0.8116423522187182,0.9127938683644812,14019,-0.23803577429393583,-0.03781717978459112,0.31585705114487483,5818,-0.21537324532815533
dn_wick,long,9,0.5902089718584498,inf,14019,-0.23836133145989677,-0.05384337855862953,0.3125757899992867,4738,-0.2823260309918459
range_rank,long,1,0.08125,0.18125,13636,-0.23842048275641214,-0.053902529855144904,0.3322821941918451,4993,-0.3697581321418897
disp96,short,2,-4.665563762521254,-2.850920529678052,14011,-0.238655685901712,-0.038437091392367284,0.3096138748126472,4924,-0.22697655162373448
up_wick,short,0,-inf,0.019421367959199992,14019,-0.23875279353302845,-0.03853419902368374,0.33233468863685,6310,-0.2441783771844396
to_lo24,short,9,4.9034324038267005,inf,14019,-0.23913250706628855,-0.03891391255694385,0.2946001854625865,5375,-0.199277885725713
disp24,short,1,-3.296364234776283,-2.1256952389683406,14018,-0.2392845467433669,-0.039065952234022205,0.3098159509202454,5250,-0.19389317128276687
flow_eff,long,1,-0.026517546856800182,0.0007886248694455415,14019,-0.23929664322338365,-0.05477869032211641,0.327983451030744,7657,-0.32377399106780175
updn_ratio,long,0,-inf,0.3333333333333333,7700,-0.2395614505723747,-0.05504349767110747,0.3261038961038961,3048,-0.28056145236598307
kyle,short,2,2.3261133633026505e-07,2.6481211048672925e-07,14019,-0.23992340158842004,-0.03970480707907534,0.323632213424638,6424,-0.20305152024996245
disp96,short,9,8.33559703050476,inf,14011,-0.23999024407876568,-0.039771649569420975,0.30854328741702947,5048,-0.17924898355484437
since_hi24,short,8,22.0,24.0,15056,-0.2405217112634612,-0.04030311675411649,0.31256641870350693,5482,-0.2124850209340255
pos24,long,1,0.16532312952747402,0.2604936696718385,14018,-0.2408479015525795,-0.05632994865131227,0.30589242402625194,5190,-0.3162567919920703
vol_of_vol,short,1,-1.0123047631954458,-0.8026695926346806,13970,-0.24129221595600203,-0.04107362144665733,0.32970651395848244,5873,-0.24926072294737953
avg_trade_usd,long,1,2381.4717803581184,2727.310969055802,14019,-0.24136816600984315,-0.05685021310857591,0.3277694557386404,4278,-0.2600468584568269
updn_ratio,long,7,0.5454545454545454,0.6,2601,-0.2419432078173136,-0.05742525491604636,0.36255286428296807,1374,-0.39327283249852035
vol_of_vol,short,5,-0.28105827524473626,-0.05958222728788046,13970,-0.24297588124983585,-0.042757286740491146,0.30229062276306373,4665,-0.1614405893119348
atr_pct,long,2,0.0023885376132294885,0.0029091091212907756,14021,-0.24301954967947717,-0.05850159677820993,0.32672419941516295,8207,-0.2757645332099811
vol_of_vol,long,1,-1.0123050484573037,-0.8026523129952079,13970,-0.24303422112011708,-0.05851626821884984,0.33214030064423766,5876,-0.37366566572473714
ats_z96,short,1,-1.2674741984826625,-0.8950732651806586,13962,-0.24329256604315552,-0.04307397153381082,0.31420999856754045,5528,-0.23621026059300762
dq_cum24,long,1,-0.9156855524319033,-0.6334906747263888,14005,-0.24368333057307046,-0.059165377671803215,0.30774723313102464,4921,-0.28410007955002897
atr_rank,short,1,0.04791666666666667,0.14583333333333334,13938,-0.24384692536945182,-0.04362833086010712,0.334983498349835,4698,-0.34057381216896665
since_hi24,short,7,20.0,22.0,11206,-0.24435689474392752,-0.04413830023458282,0.3111725861145815,4068,-0.20783934177924818
disp96,long,6,1.6810750661747498,3.3439068441865674,14011,-0.24507883666923364,-0.060560883767966395,0.31575190921418883,4949,-0.2587366132596272
tbi_ma24,long,1,-0.019114799965952944,-0.013240325299747923,14005,-0.24517743603494743,-0.06065948313368019,0.30717600856836846,4918,-0.2836866024663842
since_lo96,short,6,69.0,80.0,14254,-0.24523288103000343,-0.045014286520658725,0.3167531920864319,5004,-0.25305052564291186
absorb,short,9,0.28428394324185163,inf,14007,-0.245342760073895,-0.04512416556455029,0.32026843720996645,6552,-0.21758929110378966
wick_skew,long,0,-inf,-0.456516049309411,14019,-0.24535958207207925,-0.06084162917081201,0.31072116413438905,4789,-0.2993153875500547
range_rank,short,1,0.08125,0.18125,13637,-0.24536795186824603,-0.045149357358901326,0.3286646623157586,4992,-0.25565839624502107
pos480,long,2,0.24518499081605916,0.34037703690754845,13973,-0.24546786789932593,-0.060949914998058685,0.3112431117154512,5368,-0.2710485641645956
since_lo480,short,4,214.0,283.0,13990,-0.24576232856068014,-0.04554373405133544,0.3137240886347391,5425,-0.16590975840243127
vol_per_trade_z,short,1,-1.270426547631658,-0.8949018990003834,13962,-0.24587685127941264,-0.045658256770067934,0.313780260707635,5615,-0.23716082668815458
hour,long,4,9.0,11.0,11685,-0.24592591865867586,-0.06140796575740862,0.3241762943945229,4296,-0.30176285730985
range_z,short,0,-inf,-0.9189100628585302,13962,-0.24604962756546486,-0.04583103305612016,0.32122905027932963,6073,-0.2549145484114474
to_hi96,long,8,7.86903678969333,9.995326214611287,14011,-0.24681530866391677,-0.062297355762649526,0.3096138748126472,5647,-0.25468000514670663
ats_z96,short,0,-inf,-1.2674741984826625,13962,-0.24704342832902043,-0.046824833819675726,0.3107720956882968,4103,-0.22402301635346455
vol_of_vol,long,0,-inf,-1.0123050484573037,13971,-0.2473222224069674,-0.06280426950570017,0.35280223319733733,5943,-0.3054520895572131
minofday,short,4,570.0,705.0,13147,-0.2475928982089062,-0.0473743036995615,0.3203772723815319,4832,-0.24876523744947238
body_frac,short,9,0.6955952235896167,inf,14020,-0.24777510636845176,-0.04755651185910706,0.3139800285306705,6084,-0.2520736230871903
gap,long,5,0.001124992068778833,inf,14021,-0.24801496207563944,-0.0634970091743722,0.32807930960701803,584,-0.2775539163168786
dow,short,6,6.0,inf,20060,-0.24816321628156746,-0.04794462177222275,0.33429710867397805,7388,-0.268479976081519
atr_rank,long,3,0.2604166666666667,0.375,14099,-0.2494918910008743,-0.06497393809960705,0.31824952124264133,5248,-0.4380443944606148
range_rank,short,2,0.18125,0.28541666666666665,13726,-0.2495283544412541,-0.04930975993190939,0.3177910534751566,4853,-0.24682870985289695
to_lo480,short,8,23.148086461173822,29.734557893929498,13973,-0.2506436593459757,-0.050425064836631006,0.3166106061690403,4684,-0.2742483627710928
hour,short,4,9.0,11.0,11687,-0.25106637053295183,-0.05084777602360713,0.31932916916231713,4295,-0.25313718361533616
minofday,short,3,420.0,570.0,14610,-0.2512580601169663,-0.05103946560762157,0.3188227241615332,5370,-0.2550021687634029
range_per_trade,short,1,6.781616780823492e-08,8.104803586343057e-08,14019,-0.25164118288228243,-0.05142258837293773,0.31635637349311646,8579,-0.19910175269701627
hour,short,3,7.0,9.0,11688,-0.2517021642373031,-0.05148356972795842,0.3186173853524983,4296,-0.2510346731023384
rv_vs_range,short,9,0.9127938683644812,inf,14020,-0.2517705380332155,-0.05155194352387077,0.3215406562054208,6466,-0.26133090172602447
to_hi480,long,8,19.699579066266445,26.53965160734974,13973,-0.25304874521390436,-0.06853079231263712,0.3186860373577614,5897,-0.25804485396819365
trade_intensity,short,1,0.41476178910634165,0.5049644392615555,14011,-0.25330250243489166,-0.05308390792554696,0.3161087716793948,5188,-0.23489729940624482
tbi_ma8,long,0,-inf,-0.0314736163003643,14015,-0.253380440811288,-0.06886248791002078,0.3260792008562255,9372,-0.26911345289455957
to_hi480,short,8,19.69956781351872,26.539439782904203,13973,-0.2538342853236154,-0.0536156908142707,0.31682530594718383,5896,-0.26971156652942907
vol_per_trade_z,short,0,-inf,-1.270426547631658,13962,-0.2557249741733387,-0.05550637966399402,0.3086234063887695,4021,-0.22228851792827123
to_hi24,long,9,4.566113471676934,inf,14019,-0.2559228758179262,-0.07140492291665898,0.2880376631714102,6164,-0.2890321373719296
is_weekend,short,1,1.0,inf,40121,-0.2564128443688233,-0.05619424985947857,0.32957802646992845,14779,-0.33855200157388887
tbi_ma24,long,0,-inf,-0.019114799965952944,14005,-0.25651096442605764,-0.0719930115247904,0.31574437700821134,9555,-0.2962691086060435
pos96,long,1,0.1704309710527568,0.2586755218888276,14011,-0.2565335086458904,-0.07201555574462318,0.2972664335165227,4942,-0.27495647191494976
dq_cum24,long,0,-inf,-0.9156855524319033,14005,-0.2566327806779071,-0.07211482777663988,0.3158157800785434,9573,-0.2963622017334861
since_hi96,short,6,66.0,77.0,13326,-0.2566502482238836,-0.0564316537145389,0.3138976437040372,4611,-0.24966052515730394
up_wick,long,0,-inf,0.019422476090346107,14019,-0.25707941411619384,-0.0725614612149266,0.32099293815536056,6309,-0.31963421115314355
avg_trade_usd,long,0,-inf,2381.4717803581184,14019,-0.25762961764824654,-0.0731116647469793,0.33518795919823097,6731,-0.22424998914904667
pos480,short,9,0.8871101022541493,inf,13973,-0.258303151007282,-0.05808455649793731,0.29378086309310814,5273,-0.3062267081160426
kyle_z,short,0,-inf,-1.1999483658657215,13962,-0.2585430632851374,-0.05832446877579267,0.3198682137229623,5504,-0.25665096331217474
disp24,long,0,-inf,-3.2957925438574414,14018,-0.2596694492347778,-0.07515149633351056,0.28477671565130547,6497,-0.27133039335938197
disp24,short,9,3.604875993639412,inf,14019,-0.26112301622633366,-0.060904421716988955,0.2885369855196519,5648,-0.24355614402095224
flow_eff,short,3,0.007111658818778019,0.013082936521969618,14019,-0.26268014721948235,-0.06246155271013765,0.3247735216491904,6839,-0.2435803391869341
since_hi480,long,4,185.0,254.0,13965,-0.2632539204056584,-0.07873596750439119,0.30698174006444684,5297,-0.30761550259233983
to_lo96,short,5,5.193449938949969,6.198663364633265,14012,-0.2644917464773944,-0.06427315196804967,0.3063088781044819,4666,-0.18053168538425643
dow,short,5,5.0,6.0,20061,-0.26466206122891756,-0.06444346671957285,0.3248591795025173,7391,-0.4085955848965283
to_lo480,short,7,19.01279750543999,23.148086461173822,13972,-0.2662915287018118,-0.06607293419246707,0.3047523618665903,4520,-0.2600433591450517
pos480,short,6,0.6337427537404107,0.7328917541385875,13973,-0.268489061398482,-0.0682704668891373,0.3078079152651542,5147,-0.032456443390909355
disp96,long,0,-inf,-7.161374134914851,14011,-0.26895589495468286,-0.08443794205341562,0.2931982014131754,6476,-0.34623405597908763
range_rank,long,0,-inf,0.08125,13702,-0.2699170243737258,-0.08539907147245854,0.339731426069187,5424,-0.3280460238938724
dq,short,0,-inf,-0.1872282455270797,14019,-0.2716852573303851,-0.07146666282104042,0.3186389899422213,8004,-0.26331511523553913
since_hi480,long,5,254.0,322.0,13993,-0.27212707440980205,-0.08760912150853481,0.3051525762881441,4886,-0.23826036591796593
tbi,short,0,-inf,-0.09366256483558477,14019,-0.2723226861637572,-0.0721040916544125,0.3184249946501177,8004,-0.2636129589439178
ats_rank480,short,0,-inf,0.09166666666666666,13644,-0.27250110932718047,-0.07228251481783576,0.31266490765171506,5048,-0.24741078262459368
since_hi480,short,2,66.0,121.0,14004,-0.27334504819222083,-0.07312645368287612,0.29834333047700656,5043,-0.33298680708211115
pos480,short,3,0.34036840425734416,0.4382162320945629,13973,-0.27761945967363777,-0.07740086516429306,0.2982179918414084,5162,-0.35113596033061517
kyle,short,1,1.9253492748776313e-07,2.3261133633026505e-07,14019,-0.277911050515623,-0.07769245600627828,0.3227762322562237,8762,-0.22031582921131745
is_weekend,long,1,1.0,inf,40121,-0.27836979968721115,-0.09385184678594391,0.3239949153809726,14781,-0.3390127553945945
dn_wick,short,0,-inf,0.021122448979588867,14019,-0.28071993212722973,-0.08050133761788503,0.31093515942649264,6491,-0.30032310842229054
to_lo96,short,9,11.30136586648377,inf,14012,-0.28182791485574765,-0.08160932034640295,0.30423922352269483,5332,-0.19136925986814124
range_z,short,1,-0.9189100628585302,-0.7297316055360483,13962,-0.2849372763980101,-0.08471868188866538,0.3078355536456095,5441,-0.22979268187840218
pos480,short,7,0.7328917541385875,0.815278693924369,13972,-0.29272067699767934,-0.09250208248833464,0.2960206126538792,3872,-0.13200618188549543
tbi,short,9,0.08882040853030082,inf,14020,-0.2949656461413659,-0.09474705163202118,0.3124108416547789,7843,-0.259305883331003
dq,short,9,0.17768073717980362,inf,14020,-0.2955469897966398,-0.09532839528729509,0.3121968616262482,7844,-0.2591117977001695
pos96,short,4,0.43406478578891766,0.5241906794734976,14011,-0.30347928507855737,-0.10326069056921267,0.29847976589822284,4445,-0.19672269723454722
vol_of_vol,short,0,-inf,-1.0123047631954458,13971,-0.3037532887454403,-0.10353469423609557,0.33197337341636246,5940,-0.3878774334861422
flow_eff,long,2,0.0007886248694455415,0.007112042793778965,14018,-0.30989700001910697,-0.12537904711783973,0.33792267085176203,7843,-0.3308639844293748
atr_rank,long,0,-inf,0.04791666666666667,13877,-0.31359342596731576,-0.12907547306604852,0.3424371261800101,5617,-0.3962729981430797
to_hi96,long,9,9.995326214611287,inf,14011,-0.3150620095420376,-0.13054405664077037,0.2931982014131754,6388,-0.35371794145902047
updn_ratio,long,5,0.5,0.5333333333333333,2876,-0.31841225736373624,-0.133894304462469,0.33136300417246173,1433,-0.331557561933478
trade_intensity,short,0,-inf,0.41476178910634165,14011,-0.3214339574924759,-0.12121536298313118,0.30197701805724075,7302,-0.2138121756354981
avg_trade_usd,short,0,-inf,2381.476814011581,14019,-0.3242378628656964,-0.12401926835635169,0.3117911405949069,6732,-0.1318271757667095
range_rank,short,0,-inf,0.08125,13702,-0.32703883891943314,-0.12682024441008843,0.3184206685155452,5423,-0.39389498832549774
tbi_ma8,short,9,0.02626495143850748,inf,14015,-0.32948444283853573,-0.12926584832919102,0.29810916874777027,8927,-0.26224016258663596
updn_ratio,long,3,0.42857142857142855,0.4666666666666667,2881,-0.3316452995600326,-0.14712734665876534,0.3307879208608122,1524,-0.30243099815869223
tbi_ma96,short,9,0.007108160771714427,inf,13963,-0.33255533212996513,-0.13233673762062043,0.27981092888347775,7008,-0.2886187205782323
atr_pct,short,1,0.001776361964688786,0.002388450577240691,14020,-0.33858774655584023,-0.13836915204649552,0.3114835948644793,9697,-0.24403733243135875
dow,long,5,5.0,6.0,20062,-0.3406504695998183,-0.15613251669855108,0.30031901106569636,7391,-0.32716302348834214
pos480,long,4,0.43821100202586943,0.5288347990661115,13973,-0.34479784671635144,-0.1602798938150842,0.28361840692764617,5167,-0.22331168083601488
updn_ratio,short,5,0.5,0.5333333333333333,2876,-0.3570821413167467,-0.156863546807402,0.3184979137691238,1433,-0.39567367732435804
tbi_ma24,short,9,0.013942749809336623,inf,14006,-0.36099839041559334,-0.16077979590624863,0.2801656432957304,8763,-0.22519192013733375
dq_cum24,short,9,0.671340608573543,inf,14006,-0.3615451271909784,-0.16132653268163372,0.27988005140654004,8749,-0.22496555331523693
kyle,long,0,-inf,1.9253450234524024e-07,14019,-0.36987825864631246,-0.18536030574504522,0.33682858977102503,14165,-0.34552420475442613
to_hi480,long,9,26.53965160734974,inf,13973,-0.37141846135668816,-0.18690050845542092,0.31267444356974167,6009,-0.4335831111692054
atr_rank,short,0,-inf,0.04791666666666667,13878,-0.3725392255707873,-0.17232063106144258,0.31957054330595186,5617,-0.4391243904335809
flow_eff,short,2,0.0007883383145950224,0.007111658818778019,14019,-0.3740761593993672,-0.17385756489002252,0.3146444111562879,7843,-0.348515343177738
updn_ratio,short,3,0.42857142857142855,0.4666666666666667,2881,-0.38351853490600374,-0.18329994039665903,0.31377993752169386,1524,-0.37645221225021136
to_lo480,short,9,29.734557893929498,inf,13973,-0.400111199322677,-0.19989260481333232,0.29521219494739853,5060,-0.4276755148712404
updn_ratio,short,7,0.5454545454545454,0.6,2601,-0.4011171859811369,-0.20089859147179218,0.3044982698961938,1374,-0.36716752840145966
kyle,short,0,-inf,1.9253492748776313e-07,14019,-0.40635290449359557,-0.20613430998425086,0.3232755546044654,14161,-0.3405853712873268
atr_pct,long,0,-inf,0.0017763599172263232,14021,-0.4354636084202184,-0.2509456555189512,0.34819199771770915,9359,-0.37825196594017907
atr_pct,short,0,-inf,0.001776361964688786,14021,-0.5289275674493218,-0.3287089729399771,0.31374367020897226,9358,-0.49228039890914244
