feature,side,bin,lo,hi,n,exp_r,lift,wr,n_test,exp_r_test
pos480,long,7,0.796112505193789,0.8739881025689143,828,0.32426451782320664,0.4129954703718374,0.46859903381642515,365,0.03494501475493265
to_hi480,short,8,22.051911477403223,30.382761438644796,829,0.25870755615232593,0.3461935893405906,0.44149577804583834,504,-0.16813921753470917
to_hi96,long,4,3.3604410362712,4.358958469130034,867,0.2359127702669768,0.3246437228156076,0.43944636678200694,353,0.1030185426234858
to_lo480,short,9,25.484712895199703,inf,829,0.2316479498886754,0.3191339830769401,0.4439083232810615,249,-0.16622025748654218
persist96,long,9,0.26354186353312103,inf,867,0.212776718965854,0.3015076715144848,0.42675893886966554,162,-0.3158678710851419
to_hi24,short,9,4.790134118284894,inf,875,0.17822946045365579,0.26571549364192043,0.4114285714285714,386,0.11330254267881387
since_hi480,short,6,280.0,355.0,826,0.17005471187927612,0.25754074506754077,0.4152542372881356,268,-0.429413185455003
disp24,short,0,-inf,-3.577461783881696,874,0.16148624915465828,0.24897228234292296,0.40274599542334094,405,0.01173187975419564
to_lo96,long,8,9.137172348829573,11.48572580007687,867,0.141504431489185,0.2302353840378158,0.4117647058823529,310,-0.04991608962380959
persist24,short,6,0.2462627617705114,0.30578017484461784,873,0.13478451285739237,0.22227054604565705,0.4009163802978236,306,0.030904349755081748
dq_cum24,long,9,0.2675339650052798,inf,875,0.12663001051981188,0.21536096306844266,0.39885714285714285,529,0.0340293366195942
tbi_ma24,long,9,0.005514033581752368,inf,875,0.12602459839152366,0.21475555094015447,0.39885714285714285,530,0.03188434938350267
since_lo480,short,2,111.0,176.50000000000045,838,0.11958774707293361,0.20707378026119827,0.4021479713603819,373,0.05714128291373427
to_hi480,long,2,3.0011919642799527,4.7998143696449915,829,0.11786182535162221,0.206592777900253,0.39927623642943305,291,-0.04908604053745429
persist96,short,7,0.15744874036607343,0.19993176108058378,867,0.11718018082266117,0.20466621401092583,0.3944636678200692,362,-0.22647181317585197
pos96,long,7,0.7579715165324187,0.8399926079556,867,0.11504567413849588,0.20377662668712668,0.40369088811995385,303,-0.005301304576237313
disp96,long,9,9.598565625143438,inf,867,0.11413973372699791,0.2028706862756287,0.3990772779700115,117,-0.322798735591993
since_lo480,long,6,366.0,410.0,830,0.10758053749067757,0.19631149003930837,0.39397590361445783,247,-0.07856163357294035
atr_pct,long,4,0.015344019804804385,0.017038161888111823,876,0.10724942488853774,0.19598037743716853,0.3938356164383562,287,-0.24591813819529387
disp96,short,1,-7.316418299668853,-4.6414997717812,867,0.10289494374811013,0.1903809769363748,0.3817762399077278,306,-0.26930390987238273
since_lo480,short,0,-inf,46.0,826,0.09611760597150525,0.1836036391597699,0.37530266343825663,472,0.027894994976442142
to_lo480,short,2,6.32392160129927,8.431407725710367,829,0.09432461067210153,0.1818106438603662,0.38721351025331724,463,-0.03403342433636877
vol_of_vol,short,9,1.3208321731087087,inf,827,0.09279405276900127,0.1802800859572659,0.37122128174123337,299,0.18169891880552427
pos480,short,1,0.14801776353696755,0.2171383053410379,828,0.08654297082327869,0.17402900401154336,0.3804347826086957,455,-0.3789099317801441
absorb_z,short,8,0.2261836432179246,0.3861689089193485,848,0.08511106190661256,0.17259709509487722,0.38089622641509435,289,-0.2009699444511266
disp24,long,9,4.243089271256354,inf,875,0.07948203315863697,0.16821298570726778,0.38742857142857146,246,0.1707146988137022
to_hi96,long,2,1.7493207730872482,2.5101534920313773,867,0.07583720542603911,0.1645681579746699,0.38985005767012687,275,-0.15521305321183387
to_lo24,long,9,5.380773368718427,inf,875,0.07445964147410009,0.1631905940227309,0.3851428571428571,269,0.07694981683057471
pos480,short,2,0.2171383053410379,0.3050713968053542,829,0.06764612326622135,0.15513215645448603,0.3835946924004825,502,-0.02912387074199279
since_hi96,long,7,73.0,84.0,811,0.060458923615849224,0.14918987616448,0.3785450061652281,353,-0.2648625678889799
disp24,short,7,1.764446311305434,2.8978604858971413,873,0.05931283948004496,0.14679887266830963,0.3768613974799542,301,-0.11382136237457857
absorb_z,long,2,-0.16077695321819727,-0.088541607076107,847,0.05711021817859548,0.14584117072722627,0.38016528925619836,262,-0.16682626785938343
pos480,long,0,-inf,0.14801776353696755,829,0.054806106221973,0.1435370587706038,0.3618817852834741,296,0.24568787296312153
pos96,long,4,0.43698615688442133,0.5330857457785712,867,0.05461677825830033,0.14334773080693114,0.37831603229527105,289,0.01774907949646916
to_lo96,short,1,1.5534555465878805,2.5780327686168896,867,0.054397246760269746,0.1418832799485344,0.37139561707035756,366,0.04415378409927017
to_lo24,short,7,3.5732048953253366,4.366514855543424,874,0.05231573683878011,0.13980177002704477,0.37299771167048057,325,-0.14946587356947466
pos96,short,1,0.15131782706036528,0.2543062883895379,867,0.05174996075975259,0.13923599394801725,0.370242214532872,373,-0.07815981505850192
tbi_ma8,long,9,0.00884038084554492,inf,876,0.050978480609108257,0.13970943315773904,0.3767123287671233,527,-0.01251852227001756
tbi_ma96,short,0,-inf,-0.007067867750344451,867,0.04768476973169582,0.13517080291996048,0.3644752018454441,672,-0.11712403054420766
to_hi480,short,4,7.102057272876573,9.848374878703964,829,0.045687238176775086,0.13317327136503976,0.36550060313630883,295,0.1075278432817552
to_hi24,long,7,3.0361244652164334,3.7577961891365845,874,0.045597939794408744,0.13432889234303955,0.3707093821510298,386,-0.008188558501322982
since_lo96,long,8,90.0,95.0,838,0.04497134552118667,0.13370229806981748,0.37708830548926014,304,-0.17529255585482104
pos96,long,8,0.8399926079556,0.909131041130446,867,0.04217827873979535,0.13090923128842613,0.3760092272202999,260,0.006878941053506964
lo_pos,long,4,0.27615062761506276,0.39748953974895396,862,0.039693453717891944,0.12842440626652274,0.3723897911832947,300,-0.07582366278885479
rpt_rank,short,0,-inf,0.07916666666666666,822,0.03776236986780716,0.12524840305607182,0.3686131386861314,271,-0.0173312573225392
tbi_ma96,short,1,-0.007067867750344451,-0.005221464332485892,867,0.03713857926401057,0.12462461245227523,0.3679354094579008,393,-0.08891677986053988
tbi_ma96,long,3,-0.003994503230319841,-0.003074124309458409,867,0.036751635952667915,0.1254825885012987,0.3737024221453287,215,-0.08590638614789489
vol_of_vol,long,1,-0.8806657599615962,-0.7203019051498344,826,0.03664999157308326,0.12538094412171405,0.37409200968523004,283,-0.08967820956711725
disp96,short,5,0.3660211886731899,1.9630870197531143,867,0.03659921091789199,0.12408524410615665,0.3737024221453287,311,-0.1177150277907114
to_lo480,long,6,15.868379882089577,18.747682216231087,829,0.03649519224061111,0.1252261447892419,0.37394451145958985,256,-0.3058080567506375
range_rank,long,9,0.9020833333333333,inf,837,0.03601996974150339,0.12475092229013418,0.3632019115890084,310,-0.196026207451612
pos96,short,3,0.34108142424222404,0.43698615688442133,867,0.03426871291008571,0.12175474609835037,0.3644752018454441,441,0.03744890479626069
to_hi96,short,7,6.5778721548054815,7.93958480731143,867,0.03353679648691109,0.12102282967517575,0.3621683967704729,366,-0.011861797584008158
disp6,long,2,-1.0597079211984235,-0.6087177305173185,876,0.033294957254077134,0.12202590980270793,0.3687214611872146,311,-0.037154362611245724
hi_pos,short,7,0.698744769874477,0.8284518828451883,877,0.031169211611466817,0.11865524479973147,0.36488027366020526,328,-0.09331761348793195
to_hi96,short,9,9.983912827373404,inf,867,0.030321284886810997,0.11780731807507566,0.370242214532872,380,-0.16189796645213186
to_lo96,short,6,6.379207564025311,7.596208370083321,867,0.027774701218987185,0.11526073440725185,0.3679354094579008,344,-0.14882361356188825
close_loc,short,8,0.7890827405603821,0.8779196224862643,876,0.027474586248099207,0.11496061943636386,0.3641552511415525,317,-0.12042522182396613
ats_z96,short,0,-inf,-1.3406424527553134,867,0.0269255410967902,0.11441157428505486,0.3575547866205306,313,-0.06982254491712708
pos24,short,0,-inf,0.1529843724693117,875,0.02522267112685395,0.1127087043151186,0.36114285714285715,385,-0.05431172242408519
ats_rank480,short,1,0.08333333333333333,0.175,839,0.02470004186186388,0.11218607505012854,0.36471990464839094,327,-0.05604421068978071
tbi_ma8,short,2,-0.009703235316404617,-0.006834991048846032,876,0.02356231708401331,0.11104835027227797,0.3641552511415525,283,-0.013257330712125072
persist6,short,5,0.39038315738435553,0.4832805114664188,876,0.0230442787121463,0.11053031190041096,0.363013698630137,342,-0.10095478168966962
tbi_ma24,short,6,-0.0007328653022908441,0.0009966377006771499,874,0.022853956011391414,0.11033998919965607,0.36498855835240274,259,-0.1385629765835652
ats_z96,long,6,0.2738726853948817,0.5982659455752135,867,0.022197302803534776,0.11092825535216558,0.3690888119953864,331,-0.1720030893155193
tbi_z24,long,5,-0.001980968647508028,0.2685552548113925,874,0.021535270314753774,0.11026622286338457,0.36613272311212813,343,-0.0954289107065801
tbi_ma24,short,2,-0.007350625201617627,-0.005544708761485168,874,0.02126866412127997,0.10875469730954462,0.36384439359267734,293,-0.036335764201798765
since_hi24,short,9,24.0,inf,1045,0.01945953874187303,0.10694557193013769,0.35789473684210527,451,-0.09986190321868522
to_lo480,short,1,4.2166649766533375,6.32392160129927,828,0.018981469465724602,0.10646750265398926,0.36231884057971014,398,-0.1232103374808389
disp24,short,1,-3.577461783881696,-2.291969682185864,874,0.01859077865178811,0.10607681184005277,0.36155606407322655,334,0.0397640233919162
extreme_late,short,3,0.5188284518828452,0.6234309623430963,885,0.018552752665279542,0.1060387858535442,0.3638418079096045,283,-0.16836376066261322
since_hi24,long,4,10.0,13.0,779,0.017393374006942634,0.10612432655557343,0.36585365853658536,276,-0.10859889902234779
range_rank,short,4,0.3770833333333333,0.48125,833,0.015820488800969337,0.103306521989234,0.3637454981992797,328,-0.23796084044650578
atr_rank,long,9,0.9083333333333333,inf,845,0.014675797848352426,0.10340675039698322,0.3479289940828402,334,-0.3241223952679098
to_hi24,long,4,1.72453232391888,2.1035386337179403,874,0.014504030274087212,0.10323498282271801,0.36613272311212813,275,-0.07582368636519939
updn_ratio,short,7,0.5146443514644351,0.5232067510548524,882,0.014051986495455164,0.10153801968371982,0.35941043083900226,325,0.014027603991144855
dq_cum24,short,6,-0.03202331147178632,0.051199594242740815,874,0.013263293445586835,0.1007493266338515,0.36155606407322655,254,-0.14311045790180488
pos96,short,6,0.6450096414647009,0.7579715165324187,867,0.012807420956069022,0.10029345414433369,0.3633217993079585,358,-0.2278036966412902
hi_pos,long,9,0.9414225941422594,inf,901,0.012439318173993743,0.10117027072262454,0.36403995560488345,342,-0.16414729454210825
avg_trade_usd,short,9,5193.04320066882,inf,877,0.01235382596603891,0.09983985915430357,0.3580387685290764,849,-0.17293619733315704
disp6,short,5,0.03261478069250262,0.329275481138288,876,0.012214652165340085,0.09970068535360474,0.365296803652968,296,-0.22047114715324168
persist24,long,9,0.46544431995907726,inf,875,0.012001537574892267,0.10073249012352306,0.36342857142857143,265,0.11855225017117364
close_loc,long,9,0.8779196224862643,inf,877,0.010722916797462439,0.09945386934609324,0.36259977194982895,406,-0.11726900774530773
since_hi480,long,8,409.0,462.0,822,0.010647871073234469,0.09937882362186526,0.36009732360097324,311,-0.05160252590241611
ats_rank480,long,5,0.51875,0.6416666666666667,835,0.009800233277988927,0.09853118582661972,0.3664670658682635,334,-0.21570135781442773
persist6,long,7,0.5799522535681318,0.6910456957029085,876,0.009532999861983154,0.09826395241061395,0.3595890410958904,315,-0.17381734314157188
persist24,short,7,0.30578017484461784,0.3730368956947808,874,0.009251356652868319,0.09673738984113298,0.35926773455377575,314,-0.09544562103849874
vol_of_vol,long,2,-0.7203019051498344,-0.5853181162439783,826,0.009127099300488353,0.09785805184911915,0.36803874092009686,204,0.07368111710439469
dq,long,9,0.050170927440953784,inf,877,0.0075868220227425865,0.09631777457137339,0.3694412770809578,535,0.0072859962669857255
tbi,long,9,0.025053853481713743,inf,877,0.007547795506449472,0.09627874805508027,0.3694412770809578,536,0.010611650849301053
hi_pos,short,5,0.41841004184100417,0.5564853556485355,865,0.007500822703256193,0.09498685589152085,0.35953757225433525,346,-0.11641682619993346
tbi_ma96,short,8,0.0011656080331935539,0.0027365291248077385,867,0.006224134759417564,0.09371016794768222,0.3575547866205306,277,-0.1918365145459776
since_lo24,long,0,-inf,2.0,667,0.0058981653018312305,0.09462911785046202,0.3583208395802099,284,-0.20826805481886146
accel,long,0,-inf,-1.6491428709401679,874,0.005596893840258335,0.09432784638888914,0.35697940503432496,357,-0.15678914458524051
tbi_ma8,short,6,-8.514950941362843e-05,0.00217507300364068,875,0.0055758683455271124,0.09306190153379178,0.3588571428571429,242,-0.06784324659012883
since_hi96,long,1,4.0,10.0,826,0.004821020267106756,0.09355197281573754,0.36077481840193704,245,-0.11210904922290334
since_lo480,short,3,176.50000000000045,249.0,824,0.0047418710973657985,0.09222790428563046,0.3640776699029126,393,-0.41034178365633506
since_lo96,short,1,7.0,19.0,934,0.004605772313182074,0.09209180550144673,0.3490364025695932,393,-0.03855925266618809
tbi_ma96,long,7,-0.00030567570763539233,0.0011656080331935539,867,0.004547171534470684,0.09327812408310147,0.3644752018454441,232,0.02388625838248021
persist96,short,0,-inf,0.01631211901011021,867,0.004329806566930854,0.09181583975519551,0.3621683967704729,307,-0.01066739820631971
absorb_z,long,6,0.10621992214079679,0.15378856212922218,848,0.003992026155869826,0.09272297870450062,0.3608490566037736,371,-0.2272459646451681
since_lo96,short,5,60.0,71.0,824,0.003644356712168198,0.09113038990043286,0.3616504854368932,267,-0.19577114599321027
dq_cum24,short,2,-0.34899101821812256,-0.2629753993361918,874,0.003407763148432376,0.09089379633669703,0.35812356979405036,295,-0.05282417827556708
atr_pct,short,1,0.01019349926659955,0.012070208858927747,876,0.003371665118261162,0.09085769830652582,0.3710045662100457,693,0.006024516755035454
tbi_ma8,long,0,-inf,-0.013406686286847434,876,0.0031568927751307206,0.09188784532376151,0.3595890410958904,546,-0.15031838914263757
to_hi24,long,6,2.534017030051735,3.0361244652164334,874,0.003026230745116878,0.09175718329374767,0.35697940503432496,290,0.008596465083255601
hi_pos,long,1,0.02092050209205021,0.07531380753138076,841,0.0026518837527498215,0.09138283630138061,0.36028537455410226,282,-0.004503785469524761
persist24,long,4,0.1516318381334749,0.19597906119336136,874,0.002597871367131693,0.09132882391576248,0.35926773455377575,288,-0.1408332213285274
kyle_z,short,0,-inf,-1.135397580785618,867,0.0025308342097352878,0.09001686739799995,0.3621683967704729,368,-0.0966741530155466
pos24,long,7,0.7301728498703437,0.8091875995254977,874,0.0013604025741835058,0.0900913551228143,0.36155606407322655,255,-0.016197318734058618
efficiency,long,5,0.04943748063074492,0.06181974422204902,877,2.6698006994908797e-05,0.0887576505556257,0.3603192702394527,312,-0.029353154739410935
rpt_z,long,8,0.7850117122844968,1.3331224320282498,867,-0.001081423569608101,0.0876495289790227,0.3575547866205306,358,-0.15223174454254157
to_hi480,long,9,30.382761438644796,inf,829,-0.0013649696296319136,0.08736598291899889,0.36429433051869725,239,0.43507475435917947
vol_of_vol,short,0,-inf,-0.8806657599615962,827,-0.0017224489056061843,0.08576358428265847,0.3603385731559855,629,-0.1546098363820485
up_wick,short,3,0.1537346445545088,0.2055823326150177,876,-0.0019301696104416291,0.08555586357782304,0.3538812785388128,330,-0.12836465455079007
disp96,long,6,1.9630870197531143,3.8574025234418943,867,-0.0020409131005844016,0.08669003944804639,0.3621683967704729,313,-0.1357425997120054
persist6,short,1,0.0737464414356186,0.1437316015990382,876,-0.0022840368781797543,0.0852019963100849,0.3561643835616438,280,-0.11638227055192221
updn_ratio,long,9,0.5366106233019649,inf,877,-0.0034570608020277884,0.085273891746603,0.3637400228050171,433,-0.05874756658261201
trade_intensity,long,9,1.8005630550031468,inf,867,-0.004230479409144665,0.08450047313948614,0.356401384083045,414,-0.12938757761012862
since_lo96,short,6,71.0,82.0,890,-0.004415731248771916,0.08307030193949275,0.3595505617977528,329,-0.028720074059594265
disp6,long,9,1.9383292806548476,inf,876,-0.004925127554152701,0.0838058249944781,0.3607305936073059,300,-0.10800684505658659
trade_intensity,short,2,0.5487640851719368,0.6373089822903832,867,-0.005012157280706832,0.08247387590755782,0.35870818915801617,264,-0.18440838697680303
since_lo96,long,7,82.0,90.0,870,-0.00556369382740292,0.08316725872122788,0.3620689655172414,354,0.04398598939551154
kyle,short,2,2.3599434372685855e-07,2.6778939369519616e-07,877,-0.005842971707572514,0.08164306148069214,0.3614595210946408,411,-0.07622490208453317
since_lo96,long,9,95.0,inf,931,-0.006216147398709195,0.0825148051499216,0.35875402792696026,266,-0.2986449381755422
range_rank,short,1,0.08125,0.17291666666666666,818,-0.006907733022310803,0.08057830016595385,0.3606356968215159,308,-0.051497776273527966
flow_eff,long,8,0.9207250652891722,1.6727174680472765,876,-0.007780590996140664,0.08095036155249014,0.3504566210045662,181,-0.32999022920494137
pos96,short,2,0.2543062883895379,0.34108142424222404,867,-0.01059986568165333,0.07688616750661133,0.3517877739331027,326,-0.2968658994648676
hi_pos,long,4,0.27615062761506276,0.41841004184100417,880,-0.010628765398847318,0.07810218714978348,0.3568181818181818,361,-0.12719981221953422
wick_skew,long,6,0.06493913238194599,0.1466209500176167,876,-0.010879663291192521,0.07785128925743827,0.3573059360730594,325,-0.17184200195048746
to_hi96,short,6,5.456963927412087,6.5778721548054815,867,-0.010943297689981594,0.07654273549828307,0.3506343713956171,305,-0.2484294785718596
close_loc,long,1,0.14601537594380817,0.2411498761821243,876,-0.011143815625497645,0.07758713692313315,0.3538812785388128,331,-0.1621834684645316
dow,short,3,3.0,4.0,1248,-0.011226933649001732,0.07625909953926292,0.35096153846153844,462,0.04519866895995326
to_hi96,short,5,4.358958469130034,5.456963927412087,867,-0.011836423296674474,0.07564960989159018,0.35294117647058826,310,0.1456736006644492
range_z,long,9,1.2202518597702472,inf,867,-0.01187579528402017,0.07685515726461062,0.35409457900807384,359,-0.12935004301159253
ats_rank480,short,3,0.28541666666666665,0.4,830,-0.01240657339768037,0.0750794597905843,0.3542168674698795,332,-0.037120699713181396
up_wick,long,1,0.057539600530415035,0.10769834952449314,876,-0.013013284591139086,0.07571766795749171,0.3515981735159817,354,-0.22971274187420113
ats_z96,short,1,-1.3406424527553134,-0.9122146512040115,867,-0.013424146721205038,0.07406188646705962,0.3506343713956171,355,0.006011889873645655
lo_pos,short,1,0.016736401673640166,0.07112970711297072,900,-0.013571322530866093,0.07391471065739856,0.35,288,-0.0731676184270113
dn_wick,short,8,0.4897686602436436,0.6023615805780694,876,-0.013774472539734354,0.07371156064853031,0.3550228310502283,304,-0.14268024329581008
since_lo24,short,3,8.0,11.0,758,-0.013875596510961404,0.07361043667730326,0.3482849604221636,279,-0.2828394749652769
vol_of_vol,long,6,-0.1159629389336806,0.1305644429785149,826,-0.014032295008706187,0.0746986575399246,0.35351089588377727,256,0.03732260762725663
since_hi96,short,2,10.0,20.0,939,-0.014050125526879476,0.07343590766138518,0.3546325878594249,276,-0.09331726059431053
persist96,short,4,0.07344964523908125,0.09793205045260268,866,-0.014319904097354305,0.07316612909091036,0.3510392609699769,406,-0.12231780167272988
atr_rank,short,0,-inf,0.04791666666666667,820,-0.014477643466324495,0.07300838972194017,0.3670731707317073,239,-0.23032839526723045
since_lo480,long,1,46.0,111.0,822,-0.014760799888743148,0.07397015265988764,0.3564476885644769,402,-0.04001806573772722
absorb_z,short,9,0.3861689089193485,inf,848,-0.015470666880055972,0.07201536630820869,0.3490566037735849,330,-0.09372427513580642
to_lo96,short,0,-inf,1.5534555465878805,867,-0.015476630672198857,0.0720094025160658,0.34486735870818913,356,0.030324079399842965
range_per_trade,short,2,2.1104472055980993e-08,2.3595939859596615e-08,877,-0.015591482438562804,0.07189455074970186,0.35461801596351195,498,-0.06042372258902088
disp6,short,0,-inf,-1.7804717542894932,876,-0.015823896320513876,0.07166213686775078,0.3481735159817352,381,0.00114691574090213
to_hi480,short,5,9.848374878703964,12.64774500004412,829,-0.01584677428856455,0.0716392588997001,0.35102533172496986,312,-0.11595467456528315
since_hi480,long,2,33.0,69.0,819,-0.01594154540874417,0.07278940713988663,0.35653235653235654,233,-0.40865312619942396
gap,long,2,-7.901603251036761e-05,0.0,530,-0.016612470620490673,0.07211848192814012,0.3433962264150943,257,-0.3556906800273654
tbi_ma24,long,7,0.0009966377006771499,0.0030165052439096785,874,-0.016654217918505545,0.07207673463012525,0.35469107551487417,246,-0.007076844957114364
kyle,short,3,2.6778939369519616e-07,2.987557355074311e-07,876,-0.01735776596004032,0.07012826722822434,0.3515981735159817,336,-0.1299147307037325
accel,long,2,-1.0997316491236018,-0.699012663140142,875,-0.01794106612416644,0.07078988642446435,0.35314285714285715,286,-0.07671516872703782
extreme_late,short,7,0.8786610878661087,0.9372384937238494,865,-0.018657540209812723,0.06882849297845194,0.35028901734104045,352,-0.13105637652141058
tbi_z24,short,9,1.323035951769245,inf,875,-0.018659898596241696,0.06882613459202297,0.3462857142857143,295,-0.07431923589746332
tbi,long,5,-0.0023197511107546642,0.0030071644135989633,877,-0.019561974023328998,0.0691689785253018,0.3500570125427594,261,-0.05173799049966571
to_lo24,long,0,-inf,0.7648849695554003,875,-0.019638206256536,0.0690927462920948,0.3497142857142857,377,-0.07806487085906101
rpt_z,short,3,-0.6179349713597198,-0.3821033315739095,867,-0.01989583117554108,0.06759020201272357,0.35294117647058826,268,0.024144224396629117
dq_cum24,long,7,0.051199594242740815,0.1483850612762181,874,-0.02002011952308128,0.06871083302554952,0.35354691075514877,252,-0.02259300458705071
kyle,long,1,2.0053712473038197e-07,2.3599434372685855e-07,876,-0.020406880496099636,0.06832407205253116,0.3607305936073059,542,-0.018776618762393803
disp96,short,0,-inf,-7.316418299668853,867,-0.021019042710437988,0.06646699047782667,0.3460207612456747,477,0.016715043069515965
range_z,short,0,-inf,-0.939232251268162,867,-0.02110497050402841,0.06638106268423624,0.35294117647058826,384,-0.20282385769495806
to_lo480,long,7,18.747682216231087,21.70941120235073,828,-0.021346601893456038,0.06738435065517476,0.35507246376811596,212,-0.05747688359314747
body_frac,long,2,-0.44780140982012545,-0.29681895058452057,877,-0.0213772248381731,0.0673537277104577,0.3523375142531357,283,-0.1898503382588132
absorb,long,5,-0.008677057017303397,0.009896605556402129,876,-0.021985839910694135,0.06674511263793666,0.3493150684931507,356,-0.10769762784447418
disp24,short,8,2.8978604858971413,4.243089271256354,874,-0.022034840219412127,0.06545119296885253,0.3489702517162471,274,-0.05136193959712649
since_lo24,long,1,2.0,5.0,1079,-0.02210495498075234,0.06662599756787846,0.35032437442076,401,-0.1408199613455806
since_hi24,long,0,-inf,2.0,802,-0.02218500251710121,0.06654595003152958,0.3566084788029925,297,-0.14485980681539432
since_hi480,long,4,125.0,198.0,830,-0.022770679805173884,0.06596027274345691,0.3542168674698795,529,-0.13486352487170022
accel,short,8,1.0856744648996421,1.6839231485814867,874,-0.023351787658264633,0.06413424553000002,0.34668192219679633,370,-0.10757052947225172
ats_rank480,short,0,-inf,0.08333333333333333,817,-0.02339805772334478,0.06408797546491987,0.3378212974296206,425,0.04791056525105034
dq_z96,short,3,-0.537193005180019,-0.2566671889570011,867,-0.02340675064529918,0.06407928254296548,0.34832756632064593,299,-0.0821051607442886
since_hi96,short,3,20.0,31.0,823,-0.023831529008928622,0.06365450417933603,0.34993924665856624,288,0.016845722241393173
disp24,long,2,-2.291969682185864,-1.3908624376971332,875,-0.023983653394223706,0.06474729915440709,0.3474285714285714,273,-0.17468257531919465
persist6,short,0,-inf,0.0737464414356186,876,-0.02421768766658342,0.06326834552168124,0.3515981735159817,323,-0.10157968588188312
dq_cum24,long,4,-0.1808396350302467,-0.10654500091574812,874,-0.024509771014999918,0.06422118153363088,0.3512585812356979,236,-0.14690620848256442
rpt_z,long,5,-0.14651668596023054,0.11541738274548088,867,-0.024628480384500544,0.06410247216413026,0.3517877739331027,298,-0.07310027461452362
pos96,short,0,-inf,0.15131782706036528,867,-0.02465583557136915,0.06283019761689551,0.34371395617070355,340,0.013421934019932427
tbi_ma24,long,1,-0.009992051737382303,-0.007350625201617627,874,-0.02480739800216719,0.0639235545464636,0.3512585812356979,325,-0.2687160073403311
atr_rank,short,2,0.13333333333333333,0.22708333333333333,814,-0.024836426222764697,0.06264960696549995,0.35503685503685506,379,-0.09494560564628945
to_hi24,long,5,2.1035386337179403,2.534017030051735,874,-0.024870625249328433,0.06386032729930236,0.3501144164759725,276,0.09288581375315552
extreme_late,short,5,0.7238493723849372,0.8075313807531381,903,-0.024948861878607165,0.0625371713096575,0.3477297895902547,365,-0.03642136542335035
accel,short,6,0.33119465026240713,0.6613074383967532,874,-0.02497948629911319,0.06250654688915147,0.34782608695652173,255,-0.23886577425834157
disp96,long,3,-2.613129304605548,-1.072868132323117,867,-0.02498024089992401,0.06375071164870678,0.3506343713956171,317,-0.23328142330798568
wick_skew,long,9,0.3995793140200461,inf,877,-0.025342479254605116,0.06338847329402568,0.35347776510832385,312,-0.12272695927258791
absorb_z,long,4,-0.023011506087688857,0.048648778315058844,847,-0.025403785666102515,0.06332716688252828,0.34710743801652894,342,-0.0903934615527215
dq_cum24,short,1,-0.4757069499251344,-0.34899101821812256,874,-0.025423706712769265,0.062062326475495394,0.34439359267734554,325,0.02123373468253047
tbi_ma24,long,4,-0.0038413223296578833,-0.002282175875109503,874,-0.025440328770438076,0.06329062377819272,0.3512585812356979,235,-0.1411049096031659
absorb,long,4,-0.02381027372215469,-0.008677057017303397,876,-0.02573836699937457,0.06299258554925623,0.3458904109589041,290,-0.13649958106839555
avg_trade_usd,long,6,4147.058274240792,4429.932133653071,876,-0.025907511656247457,0.06282344089238334,0.3481735159817352,191,-0.03639136941281662
atr_rank,long,1,0.04791666666666667,0.13333333333333333,836,-0.02598891301531504,0.06274203953331575,0.36004784688995217,379,0.010387235141187851
absorb_z,long,5,0.048648778315058844,0.10621992214079679,848,-0.026176099642750552,0.06255485290588024,0.35023584905660377,410,-0.13796608098675253
wick_skew,short,5,-0.013552295918367374,0.06493913238194599,877,-0.026327955616600937,0.06115807757166372,0.346636259977195,359,-0.1322206812986143
trade_intensity,short,0,-inf,0.44299151602712095,867,-0.026637851488869654,0.060848181699395,0.35870818915801617,559,-0.10090581976162492
since_lo480,short,8,447.0,473.0,837,-0.02675522462999854,0.06073080855826612,0.34647550776583036,246,0.045706314000385787
dq,long,5,-0.004422707711386351,0.0061825412298494075,877,-0.02734283154694787,0.06138812100168292,0.34777651083238315,257,-0.04683568631949902
range_per_trade,short,7,3.4871296877540556e-08,3.988356080393457e-08,877,-0.02801802256629326,0.0594680106219714,0.3443557582668187,127,-0.1913569004010215
since_lo480,short,5,316.0,366.0,823,-0.02807571761898326,0.0594103155692814,0.3511543134872418,250,0.24141672035998646
disp6,short,8,1.1803459452900136,1.9383292806548476,876,-0.028295459223370116,0.05919057396489454,0.3447488584474886,335,-0.10178968844351266
vol_of_vol,short,8,0.5234357289122207,1.3208321731087087,826,-0.028840198094851572,0.05864583509341309,0.3450363196125908,395,-0.06804301739276715
extreme_late,long,9,0.9790794979079498,inf,936,-0.028960214807410754,0.05977073774122004,0.3504273504273504,342,-0.3008122071358865
tbi_ma96,short,9,0.0027365291248077385,inf,867,-0.029096144671641497,0.05838988851662316,0.34717416378316035,553,-0.23857462433262336
persist96,long,3,0.0515634106213566,0.07344964523908125,867,-0.02921423799729402,0.05951671455133678,0.3506343713956171,348,0.11524651917846973
range_per_trade,long,9,4.851782534912265e-08,inf,877,-0.02927860469715872,0.059452347851472076,0.338654503990878,2,
tbi_ma8,short,3,-0.006834991048846032,-0.00440441203685144,875,-0.02964948730191119,0.057836545886353466,0.3462857142857143,264,-0.048825092457943545
efficiency,short,3,0.027681176416064802,0.03808282100614866,876,-0.02983217197779067,0.057653861210473986,0.3470319634703196,323,-0.10366757937839328
flow_eff,long,1,-0.39733640764624717,-0.019977624588091714,876,-0.03022978179888902,0.058501170749741774,0.3527397260273973,399,-0.016309827538995125
to_lo24,short,3,1.5507470855117158,1.9944429526824226,874,-0.030251307318154272,0.05723472587011039,0.34553775743707094,342,-0.08761912447616997
efficiency,short,2,0.017949588329827786,0.027681176416064802,877,-0.030255756967238263,0.057230276221026395,0.34549600912200684,312,-0.0035970092462208644
kyle_z,long,9,1.270981246347144,inf,867,-0.03027594188209075,0.05845501066654005,0.3460207612456747,363,-0.18659866593099345
since_hi24,long,5,13.0,16.0,777,-0.03042017920794386,0.05831077334068693,0.3487773487773488,263,-0.08942494786176015
since_hi480,short,5,198.0,280.0,827,-0.030776787473329712,0.05670924571493495,0.347037484885127,497,0.1825910079223275
atr_pct,long,2,0.012070208858927747,0.01380005008421249,877,-0.030907613943555873,0.05782333860507492,0.35461801596351195,484,0.0036626098062535833
rv_vs_range,long,1,0.4846170569677432,0.5423857931751022,876,-0.03133443042742223,0.05739652212120856,0.3481735159817352,276,-0.14034656886109695
to_hi24,short,8,3.7577961891365845,4.790134118284894,874,-0.03133934308781019,0.05614669010045447,0.34553775743707094,372,-0.05319837067255049
rpt_rank,short,4,0.3625,0.4666666666666667,832,-0.03139782825976816,0.0560882049284965,0.34615384615384615,326,-0.12172561684293386
kyle,long,9,6.03328908275103e-07,inf,877,-0.03149170367172003,0.057239248876910766,0.33181299885974913,26,
accel,long,1,-1.6491428709401679,-1.0997316491236018,874,-0.03196596610794124,0.05676498644068956,0.34668192219679633,328,-0.04136101364244237
tbi_ma24,short,1,-0.009992051737382303,-0.007350625201617627,874,-0.03216273311130001,0.05532330007696465,0.34210526315789475,325,0.01373682424907985
pos480,short,5,0.5886857473616829,0.6817188870286215,829,-0.03221211615129409,0.05527391703697057,0.353437876960193,134,0.09999960029790166
since_hi480,long,7,355.0,409.0,835,-0.03232247655702138,0.05640847599160941,0.3532934131736527,200,-0.049775679364259556
disp24,long,1,-3.577461783881696,-2.291969682185864,874,-0.03242710757766289,0.0563038449709679,0.34439359267734554,334,-0.09728368548282997
flow_eff,short,3,0.07632832261883876,0.16344940613187892,877,-0.032854715029332834,0.054631318158931824,0.35347776510832385,458,-0.2137109198134733
since_hi24,long,3,7.0,10.0,828,-0.03305730813614509,0.05567364441248571,0.3466183574879227,311,0.012538525480576575
dn_wick,long,1,0.06063348667650544,0.1146328000538512,876,-0.03345833960822117,0.055272612940409624,0.3493150684931507,316,0.008634914725512926
to_hi96,long,1,1.0266535812153021,1.7493207730872482,867,-0.03352289171094207,0.05520806083768873,0.3506343713956171,268,-0.08495649759155756
dow,long,4,4.0,5.0,1254,-0.03372080136282682,0.05501015118580398,0.3452950558213716,462,0.018754952253554957
since_hi96,short,4,31.0,44.0,880,-0.033739849794961085,0.05374618339330357,0.34545454545454546,275,-0.017273409458077493
to_lo96,long,3,3.4872744615639926,4.363540401278077,867,-0.03391019451766833,0.054820758030962466,0.3460207612456747,319,-0.006186216737254544
pos24,short,1,0.1529843724693117,0.24288878500334718,874,-0.03433926001851728,0.05314677316974738,0.34782608695652173,335,0.05076431909322808
to_hi24,short,3,1.3399987716232993,1.72453232391888,874,-0.034523051253313626,0.05296298193495103,0.34553775743707094,317,-0.026224266271771147
flow_eff,long,9,1.6727174680472765,inf,877,-0.03468607085745234,0.05404488169117846,0.33979475484606614,218,-0.08468648696206475
persist96,short,1,0.01631211901011021,0.03338044619195898,867,-0.03471788474900325,0.052768148439261406,0.34832756632064593,316,0.1373975090520912
persist6,long,2,0.1437316015990382,0.2226079432468842,876,-0.03496707595590216,0.05376387659272863,0.3481735159817352,320,-0.016462315465144105
tbi_ma8,long,8,0.004988225015250394,0.00884038084554492,876,-0.03497894169936468,0.05375201084926612,0.3481735159817352,297,0.1791301238747465
flow_eff,short,5,0.27667621324964786,0.4191040181338267,876,-0.03592219241862321,0.05156384076964145,0.3470319634703196,273,-0.14020380190226608
since_lo480,short,9,473.0,inf,834,-0.036179184111516265,0.051306849076748394,0.34172661870503596,273,-0.14576823558537635
m1_jump,long,9,0.3388243672399471,inf,877,-0.03691983254073087,0.051811120007899926,0.35119726339794755,247,-0.04825382804693744
disp6,long,1,-1.7804717542894932,-1.0597079211984235,876,-0.037023842964707274,0.05170710958392352,0.3447488584474886,359,-0.10445088173647364
efficiency,long,3,0.027681176416064802,0.03808282100614866,876,-0.037216616082615346,0.05151433646601545,0.3458904109589041,323,-0.09172473969735831
accel,short,4,-0.34874645215833466,-0.013099381754319017,874,-0.037381658902935426,0.05010437428532923,0.34668192219679633,336,-0.27800884296572104
lo_pos,short,0,-inf,0.016736401673640166,799,-0.03741806246306056,0.0500679707252041,0.33917396745932415,285,-0.19720451118124677
absorb,long,6,0.009896605556402129,0.02367784555914429,876,-0.03750732465264592,0.05122362789598488,0.3493150684931507,224,0.00978589746638612
disp6,short,6,0.329275481138288,0.6964592982610548,876,-0.03755933750479759,0.04992669568346707,0.3436073059360731,324,-0.09957564501792605
since_hi24,short,6,16.0,20.0,1111,-0.03787041783357486,0.0496156153546898,0.3438343834383438,375,-0.18164089483265547
ats_z96,long,7,0.5982659455752135,0.9826868872856521,867,-0.037884531071753255,0.05084642147687754,0.34717416378316035,323,-0.07573917215518128
to_lo480,short,0,-inf,4.2166649766533375,829,-0.03795712306691717,0.04952891012134749,0.32689987937273823,438,-0.0463543193592829
close_loc,long,0,-inf,0.14601537594380817,877,-0.03848135967567014,0.05024959287296066,0.346636259977195,389,-0.10467193685069814
dq_cum24,long,1,-0.4757069499251344,-0.34899101821812256,874,-0.03881681256425936,0.049914139984371435,0.34668192219679633,325,-0.26886202805205955
atr_rank,short,4,0.3375,0.4625,828,-0.03891680022320489,0.048569232965059765,0.34541062801932365,368,-0.132850999860444
kyle,long,4,2.987557355074311e-07,3.30631537978391e-07,876,-0.03895054622934778,0.049780406319283016,0.3470319634703196,286,-0.24032911385402142
vol_of_vol,long,3,-0.5853181162439783,-0.4435321718973473,826,-0.03904623738243875,0.049684715166192044,0.3486682808716707,210,0.07783639611323585
to_lo24,short,1,0.7648849695554003,1.1706383506773248,874,-0.03930159624889645,0.048184436939368205,0.34439359267734554,312,-0.08159648899877797
atr_pct,short,9,0.030351754735768795,inf,877,-0.03931081186613046,0.0481752213221342,0.31927023945267957,23,
lo_pos,short,8,0.8200836820083682,0.9355648535564869,884,-0.03952669153604135,0.047959341652223306,0.3438914027149321,342,-0.10550595718341495
range_per_trade,long,4,2.5856397998865023e-08,2.840846211011737e-08,876,-0.040028987436235765,0.04870196511239503,0.3481735159817352,385,-0.01857818487421671
since_hi480,long,0,-inf,11.0,808,-0.04005525822034887,0.04867569432828193,0.34529702970297027,186,0.16313063527049246
since_hi96,short,9,93.0,inf,937,-0.04007926442371627,0.04740676876454839,0.3425827107790822,502,-0.11319928057627465
atr_pct,long,7,0.02119866654978644,0.024678765221320686,877,-0.04016476510743645,0.04856618744119435,0.338654503990878,166,-0.3666148857639132
tbi_z96,short,3,-0.5373577890535531,-0.2553814783649961,867,-0.04041330285022727,0.04707273033803739,0.34256055363321797,300,-0.07539598286481711
tbi_ma96,long,6,-0.0013667872336756608,-0.00030567570763539233,867,-0.04048207876607585,0.04824887378255494,0.34717416378316035,210,-0.21289301461379934
trade_intensity,long,6,0.9461992272434562,1.1173278827714148,867,-0.0405031102999853,0.04822784224864549,0.34371395617070355,276,-0.11961366972137491
tbi_z24,short,6,0.2685552548113925,0.5523382488745685,874,-0.040554778652058456,0.0469312545362062,0.34210526315789475,333,-0.13901186489216144
vol_per_trade_z,short,2,-0.9392144382417976,-0.6311977477995068,867,-0.04091358253936755,0.04657245064889711,0.3414071510957324,348,-0.08220633629722544
accel,short,9,1.6839231485814867,inf,875,-0.04092942205450227,0.04655661113376239,0.3382857142857143,325,0.08650851254283301
range_per_trade,short,8,3.988356080393457e-08,4.851782534912265e-08,876,-0.04095336130642836,0.046532671881836296,0.3344748858447489,40,0.003862626851988077
gap,short,5,0.0002571207823121999,inf,877,-0.04119298766782146,0.0462930455204432,0.346636259977195,26,
rpt_z,short,1,-1.216474230141495,-0.890299282014816,867,-0.04139753182729205,0.04608850136097261,0.34486735870818913,324,0.04450484828034507
to_lo96,long,9,11.48572580007687,inf,867,-0.0415717489214297,0.04715920362720109,0.34717416378316035,192,-0.1243017884807092
efficiency,long,6,0.06181974422204902,0.07649580443428429,876,-0.042169827077184016,0.04656112547144678,0.3447488584474886,324,-0.10153121022228631
to_hi96,short,8,7.93958480731143,9.983912827373404,867,-0.04238686073872151,0.045099172449543146,0.33679354094579006,367,0.08554123689343628
dn_wick,long,2,0.1146328000538512,0.16670349907920837,877,-0.04240052117361314,0.046330431375017654,0.3443557582668187,321,-0.11938734919206914
wick_skew,short,3,-0.1806848695854136,-0.09645779357826975,876,-0.042606651251256664,0.044879381937007995,0.3424657534246575,308,-0.17330417023027422
dq,short,8,0.030617822466259943,0.050170927440953784,876,-0.04289528140113377,0.044590751787130886,0.3401826484018265,299,-0.0022117080494110206
to_lo96,long,2,2.5780327686168896,3.4872744615639926,867,-0.04298433928473146,0.04574661326389934,0.34256055363321797,358,-0.13479176422231515
to_hi480,long,7,15.9517432415093,22.051911477403223,828,-0.04318425343240026,0.045546699116230535,0.3466183574879227,421,-0.18334398396199353
tbi_z96,long,5,-0.004833135626994989,0.2589168609623426,867,-0.043198537461294144,0.04553241508733665,0.34256055363321797,370,-0.13337832312546896
rpt_rank,long,2,0.17291666666666666,0.26458333333333334,815,-0.04389520272938702,0.04483574981924378,0.3460122699386503,298,-0.15985343705812344
up_wick,long,4,0.2055823326150177,0.2570842879536988,876,-0.04392007911189402,0.04481087343673677,0.3424657534246575,339,7.490816749150973e-06
absorb,short,3,-0.039510818125478527,-0.02381027372215469,876,-0.043941269199244085,0.043544763989020574,0.3424657534246575,214,-0.018919272236304515
persist24,short,5,0.19597906119336136,0.2462627617705114,875,-0.04415859438676037,0.04332743880150429,0.34285714285714286,300,-0.0021735890835282135
disp96,short,4,-1.072868132323117,0.3660211886731899,866,-0.044490421254144805,0.042995611934119854,0.34526558891454967,281,0.24123121461844424
tbi_ma24,short,0,-inf,-0.009992051737382303,875,-0.0445919082687141,0.04289412491955056,0.3382857142857143,566,0.09506647638682604
since_lo24,short,0,-inf,2.0,667,-0.0446751318130716,0.042810901375193056,0.33883058470764615,284,0.081128794287968
dq_cum24,short,0,-inf,-0.4757069499251344,875,-0.044950122847863636,0.04253591034040102,0.3382857142857143,569,0.09970435585565365
updn_ratio,long,2,0.47368421052631576,0.48333333333333334,858,-0.045149403594022176,0.04358154895460862,0.34382284382284384,269,-0.029692117998403118
to_hi24,short,0,-inf,0.6130051047091024,875,-0.04580997889149729,0.04167605429676737,0.336,343,-0.016311683623444755
body_frac,short,6,0.17569474296582896,0.3299585854842767,876,-0.04589528453720101,0.04159074865106365,0.3424657534246575,310,0.0018481202063163375
efficiency,long,9,0.12435211656186398,inf,877,-0.04592694026052121,0.04280401228810959,0.346636259977195,356,-0.1302120713756492
tbi,short,6,0.0030071644135989633,0.008709581192913353,876,-0.04600042160691932,0.04148561158134534,0.3367579908675799,252,-0.07534889402116926
kyle,long,7,4.134743394911122e-07,4.800458662385801e-07,877,-0.0460360843552121,0.042694868193418695,0.338654503990878,164,-0.31003640852632414
lo_pos,short,3,0.1589958158995816,0.27615062761506276,885,-0.04609371287554292,0.04139232031272174,0.3423728813559322,317,-0.16747047617179578
flow_eff,short,6,0.4191040181338267,0.6062104360361869,877,-0.04612920647749883,0.04135682671076583,0.33751425313568983,217,-0.008826297986770948
absorb,short,1,-0.14679728299706482,-0.0683031789361869,876,-0.0462548924022162,0.04123114078604846,0.3447488584474886,332,-0.11496843210686576
rv_vs_range,long,0,-inf,0.4846170569677432,877,-0.04625734682378892,0.04247360572484188,0.3443557582668187,324,-0.09298562267170529
dq,short,6,0.0061825412298494075,0.017399669031531558,876,-0.04668001416834496,0.0408060190199197,0.3367579908675799,254,-0.07180169130068934
atr_pct,short,3,0.01380005008421249,0.015344019804804385,876,-0.046923513363707356,0.0405625198245573,0.3436073059360731,304,-0.16116954481846416
dq_z96,long,5,-0.006008376991721173,0.25811175786992097,867,-0.046993392773211816,0.04173755977541898,0.3414071510957324,370,-0.1332860918405849
extreme_late,short,6,0.8075313807531381,0.8786610878661087,860,-0.04712191168122511,0.04036412150703955,0.3395348837209302,309,-0.10526658122412427
accel,long,3,-0.699012663140142,-0.34874645215833466,873,-0.04719145743094328,0.041539495117687515,0.3436426116838488,309,0.019309111653565567
tbi_ma8,long,3,-0.006834991048846032,-0.00440441203685144,875,-0.047391779488034184,0.04133917306059661,0.34514285714285714,264,-0.24379612051017718
persist96,long,2,0.03338044619195898,0.0515634106213566,867,-0.047441220454907645,0.04128973209372315,0.3460207612456747,346,-0.16310681671495553
since_hi96,long,5,44.0,59.0,888,-0.04780587411192518,0.04092507843670561,0.34459459459459457,279,0.22783181698376287
m1_jump,long,7,0.20971816373948826,0.25195253342068497,877,-0.047898645400227785,0.04083230714840301,0.34207525655644244,344,-0.06654970316498789
pos480,short,6,0.6817188870286215,0.796112505193789,828,-0.04810818392370987,0.03937784926455479,0.34057971014492755,251,-0.23603436313850543
avg_trade_usd,long,8,4762.617031526381,5193.04320066882,876,-0.048244261208888306,0.04048669133974249,0.339041095890411,384,-0.13659877933951473
to_hi96,long,5,4.358958469130034,5.456963927412087,867,-0.04827704074079821,0.04045391180783259,0.3414071510957324,310,-0.3181758387247681
close_loc,short,7,0.7036539599702323,0.7890827405603821,877,-0.048779016379195746,0.03870701680906891,0.33979475484606614,290,-0.10310681521767252
dq_z96,long,9,1.3027029395279508,inf,867,-0.048862612356190945,0.03986834019243985,0.34717416378316035,310,0.11599348880343645
tbi_z96,long,6,0.2589168609623426,0.5399741851352386,867,-0.049038033257568975,0.03969291929106182,0.34371395617070355,348,-0.05417783665392547
rv_vs_range,short,9,0.9114508923578857,inf,877,-0.04904093453703118,0.03844509865123348,0.34321550741163054,426,-0.11601363445806627
since_lo96,short,4,47.0,60.0,895,-0.04906347759038537,0.03842255559787929,0.34413407821229053,277,-0.1999157687498697
ats_z96,long,8,0.9826868872856521,1.491541066401036,867,-0.04911052254323233,0.039620430005398465,0.34371395617070355,285,0.019870452762180853
since_lo480,long,4,249.0,316.0,826,-0.049250579526427835,0.03948037302220296,0.3498789346246973,286,0.034889059810150926
close_loc,short,6,0.6128157222335351,0.7036539599702323,876,-0.0493476971002048,0.03813833608805986,0.339041095890411,294,-0.08854147468602273
body_frac,short,7,0.3299585854842767,0.4886665308905451,877,-0.049395087558372346,0.03809094562989231,0.338654503990878,303,-0.14909065308664815
persist6,long,3,0.2226079432468842,0.302335680588273,876,-0.04944525732470167,0.03928569522392913,0.3424657534246575,352,-0.05230218713022094
tbi_z8,short,9,1.354660076792907,inf,876,-0.049454628372847566,0.03803140481541709,0.3378995433789954,314,-0.05925713239596458
pos24,long,3,0.34298752660413573,0.43604477547122444,874,-0.04950182362280117,0.03922912892582962,0.34096109839816935,297,0.10459966609622759
to_lo480,short,3,8.431407725710367,10.715801865379952,828,-0.049531970286723064,0.037954062901541595,0.3417874396135266,327,0.03781696129042373
updn_ratio,short,8,0.5232067510548524,0.5366106233019649,896,-0.049654921753261465,0.037831111435003194,0.3392857142857143,364,-0.04516492868717305
close_loc,short,2,0.2411498761821243,0.3360237627574011,877,-0.049693584607108356,0.0377924485811563,0.34321550741163054,307,-0.06479940224902506
rpt_rank,short,1,0.07916666666666666,0.17291666666666666,834,-0.04975652205207048,0.03772951113619418,0.3405275779376499,309,0.034196340411199296
pos480,long,3,0.3050713968053542,0.439279891478773,828,-0.050067135714859316,0.03866381683377148,0.34299516908212563,454,-0.36031326713583695
updn_ratio,short,6,0.5062761506276151,0.5146443514644351,914,-0.05010678291906441,0.03737925026920025,0.33807439824945296,345,-0.02280036466570902
lo_pos,long,7,0.6820083682008368,0.8200836820083682,877,-0.05033568762672659,0.038395264921904204,0.33979475484606614,338,-0.09295848964450233
dq_z96,short,6,0.25811175786992097,0.5409492448694525,867,-0.050579584411860376,0.03690644877640428,0.33794694348327564,351,-0.06045919784671613
avg_trade_usd,long,7,4429.932133653071,4762.617031526381,877,-0.05087761108118268,0.037853341467448114,0.338654503990878,265,-0.01052165968182693
body_frac,long,5,0.020609043371261057,0.17569474296582896,877,-0.05116746218898467,0.03756349035964612,0.34321550741163054,274,0.0019222392805379324
efficiency,short,8,0.09515751344876869,0.12435211656186398,876,-0.05119883357655134,0.03628719961171332,0.3378995433789954,356,-0.0072350650312510735
absorb_z,long,3,-0.088541607076107,-0.023011506087688857,848,-0.05119997489328326,0.03753097765534753,0.3419811320754717,253,-0.04155449779927094
kyle_z,long,8,0.6870621901332734,1.270981246347144,867,-0.051220954181109744,0.03750999836752105,0.33679354094579006,358,-0.1678743556596773
to_lo24,short,8,4.366514855543424,5.380773368718427,874,-0.051242265048037076,0.03624376814022758,0.33981693363844395,269,-0.04708020385438462
avg_trade_usd,long,5,3869.0922843088965,4147.058274240792,877,-0.05124784896971562,0.037483103578915176,0.33979475484606614,163,-0.006392253047081197
since_lo24,short,4,11.0,15.0,1034,-0.05135037442263601,0.03613565876562865,0.33849129593810445,380,-0.15187009429785184
m1_jump,short,2,0.10865966621344716,0.12451667415153965,877,-0.0513777120243284,0.03610832116393626,0.338654503990878,321,-0.18271245894552177
vol_per_trade_z,long,3,-0.6311977477995068,-0.3595189147249858,867,-0.05194961926659237,0.03678133328203843,0.34256055363321797,320,-0.13199158953431842
to_hi480,long,1,1.7428002563700233,3.0011919642799527,828,-0.0520127412810134,0.036718211267617394,0.3442028985507246,206,-0.25357421787891976
disp24,long,8,2.8978604858971413,4.243089271256354,874,-0.0522435628326702,0.0364873897159606,0.34324942791762014,274,-0.12499778718539253
tbi,short,4,-0.007654052728105141,-0.0023197511107546642,876,-0.05225027024789788,0.03523576294036678,0.3367579908675799,269,0.05328159632668006
vol_per_trade_z,long,6,0.21414320489103297,0.5335539487469343,867,-0.0523235692016896,0.03640738334694119,0.34256055363321797,326,-0.0756748757693899
rpt_z,short,0,-inf,-1.216474230141495,867,-0.05249801368210564,0.03498801950615902,0.3391003460207612,341,-0.0012881414529200368
dq_z96,long,2,-0.8587730583550733,-0.537193005180019,867,-0.05255097921020926,0.03617997333842154,0.3402537485582468,339,-0.006131324234176086
range_per_trade,long,6,3.118313638746739e-08,3.4871296877540556e-08,876,-0.052782193679762335,0.03594875886886846,0.341324200913242,208,-0.04612835692393946
tbi_z96,long,9,1.303541504661481,inf,867,-0.05285775739527557,0.03587319515335523,0.3460207612456747,310,0.11599348880343645
range_z,long,3,-0.6045310958055903,-0.4514947738339036,867,-0.05290990785381042,0.03582104469482038,0.34371395617070355,287,0.005433330496532524
dow,short,0,-inf,1.0,1254,-0.05361498910679275,0.03387104408147191,0.33891547049441784,456,-0.011715614485397393
tbi,short,8,0.015243197431993476,0.025053853481713743,876,-0.053619775448252534,0.033866257740012125,0.3367579908675799,300,0.013154444316870342
rpt_rank,short,3,0.26458333333333334,0.3625,832,-0.053859477538090686,0.03362655565017397,0.3389423076923077,308,-0.025513896511776255
tbi_z96,short,6,0.2589168609623426,0.5399741851352386,867,-0.05389755676247127,0.033588476425793386,0.33679354094579006,348,-0.07664904050013248
extreme_late,long,8,0.9372384937238494,0.9790794979079498,851,-0.053980023884996085,0.03475092866363471,0.3396004700352526,338,-0.09935736894727742
vol_per_trade_z,short,9,1.4449022804360598,inf,867,-0.05407781847567007,0.033408214712594586,0.3402537485582468,307,-0.12516649389690981
extreme_late,long,2,0.3891213389121339,0.5188284518828452,866,-0.05476838248169557,0.033962570066935226,0.3418013856812933,327,-0.05531682438172905
body_frac,long,9,0.647672323272756,inf,877,-0.05478772278556176,0.03394322976306904,0.34321550741163054,375,-0.08417279250717302
disp96,long,7,3.8574025234418943,6.162367051044947,867,-0.05487067449606338,0.033860278052567416,0.34256055363321797,341,0.08696684522185409
body_frac,long,1,-0.624846839320522,-0.44780140982012545,876,-0.05492159832945327,0.03380935421917752,0.3378995433789954,332,-0.12261772269417087
m1_jump,short,8,0.25195253342068497,0.3388243672399471,876,-0.054943704982752285,0.03254232820551237,0.3356164383561644,349,-0.07309388912176966
to_lo480,long,5,13.118001012596803,15.868379882089577,828,-0.05563722407621061,0.03309372847242018,0.3442028985507246,319,0.007345017043633129
atr_pct,short,5,0.017038161888111823,0.018859711195326537,877,-0.05571403011424651,0.031772003074018146,0.3329532497149373,201,-0.023281476458372283
rpt_z,long,9,1.3331224320282498,inf,867,-0.05587490809252618,0.03285604445610461,0.3402537485582468,335,-0.03715171147465934
dq_z96,long,6,0.25811175786992097,0.5409492448694525,867,-0.056154133896754506,0.03257681865187629,0.3414071510957324,351,-0.06301406962202534
absorb,short,7,0.02367784555914429,0.044717626664597124,876,-0.05619252956279034,0.03129350362547432,0.3344748858447489,278,-0.09288211003592639
avg_trade_usd,short,7,4429.932133653071,4762.617031526381,877,-0.05619355162789931,0.03129248156036535,0.33181299885974913,265,-0.28121449286987404
since_lo24,long,9,24.0,inf,1229,-0.05627616149315499,0.03245479105547581,0.34092758340113916,435,-0.060091138416437935
persist96,short,6,0.12507836107050965,0.15744874036607343,867,-0.05689044030411953,0.03059559288414513,0.33679354094579006,340,-0.08171154629589097
to_lo96,short,5,5.304135230321936,6.379207564025311,867,-0.05690502978263606,0.030581003405628596,0.3391003460207612,292,0.08209179510436047
dq,short,4,-0.015102813222672326,-0.004422707711386351,876,-0.057256428173597475,0.030229605014667184,0.3344748858447489,269,0.031153132744646397
accel,short,0,-inf,-1.6491428709401679,874,-0.05738864924848881,0.030097383939775846,0.33638443935926776,357,0.004371989636661625
absorb,short,6,0.009896605556402129,0.02367784555914429,876,-0.05739682254929264,0.03008921063897202,0.3344748858447489,224,-0.08668003282121438
body_frac,long,0,-inf,-0.624846839320522,877,-0.05757396996510571,0.031156982583525082,0.3363740022805017,411,-0.12416721765502056
dow,short,2,2.0,3.0,1248,-0.057797918241544274,0.029688114946720384,0.3373397435897436,462,-0.1027216656891916
gap,short,1,-0.00025816145493430016,-7.901603251036761e-05,876,-0.05806268261513116,0.0294233505731335,0.3367579908675799,457,-0.2263715912543665
dn_wick,long,5,0.27842507030932095,0.33942584319378094,877,-0.05821808726461197,0.030512865284018822,0.338654503990878,304,-0.04906881149226422
efficiency,short,9,0.12435211656186398,inf,877,-0.058336014843935344,0.029150018344329315,0.3329532497149373,356,-0.13187674381038814
flow_eff,long,4,0.16344940613187892,0.27667621324964786,876,-0.05837547991414377,0.030355472634487027,0.3424657534246575,401,-0.14485892475848436
tbi_z8,long,5,0.003767039247392485,0.2934497525791458,876,-0.05850308601444046,0.030227866534190337,0.3378995433789954,348,-0.12117410961660827
tbi_z96,long,2,-0.8595671205731356,-0.5373577890535531,867,-0.058795551792829095,0.0299354007558017,0.33794694348327564,339,0.0030570704496412893
to_hi24,long,8,3.7577961891365845,4.790134118284894,874,-0.058997117852275564,0.02973383469635523,0.33638443935926776,372,-0.07934163698056203
to_lo96,long,4,4.363540401278077,5.304135230321936,867,-0.05916572937445856,0.029565223174172234,0.33794694348327564,310,0.049585632803928074
absorb,long,8,0.044717626664597124,0.09575947728273958,876,-0.059309244969443564,0.02942170757918723,0.339041095890411,340,-0.07819370454406972
ats_rank480,long,6,0.6416666666666667,0.746875000000002,837,-0.05940017458641311,0.029330777962217683,0.3428912783751493,281,-0.07190044569523549
since_lo480,long,7,410.0,447.0,826,-0.05942570488225646,0.029305247666374337,0.33777239709443097,200,-0.03515748685727932
kyle,short,0,-inf,2.0053712473038197e-07,877,-0.05949392416943296,0.0279921090188317,0.35347776510832385,926,-0.13343832807610098
rpt_rank,long,8,0.7916666666666666,0.8979166666666667,813,-0.059591229866794354,0.02913972268183644,0.34071340713407133,327,-0.1692618043231038
to_lo24,short,0,-inf,0.7648849695554003,875,-0.05984243072777905,0.02764360246048561,0.33371428571428574,377,-0.0971377577676784
wick_skew,long,3,-0.1806848695854136,-0.09645779357826975,876,-0.05987999165168444,0.028850960896946352,0.3356164383561644,308,-0.04462773700373398
ats_z96,short,5,-0.03431224938847927,0.2738726853948817,867,-0.05996200341879991,0.027524029769464747,0.33794694348327564,333,-0.1452347219971128
rv_vs_range,long,8,0.824571909710019,0.9114508923578857,876,-0.05998899878462193,0.028741953764008864,0.339041095890411,342,0.035479678873464066
avg_trade_usd,short,1,2661.7871666265796,2975.339056554425,876,-0.060066513285636114,0.027419519902628545,0.3378995433789954,291,-0.051323311904224504
dn_wick,short,5,0.27842507030932095,0.33942584319378094,877,-0.060164222809551644,0.027321810378713014,0.33979475484606614,304,-0.0795936103336033
ats_z96,long,4,-0.3242508505869179,-0.03431224938847927,867,-0.060445552836151197,0.0282853997124796,0.3414071510957324,326,-0.1113460301714512
pos24,short,6,0.6322616244553863,0.7301728498703437,874,-0.06044649767041391,0.027039535517850752,0.33638443935926776,320,0.07468410073132996
up_wick,short,4,0.2055823326150177,0.2570842879536988,876,-0.06051120811866043,0.026974825069604226,0.3356164383561644,339,-0.14471466368944808
range_per_trade,long,5,2.840846211011737e-08,3.118313638746739e-08,877,-0.06111490755432655,0.027616044994304242,0.3363740022805017,313,-0.08104613903300585
dn_wick,long,4,0.21976693723255156,0.27842507030932095,876,-0.061164874311221244,0.02756607823740955,0.3356164383561644,326,-0.14687099749265364
vol_of_vol,short,4,-0.4435321718973473,-0.29998734266072047,826,-0.061397697460451796,0.026088335727812863,0.3365617433414044,239,-0.23219707006933427
minofday,long,3,720.0,960.0,1461,-0.061443999609939785,0.02728695293869101,0.33880903490759756,537,-0.0840945556161074
hour,long,3,12.0,16.0,1461,-0.061443999609939785,0.02728695293869101,0.33880903490759756,537,-0.0840945556161074
tbi_z8,long,6,0.2934497525791458,0.6074870578487849,875,-0.06148465766999774,0.027246294878633052,0.3394285714285714,340,-0.08371279183148331
avg_trade_usd,short,2,2975.339056554425,3275.0465434337902,877,-0.061646073692136,0.02583995949612866,0.34207525655644244,285,-0.14069575001512538
to_lo96,short,7,7.596208370083321,9.137172348829573,867,-0.06165806148370637,0.025827971704558292,0.33794694348327564,374,0.14051176183545924
range_z,long,1,-0.939232251268162,-0.7636894619040546,867,-0.061993512548900086,0.02673743999973071,0.3414071510957324,309,-0.1520796928782919
range_rank,short,2,0.17291666666666666,0.275,837,-0.0620720030925391,0.025414030095725557,0.34050179211469533,318,-0.15219960303698604
vol_per_trade_z,short,0,-inf,-1.3600079077846818,867,-0.062182486632296925,0.025303546555967733,0.3333333333333333,292,-0.08640715397225392
dq_cum24,short,5,-0.10654500091574812,-0.03202331147178632,874,-0.06229476832152677,0.025191264866737888,0.33752860411899316,229,-0.18904345351913612
body_frac,long,8,0.4886665308905451,0.647672323272756,876,-0.062352843399048063,0.026378109149582732,0.3401826484018265,321,-0.13581845923383093
vol_per_trade_z,long,7,0.5335539487469343,0.9101815262502554,867,-0.062387157449156655,0.02634379509947414,0.33794694348327564,329,-0.0999110477875049
trade_intensity,long,8,1.3482077717504959,1.8005630550031468,867,-0.06252618031303915,0.026204772235591645,0.3356401384083045,331,-0.16435615744018423
to_lo24,short,5,2.4301514028480886,2.959401468473601,874,-0.06296425184872032,0.024521781339544343,0.3306636155606407,335,0.019557545456549922
dn_wick,short,2,0.1146328000538512,0.16670349907920837,877,-0.06300970452734049,0.024476328660924168,0.3329532497149373,321,-0.010059919814149169
hi_pos,short,8,0.8284518828451883,0.9414225941422594,871,-0.06313179388921605,0.024354239299048605,0.3340987370838117,336,-0.13287382680003684
rpt_rank,short,9,0.8979166666666667,inf,847,-0.06324314917197864,0.02424288401628602,0.33293978748524206,315,-0.29690722515645274
body_frac,short,9,0.647672323272756,inf,877,-0.06354638348488494,0.023939649703379723,0.32839224629418473,375,-0.1139842491574158
tbi_ma96,short,2,-0.005221464332485892,-0.003994503230319841,867,-0.06361373889043705,0.023872294297827612,0.3356401384083045,342,0.057590410071565803
since_hi480,short,7,355.0,409.0,835,-0.06380136439405602,0.023684668794208635,0.3377245508982036,200,-0.0027849246200342304
rv_vs_range,short,7,0.7652230555975403,0.824571909710019,877,-0.06382079700351209,0.023665236184752567,0.3329532497149373,354,0.022780881256212228
dn_wick,long,0,-inf,0.06063348667650544,877,-0.0640942671413387,0.024636685407292094,0.34321550741163054,393,-0.0875965628851192
range_rank,short,0,-inf,0.08125,828,-0.06428038032030885,0.02320565286795581,0.3442028985507246,289,-0.1450153882310922
lo_pos,short,7,0.6820083682008368,0.8200836820083682,877,-0.0643741394295125,0.023111893758752153,0.33751425313568983,338,-0.10833999690450194
body_frac,short,0,-inf,-0.624846839320522,877,-0.0644619532242318,0.023024079964032856,0.33409350057012543,411,-0.03698724840896395
dq_cum24,long,0,-inf,-0.4757069499251344,875,-0.06446887613303552,0.024262076415595274,0.336,569,-0.35088365058050724
range_z,long,7,0.15568719632717545,0.5248822723292595,867,-0.0645378670408467,0.024193085507784096,0.3333333333333333,328,-0.1290783944282242
up_wick,long,9,0.5798687191800286,inf,877,-0.06462341795457295,0.024107534594057844,0.33979475484606614,280,-0.03938039532240418
gap,long,4,8.420301018954109e-05,0.0002571207823121999,876,-0.06474905048595171,0.023981902062679084,0.3378995433789954,465,-0.0532808382226811
up_wick,short,6,0.3179136248195269,0.38427705627705583,876,-0.0648223934793774,0.022663639708887254,0.3333333333333333,300,-0.17941216285756714
dow,long,2,2.0,3.0,1248,-0.06506742359112049,0.02366352895751031,0.33653846153846156,462,-0.18344409178304583
ats_rank480,long,4,0.4,0.51875,823,-0.0652964906758511,0.0234344618727797,0.3402187120291616,342,-0.05104906052946317
persist24,long,5,0.19597906119336136,0.2462627617705114,875,-0.06537512632465126,0.02335582622397954,0.33485714285714285,300,-0.03180319588221041
pos96,long,5,0.5330857457785712,0.6450096414647009,867,-0.06540080285867715,0.023330149689953644,0.33679354094579006,275,0.15687742917447203
updn_ratio,short,0,-inf,0.4602510460251046,865,-0.06546078590327326,0.022025247284991403,0.3329479768786127,343,-0.1492586217041088
flow_div,long,2,1.0,inf,1873,-0.0654918676151012,0.023239084933529594,0.3374265883609183,807,-0.04596958890205574
up_wick,short,5,0.2570842879536988,0.3179136248195269,877,-0.06553663366597448,0.021949399522290178,0.3363740022805017,317,-0.03220646415647574
tbi_ma24,short,5,-0.002282175875109503,-0.0007328653022908441,874,-0.06563029707256111,0.021855736115703545,0.33638443935926776,226,-0.19116085287441556
disp6,short,4,-0.25965319034926165,0.03261478069250262,875,-0.06572956887174322,0.021756464316521437,0.3382857142857143,267,-0.07112227342890834
to_lo24,short,6,2.959401468473601,3.5732048953253366,874,-0.06581701313679947,0.02166902005146519,0.3340961098398169,312,-0.06993682222378128
tbi_z24,long,0,-inf,-1.3227384666546933,875,-0.0661211462177269,0.022609806330903898,0.33485714285714285,301,-0.20521352814567925
since_hi24,short,8,22.0,24.0,903,-0.06626902781960774,0.02121700536865692,0.33222591362126247,347,-0.1372977554508672
tbi_ma96,long,5,-0.0021863931914519663,-0.0013667872336756608,867,-0.06639194811694403,0.022339004431686765,0.3356401384083045,165,-0.44348330573685435
updn_ratio,long,4,0.49159663865546216,0.5,873,-0.06641874936904177,0.022312203179589027,0.3321878579610538,274,-0.1490472587099755
kyle_z,short,4,-0.43366009001754413,-0.21236720358189776,867,-0.06658074728116876,0.020905285907095894,0.3344867358708189,283,0.0015392699248001215
since_lo96,short,0,-inf,7.0,796,-0.06675728602174433,0.02072874716652033,0.32663316582914576,395,0.0818010584811999
flow_eff,short,8,0.9207250652891722,1.6727174680472765,876,-0.06692540868813349,0.020560624500131172,0.3276255707762557,181,0.13888548081313545
range_z,long,8,0.5248822723292595,1.2202518597702472,867,-0.06701274145446177,0.02171821109416902,0.33217993079584773,363,-0.15895147989125027
close_loc,long,2,0.2411498761821243,0.3360237627574011,877,-0.06720125855021128,0.021529693998419516,0.3329532497149373,307,-0.07793996829369171
lo_pos,short,6,0.5397489539748954,0.6820083682008368,885,-0.06723575740000105,0.020250275788263605,0.3333333333333333,331,-0.16572328096090913
tbi,short,1,-0.029156555914568814,-0.020024678573198583,876,-0.06759501579054063,0.01989101739772403,0.3356164383561644,305,-0.14524315896486972
vol_of_vol,short,5,-0.29998734266072047,-0.1159629389336806,827,-0.06776271492287063,0.01972331826539403,0.33615477629987905,235,-0.10947517758765911
m1_jump,short,1,0.09125296461620419,0.10865966621344716,876,-0.06783445918449425,0.019651574003770406,0.3333333333333333,282,-0.10543134403803428
dq,short,1,-0.05811527342789348,-0.039953790024378336,876,-0.06805776610149994,0.01942826708676472,0.3356164383561644,302,-0.13590585044211903
atr_rank,short,6,0.5854166666666667,0.69375,825,-0.06822245870705457,0.01926357448121009,0.3321212121212121,234,-0.09420163598182471
wick_skew,short,8,0.25166950855143666,0.3995793140200461,876,-0.06848319020118053,0.01900284298708413,0.3344748858447489,294,-0.21182764899856438
absorb,short,9,0.09575947728273958,inf,877,-0.06851287089841912,0.018973162289845538,0.3363740022805017,450,-0.15277534689135852
dn_wick,short,9,0.6023615805780694,inf,877,-0.0687134390208243,0.018772594167440357,0.33181299885974913,316,0.03592181280551269
to_hi480,long,3,4.7998143696449915,7.102057272876573,828,-0.06882254392561753,0.01990840862301327,0.33454106280193235,319,-0.1844583584161294
pos480,short,9,0.9286429376153641,inf,829,-0.0688236186909663,0.018662414497298357,0.3341375150784077,174,-0.06671601196298914
range_rank,short,8,0.7958333333333333,0.9020833333333333,833,-0.06897397403066827,0.01851205915759639,0.3277310924369748,334,-0.033806154220165474
since_lo96,long,2,19.0,33.0,852,-0.0689839806819426,0.019746971866688195,0.3345070422535211,343,-0.037441795159858335
trade_intensity,short,7,1.1173278827714148,1.3482077717504959,867,-0.06926802479370693,0.018218008394557728,0.328719723183391,283,-0.09605942423911694
rpt_rank,long,6,0.5708333333333333,0.6791666666666667,830,-0.06949455708485684,0.019236395463773953,0.3337349397590361,322,-0.1654891610971521
since_hi480,short,8,409.0,462.0,822,-0.06951597435298972,0.017970058835274944,0.3333333333333333,311,-0.18905835120572748
kyle_z,long,7,0.3024210281291553,0.6870621901332734,867,-0.06953747810873874,0.019193474439892055,0.3344867358708189,354,-0.09037026293640386
body_frac,short,4,-0.1322199077969487,0.020609043371261057,876,-0.06964987786895811,0.017836155319306546,0.3356164383561644,278,-0.06896372525750938
tbi,short,0,-inf,-0.029156555914568814,877,-0.06984605410850743,0.01763997907975723,0.338654503990878,562,-0.06367096896929816
dq_z96,short,8,0.8403602678012647,1.3027029395279508,867,-0.06988441419066815,0.017601618997596505,0.32987312572087657,308,-0.08909564967558596
dq,short,0,-inf,-0.05811527342789348,877,-0.06993771634601874,0.01754831684224592,0.338654503990878,564,-0.06725971889379907
updn_ratio,long,1,0.4602510460251046,0.47368421052631576,887,-0.07017738304948382,0.01855356949914698,0.33483652762119503,314,-0.004426768139065067
disp24,long,3,-1.3908624376971332,-0.5502340015475478,873,-0.0704154391862472,0.0183155133623836,0.3356242840778923,316,-0.008582711606677493
tbi_ma96,long,4,-0.003074124309458409,-0.0021863931914519663,867,-0.07079890540016029,0.017932047148470506,0.33679354094579006,162,-0.02053992106656365
rv_vs_range,short,0,-inf,0.4846170569677432,877,-0.07092969055235614,0.016556342635908522,0.3295324971493729,324,-0.1607898330075921
absorb_z,short,1,-0.36233158195032084,-0.16077695321819727,848,-0.07098703024360392,0.016499002944660737,0.33372641509433965,295,-0.1259420032715148
is_weekend,short,0,-inf,1.0,6257,-0.0710982403265864,0.016387792861678255,0.33146875499440626,2298,-0.06220953801868124
disp6,long,3,-0.6087177305173185,-0.25965319034926165,876,-0.07125569147198846,0.017475261076642337,0.3356164383561644,290,-0.1991423898504588
since_lo24,short,6,18.0,20.0,608,-0.07134264909899861,0.01614338408926605,0.3338815789473684,223,0.057388187376046715
range_per_trade,long,1,1.8252102014440413e-08,2.1104472055980993e-08,876,-0.07146284230418533,0.017268110244445467,0.3401826484018265,534,-0.1015674871343389
rv_vs_range,short,4,0.6336503707839143,0.6755027837760977,876,-0.07147091789273835,0.016015115295526308,0.3321917808219178,286,-0.04087394501773634
pos480,short,4,0.439279891478773,0.5886857473616829,829,-0.07154551915991213,0.01594051402835253,0.3353437876960193,301,0.1275582171363961
trade_intensity,short,1,0.44299151602712095,0.5487640851719368,867,-0.07157202120233695,0.015914011985927706,0.3356401384083045,332,-0.19036586086355514
rv_vs_range,long,7,0.7652230555975403,0.824571909710019,877,-0.071600937479626,0.0171300150690048,0.3352337514253136,354,-0.16129198968025416
ats_rank480,long,7,0.746875000000002,0.8479166666666667,816,-0.07163482564704285,0.017096126901587946,0.33700980392156865,268,0.0709654938774077
tbi_z8,short,6,0.2934497525791458,0.6074870578487849,875,-0.07175640462914011,0.015729628559124548,0.33371428571428574,340,-0.25481302187362614
range_rank,long,8,0.7958333333333333,0.9020833333333333,833,-0.07175780721488645,0.016973145333744347,0.3325330132052821,334,-0.147944450923256
disp24,short,4,-0.5502340015475478,0.1406102877703619,874,-0.07177410281879694,0.01571193036946772,0.3352402745995423,359,-0.10795294013250872
pos24,long,9,0.8857343537894616,inf,875,-0.07189388208185947,0.016837070466771326,0.33714285714285713,341,-0.06364945705043915
is_weekend,long,0,-inf,1.0,6257,-0.07195837523960924,0.016772577309021555,0.3340258910020777,2298,-0.1349967101398404
tbi_z8,short,4,-0.2815991935356222,0.003767039247392485,876,-0.07204075936624776,0.015445273822016894,0.3321917808219178,352,-0.07314355205712447
dq_z96,long,4,-0.2566671889570011,-0.006008376991721173,867,-0.07212253152785038,0.016608421020780417,0.3344867358708189,364,-0.13674277600842108
tbi_z96,short,9,1.303541504661481,inf,867,-0.07230342207305808,0.015182611115206579,0.32987312572087657,310,-0.18855759323649002
range_z,short,1,-0.939232251268162,-0.7636894619040546,867,-0.07232900256361535,0.015157030624649306,0.33679354094579006,309,-0.015180023114813557
since_hi24,long,2,4.0,7.0,967,-0.07250218744235568,0.01622876510627512,0.33505687693898656,352,0.029304248640625027
kyle,short,6,3.685243424347186e-07,4.134743394911122e-07,876,-0.07281568509332843,0.014670348094936225,0.3276255707762557,184,-0.07218021408441752
updn_ratio,short,1,0.4602510460251046,0.47368421052631576,887,-0.07282309760782503,0.014662935580439629,0.3337091319052988,314,-0.18146179857111003
dow,long,0,-inf,1.0,1254,-0.07303591160698161,0.015695040941649183,0.3365231259968102,456,-0.28649189891887533
m1_jump,short,0,-inf,0.09125296461620419,877,-0.0731086755490752,0.014377357639189459,0.3363740022805017,343,-0.07821447617418587
atr_rank,short,5,0.4625,0.5854166666666667,828,-0.07318537907472492,0.014300654113539743,0.3309178743961353,334,-0.09351620428148037
flow_div,short,0,-inf,0.0,6889,-0.07338467453560903,0.014101358652655632,0.3318333575264915,2414,-0.10368852981410392
wick_skew,short,2,-0.28415366438028616,-0.1806848695854136,877,-0.07340818311100801,0.014077850077256648,0.330672748004561,317,-0.12149525564933919
close_loc,long,4,0.4277325790224542,0.52505473120895,876,-0.07343867999317055,0.015292272555460243,0.3356164383561644,306,-0.1545732276165142
to_lo480,long,3,8.431407725710367,10.715801865379952,828,-0.07373536268602347,0.014995589862607323,0.33454106280193235,327,-0.31611837670937804
since_hi480,short,4,125.0,198.0,830,-0.07387776383732914,0.013608269350935523,0.3337349397590361,529,-0.03804356328260409
hi_pos,short,0,-inf,0.02092050209205021,876,-0.07389795537204694,0.013588077816217722,0.3321917808219178,291,-0.08787758624678514
persist6,long,9,0.8180967993913174,inf,876,-0.07426468482474312,0.014466267723887677,0.3333333333333333,311,-0.08672310975546055
tbi_z8,long,4,-0.2815991935356222,0.003767039247392485,876,-0.0743120880704723,0.014418864478158488,0.3333333333333333,352,-0.10885528891613121
tbi_ma24,long,0,-inf,-0.009992051737382303,875,-0.07459485497238305,0.014136097576247744,0.3325714285714286,566,-0.3470645730280713
hour,long,1,4.0,8.0,1461,-0.07482839948955786,0.013902553059072939,0.33607118412046544,537,-0.10633375460998744
minofday,long,1,240.0,480.0,1461,-0.07482839948955786,0.013902553059072939,0.33607118412046544,537,-0.10633375460998744
since_hi480,long,1,11.0,33.0,845,-0.07488071640860904,0.01385023614002176,0.3349112426035503,195,-0.059089435780450575
extreme_late,long,1,0.23430962343096234,0.3891213389121339,878,-0.07513409934777879,0.013596853200852008,0.3348519362186788,308,-0.0642278980107761
updn_ratio,long,3,0.48333333333333334,0.49159663865546216,865,-0.07535818336783554,0.01337276918079526,0.3329479768786127,267,-0.17729018066850674
flow_eff,short,7,0.6062104360361869,0.9207250652891722,876,-0.07537780104200584,0.012108232146258821,0.3287671232876712,174,-0.10484972914251216
efficiency,long,8,0.09515751344876869,0.12435211656186398,876,-0.07547338748090508,0.013257565067725713,0.3310502283105023,356,-0.1896585778116514
persist24,short,4,0.1516318381334749,0.19597906119336136,874,-0.07556825905336687,0.011917774134897793,0.3295194508009153,288,-0.09259699777210006
dn_wick,short,0,-inf,0.06063348667650544,877,-0.07557309483792192,0.011912938350342739,0.3272519954389966,393,-0.2078595803964325
atr_pct,long,8,0.024678765221320686,0.030351754735768795,876,-0.07563494491168687,0.013096007636943921,0.3253424657534247,107,-0.008667219465461829
trade_intensity,short,8,1.3482077717504959,1.8005630550031468,867,-0.07569565818448214,0.011790375003782522,0.32525951557093424,331,0.017457904556180067
dq_z96,short,9,1.3027029395279508,inf,867,-0.07576662711141473,0.01171940607684993,0.328719723183391,310,-0.18855759323649002
absorb,short,4,-0.02381027372215469,-0.008677057017303397,876,-0.07588089403134426,0.011605139156920394,0.3264840182648402,290,-0.035685021904807
up_wick,long,2,0.10769834952449314,0.1537346445545088,877,-0.07598517794045087,0.012745774608179924,0.3329532497149373,287,-0.17550680755058037
since_lo24,short,2,5.0,8.0,832,-0.07600685642283414,0.011479176765430518,0.33052884615384615,321,-0.0978513787616096
absorb_z,short,0,-inf,-0.36233158195032084,848,-0.07622969214076868,0.011256341047495982,0.33372641509433965,358,-0.08339592619364787
range_z,short,9,1.2202518597702472,inf,867,-0.07638784358116067,0.011098189607103986,0.3275663206459054,359,-0.0668301525383054
since_lo24,long,6,18.0,20.0,608,-0.0764085377402328,0.012322414808397991,0.3338815789473684,223,-0.1444325315499691
range_z,short,3,-0.6045310958055903,-0.4514947738339036,867,-0.07644380383219711,0.011042229356067551,0.3333333333333333,287,-0.2915614140919183
tbi_z96,short,8,0.8409490837143425,1.303541504661481,867,-0.07667137067100038,0.010814662517264276,0.3275663206459054,308,-0.08909564967558596
pos96,long,3,0.34108142424222404,0.43698615688442133,867,-0.07685378187782174,0.011877170670809054,0.32987312572087657,441,-0.4421240267739837
to_lo96,short,4,4.363540401278077,5.304135230321936,867,-0.07691687907435268,0.010569154113911974,0.33217993079584773,310,-0.15165243084156038
since_hi96,long,6,59.0,73.0,886,-0.07712865478900889,0.011602297759621905,0.3329571106094808,340,-0.0201047459907099
since_lo96,long,6,71.0,82.0,890,-0.07728687727970239,0.011444075268928405,0.3348314606741573,329,-0.0892828418472074
m1_jump,long,6,0.18045301309243397,0.20971816373948826,876,-0.07729561341900848,0.011435339129622316,0.3310502283105023,354,-0.08485420940671497
range_z,short,5,-0.2895947805612975,-0.09049257085156812,867,-0.07732338625791314,0.010162646930351515,0.328719723183391,308,0.012578292636115013
to_hi96,long,6,5.456963927412087,6.5778721548054815,867,-0.07733678119559713,0.011394171353033666,0.33102652825836215,305,-0.06280051210943288
vol_per_trade_z,long,5,-0.07587515371106013,0.21414320489103297,867,-0.07760093348217474,0.011130019066456054,0.3333333333333333,344,-0.05195195175235474
dow,long,1,1.0,2.0,1253,-0.07774964917799995,0.010981303370630843,0.33359936153232245,456,-0.10877968924414856
tbi_ma8,long,1,-0.013406686286847434,-0.009703235316404617,876,-0.07791533724871282,0.01081561529991798,0.3321917808219178,338,-0.24752243849649644
avg_trade_usd,long,4,3571.7814422655642,3869.0922843088965,876,-0.07820662300528856,0.010524329543342231,0.3321917808219178,193,-0.1787555042261997
kyle,short,9,6.03328908275103e-07,inf,877,-0.07837342620958057,0.009112606978684087,0.3112884834663626,26,
flow_eff,long,6,0.4191040181338267,0.6062104360361869,877,-0.07845569095574095,0.010275261592889842,0.330672748004561,217,-0.09326795519565168
dn_wick,long,6,0.33942584319378094,0.4068508113412117,876,-0.07849469265595228,0.010236259892678512,0.3321917808219178,279,-0.10333299531524179
tbi_z96,short,0,-inf,-1.2937127435063578,867,-0.07850084179121204,0.008985191397052616,0.3344867358708189,284,-0.023505313804534807
hi_pos,long,3,0.1589958158995816,0.27615062761506276,882,-0.07855912092309471,0.010171831625536087,0.3310657596371882,318,0.04431650296075796
tbi_z8,short,8,0.9238444153592951,1.354660076792907,876,-0.07864583994409029,0.008840193244174371,0.3264840182648402,296,-0.15974507309506053
to_hi480,long,0,-inf,1.7428002563700233,829,-0.07881052012209615,0.009920432426534648,0.3341375150784077,173,0.17335276329353203
ats_z96,long,9,1.491541066401036,inf,867,-0.07881962179269278,0.009911330755938016,0.33679354094579006,283,0.09023387725470064
tbi,short,7,0.008709581192913353,0.015243197431993476,877,-0.07905351537768021,0.008432517810584447,0.32839224629418473,239,-0.28171077977896686
kyle_z,short,2,-0.8589886315728682,-0.6438246935495081,867,-0.07912437738966548,0.008361655798599182,0.3333333333333333,270,-0.1902021680152332
dq_z96,short,0,-inf,-1.293329031337503,867,-0.07925662667804098,0.008229406510223677,0.3344867358708189,284,-0.023505313804534807
atr_rank,long,5,0.4625,0.5854166666666667,828,-0.07930295874574517,0.009427993802885629,0.3321256038647343,334,-0.17995174730553307
tbi_z8,short,1,-1.3409038308105765,-0.9467241273073556,876,-0.07939182033775612,0.008094212850508542,0.3310502283105023,288,-0.07014055437462774
since_lo96,long,0,-inf,7.0,796,-0.07948556456816612,0.009245387980464675,0.32537688442211055,395,-0.24683901119581056
persist96,long,1,0.01631211901011021,0.03338044619195898,867,-0.07949593337619022,0.009235019172440573,0.3333333333333333,316,-0.37599297663250286
flow_eff,short,2,-0.019977624588091714,0.07632832261883876,876,-0.07954082991695115,0.007945203271313511,0.341324200913242,579,-0.11677096040169938
extreme_late,long,4,0.6234309623430963,0.7238493723849372,848,-0.07959869938441003,0.009132253164220769,0.33254716981132076,323,-0.05006999430159134
atr_rank,short,3,0.22708333333333333,0.3375,833,-0.07966552497181725,0.007820508216447405,0.33133253301320525,319,-0.1696858317162063
since_hi96,short,5,44.0,59.0,888,-0.07975946903907712,0.0077265641491875425,0.32995495495495497,279,-0.16979367745119828
tbi_z8,long,2,-0.9467241273073556,-0.6040612272436893,876,-0.07976339757707354,0.008967554971557254,0.3310502283105023,311,-0.024103187423603407
m1_jump,long,8,0.25195253342068497,0.3388243672399471,876,-0.07976885664579243,0.008962095902838363,0.3287671232876712,349,-0.07845149376808597
since_hi96,long,4,31.0,44.0,880,-0.07981665828208735,0.008914294266543443,0.3352272727272727,275,-0.03708261312783275
extreme_late,long,6,0.8075313807531381,0.8786610878661087,860,-0.07997992126728506,0.00875103128134573,0.3313953488372093,309,-0.11056846938786653
to_lo96,long,7,7.596208370083321,9.137172348829573,867,-0.08028774317981258,0.00844320936881822,0.3356401384083045,374,-0.17084978182049504
trade_intensity,long,5,0.8279046459073436,0.9461992272434562,867,-0.08030188639915276,0.00842906614947804,0.32987312572087657,237,-0.02709866596350421
vol_per_trade_z,long,9,1.4449022804360598,inf,867,-0.08050908172680368,0.008221870821827112,0.3344867358708189,307,0.08336399660226237
vol_per_trade_z,short,3,-0.6311977477995068,-0.3595189147249858,867,-0.08062402262195356,0.006862010566311097,0.328719723183391,320,-0.030082221259419163
atr_rank,long,3,0.22708333333333333,0.3375,833,-0.0807692348730995,0.00796171767553129,0.33613445378151263,319,-0.0572452905741144
wick_skew,short,6,0.06493913238194599,0.1466209500176167,876,-0.08087876062043009,0.006607272567834568,0.3287671232876712,325,-0.0608003552291022
hour,short,2,8.0,12.0,1461,-0.08091630943863323,0.006569723749631426,0.32991101984941823,537,-0.051882953646454906
minofday,short,2,480.0,720.0,1461,-0.08091630943863323,0.006569723749631426,0.32991101984941823,537,-0.051882953646454906
range_z,short,8,0.5248822723292595,1.2202518597702472,867,-0.08114648148864365,0.006339551699621013,0.32410611303344866,363,-0.07520909163697
gap,long,3,0.0,8.420301018954109e-05,4728,-0.0811899025706027,0.007541049978028097,0.3322758037225042,1996,-0.08619124015367888
sess_eu,short,1,1.0,inf,2922,-0.0812822841421332,0.006203749046131454,0.32888432580424365,1074,-0.06495032589508634
minofday,short,3,720.0,960.0,1461,-0.08164825884563316,0.0058377743426314965,0.3278576317590691,537,-0.07801769814371777
hour,short,3,12.0,16.0,1461,-0.08164825884563316,0.0058377743426314965,0.3278576317590691,537,-0.07801769814371777
tbi_z24,short,1,-1.3227384666546933,-0.8779291138600496,874,-0.08177390249185196,0.005712130696412701,0.3306636155606407,302,-0.13178676825048513
extreme_late,short,2,0.3891213389121339,0.5188284518828452,866,-0.08195164511717792,0.005534388071086735,0.3302540415704388,327,-0.03027608947873004
sess_asia,long,1,1.0,inf,2922,-0.08196586528268524,0.00676508726594556,0.3326488706365503,1074,-0.11452314142642943
absorb,short,0,-inf,-0.14679728299706482,877,-0.08224149150698812,0.0052445416812765405,0.3329532497149373,423,-0.066799735840682
ats_rank480,short,2,0.175,0.28541666666666665,819,-0.0825171162420543,0.004968916946210364,0.32844932844932845,331,-0.05782425603531879
rpt_z,short,5,-0.14651668596023054,0.11541738274548088,867,-0.08260872184746348,0.004877311340801174,0.3275663206459054,298,-0.10222078667808653
updn_ratio,long,8,0.5232067510548524,0.5366106233019649,896,-0.0827279085749546,0.006003043973676195,0.3325892857142857,364,-0.20385759047295426
pos24,long,5,0.5294697576153384,0.6322616244553863,874,-0.08301174139023194,0.005719211158398851,0.3318077803203661,339,-0.18708626973643944
to_lo96,short,2,2.5780327686168896,3.4872744615639926,867,-0.08310945869582752,0.004376574492437141,0.32525951557093424,358,-0.15106303386517494
tbi_z8,short,3,-0.6040612272436893,-0.2815991935356222,875,-0.08314377289383897,0.004342260294425693,0.3302857142857143,362,-0.08292564112231662
hour,short,4,16.0,20.0,1461,-0.08319614680146276,0.004289886386801903,0.3278576317590691,537,-0.11470127302218777
minofday,short,4,960.0,1200.0,1461,-0.08319614680146276,0.004289886386801903,0.3278576317590691,537,-0.11470127302218777
vol_per_trade_z,short,8,0.9101815262502554,1.4449022804360598,867,-0.08327908755214744,0.004206945636117218,0.328719723183391,328,-0.16882145556163333
sess_asia,short,0,-inf,1.0,5843,-0.08328345077482588,0.00420258241343878,0.32808488790005136,2147,-0.08293415375169802
lo_pos,short,2,0.07112970711297072,0.1589958158995816,915,-0.08329356403639103,0.004192469151873629,0.32786885245901637,318,0.008167566331089306
persist6,short,6,0.4832805114664188,0.5799522535681318,876,-0.08359552788377381,0.0038905053044908516,0.3264840182648402,327,-0.07926814505930424
absorb,long,3,-0.039510818125478527,-0.02381027372215469,876,-0.0836819539018149,0.0050489986468158915,0.3276255707762557,214,-0.29785504427731846
up_wick,long,7,0.38427705627705583,0.4652863703779721,877,-0.08374111806166508,0.004989834486965716,0.330672748004561,304,-0.054775441850889804
absorb_z,short,4,-0.023011506087688857,0.048648778315058844,847,-0.08394217382858934,0.0035438593596753137,0.3270365997638725,342,-0.06444923666096762
range_per_trade,short,5,2.840846211011737e-08,3.118313638746739e-08,877,-0.08396709563477385,0.0035189375534908085,0.3295324971493729,313,-0.11932340016988416
rpt_z,short,9,1.3331224320282498,inf,867,-0.08426212204928345,0.0032239111389812114,0.32525951557093424,335,-0.20346312375961464
pos480,short,0,-inf,0.14801776353696755,829,-0.08438989851767853,0.0030961346705861287,0.3208685162846803,296,-0.034592035920523304
wick_skew,long,4,-0.09645779357826975,-0.013552295918367374,876,-0.08460408792091192,0.004126864627718871,0.3310502283105023,337,-0.18737379987810357
rv_vs_range,long,5,0.6755027837760977,0.7186206532706073,877,-0.08463974029874945,0.004091212249881349,0.330672748004561,290,-0.0586699148689836
range_rank,long,5,0.48125,0.5875,833,-0.08465957718558983,0.0040713753630409605,0.33013205282112845,332,-0.12569341952779356
sess_us,long,0,-inf,1.0,5844,-0.08467534515584127,0.004055607392789526,0.3311088295687885,2148,-0.08912372901353832
rpt_rank,long,5,0.4666666666666667,0.5708333333333333,822,-0.08487657653783008,0.003854376010800714,0.3333333333333333,315,-0.05037415800966243
lo_pos,long,2,0.07112970711297072,0.1589958158995816,915,-0.08490684157378595,0.0038241109748448493,0.33224043715846996,318,-0.11781516334581495
atr_pct,short,8,0.024678765221320686,0.030351754735768795,876,-0.0849584232226045,0.002527609965660163,0.319634703196347,107,-0.03435652399945681
minofday,short,1,240.0,480.0,1461,-0.08508423219573301,0.0024018009925316497,0.3271731690622861,537,-0.0661338729972091
hour,short,1,4.0,8.0,1461,-0.08508423219573301,0.0024018009925316497,0.3271731690622861,537,-0.0661338729972091
sess_us,short,1,1.0,inf,2921,-0.08528530250393511,0.0022007306843295493,0.32728517630948306,1073,-0.10093474193250036
to_lo24,long,1,0.7648849695554003,1.1706383506773248,874,-0.08530023583721434,0.003430716711416454,0.3295194508009153,312,-0.15668346468446723
ats_z96,short,2,-0.9122146512040115,-0.6089442981471993,867,-0.08539499178039076,0.002091041407873903,0.3275663206459054,340,-0.09326555407979467
m1_jump,long,1,0.09125296461620419,0.10865966621344716,876,-0.08567973626173503,0.0030512162868957665,0.3287671232876712,282,-0.03101452841136392
avg_trade_usd,short,4,3571.7814422655642,3869.0922843088965,876,-0.08583269940350532,0.0016533337847593338,0.3287671232876712,193,-0.09379305973220844
range_z,long,6,-0.09049257085156812,0.15568719632717545,867,-0.08585848201167784,0.0028724705369529563,0.328719723183391,278,-0.17945182756011313
disp6,long,7,0.6964592982610548,1.1803459452900136,876,-0.085910423871201,0.0028205286774297955,0.3299086757990868,358,-0.0077954051584797025
lo_pos,long,9,0.9355648535564869,inf,877,-0.08593224276512884,0.002798709783501954,0.3295324971493729,344,-0.21943076848850437
flow_eff,long,0,-inf,-0.39733640764624717,877,-0.08596995026627835,0.0027610022823524455,0.3261117445838084,321,-0.09960477868383813
body_frac,long,3,-0.29681895058452057,-0.1322199077969487,876,-0.08597419335144837,0.0027567591971824207,0.3276255707762557,334,0.04291888905866297
m1_jump,short,9,0.3388243672399471,inf,877,-0.08598973510007278,0.0014962980881918775,0.32839224629418473,247,-0.14917946673276625
m1_jump,long,5,0.159385695531066,0.18045301309243397,877,-0.08610366058319771,0.0026272919654330845,0.32839224629418473,331,-0.17402562733140092
dq,short,7,0.017399669031531558,0.030617822466259943,877,-0.08610411265255767,0.0013819205357069875,0.3261117445838084,241,-0.26473633856869705
dq,long,2,-0.039953790024378336,-0.02612180672785863,877,-0.08612715620651404,0.002603796342116757,0.3272519954389966,280,-0.0667882326003589
kyle_z,long,3,-0.6438246935495081,-0.43366009001754413,867,-0.08613069467342231,0.0026002578752084837,0.33217993079584773,293,-0.0013153754571107205
vol_of_vol,short,7,0.1305644429785149,0.5234357289122207,826,-0.08614615898857153,0.001339874199693128,0.32929782082324455,369,0.09088713534102802
tbi_z96,long,4,-0.2553814783649961,-0.004833135626994989,867,-0.0861553971067314,0.0025755554418993992,0.32987312572087657,363,-0.1341355825349545
avg_trade_usd,short,8,4762.617031526381,5193.04320066882,876,-0.08622681723550785,0.001259215952756812,0.3230593607305936,384,-0.06406665680101872
rv_vs_range,short,1,0.4846170569677432,0.5423857931751022,876,-0.08622909720098314,0.0012569359872815211,0.3253424657534247,276,-0.09970600854217525
up_wick,short,0,-inf,0.057539600530415035,877,-0.08625372368234589,0.001232309505918766,0.32839224629418473,418,-0.05477932474647066
wick_skew,long,7,0.1466209500176167,0.25166950855143666,877,-0.08629687786793624,0.0024340746806945507,0.3329532497149373,312,-0.1142951239068143
since_lo24,long,7,20.0,23.0,1151,-0.08630008303748503,0.0024308695111457668,0.3318853171155517,415,0.003167770037816654
updn_ratio,long,5,0.5,0.5062761506276151,848,-0.08641608361645137,0.0023148689321794286,0.330188679245283,287,-0.13033036450537744
dn_wick,short,4,0.21976693723255156,0.27842507030932095,876,-0.08665886228170347,0.0008271709065611893,0.3276255707762557,326,0.007446696772818619
wick_skew,short,0,-inf,-0.4377410159181354,877,-0.08665970019644796,0.0008263329918166973,0.3272519954389966,325,-0.06567173330011213
disp96,long,8,6.162367051044947,9.598565625143438,867,-0.08679927752106593,0.0019316750275648609,0.3333333333333333,388,-0.0884700729122476
tbi_z8,long,0,-inf,-1.3409038308105765,876,-0.08716744361350218,0.0015635089351286185,0.3287671232876712,313,-0.11437488004804917
atr_rank,long,7,0.69375,0.8020833333333334,842,-0.08727046724845045,0.0014604853001803503,0.3254156769596199,213,-0.22381077908505093
minofday,short,5,1200.0,inf,1460,-0.08737588913497077,0.00011014405329388965,0.3267123287671233,536,-0.0871425270161531
hour,short,5,20.0,inf,1460,-0.08737588913497077,0.00011014405329388965,0.3267123287671233,536,-0.0871425270161531
sess_eu,long,1,1.0,inf,2922,-0.0873848250289973,0.0013461275196334915,0.3295687885010267,1074,-0.06372431660064723
dq_cum24,short,7,0.051199594242740815,0.1483850612762181,874,-0.08742192033937701,6.411284888764579e-05,0.3295194508009153,252,-0.22831861485240781
pos24,short,4,0.43604477547122444,0.5294697576153384,874,-0.08743104500389397,5.4988184370691195e-05,0.3306636155606407,300,-0.27660168517094386
since_lo24,long,2,5.0,8.0,832,-0.0874996320824343,0.0012313204661964922,0.328125,321,-0.20473233110523908
kyle_z,short,6,0.023459112082467374,0.3024210281291553,867,-0.08768376021464232,-0.0001977270263776587,0.3264129181084198,331,-0.02151964309602546
tbi_z96,short,7,0.5399741851352386,0.8409490837143425,867,-0.08782093578728507,-0.00033490259902041464,0.32525951557093424,286,-0.09837868645061872
up_wick,short,8,0.4652863703779721,0.5798687191800286,876,-0.08790089213030004,-0.0004148589420353843,0.3276255707762557,292,-0.10212913839522163
tbi_z24,long,9,1.323035951769245,inf,875,-0.08804769161442132,0.0006832609342094786,0.3325714285714286,295,-0.05701884743746218
avg_trade_usd,long,1,2661.7871666265796,2975.339056554425,876,-0.08840273171322599,0.00032822083540480496,0.3321917808219178,291,-0.1188691898939221
rv_vs_range,long,3,0.5901794183609127,0.6336503707839143,876,-0.08841903392038865,0.0003119186282421471,0.3287671232876712,316,0.0013433076102981857
sess_us,short,0,-inf,1.0,5844,-0.08858602195091467,-0.0010999887626500088,0.3264887063655031,2148,-0.07903277295576279
persist6,long,6,0.4832805114664188,0.5799522535681318,876,-0.08871370679097525,1.7245757655548477e-05,0.3299086757990868,327,-0.02664674509749232
minofday,long,4,960.0,1200.0,1461,-0.08884786615330499,-0.00011691360467419587,0.3264887063655031,537,-0.04752038358758755
hour,long,4,16.0,20.0,1461,-0.08884786615330499,-0.00011691360467419587,0.3264887063655031,537,-0.04752038358758755
rpt_z,short,6,0.11541738274548088,0.4062038984424042,867,-0.08900878027173527,-0.0015227470834706103,0.3275663206459054,320,-0.05678834116587154
hour,long,0,-inf,4.0,1461,-0.08910333107581259,-0.0003723785271817909,0.32922655715263516,537,-0.12271252824287139
minofday,long,0,-inf,240.0,1461,-0.08910333107581259,-0.0003723785271817909,0.32922655715263516,537,-0.12271252824287139
wick_skew,short,4,-0.09645779357826975,-0.013552295918367374,876,-0.0892295192285833,-0.0017434860403186397,0.3242009132420091,337,0.05040930605484744
pos24,short,5,0.5294697576153384,0.6322616244553863,874,-0.08923263305908337,-0.0017465998708187103,0.32494279176201374,339,-0.011385135432068559
lo_pos,long,6,0.5397489539748954,0.6820083682008368,885,-0.08923412411879682,-0.0005031715701660222,0.327683615819209,331,0.13036337839504483
range_rank,long,3,0.275,0.3770833333333333,819,-0.08924978833834471,-0.0005188357897139145,0.3321123321123321,312,-0.1469398306157895
range_per_trade,long,3,2.3595939859596615e-08,2.5856397998865023e-08,876,-0.08935059964711853,-0.0006196470984877328,0.3333333333333333,383,-0.06321423940924599
sess_eu,long,0,-inf,1.0,5843,-0.08940413149991766,-0.0006731789512868652,0.328940612698956,2147,-0.09405248815695541
range_z,short,2,-0.7636894619040546,-0.6045310958055903,867,-0.08968057963496233,-0.0021945464466976705,0.33102652825836215,324,-0.06440406488487907
dq,long,0,-inf,-0.05811527342789348,877,-0.08999807373767871,-0.0012671211890479123,0.330672748004561,564,-0.11239374551957501
to_lo24,long,2,1.1706383506773248,1.5507470855117158,874,-0.09009872196892053,-0.0013677694202897384,0.32608695652173914,318,-0.03129082423592267
wick_skew,short,1,-0.4377410159181354,-0.28415366438028616,876,-0.09034939772686708,-0.00286336453860242,0.3287671232876712,332,-0.05458882215744167
dn_wick,short,7,0.4068508113412117,0.4897686602436436,877,-0.09040349591213193,-0.0029174627238672673,0.3272519954389966,304,-0.2674049191341464
sess_eu,short,0,-inf,1.0,5843,-0.09058843858152091,-0.0031024053932562495,0.32568885846311824,2147,-0.09702315994002264
tbi_z8,short,0,-inf,-1.3409038308105765,876,-0.09060238241043601,-0.003116349222171355,0.3276255707762557,313,-0.030469988627923574
since_hi24,short,3,7.0,10.0,828,-0.09074104190932983,-0.0032550087210651696,0.32608695652173914,311,-0.06325677762170477
kyle,short,5,3.30631537978391e-07,3.685243424347186e-07,877,-0.09077293753402547,-0.003286904345760816,0.3249714937286203,245,0.07689505297813326
tbi_z96,long,0,-inf,-1.2937127435063578,867,-0.09080437494020166,-0.0020734223915708644,0.328719723183391,284,-0.18093910617105877
rpt_z,short,4,-0.3821033315739095,-0.14651668596023054,867,-0.0908059337593541,-0.0033199005710894403,0.3275663206459054,313,-0.21842266878296715
tbi_ma96,short,5,-0.0021863931914519663,-0.0013667872336756608,867,-0.09083520097047326,-0.0033491677822086036,0.32987312572087657,165,0.35216099675263396
kyle,long,6,3.685243424347186e-07,4.134743394911122e-07,876,-0.09097974685348417,-0.002248794304853377,0.3264840182648402,184,-0.014403567166854005
dq_z96,short,7,0.5409492448694525,0.8403602678012647,867,-0.09111652456343117,-0.0036304913751665085,0.32410611303344866,284,-0.11152687823802299
tbi_z24,short,8,0.8798770194860938,1.323035951769245,874,-0.09122623905169129,-0.003740205863426632,0.32494279176201374,313,-0.01351425934330766
atr_pct,long,3,0.01380005008421249,0.015344019804804385,876,-0.09125361983225146,-0.002522667283620661,0.3310502283105023,304,-0.06886185098020854
tbi_z24,short,2,-0.8779291138600496,-0.5501928331766714,874,-0.09126287331036567,-0.0037768401221010134,0.32837528604118993,316,-0.1853381200957948
efficiency,short,1,0.009040793835589173,0.017949588329827786,876,-0.09129425254165184,-0.003808219353387182,0.3253424657534247,303,-0.08129274715085288
since_lo24,short,9,24.0,inf,1229,-0.09150680879179968,-0.004020775603535018,0.3270951993490643,435,-0.12297262862706428
rpt_rank,short,6,0.5708333333333333,0.6791666666666667,830,-0.09154914548932822,-0.004063112301063557,0.3289156626506024,322,-0.04098807547701335
close_loc,short,5,0.52505473120895,0.6128157222335351,877,-0.09172256360967307,-0.00423653042140841,0.3261117445838084,296,-0.09552435307790737
persist24,short,8,0.3730368956947808,0.46544431995907726,874,-0.09208591513256695,-0.004599881944302289,0.32265446224256294,286,-0.2049141736445905
sess_asia,long,0,-inf,1.0,5843,-0.09211407508689762,-0.0033831225382668223,0.3274003080609276,2147,-0.068641245556634
ats_z96,long,2,-0.9122146512040115,-0.6089442981471993,867,-0.09231291428768733,-0.003581961739056533,0.3275663206459054,340,-0.017246648729912696
body_frac,short,5,0.020609043371261057,0.17569474296582896,877,-0.09242935125079586,-0.0049433180625312045,0.3249714937286203,274,-0.10480779615054814
tbi_ma8,short,5,-0.0022705903744923255,-8.514950941362843e-05,876,-0.09263307772022548,-0.005147044531960826,0.3264840182648402,241,-0.0715926855866856
dow,short,1,1.0,2.0,1253,-0.09266750169429505,-0.005181468506030393,0.32641660015961693,456,-0.13486263577497068
persist24,long,0,-inf,0.03381198187406315,874,-0.0927877325968327,-0.004056780048201911,0.3306636155606407,399,-0.14840158748839927
tbi_z8,short,7,0.6074870578487849,0.9238444153592951,876,-0.09280690496629278,-0.005320871778028119,0.3230593607305936,297,0.08285950031149872
ats_rank480,long,9,0.9354166666666667,inf,837,-0.09292081285304662,-0.0041898603044158295,0.3321385902031063,237,0.14208761865023467
tbi_ma8,short,7,0.00217507300364068,0.004988225015250394,876,-0.09315096709825464,-0.005664933909989983,0.3219178082191781,256,-0.2364167145757427
gap,short,3,0.0,8.420301018954109e-05,4728,-0.09320137376573363,-0.005715340577468975,0.32423857868020306,1996,-0.08268219565094105
tbi,long,2,-0.020024678573198583,-0.013168510616637938,877,-0.09325644658681183,-0.004525494038181033,0.3249714937286203,276,-0.07276845035561799
to_lo480,short,8,21.70941120235073,25.484712895199703,829,-0.09325666893652126,-0.005770635748256606,0.32689987937273823,230,-0.26647384570362825
tbi_ma8,short,4,-0.00440441203685144,-0.0022705903744923255,876,-0.09349699158113303,-0.0060109583928683735,0.3276255707762557,227,0.09982276665149477
range_per_trade,long,2,2.1104472055980993e-08,2.3595939859596615e-08,877,-0.09350701976078982,-0.004776067212159021,0.33181299885974913,498,-0.043560592413421875
tbi,long,0,-inf,-0.029156555914568814,877,-0.09361709601163284,-0.004886143463002049,0.3295324971493729,562,-0.11409134401761613
m1_jump,short,6,0.18045301309243397,0.20971816373948826,876,-0.09366910711012785,-0.006183073921863194,0.3242009132420091,354,-0.08142149726937206
tbi_z24,long,8,0.8798770194860938,1.323035951769245,874,-0.09368549462005676,-0.004954542071425969,0.32837528604118993,313,-0.0785700807291799
pos24,long,0,-inf,0.1529843724693117,875,-0.0938199065802132,-0.00508895403158241,0.32457142857142857,385,-0.17087550650841069
persist96,long,5,0.09793205045260268,0.12507836107050965,867,-0.09384060515310746,-0.005109652604476669,0.3264129181084198,349,0.12141772451825017
trade_intensity,long,3,0.6373089822903832,0.7260984876372799,867,-0.09386612743084334,-0.005135174882212545,0.3264129181084198,247,-0.22503039975543757
dq,long,4,-0.015102813222672326,-0.004422707711386351,876,-0.0939002348452205,-0.005169282296589708,0.3253424657534247,269,-0.1845796325405476
dq,long,7,0.017399669031531558,0.030617822466259943,877,-0.09402272998205694,-0.00529177743342614,0.3272519954389966,241,-0.09201271063487661
rpt_rank,long,9,0.8979166666666667,inf,847,-0.09410711758613809,-0.005376165037507291,0.3282172373081464,315,-0.045410777788326924
ats_rank480,long,8,0.8479166666666667,0.9354166666666667,833,-0.09413418511564936,-0.005403232567018565,0.33013205282112845,265,-0.05515893890848707
vol_per_trade_z,short,7,0.5335539487469343,0.9101815262502554,867,-0.0942895842504729,-0.0068035510622082435,0.32525951557093424,329,-0.18245413987637205
tbi_ma8,long,5,-0.0022705903744923255,-8.514950941362843e-05,876,-0.0943219051653959,-0.0055909526167651075,0.3264840182648402,241,-0.1861105343724923
rpt_z,long,4,-0.3821033315739095,-0.14651668596023054,867,-0.09433424417590341,-0.005603291627272619,0.328719723183391,313,-0.11049460276686554
tbi_ma96,long,9,0.0027365291248077385,inf,867,-0.09435489782046008,-0.0056239452718292865,0.32525951557093424,553,0.09506256217059143
ats_z96,short,9,1.491541066401036,inf,867,-0.09441945352359914,-0.006933420335334478,0.3264129181084198,283,-0.21235625246744727
dq_z96,long,0,-inf,-1.293329031337503,867,-0.0944584225952246,-0.0057274700465938105,0.3275663206459054,284,-0.18093910617105877
m1_jump,long,3,0.12451667415153965,0.1405938842871208,876,-0.09473427046878842,-0.006003317920157625,0.3287671232876712,341,-0.13902669829931202
ats_z96,long,3,-0.6089442981471993,-0.3242508505869179,867,-0.09481176575417052,-0.0060808132055397285,0.3264129181084198,332,-0.24363895969445198
ats_rank480,short,7,0.746875000000002,0.8479166666666667,816,-0.09493648291649061,-0.00745044972822595,0.3272058823529412,268,-0.14430429645122317
tbi,long,1,-0.029156555914568814,-0.020024678573198583,876,-0.09502782125567966,-0.006296868707048861,0.3253424657534247,305,-0.0644681564685327
hi_pos,long,0,-inf,0.02092050209205021,876,-0.09503999306810841,-0.006309040519477616,0.3242009132420091,291,-0.03855700398516441
vol_per_trade_z,long,1,-1.3600079077846818,-0.9392144382417976,867,-0.09504718446477148,-0.006316231916140683,0.3264129181084198,316,-0.0190426138754833
accel,short,7,0.6613074383967532,1.0856744648996421,873,-0.09512269384411301,-0.007636660655848351,0.3241695303550974,348,-0.0683081495467252
rpt_z,long,1,-1.216474230141495,-0.890299282014816,867,-0.09518301933556102,-0.006452066786930222,0.3264129181084198,324,-0.14985102519052457
gap,short,0,-inf,-0.00025816145493430016,877,-0.09526461171133313,-0.007778578523068472,0.32839224629418473,20,
kyle_z,short,7,0.3024210281291553,0.6870621901332734,867,-0.09537850325064917,-0.007892470062384513,0.3217993079584775,354,-0.025575063197879645
gap,short,4,8.420301018954109e-05,0.0002571207823121999,876,-0.0954264160464131,-0.007940382858148437,0.3242009132420091,465,-0.12963215873637032
flow_div,long,0,-inf,0.0,6889,-0.095498217905378,-0.00676726535674721,0.3267527943097692,2414,-0.09663345064545131
up_wick,short,9,0.5798687191800286,inf,877,-0.0958467352086651,-0.008360702020400443,0.3249714937286203,280,-0.11451189240989422
sess_asia,short,1,1.0,inf,2922,-0.09588975975969619,-0.008403726571431527,0.3240930869267625,1074,-0.09311522001643924
efficiency,short,0,-inf,0.009040793835589173,877,-0.09604842183636267,-0.00856238864809801,0.3261117445838084,283,-0.11050385593361108
rv_vs_range,short,6,0.7186206532706073,0.7652230555975403,876,-0.09628861611293298,-0.008802582924668317,0.3242009132420091,309,-0.07642508807881926
vol_per_trade_z,long,8,0.9101815262502554,1.4449022804360598,867,-0.09632619315056325,-0.007595240601932451,0.32525951557093424,328,0.006906082929113047
flow_eff,long,7,0.6062104360361869,0.9207250652891722,876,-0.09638412171654834,-0.007653169167917542,0.3219178082191781,174,-0.06420919939606659
range_rank,short,5,0.48125,0.5875,833,-0.09639116205609806,-0.0089051288678334,0.32292917166866747,332,-0.15983999943869048
tbi_z8,long,1,-1.3409038308105765,-0.9467241273073556,876,-0.09658012414387794,-0.007849171595247145,0.3242009132420091,288,-0.11368031700331145
tbi_z96,short,2,-0.8595671205731356,-0.5373577890535531,867,-0.09668240788693891,-0.00919637469867425,0.3275663206459054,339,-0.15170223544364042
vol_of_vol,short,2,-0.7203019051498344,-0.5853181162439783,826,-0.09675420909504788,-0.009268175906783221,0.32929782082324455,204,0.030989759471056026
disp96,short,3,-2.613129304605548,-1.072868132323117,867,-0.09679673152594981,-0.00931069833768515,0.3229527104959631,317,-0.0356156102114991
sess_us,long,1,1.0,inf,2921,-0.09684494419651238,-0.008113991647881583,0.3252310852447792,1073,-0.0735627569254409
updn_ratio,short,3,0.48333333333333334,0.49159663865546216,865,-0.09689501186318332,-0.009408978674918661,0.3248554913294798,267,-0.07106551506415018
persist6,long,4,0.302335680588273,0.39038315738435553,875,-0.09697988858616569,-0.00824893603753489,0.32685714285714285,348,-0.20502683537890706
tbi_ma24,short,7,0.0009966377006771499,0.0030165052439096785,874,-0.09722221139748244,-0.00973617820921778,0.32608695652173914,246,-0.22927905439373245
kyle_z,short,9,1.270981246347144,inf,867,-0.09736911415872741,-0.009883080970462754,0.3160322952710496,363,-0.08433830400662806
range_rank,long,7,0.6958333333333333,0.7958333333333333,818,-0.09737110165097873,-0.008640149102347935,0.32396088019559904,284,-0.13713778557782758
rpt_rank,long,7,0.6791666666666667,0.7916666666666666,839,-0.0975086989282984,-0.008777746379667606,0.3265792610250298,351,0.003864407736559338
tbi,long,7,0.008709581192913353,0.015243197431993476,877,-0.09751209869859956,-0.008781146149968763,0.3261117445838084,239,-0.0837244554471089
kyle_z,long,4,-0.43366009001754413,-0.21236720358189776,867,-0.09756636200072986,-0.008835409452099069,0.32525951557093424,283,-0.12441129867998228
disp24,long,6,0.8857261102531374,1.764446311305434,874,-0.09759882065380134,-0.00886786810517054,0.32723112128146453,347,-0.05044061252076668
range_per_trade,short,0,-inf,1.8252102014440413e-08,877,-0.09767041663129077,-0.010184383443026107,0.33181299885974913,731,0.014151304930105444
tbi_z8,long,7,0.6074870578487849,0.9238444153592951,876,-0.09789915379376347,-0.009168201245132679,0.3287671232876712,297,-0.23062964013225526
pos480,long,9,0.9286429376153641,inf,829,-0.09797764294432572,-0.009246690395694923,0.3293124246079614,174,0.20432127088260424
kyle_z,short,8,0.6870621901332734,1.270981246347144,867,-0.09801556830882363,-0.010529535120558972,0.3206459054209919,358,-0.02915868345957187
avg_trade_usd,long,2,2975.339056554425,3275.0465434337902,877,-0.0980231475395412,-0.009292194990910399,0.3295324971493729,285,-0.05161094021754244
persist96,short,2,0.03338044619195898,0.0515634106213566,867,-0.09810508340235788,-0.01061905021409322,0.3264129181084198,346,-0.058620311321770896
rpt_rank,short,2,0.17291666666666666,0.26458333333333334,815,-0.09811578014184444,-0.01062974695357978,0.3239263803680982,298,-0.013313763356746767
rv_vs_range,short,3,0.5901794183609127,0.6336503707839143,876,-0.09827759361858619,-0.010791560430321534,0.3219178082191781,316,-0.06562354428167783
disp96,short,6,1.9630870197531143,3.8574025234418943,867,-0.09833474733676828,-0.010848714148503621,0.3264129181084198,313,0.05518976425325727
absorb_z,long,7,0.15378856212922218,0.2261836432179246,847,-0.09846445649532345,-0.00973350394669266,0.3234946871310508,311,0.011691043771063923
extreme_late,short,0,-inf,0.23430962343096234,873,-0.0984683050416525,-0.010982271853387848,0.3241695303550974,274,-0.16258979499965595
persist6,short,8,0.6910456957029085,0.8180967993913174,876,-0.09861551646427937,-0.011129483276014707,0.3242009132420091,303,-0.09563037190677452
gap,long,0,-inf,-0.00025816145493430016,877,-0.09872408771007893,-0.009993135161448133,0.3272519954389966,20,
rpt_z,short,7,0.4062038984424042,0.7850117122844968,867,-0.09891802569617184,-0.011431992507907177,0.3206459054209919,355,-0.03737332313944048
hi_pos,short,3,0.1589958158995816,0.27615062761506276,882,-0.0989998088583036,-0.011513775670038945,0.3253968253968254,318,-0.18504832414698863
disp6,long,0,-inf,-1.7804717542894932,876,-0.09900054144019067,-0.010269588891559878,0.319634703196347,381,-0.15538934921510938
persist6,short,4,0.302335680588273,0.39038315738435553,875,-0.0991099010782388,-0.011623867889974146,0.3222857142857143,348,-0.1113893205461506
hi_pos,short,6,0.5564853556485355,0.698744769874477,875,-0.09956881251983746,-0.012082779331572799,0.32342857142857145,311,-0.03287007994508165
persist24,long,1,0.03381198187406315,0.06974219146853762,874,-0.09970950753214516,-0.010978554983514369,0.32608695652173914,376,0.008227707297456801
since_hi480,long,9,462.0,inf,837,-0.09986435480712162,-0.011133402258490827,0.3225806451612903,373,0.10217811672694452
vol_of_vol,long,5,-0.29998734266072047,-0.1159629389336806,827,-0.10025853907370898,-0.011527586525078182,0.32889963724304716,235,-0.10286254980185373
flow_eff,short,0,-inf,-0.39733640764624717,877,-0.10034774381035085,-0.012861710622086187,0.31584948688711517,321,-0.040563790476302625
tbi_z8,long,9,1.354660076792907,inf,876,-0.10055856357152074,-0.011827611022889942,0.3276255707762557,314,-0.019221348248130914
kyle,long,8,4.800458662385801e-07,6.03328908275103e-07,876,-0.10065421703637137,-0.011923264487740573,0.319634703196347,101,0.06296566395358581
trade_intensity,short,9,1.8005630550031468,inf,867,-0.10077678166853023,-0.013290748480265568,0.3217993079584775,414,7.22266423322448e-05
rv_vs_range,long,4,0.6336503707839143,0.6755027837760977,876,-0.10080036074861053,-0.012069408199979731,0.3242009132420091,286,-0.10880852762123794
wick_skew,long,5,-0.013552295918367374,0.06493913238194599,877,-0.10091143960223468,-0.012180487053603889,0.322690992018244,359,-0.027397846159998986
tbi,short,3,-0.013168510616637938,-0.007654052728105141,876,-0.10091450414182156,-0.013428470953556898,0.3219178082191781,221,0.006362577255214203
to_hi24,long,2,0.9750212547727201,1.3399987716232993,874,-0.10093960494563423,-0.01220865239700343,0.32723112128146453,287,-0.07649584679507097
atr_rank,long,6,0.5854166666666667,0.69375,825,-0.1012622265021234,-0.0125312739534926,0.3236363636363636,234,-0.23461388365997063
tbi_z24,short,7,0.5523382488745685,0.8798770194860938,874,-0.10139454934171462,-0.013908516153449957,0.31922196796338675,325,-0.18639655947131017
tbi_z24,long,2,-0.8779291138600496,-0.5501928331766714,874,-0.10139845004172417,-0.012667497493093371,0.32265446224256294,316,0.044131195902233876
range_z,long,5,-0.2895947805612975,-0.09049257085156812,867,-0.1014905856544761,-0.012759633105845311,0.32410611303344866,308,-0.22841607413743845
atr_rank,short,9,0.9083333333333333,inf,845,-0.10178768764746125,-0.014301654459196594,0.30414201183431955,334,0.33628678979774784
tbi,long,4,-0.007654052728105141,-0.0023197511107546642,876,-0.10186869208074621,-0.013137739532115417,0.3230593607305936,269,-0.19488216375864126
dq,long,1,-0.05811527342789348,-0.039953790024378336,876,-0.10221827942957001,-0.013487326880939218,0.3230593607305936,302,-0.06388953580554106
extreme_late,long,5,0.7238493723849372,0.8075313807531381,903,-0.10236421687370759,-0.013633264325076791,0.32447397563676633,365,-0.16225467644346125
atr_pct,short,2,0.012070208858927747,0.01380005008421249,877,-0.10244190517333739,-0.014955871985072727,0.32839224629418473,484,-0.2602616357777557
updn_ratio,long,6,0.5062761506276151,0.5146443514644351,914,-0.1025129745974368,-0.013782022048806006,0.3227571115973742,345,-0.03129623876030801
rpt_z,long,0,-inf,-1.216474230141495,867,-0.10253883829297337,-0.01380788574434258,0.3229527104959631,341,-0.059964795513882334
since_hi24,short,4,10.0,13.0,779,-0.10296622091861346,-0.015480187730348802,0.3247753530166881,276,0.0007875441745608198
accel,long,4,-0.34874645215833466,-0.013099381754319017,874,-0.10306264844743458,-0.014331695898803787,0.32608695652173914,336,-0.026604231285971662
to_hi24,short,2,0.9750212547727201,1.3399987716232993,874,-0.10308621070546035,-0.015600177517195696,0.32151029748283755,287,-0.10029253737364709
rv_vs_range,short,2,0.5423857931751022,0.5901794183609127,877,-0.10315118155899944,-0.01566514837073478,0.322690992018244,298,0.058961796611326216
tbi_z8,short,5,0.003767039247392485,0.2934497525791458,876,-0.10331588888698572,-0.015829855698721057,0.3207762557077626,348,-0.05498537178405107
since_hi96,long,0,-inf,4.0,826,-0.10345029348765808,-0.014719340939027284,0.3268765133171913,268,-0.001868147132954431
efficiency,short,5,0.04943748063074492,0.06181974422204902,877,-0.10348288697880313,-0.015996853790538473,0.3238312428734322,312,-0.2100464832227425
lo_pos,long,5,0.39748953974895396,0.5397489539748954,881,-0.10351178538127774,-0.014780832832646945,0.3246311010215664,358,-0.16468125251581542
kyle_z,long,5,-0.21236720358189776,0.023459112082467374,867,-0.10362274428376322,-0.014891791735132429,0.32410611303344866,293,-0.06021237014846406
updn_ratio,short,4,0.49159663865546216,0.5,873,-0.1038105422395982,-0.016324509051333536,0.3207331042382589,274,-0.15347409980163265
to_hi480,long,6,12.64774500004412,15.9517432415093,828,-0.10387867128960289,-0.015147718740972094,0.32367149758454106,382,-0.19310470765852888
trade_intensity,long,1,0.44299151602712095,0.5487640851719368,867,-0.10399170020500181,-0.015260747656371018,0.3275663206459054,332,0.03702799900631265
dq,short,3,-0.02612180672785863,-0.015102813222672326,876,-0.10399469913334063,-0.016508665945075968,0.3219178082191781,220,0.038412198755418195
tbi_z8,long,8,0.9238444153592951,1.354660076792907,876,-0.10404952688143154,-0.015318574332800747,0.3253424657534247,296,0.025047085778573806
wick_skew,short,9,0.3995793140200461,inf,877,-0.10415741880217001,-0.016671385613905354,0.31927023945267957,312,-0.09989619309713109
since_hi96,long,8,84.0,93.0,854,-0.10421737676896095,-0.015486424220330156,0.32084309133489464,395,-0.16349439571348162
dq,short,2,-0.039953790024378336,-0.02612180672785863,877,-0.10425293928623365,-0.016766906097968992,0.3215507411630559,280,-0.127668590234032
tbi_ma24,long,3,-0.005544708761485168,-0.0038413223296578833,874,-0.10426026491324598,-0.015529312364615189,0.32608695652173914,266,0.0961991570229284
hi_pos,short,4,0.27615062761506276,0.41841004184100417,880,-0.1043674123341285,-0.016881379145863837,0.32045454545454544,361,-0.009031818520286134
wick_skew,long,1,-0.4377410159181354,-0.28415366438028616,876,-0.10459897378233442,-0.015868021233703622,0.3230593607305936,332,-0.1536577434829543
dn_wick,long,8,0.4897686602436436,0.6023615805780694,876,-0.1046733277073758,-0.015942375158744998,0.3219178082191781,304,-0.19347618011929252
avg_trade_usd,long,3,3275.0465434337902,3571.7814422655642,876,-0.10468788961002222,-0.015956937061391424,0.3287671232876712,221,-0.06858146295305839
absorb_z,long,1,-0.36233158195032084,-0.16077695321819727,848,-0.10469713169233356,-0.01596617914370277,0.3242924528301887,295,-0.11822321376017018
tbi_ma8,long,4,-0.00440441203685144,-0.0022705903744923255,876,-0.10479456237813378,-0.016063609829502987,0.3253424657534247,227,-0.24951817104993493
hour,long,5,20.0,inf,1460,-0.1048474996904343,-0.01611654714180351,0.323972602739726,536,-0.09965371678071565
minofday,long,5,1200.0,inf,1460,-0.1048474996904343,-0.01611654714180351,0.323972602739726,536,-0.09965371678071565
disp96,short,7,3.8574025234418943,6.162367051044947,867,-0.10487820658604576,-0.017392173397781097,0.3229527104959631,341,-0.09072418957616962
pos480,long,4,0.439279891478773,0.5886857473616829,829,-0.10493113070281322,-0.016200178154182426,0.3232810615199035,301,-0.32235188740306586
disp24,long,5,0.1406102877703619,0.8857261102531374,875,-0.10517356639378611,-0.016442613845155316,0.32571428571428573,366,-0.05600598920738918
disp6,long,4,-0.25965319034926165,0.03261478069250262,875,-0.10526566912132622,-0.016534716572695424,0.32571428571428573,267,0.029925724079718562
body_frac,short,8,0.4886665308905451,0.647672323272756,876,-0.10526920645523037,-0.017783173266965713,0.319634703196347,321,-0.07838240066930559
tbi_z24,long,6,0.2685552548113925,0.5523382488745685,874,-0.1053915003952749,-0.0166605478466441,0.32379862700228834,333,-0.04480311904460735
since_lo480,long,5,316.0,366.0,823,-0.10559242259163465,-0.016861470043003854,0.3268529769137303,250,-0.3824092064315723
pos24,long,2,0.24288878500334718,0.34298752660413573,874,-0.1056986034281793,-0.016967650879548504,0.32151029748283755,362,0.028029478465174725
to_lo24,long,8,4.366514855543424,5.380773368718427,874,-0.10596157615108774,-0.017230623602456946,0.32608695652173914,269,-0.14577859760943992
atr_pct,long,6,0.018859711195326537,0.02119866654978644,876,-0.1059668236057208,-0.01723587105709,0.3184931506849315,109,-0.0009658130368296295
efficiency,long,7,0.07649580443428429,0.09515751344876869,877,-0.10615107295136454,-0.017420120402733746,0.322690992018244,346,-0.12953924535605346
disp24,long,4,-0.5502340015475478,0.1406102877703619,874,-0.10623221472130014,-0.01750126217266934,0.32608695652173914,359,-0.12220466296299774
kyle,short,8,4.800458662385801e-07,6.03328908275103e-07,876,-0.10653593658988797,-0.01904990340162331,0.3116438356164384,101,-0.1922197886855629
dow,short,6,6.0,inf,1254,-0.10658516038037073,-0.019099127192106075,0.3237639553429027,461,-0.1624004171552597
vol_per_trade_z,short,5,-0.07587515371106013,0.21414320489103297,867,-0.10659347935632477,-0.019107446168060108,0.3217993079584775,344,-0.13895137200523278
close_loc,long,3,0.3360237627574011,0.4277325790224542,876,-0.10662609876630962,-0.01789514621767882,0.3230593607305936,285,0.0348935149268093
m1_jump,long,4,0.1405938842871208,0.159385695531066,876,-0.10668690067892402,-0.01795594813029322,0.3219178082191781,309,-0.1459099992480914
minofday,short,0,-inf,240.0,1461,-0.10669528732365932,-0.019209254135394663,0.3210130047912389,537,-0.12009656703566936
hour,short,0,-inf,4.0,1461,-0.10669528732365932,-0.019209254135394663,0.3210130047912389,537,-0.12009656703566936
range_rank,long,6,0.5875,0.6958333333333333,830,-0.10671744383933457,-0.017986491290703774,0.3216867469879518,327,-0.24891325688876206
pos24,short,2,0.24288878500334718,0.34298752660413573,874,-0.1067881728397282,-0.019302139651463546,0.32036613272311215,362,-0.1511757596045663
extreme_late,short,4,0.6234309623430963,0.7238493723849372,848,-0.1069488321799529,-0.019462798991688235,0.32075471698113206,323,-0.11147235575620205
to_lo24,short,2,1.1706383506773248,1.5507470855117158,874,-0.10696160302126374,-0.019475569832999085,0.32379862700228834,318,-0.17235588163047325
kyle_z,long,6,0.023459112082467374,0.3024210281291553,867,-0.10700525193962333,-0.018274299390992538,0.3229527104959631,331,-0.23043613066754107
m1_jump,short,3,0.12451667415153965,0.1405938842871208,876,-0.107073311160486,-0.019587277972221345,0.319634703196347,341,-0.02664352480947806
dn_wick,short,1,0.06063348667650544,0.1146328000538512,876,-0.10714451330747507,-0.01965848011921041,0.3184931506849315,316,-0.062103066985913606
to_lo480,long,1,4.2166649766533375,6.32392160129927,828,-0.10719475059606429,-0.01846379804743349,0.321256038647343,398,-0.13950298342795778
since_lo24,short,7,20.0,23.0,1151,-0.10722113088916294,-0.019735097700898277,0.32232841007819285,415,-0.08697222827563429
avg_trade_usd,short,0,-inf,2661.7871666265796,877,-0.10729117096595994,-0.019805137777695284,0.3215507411630559,379,0.0730979765764259
disp6,short,7,0.6964592982610548,1.1803459452900136,876,-0.10732849455736587,-0.019842461369101214,0.3162100456621005,358,-0.1966544203245724
tbi_z96,short,4,-0.2553814783649961,-0.004833135626994989,867,-0.10735994497150879,-0.01987391178324413,0.31949250288350634,363,-0.026532743263715703
dq_cum24,short,3,-0.2629753993361918,-0.1808396350302467,874,-0.10742122097322022,-0.019935187784955566,0.32151029748283755,262,-0.14500975865570143
pos96,short,7,0.7579715165324187,0.8399926079556,867,-0.10744408100104987,-0.019958047812785207,0.32525951557093424,303,-0.01834260374041477
close_loc,long,7,0.7036539599702323,0.7890827405603821,877,-0.10750213197102244,-0.01877117942239165,0.3238312428734322,290,-0.1121813725735545
ats_rank480,short,6,0.6416666666666667,0.746875000000002,837,-0.10751757116484689,-0.020031537976582234,0.3237753882915173,281,-0.13183181177718517
since_lo24,long,5,15.0,18.0,824,-0.10787443084642107,-0.01914347829779027,0.32402912621359226,296,-0.019709284402723293
tbi_z24,short,4,-0.27413341803170954,-0.001980968647508028,874,-0.10819722016017774,-0.020711186971913084,0.3180778032036613,368,-0.027504681941998028
rpt_z,long,2,-0.890299282014816,-0.6179349713597198,867,-0.1082959524593624,-0.0195649999107316,0.32410611303344866,309,0.0016445980235741183
rv_vs_range,long,9,0.9114508923578857,inf,877,-0.10835786181811312,-0.019626909269482323,0.3238312428734322,426,-0.018136652309254955
flow_eff,long,3,0.07632832261883876,0.16344940613187892,877,-0.10858589934007147,-0.019854946791440675,0.32839224629418473,458,-0.16003300857727437
absorb,long,7,0.02367784555914429,0.044717626664597124,876,-0.10861629963043073,-0.01988534708179994,0.3219178082191781,278,0.007950183269906192
tbi,short,2,-0.020024678573198583,-0.013168510616637938,877,-0.10875533458068311,-0.02126930139241845,0.3204104903078677,276,-0.11388127239336798
efficiency,long,4,0.03808282100614866,0.04943748063074492,876,-0.10891453282100053,-0.02018358027236973,0.3230593607305936,306,0.06072887903668087
up_wick,long,0,-inf,0.057539600530415035,877,-0.10893612352564444,-0.020205170977013645,0.3204104903078677,418,-0.050136403808000586
tbi_z24,long,4,-0.27413341803170954,-0.001980968647508028,874,-0.10901501695334417,-0.02028406440471338,0.32036613272311215,368,-0.1112918651124555
persist96,long,0,-inf,0.01631211901011021,867,-0.10915882715391086,-0.02042787460528006,0.32410611303344866,307,-0.1340484105670422
close_loc,short,1,0.14601537594380817,0.2411498761821243,876,-0.10921166539988302,-0.021725632211618356,0.3184931506849315,331,-0.005935710537824192
pos24,short,7,0.7301728498703437,0.8091875995254977,874,-0.1092864559721598,-0.021800422783895143,0.31922196796338675,255,-0.04305456311712431
absorb_z,short,3,-0.088541607076107,-0.023011506087688857,848,-0.10932059891512809,-0.02183456572686343,0.32193396226415094,253,-0.1555121313127104
range_per_trade,short,3,2.3595939859596615e-08,2.5856397998865023e-08,876,-0.10948049423018298,-0.021994461041918323,0.3242009132420091,383,-0.19299928097811192
since_lo24,long,8,23.0,24.0,560,-0.1099534010444478,-0.021222448495817003,0.32321428571428573,187,0.08505721362747351
up_wick,short,2,0.10769834952449314,0.1537346445545088,877,-0.11004932276276944,-0.022563289574504777,0.3181299885974915,287,-0.11805752542435219
atr_pct,long,0,-inf,0.01019349926659955,877,-0.11036442617693702,-0.021633473628306227,0.34777651083238315,847,0.06711965977326798
dow,long,3,3.0,4.0,1248,-0.11037354226630036,-0.021642589717669566,0.31810897435897434,462,-0.11664981219997736
accel,long,7,0.6613074383967532,1.0856744648996421,873,-0.11037578691681417,-0.021644834368183374,0.3218785796105384,348,-0.16933039651107842
dq_z96,short,4,-0.2566671889570011,-0.006008376991721173,867,-0.11059790397914514,-0.02311187079088048,0.31833910034602075,364,-0.021154429876349346
m1_jump,short,7,0.20971816373948826,0.25195253342068497,877,-0.11080012761567498,-0.023314094427410323,0.3204104903078677,344,-0.018828386297857314
vol_per_trade_z,short,6,0.21414320489103297,0.5335539487469343,867,-0.11098496213739784,-0.023498928949133177,0.31718569780853517,326,-0.111706295351882
dq_cum24,long,3,-0.2629753993361918,-0.1808396350302467,874,-0.1110230373897619,-0.0222920848411311,0.32379862700228834,262,0.09120200733518881
tbi_ma24,short,3,-0.005544708761485168,-0.0038413223296578833,874,-0.11105793016316597,-0.023571896974901307,0.32036613272311215,266,-0.13722745439197442
since_hi24,long,1,2.0,4.0,843,-0.11141740573759111,-0.022686453188960315,0.3202846975088968,306,-0.07726391077990216
efficiency,short,7,0.07649580443428429,0.09515751344876869,877,-0.11144922098656942,-0.023963187798304766,0.3169897377423033,346,-0.04409252580024985
m1_jump,short,5,0.159385695531066,0.18045301309243397,877,-0.1115325649800494,-0.024046531791784745,0.31584948688711517,331,-0.12030722891140908
lo_pos,long,8,0.8200836820083682,0.9355648535564869,884,-0.11158666020935458,-0.022855707660723784,0.3190045248868778,342,-0.10143046100464491
to_hi96,short,2,1.7493207730872482,2.5101534920313773,867,-0.1116304734186309,-0.024144440230366243,0.3217993079584775,275,-0.12622023688648099
disp96,short,8,6.162367051044947,9.598565625143438,867,-0.11169437073785966,-0.024208337549595005,0.3206459054209919,388,-0.13882322691013407
body_frac,short,3,-0.29681895058452057,-0.1322199077969487,876,-0.11176425796994785,-0.02427822478168319,0.3184931506849315,334,-0.16118337708148675
rv_vs_range,short,5,0.6755027837760977,0.7186206532706073,877,-0.11180979408283204,-0.02432376089456738,0.31927023945267957,290,-0.20009623590065334
pos480,short,8,0.8739881025689143,0.9286429376153641,829,-0.1121946736302218,-0.02470864044195714,0.31845597104945716,210,-0.008424192219708018
ats_z96,short,3,-0.6089442981471993,-0.3242508505869179,867,-0.11227437076423696,-0.024788337575972305,0.3160322952710496,332,-0.021491061026786107
disp6,short,1,-1.7804717542894932,-1.0597079211984235,876,-0.1125565651945776,-0.025070532006312943,0.319634703196347,359,0.04714665194989801
persist24,short,0,-inf,0.03381198187406315,874,-0.1127751985751967,-0.025289165386932044,0.32151029748283755,399,-0.005483528738615088
pos24,short,3,0.34298752660413573,0.43604477547122444,874,-0.11284478078824432,-0.025358747599979664,0.31922196796338675,297,-0.19591092605846652
tbi_z24,short,3,-0.5501928331766714,-0.27413341803170954,874,-0.11324829655243185,-0.02576226336416719,0.3180778032036613,325,-0.07748691048705972
body_frac,short,1,-0.624846839320522,-0.44780140982012545,876,-0.11325309439676078,-0.025767061208496117,0.3207762557077626,332,-0.07004108654642104
minofday,long,2,480.0,720.0,1461,-0.11332565044805483,-0.024594697899424034,0.3203285420944558,537,-0.043354077585187084
hour,long,2,8.0,12.0,1461,-0.11332565044805483,-0.024594697899424034,0.3203285420944558,537,-0.043354077585187084
tbi_z24,long,3,-0.5501928331766714,-0.27413341803170954,874,-0.11351819203374731,-0.02478723948511652,0.32151029748283755,325,-0.2106128812953323
dq_z96,short,2,-0.8587730583550733,-0.537193005180019,867,-0.11380237281435539,-0.02631633962609073,0.3217993079584775,339,-0.15174137709617158
dq_z96,long,1,-1.293329031337503,-0.8587730583550733,867,-0.11393582637261164,-0.025204873823980845,0.31833910034602075,312,-0.08187051730231443
tbi_z96,long,1,-1.2937127435063578,-0.8595671205731356,867,-0.11414103819235617,-0.025410085643725377,0.31833910034602075,313,-0.08504866286175473
tbi_z24,long,7,0.5523382488745685,0.8798770194860938,874,-0.11428981406777523,-0.025558861519144438,0.32265446224256294,325,-0.10752826763754444
hi_pos,long,6,0.5564853556485355,0.698744769874477,875,-0.11476633966374111,-0.026035387115110317,0.3211428571428571,311,-0.13691357700870793
to_hi24,long,0,-inf,0.6130051047091024,875,-0.11479784578596086,-0.026066893237330066,0.3222857142857143,343,-0.19336209733341497
ats_rank480,short,4,0.4,0.51875,823,-0.11493622506607683,-0.02745019187781217,0.32077764277035237,342,-0.13337861453680327
tbi_z24,short,0,-inf,-1.3227384666546933,875,-0.11494904671181036,-0.0274630135235457,0.3211428571428571,301,0.017887951457086132
up_wick,long,6,0.3179136248195269,0.38427705627705583,876,-0.11500498897764956,-0.026274036429018766,0.3219178082191781,300,0.12094923529767537
vol_of_vol,long,9,1.3208321731087087,inf,827,-0.11506006242956142,-0.026329109880930623,0.30713422007255137,299,-0.2908434095719487
persist24,long,2,0.06974219146853762,0.109804210197814,875,-0.11528104134204513,-0.026550088793414334,0.31885714285714284,364,-0.054153185994982825
persist96,short,3,0.0515634106213566,0.07344964523908125,867,-0.11547469978831683,-0.02798866660005217,0.31718569780853517,348,-0.23727847606753147
pos24,long,4,0.43604477547122444,0.5294697576153384,874,-0.11556623098481625,-0.026835278436185453,0.3180778032036613,300,0.11312411770092676
tbi_ma8,short,1,-0.013406686286847434,-0.009703235316404617,876,-0.11562886983342707,-0.028142836645162414,0.317351598173516,338,-0.05901168715838319
dn_wick,short,3,0.16670349907920837,0.21976693723255156,876,-0.11569168373635193,-0.02820565054808727,0.3139269406392694,358,-0.044899289455442686
range_rank,short,3,0.275,0.3770833333333333,819,-0.11576571494722351,-0.028279681758958855,0.32112332112332115,312,-0.163889384754559
extreme_late,long,0,-inf,0.23430962343096234,873,-0.11576717722177472,-0.027036224673143927,0.3207331042382589,274,-0.035324847178428015
trade_intensity,short,6,0.9461992272434562,1.1173278827714148,867,-0.1158254577630244,-0.028339424574759742,0.314878892733564,276,-0.07938242529771772
kyle_z,long,1,-1.135397580785618,-0.8589886315728682,867,-0.1158537470545633,-0.02712279450593251,0.3229527104959631,308,0.04844252643557035
ats_rank480,short,9,0.9354166666666667,inf,837,-0.11610435007360348,-0.02861831688533882,0.31899641577060933,237,-0.19395987427030184
to_lo24,short,4,1.9944429526824226,2.4301514028480886,874,-0.11618847570312596,-0.0287024425148613,0.31922196796338675,362,-0.051475090036148974
avg_trade_usd,long,0,-inf,2661.7871666265796,877,-0.11620973121838891,-0.02747877866975812,0.31927023945267957,379,-0.18268877661092212
range_per_trade,short,6,3.118313638746739e-08,3.4871296877540556e-08,876,-0.1162351342865966,-0.02874910109833194,0.3116438356164384,208,-0.3237400531271402
range_per_trade,short,9,4.851782534912265e-08,inf,877,-0.11668238110739888,-0.029196347919134225,0.30444697833523376,2,
disp96,long,2,-4.6414997717812,-2.613129304605548,867,-0.11674306340550306,-0.02801211085687226,0.31833910034602075,370,-0.05165182533111574
absorb,long,2,-0.0683031789361869,-0.039510818125478527,876,-0.11696341784780313,-0.028232465299172338,0.3184931506849315,314,-0.14318126167590967
disp96,long,4,-1.072868132323117,0.3660211886731899,866,-0.11699778676637689,-0.02826683421774609,0.3210161662817552,281,-0.4175662417714565
to_hi480,short,1,1.7428002563700233,3.0011919642799527,828,-0.11704747058848868,-0.029561437400224017,0.3176328502415459,206,-0.03350426902006302
atr_rank,short,7,0.69375,0.8020833333333334,842,-0.11741502132129816,-0.029928988133033504,0.31235154394299286,213,-0.01318039091980374
tbi_z24,short,5,-0.001980968647508028,0.2685552548113925,874,-0.11741720923592772,-0.029931176047663058,0.3180778032036613,343,-0.048846234299692065
tbi_ma8,short,0,-inf,-0.013406686286847434,876,-0.11749676724689002,-0.030010734058625366,0.3162100456621005,546,-0.047343308483910405
rpt_rank,long,1,0.07916666666666666,0.17291666666666666,834,-0.11758799074207191,-0.028857038193441112,0.31894484412470026,309,-0.13128242557553804
dn_wick,long,3,0.16670349907920837,0.21976693723255156,876,-0.11762184563127125,-0.02889089308264045,0.319634703196347,358,-0.17347594497415997
dn_wick,long,7,0.4068508113412117,0.4897686602436436,877,-0.1177664427749954,-0.029035490226364605,0.3181299885974915,304,0.08103790017802037
since_lo96,long,4,47.0,60.0,895,-0.1178034492305397,-0.029072496681908908,0.3206703910614525,277,0.16627647822469704
ats_rank480,long,2,0.175,0.28541666666666665,819,-0.11836989546429706,-0.029638942915666266,0.31868131868131866,331,-0.1704409345828736
lo_pos,long,3,0.1589958158995816,0.27615062761506276,885,-0.11850611170239811,-0.029775159153767314,0.319774011299435,317,0.033169011975125874
m1_jump,short,4,0.1405938842871208,0.159385695531066,876,-0.11853620969005146,-0.031050176501786805,0.3150684931506849,309,-0.05272189481730588
persist24,long,3,0.109804210197814,0.1516318381334749,873,-0.118541952158494,-0.029810999609863206,0.31958762886597936,323,-0.13848392329209136
kyle_z,long,2,-0.8589886315728682,-0.6438246935495081,867,-0.11869620173056046,-0.029965249181929665,0.3206459054209919,270,-0.04987161630620179
lo_pos,short,5,0.39748953974895396,0.5397489539748954,881,-0.11881419738023391,-0.03132816419196925,0.3178206583427923,358,0.028696770975789536
atr_pct,short,0,-inf,0.01019349926659955,877,-0.11884001561892193,-0.031353982430657276,0.34321550741163054,847,-0.19255537859763136
close_loc,short,0,-inf,0.14601537594380817,877,-0.11889831725270952,-0.031412284064444865,0.314709236031927,389,-0.07740445656799076
disp24,short,6,0.8857261102531374,1.764446311305434,874,-0.11891604115576941,-0.03143000796750475,0.3169336384439359,347,-0.02208293566517144
trade_intensity,short,4,0.7260984876372799,0.8279046459073436,867,-0.1190437912062924,-0.03155775801802774,0.314878892733564,278,-0.014136848965867935
since_lo96,short,3,33.0,47.0,840,-0.11907054415227727,-0.031584510964012616,0.31666666666666665,293,-0.31921948309905457
range_z,short,6,-0.09049257085156812,0.15568719632717545,867,-0.11909218000887173,-0.03160614682060707,0.3137254901960784,278,0.040529702225252186
hi_pos,long,5,0.41841004184100417,0.5564853556485355,865,-0.11918077166618377,-0.03044981911755297,0.3190751445086705,346,-0.1330421005367435
to_lo480,long,8,21.70941120235073,25.484712895199703,829,-0.11936059334009953,-0.030629640791468737,0.3220747889022919,230,0.05881299850692182
to_hi96,long,0,-inf,1.0266535812153021,867,-0.11945038676269756,-0.030719434214066768,0.3217993079584775,276,-0.1371121887949923
to_hi480,short,3,4.7998143696449915,7.102057272876573,828,-0.1194887182389542,-0.03200268505068954,0.3164251207729469,319,-0.14943366481795783
pos24,long,1,0.1529843724693117,0.24288878500334718,874,-0.11960412354811704,-0.03087317099948625,0.3169336384439359,335,-0.21513715319966836
rpt_z,long,7,0.4062038984424042,0.7850117122844968,867,-0.11976279703273934,-0.031031844484108548,0.31718569780853517,355,-0.1260902861663173
absorb_z,short,6,0.10621992214079679,0.15378856212922218,848,-0.11981868201948885,-0.03233264883122419,0.3136792452830189,371,-0.01821895601784165
since_hi24,short,0,-inf,2.0,802,-0.12025421307604592,-0.03276817988778126,0.314214463840399,297,-0.03476529593393354
body_frac,long,6,0.17569474296582896,0.3299585854842767,876,-0.12040331451001629,-0.031672361961385495,0.317351598173516,310,-0.19922479298334284
kyle,long,2,2.3599434372685855e-07,2.6778939369519616e-07,877,-0.12090810396521752,-0.032177151416586725,0.322690992018244,411,-0.2571111113742995
range_rank,short,7,0.6958333333333333,0.7958333333333333,818,-0.12092826329400057,-0.03344223010573591,0.3117359413202934,284,0.13888702210921436
vol_per_trade_z,long,4,-0.3595189147249858,-0.07587515371106013,867,-0.12107693045355107,-0.032345977904920276,0.31833910034602075,311,-0.21836109642879237
since_hi24,long,7,20.0,22.0,687,-0.12117820189677397,-0.03244724934814318,0.31877729257641924,243,-0.1821907955612141
persist6,long,1,0.0737464414356186,0.1437316015990382,876,-0.12143221591237603,-0.03270126336374524,0.319634703196347,280,-0.06836423192844215
rpt_rank,long,4,0.3625,0.4666666666666667,832,-0.1215534707808603,-0.03282251823222951,0.32091346153846156,326,-0.015336006789577835
dow,long,5,5.0,6.0,1254,-0.12170168842776338,-0.03297073587913259,0.3181818181818182,462,0.0707534695486758
persist24,long,7,0.30578017484461784,0.3730368956947808,874,-0.12207601229561808,-0.03334505974698729,0.31922196796338675,314,-0.12383997945349667
extreme_late,long,3,0.5188284518828452,0.6234309623430963,885,-0.12239032315818982,-0.03365937060955902,0.3163841807909605,283,0.08768981097512264
range_per_trade,long,0,-inf,1.8252102014440413e-08,877,-0.1224443721980194,-0.03371341964938861,0.322690992018244,731,-0.14014864803315966
since_hi24,long,6,16.0,20.0,1111,-0.1225897764808186,-0.03385882393218781,0.31863186318631864,375,-0.07087091449214394
persist96,short,8,0.19993176108058378,0.26354186353312103,867,-0.12323911508599751,-0.03575308189773285,0.30565167243367936,285,-0.0976667665844693
since_hi96,short,8,84.0,93.0,854,-0.1232734066605484,-0.03578737347228374,0.3126463700234192,395,-0.06051812067525162
to_hi24,long,1,0.6130051047091024,0.9750212547727201,874,-0.12345802234369109,-0.034727069795060295,0.32036613272311215,289,-0.05222181999920595
to_lo480,short,4,10.715801865379952,13.118001012596803,829,-0.12382511696080029,-0.03633908377253563,0.316043425814234,250,0.08090038807714978
rv_vs_range,short,8,0.824571909710019,0.9114508923578857,876,-0.12388586202610741,-0.03639982883784275,0.3162100456621005,342,-0.17717426997240304
to_hi96,short,3,2.5101534920313773,3.3604410362712,867,-0.12393668868834298,-0.036450655500078324,0.31833910034602075,321,-0.21000851349332214
absorb,short,8,0.044717626664597124,0.09575947728273958,876,-0.12460627889957696,-0.0371202457113123,0.3139269406392694,340,-0.16600766759998495
up_wick,long,8,0.4652863703779721,0.5798687191800286,876,-0.12469788416837989,-0.03596693161974909,0.3184931506849315,292,-0.08833800139479923
vol_per_trade_z,short,1,-1.3600079077846818,-0.9392144382417976,867,-0.12490071650192092,-0.03741468331365626,0.3160322952710496,316,-0.05474050761408343
persist6,long,0,-inf,0.0737464414356186,876,-0.12494219918575772,-0.03621124663712692,0.3162100456621005,323,0.03496774918360612
atr_rank,short,8,0.8020833333333334,0.9083333333333333,815,-0.1250533630135354,-0.03756732982527074,0.3104294478527607,343,-0.154031050517547
vol_per_trade_z,long,0,-inf,-1.3600079077846818,867,-0.12562529954245916,-0.03689434699382836,0.314878892733564,292,-0.19413369784652507
hi_pos,short,2,0.07531380753138076,0.1589958158995816,897,-0.12574995356952778,-0.038263920381263125,0.31549609810479373,306,0.030094390537340726
ats_rank480,short,8,0.8479166666666667,0.9354166666666667,833,-0.12592755785953774,-0.038441524671273083,0.3169267707082833,265,-0.10155947938306141
trade_intensity,long,4,0.7260984876372799,0.8279046459073436,867,-0.12596623321874728,-0.037235280670116486,0.314878892733564,278,-0.18111324158283235
m1_jump,long,2,0.10865966621344716,0.12451667415153965,877,-0.12597179728760993,-0.03724084473897914,0.3169897377423033,321,-0.07229310037926548
dq_z96,long,7,0.5409492448694525,0.8403602678012647,867,-0.1260336212944308,-0.0373026687458,0.31718569780853517,284,-0.07243782207867772
kyle_z,short,5,-0.21236720358189776,0.023459112082467374,867,-0.12605812269038383,-0.03857208950211917,0.31141868512110726,293,-0.025299987472330462
since_hi24,short,5,13.0,16.0,777,-0.12610563060993701,-0.038619597421672355,0.3153153153153153,263,-0.13967825518183655
pos96,long,9,0.909131041130446,inf,867,-0.12614834139147485,-0.037417388842844054,0.31949250288350634,256,-0.1726637950782195
persist6,short,2,0.1437316015990382,0.2226079432468842,876,-0.12630924469527746,-0.0388232115070128,0.3139269406392694,320,-0.20252110498543657
close_loc,long,5,0.52505473120895,0.6128157222335351,877,-0.12643082456501026,-0.03769987201637946,0.31584948688711517,296,-0.0635687180653999
kyle_z,short,1,-1.135397580785618,-0.8589886315728682,867,-0.126481293143872,-0.038995259955607334,0.31833910034602075,308,-0.18508497558257467
tbi_z96,long,7,0.5399741851352386,0.8409490837143425,867,-0.12650404017803915,-0.037773087629408356,0.31718569780853517,286,-0.07949634038625221
dq_cum24,short,8,0.1483850612762181,0.2675339650052798,874,-0.12683616009038234,-0.039350126902117685,0.3146453089244851,270,-0.27785524973074877
persist24,short,3,0.109804210197814,0.1516318381334749,873,-0.12723910335230254,-0.03975307016403788,0.3138602520045819,323,-0.08864671022894112
accel,long,5,-0.013099381754319017,0.33119465026240713,875,-0.1273004038589872,-0.0385694513103564,0.3177142857142857,307,0.07304098630114106
disp6,short,3,-0.6087177305173185,-0.25965319034926165,876,-0.12746081864906064,-0.039974785460795983,0.3162100456621005,290,-0.05913124536168706
since_hi24,short,1,2.0,4.0,843,-0.12752804670130016,-0.040042013513035504,0.3143534994068802,306,-0.04601088463981272
since_lo24,short,5,15.0,18.0,824,-0.12761057866507555,-0.040124545476810894,0.3143203883495146,296,0.01095178481843769
body_frac,long,7,0.3299585854842767,0.4886665308905451,877,-0.1277223032710282,-0.038991350722397414,0.3181299885974915,303,0.048218594977217775
tbi_ma96,long,2,-0.005221464332485892,-0.003994503230319841,867,-0.12776165665566616,-0.039030704107035366,0.31949250288350634,342,-0.13726761712073277
atr_pct,long,1,0.01019349926659955,0.012070208858927747,876,-0.12809935006455764,-0.03936839751592684,0.3276255707762557,693,-0.1894210088983039
kyle,long,3,2.6778939369519616e-07,2.987557355074311e-07,876,-0.12815943721548181,-0.03942848466685102,0.3184931506849315,336,-0.14287096253454784
is_weekend,short,1,1.0,inf,2508,-0.12837057064261911,-0.040884537454354455,0.3149920255183413,923,-0.14637904229211476
tbi_z96,long,8,0.8409490837143425,1.303541504661481,867,-0.12841681480691025,-0.039685862258279456,0.3160322952710496,308,-0.11504537766982798
range_per_trade,short,4,2.5856397998865023e-08,2.840846211011737e-08,876,-0.12843104381002826,-0.0409450106217636,0.3162100456621005,385,-0.15384970969264208
up_wick,long,5,0.2570842879536988,0.3179136248195269,877,-0.12846048972570834,-0.03972953717707754,0.3169897377423033,317,-0.18609505938271273
to_hi24,short,1,0.6130051047091024,0.9750212547727201,874,-0.12862991677355953,-0.041143883585294874,0.3135011441647597,289,-0.18670522568607734
dq,long,6,0.0061825412298494075,0.017399669031531558,876,-0.12864691127515893,-0.03991595872652813,0.3150684931506849,254,0.006913472289482822
tbi,long,3,-0.013168510616637938,-0.007654052728105141,876,-0.12887944148131059,-0.04014848893267979,0.3150684931506849,221,-0.2654565613415869
up_wick,long,3,0.1537346445545088,0.2055823326150177,876,-0.1289063089583535,-0.04017535640972271,0.3162100456621005,330,-0.12590018682268486
updn_ratio,short,5,0.5,0.5062761506276151,848,-0.12891031057114022,-0.04142427738287556,0.3136792452830189,287,-0.07768030880393678
tbi_ma8,short,8,0.004988225015250394,0.00884038084554492,876,-0.12927813717007092,-0.04179210398180626,0.3127853881278539,297,-0.23131060428429528
kyle,long,5,3.30631537978391e-07,3.685243424347186e-07,877,-0.12986364302843093,-0.04113269047980013,0.3124287343215507,245,-0.12411715801155208
to_hi480,short,6,12.64774500004412,15.9517432415093,828,-0.12989103633170518,-0.04240500314344052,0.3164251207729469,382,0.16787238709674468
since_lo96,short,2,19.0,33.0,852,-0.13005066962111758,-0.04256463643285292,0.30985915492957744,343,-0.06677368059467458
since_hi480,short,1,11.0,33.0,845,-0.13006133226865035,-0.042575299080385695,0.3136094674556213,195,-0.2617326102465571
trade_intensity,long,7,1.1173278827714148,1.3482077717504959,867,-0.13029971532209422,-0.04156876277346343,0.3102652825836217,283,-0.06414054307082138
tbi_ma24,short,8,0.0030165052439096785,0.005514033581752368,874,-0.13043805181481324,-0.042952018626548585,0.3135011441647597,275,-0.28384851064904
since_lo24,short,1,2.0,5.0,1079,-0.13054054989266603,-0.04305451670440137,0.31047265987025024,401,-0.0855442195763796
is_weekend,long,1,1.0,inf,2508,-0.13057545662460687,-0.04184450407597608,0.31698564593301437,923,0.04317641581719917
since_lo480,short,7,410.0,447.0,826,-0.1306708071366691,-0.043184773948404434,0.3099273607748184,200,-0.42604085089763116
ats_z96,short,4,-0.3242508505869179,-0.03431224938847927,867,-0.13084397949157592,-0.04335794630331126,0.3160322952710496,326,-0.07934502488931928
to_lo24,long,7,3.5732048953253366,4.366514855543424,874,-0.13126786721586173,-0.04253691466723093,0.3169336384439359,325,-0.011939097028284319
efficiency,short,4,0.03808282100614866,0.04943748063074492,876,-0.13129191921435213,-0.04380588602608747,0.3139269406392694,306,-0.14512972455864095
disp24,short,5,0.1406102877703619,0.8857261102531374,875,-0.13155993057801948,-0.044073897389754826,0.31314285714285717,366,0.05779251079233517
tbi_ma96,short,4,-0.003074124309458409,-0.0021863931914519663,867,-0.13178155179111997,-0.04429551860285531,0.314878892733564,162,0.03693216666348076
absorb,long,9,0.09575947728273958,inf,877,-0.13187352152518975,-0.04314256897655895,0.31927023945267957,450,0.015300876368191024
tbi,long,6,0.0030071644135989633,0.008709581192913353,876,-0.1319455051701283,-0.043214552621497496,0.3139269406392694,252,0.015300756015573852
to_hi24,short,7,3.0361244652164334,3.7577961891365845,874,-0.1322967444848056,-0.04481071129654095,0.3135011441647597,386,-0.18026047207874402
close_loc,short,4,0.4277325790224542,0.52505473120895,876,-0.13235598894453657,-0.04486995575627191,0.3127853881278539,306,-0.19099874925583377
trade_intensity,long,0,-inf,0.44299151602712095,867,-0.13237080237987742,-0.04363984983124662,0.32410611303344866,559,-0.010769273248176751
rpt_rank,short,7,0.6791666666666667,0.7916666666666666,839,-0.13249025246966586,-0.045004219281401206,0.31227651966626935,351,-0.1484516316522799
close_loc,short,3,0.3360237627574011,0.4277325790224542,876,-0.13253229817094528,-0.04504626498268062,0.3150684931506849,285,-0.11851564552384306
since_hi480,short,2,33.0,69.0,819,-0.13257984278724846,-0.045093809598983806,0.31135531135531136,233,0.5024670158749602
dq_z96,long,8,0.8403602678012647,1.3027029395279508,867,-0.13262157864488353,-0.04389062609625273,0.314878892733564,308,-0.11504537766982798
hi_pos,long,2,0.07531380753138076,0.1589958158995816,897,-0.13321477796726355,-0.04448382541863276,0.3110367892976589,306,-0.14793082070102848
tbi,long,8,0.015243197431993476,0.025053853481713743,876,-0.13335634493443885,-0.04462539238580805,0.3139269406392694,300,-0.104816885448127
persist96,long,8,0.19993176108058378,0.26354186353312103,867,-0.13366076142551128,-0.044929808876880487,0.31141868512110726,285,-0.11806569684823913
tbi,short,9,0.025053853481713743,inf,877,-0.13371310323691918,-0.04622707004865452,0.3124287343215507,536,-0.14776872398547655
gap,short,2,-7.901603251036761e-05,0.0,530,-0.1339474443922889,-0.046461411204024236,0.3018867924528302,257,0.20486056821258855
pos24,long,6,0.6322616244553863,0.7301728498703437,874,-0.13404197717716682,-0.04531102462853602,0.3169336384439359,320,-0.3424359532340291
kyle_z,long,0,-inf,-1.135397580785618,867,-0.13404867006960844,-0.04531771752097764,0.31833910034602075,368,0.04758213189366013
to_lo24,long,6,2.959401468473601,3.5732048953253366,874,-0.1341310781109934,-0.0454001255623626,0.3146453089244851,312,-0.19111340368955296
atr_pct,short,6,0.018859711195326537,0.02119866654978644,876,-0.13435783737071497,-0.04687180418245031,0.3036529680365297,109,-0.07717889734141334
range_rank,long,1,0.08125,0.17291666666666666,818,-0.13456313967307665,-0.04583218712444585,0.31784841075794623,308,-0.14139043137462062
pos24,long,8,0.8091875995254977,0.8857343537894616,874,-0.1345839844202347,-0.0458530318716039,0.3157894736842105,287,-0.03075284847656906
persist6,long,8,0.6910456957029085,0.8180967993913174,876,-0.13490004971580993,-0.04616909716717914,0.3139269406392694,303,-0.1255976157207688
since_hi96,short,6,59.0,73.0,886,-0.13498502391301737,-0.04749899072475271,0.30699774266365687,340,-0.09604348332096022
pos480,short,3,0.3050713968053542,0.439279891478773,828,-0.1353738202579706,-0.04788778706970594,0.3115942028985507,454,0.12689484188667374
to_lo96,short,3,3.4872744615639926,4.363540401278077,867,-0.13540243079047792,-0.047916397602213265,0.3102652825836217,319,-0.2732826924962752
accel,short,3,-0.699012663140142,-0.34874645215833466,873,-0.13555211583781598,-0.048066082649551325,0.3115693012600229,309,-0.07750146654426393
lo_pos,long,0,-inf,0.016736401673640166,799,-0.1357443842560509,-0.0470134317074201,0.31539424280350437,285,-0.03997356538937532
atr_pct,short,7,0.02119866654978644,0.024678765221320686,877,-0.13590229987459784,-0.048416266686333184,0.3033067274800456,166,0.27631442955082014
ats_z96,long,5,-0.03431224938847927,0.2738726853948817,867,-0.13591529498641192,-0.04718434243778112,0.3137254901960784,333,-0.06309392055400867
to_lo24,long,3,1.5507470855117158,1.9944429526824226,874,-0.13604664520323823,-0.04731569265460743,0.3135011441647597,342,0.05715169518002429
dq,long,3,-0.02612180672785863,-0.015102813222672326,876,-0.13615406110579512,-0.04742310855716432,0.3127853881278539,220,-0.28765979309364786
persist24,short,2,0.06974219146853762,0.109804210197814,875,-0.13617068395755477,-0.048684650769290114,0.31085714285714283,364,-0.10389970735008341
to_lo480,long,4,10.715801865379952,13.118001012596803,829,-0.1363035025854977,-0.047572550036866904,0.3148371531966224,250,-0.11379452898499559
kyle,short,7,4.134743394911122e-07,4.800458662385801e-07,877,-0.13641043274156492,-0.04892439955330026,0.3033067274800456,164,0.10302985398944313
tbi_z24,long,1,-1.3227384666546933,-0.8779291138600496,874,-0.13644304435601187,-0.04771209180738108,0.3123569794050343,302,0.03599018544943569
dq,long,8,0.030617822466259943,0.050170927440953784,876,-0.13666158398432396,-0.04793063143569316,0.3127853881278539,299,-0.09194083736088246
avg_trade_usd,short,5,3869.0922843088965,4147.058274240792,877,-0.1367603996133337,-0.049274366425069036,0.3090079817559863,163,0.049409185007426054
range_rank,long,4,0.3770833333333333,0.48125,833,-0.13700749439015975,-0.04827654184152895,0.31452581032412963,328,-0.01649652605954511
updn_ratio,long,0,-inf,0.4602510460251046,865,-0.13705896422001718,-0.04832801167138638,0.31213872832369943,343,-0.06010307061011857
dq,short,9,0.050170927440953784,inf,877,-0.13713325322275716,-0.0496472200344925,0.3112884834663626,535,-0.1460258333205561
rv_vs_range,long,6,0.7186206532706073,0.7652230555975403,876,-0.1371686983522525,-0.048437745803621715,0.3127853881278539,309,-0.05073605244136891
to_lo24,long,5,2.4301514028480886,2.959401468473601,874,-0.13729476157001835,-0.04856380902138756,0.3123569794050343,335,-0.2806202725247887
since_hi24,short,2,4.0,7.0,967,-0.13740109876474998,-0.049915065576485326,0.31230610134436404,352,-0.182326374065154
kyle_z,short,3,-0.6438246935495081,-0.43366009001754413,867,-0.1374022539174012,-0.049916220729136554,0.3137254901960784,293,-0.2386384233407621
wick_skew,long,2,-0.28415366438028616,-0.1806848695854136,877,-0.13744384165870202,-0.048712889110071225,0.3090079817559863,317,-0.05828631186071058
vol_of_vol,short,3,-0.5853181162439783,-0.4435321718973473,826,-0.13768161332582265,-0.050195580137557996,0.31476997578692495,210,-0.22097716073812235
wick_skew,long,8,0.25166950855143666,0.3995793140200461,876,-0.13768971617300893,-0.048958763624378135,0.3150684931506849,294,0.12138351216321437
flow_div,short,2,1.0,inf,1873,-0.13779310680196913,-0.05030707361370447,0.30859583555792847,807,-0.0344005742643178
range_per_trade,short,1,1.8252102014440413e-08,2.1104472055980993e-08,876,-0.1379399190121446,-0.050453885823879954,0.3162100456621005,534,0.010856996319021447
persist6,short,7,0.5799522535681318,0.6910456957029085,876,-0.13834720797318534,-0.05086117478492068,0.3093607305936073,315,0.017731518514945508
kyle,short,4,2.987557355074311e-07,3.30631537978391e-07,876,-0.13846724461811427,-0.05098121142984961,0.3127853881278539,286,-0.018839675619375093
gap,long,5,0.0002571207823121999,inf,877,-0.13847714836820665,-0.04974619581957586,0.31584948688711517,26,
up_wick,short,1,0.057539600530415035,0.10769834952449314,876,-0.13864692026789077,-0.05116088707962611,0.3070776255707763,354,0.0175219319876852
range_rank,short,9,0.9020833333333333,inf,837,-0.13880908998523173,-0.05132305679696707,0.3010752688172043,310,-0.025311388093991853
gap,long,1,-0.00025816145493430016,-7.901603251036761e-05,876,-0.1394009335645825,-0.0506699810159517,0.3093607305936073,457,0.03975927339663065
dow,long,6,6.0,inf,1254,-0.13944922482145042,-0.05071827227281962,0.3157894736842105,461,0.015539542012552329
wick_skew,long,0,-inf,-0.4377410159181354,877,-0.13961000008766125,-0.050879047539030456,0.3112884834663626,325,-0.06166322482610713
range_z,long,2,-0.7636894619040546,-0.6045310958055903,867,-0.13982937601709955,-0.051098423468468754,0.314878892733564,324,-0.027754098859181033
dow,short,4,4.0,5.0,1254,-0.13985095582231252,-0.052364922634047864,0.3038277511961722,462,-0.10723422458721535
range_rank,short,6,0.5875,0.6958333333333333,830,-0.13985618082344994,-0.052370147635185285,0.30843373493975906,327,0.02416401418288632
trade_intensity,long,2,0.5487640851719368,0.6373089822903832,867,-0.13990181094632417,-0.05117085839769338,0.314878892733564,264,-0.019530358022864777
rpt_z,long,3,-0.6179349713597198,-0.3821033315739095,867,-0.14015150366715462,-0.051420551118523825,0.31257208765859285,268,-0.07999370585243192
since_hi24,short,7,20.0,22.0,687,-0.14028887973995183,-0.05280284655168717,0.31004366812227074,243,0.1131867682175391
rpt_rank,short,5,0.4666666666666667,0.5708333333333333,822,-0.1403004710736364,-0.052814437885371754,0.31143552311435524,315,-0.11600088678260415
to_lo480,long,0,-inf,4.2166649766533375,829,-0.14044724494711966,-0.051716292398488864,0.2955367913148372,438,0.08367362486995537
since_hi480,short,3,69.0,125.0,837,-0.14060907777871387,-0.05312304459044921,0.3094384707287933,350,-0.1117846158796933
disp6,long,6,0.329275481138288,0.6964592982610548,876,-0.14075883940524334,-0.05202788685661254,0.3127853881278539,324,-0.15721804268796735
accel,long,9,1.6839231485814867,inf,875,-0.14105750901580102,-0.05232655646717023,0.312,325,-0.2948550050197146
flow_eff,short,9,1.6727174680472765,inf,877,-0.14123620105857204,-0.05375016787030738,0.29646522234891676,218,-0.09870784818508889
to_lo24,long,4,1.9944429526824226,2.4301514028480886,874,-0.14133474845110747,-0.05260379590247667,0.3112128146453089,362,-0.07077344375842995
range_z,short,7,0.15568719632717545,0.5248822723292595,867,-0.1413858215255501,-0.05389978833728544,0.30565167243367936,328,0.03392065880319164
pos24,short,9,0.8857343537894616,inf,875,-0.14178122179151928,-0.05429518860325462,0.3062857142857143,341,-0.15096950960002353
disp24,long,7,1.764446311305434,2.8978604858971413,873,-0.14253923663003404,-0.05380828408140324,0.3127147766323024,301,-0.13535011558681015
pos96,short,5,0.5330857457785712,0.6450096414647009,867,-0.14266002927713983,-0.055173996088875174,0.3102652825836217,275,-0.11397885603365501
avg_trade_usd,short,6,4147.058274240792,4429.932133653071,876,-0.14268408301366922,-0.05519804982540456,0.3047945205479452,191,0.052091457622189134
to_hi480,short,7,15.9517432415093,22.051911477403223,828,-0.14285163077032664,-0.055365597582061984,0.31280193236714976,421,0.0006765064127855524
tbi_z8,long,3,-0.6040612272436893,-0.2815991935356222,875,-0.14354098817499056,-0.05481003562635976,0.3097142857142857,362,-0.05046596109073868
dq_z96,short,1,-1.293329031337503,-0.8587730583550733,867,-0.14371843123162828,-0.05623239804336362,0.3102652825836217,312,-0.10244738823525931
atr_rank,long,2,0.13333333333333333,0.22708333333333333,814,-0.14418905736851256,-0.05545810481988177,0.3157248157248157,379,-0.10202987950399114
flow_eff,short,4,0.16344940613187892,0.27667621324964786,876,-0.14451737379536295,-0.05703134060709829,0.3116438356164384,401,-0.0590666277710853
efficiency,long,1,0.009040793835589173,0.017949588329827786,876,-0.14464497212042066,-0.05591401957178986,0.3105022831050228,303,-0.06926944340579669
to_hi480,short,9,30.382761438644796,inf,829,-0.14468888988339268,-0.05720285669512802,0.31363088057901084,239,-0.4944589114470172
ats_rank480,short,5,0.51875,0.6416666666666667,835,-0.14490200884953225,-0.05741597566126759,0.3089820359281437,334,-0.10949132274659387
ats_z96,short,7,0.5982659455752135,0.9826868872856521,867,-0.14493904422250573,-0.05745301103424107,0.3102652825836217,323,-0.12091762305556157
range_rank,long,2,0.17291666666666666,0.275,837,-0.14513284505343657,-0.056401892504805776,0.3130227001194743,318,0.07688472004680459
persist24,long,6,0.2462627617705114,0.30578017484461784,873,-0.14514344048062286,-0.056412487931992064,0.3104238258877434,306,-0.16851166099357667
since_hi96,short,0,-inf,4.0,826,-0.14555732820290815,-0.05807129501464349,0.30871670702179177,268,-0.03300227671267653
ats_rank480,long,3,0.28541666666666665,0.4,830,-0.1456635445947964,-0.05693259204616562,0.3096385542168675,332,-0.2000545158310001
since_lo96,short,8,90.0,95.0,838,-0.14575318677128551,-0.058267153583020856,0.30906921241050117,304,0.02917501865764018
tbi_z8,short,2,-0.9467241273073556,-0.6040612272436893,876,-0.14609122173335606,-0.058605188545091405,0.3070776255707763,311,-0.14633064134370957
m1_jump,long,0,-inf,0.09125296461620419,877,-0.14625079442917724,-0.05751984188054644,0.31356898517673887,343,0.011393893695271946
lo_pos,long,1,0.016736401673640166,0.07112970711297072,900,-0.1473327321462036,-0.0586017795975728,0.3111111111111111,288,-0.18014380661881196
accel,long,6,0.33119465026240713,0.6613074383967532,874,-0.14764761576583924,-0.05891666321720844,0.30892448512585813,255,-0.051360868871000026
ats_z96,short,6,0.2738726853948817,0.5982659455752135,867,-0.14780061410557988,-0.060314580917315216,0.3079584775086505,331,-0.030260406530505976
tbi_z96,short,1,-1.2937127435063578,-0.8595671205731356,867,-0.14796727819080563,-0.06048124500254097,0.3091118800461361,313,-0.10555948044193868
accel,short,2,-1.0997316491236018,-0.699012663140142,875,-0.14800182472241935,-0.06051579153415469,0.30742857142857144,286,-0.07969019592666897
extreme_late,short,9,0.9790794979079498,inf,936,-0.14844793474207313,-0.06096190155380847,0.3034188034188034,342,-0.015586851041658403
tbi_ma24,long,8,0.0030165052439096785,0.005514033581752368,874,-0.1490522874075295,-0.06032133485889869,0.30778032036613273,275,0.15633287504755045
tbi_ma96,short,3,-0.003994503230319841,-0.003074124309458409,867,-0.14908172852513504,-0.061595695336870385,0.30680507497116494,215,0.08037616078314372
efficiency,long,2,0.017949588329827786,0.027681176416064802,877,-0.1491173254610314,-0.06038637291240061,0.30672748004561,312,-0.11802072625827194
ats_z96,short,8,0.9826868872856521,1.491541066401036,867,-0.14942984321449543,-0.06194381002623077,0.3079584775086505,285,-0.12666937299938077
tbi_z96,short,5,-0.004833135626994989,0.2589168609623426,867,-0.1499458451610912,-0.06245981197282653,0.30565167243367936,370,-0.03775141892392748
absorb,long,0,-inf,-0.14679728299706482,877,-0.1501423890141107,-0.061411436465479904,0.3124287343215507,423,-0.0328983628556998
dow,short,5,5.0,6.0,1254,-0.15015598090486748,-0.06266994771660282,0.3062200956937799,462,-0.13039234572953934
persist6,short,9,0.8180967993913174,inf,876,-0.15040402039468873,-0.06291798720642407,0.3047945205479452,311,0.03136361208108197
tbi_ma8,long,7,0.00217507300364068,0.004988225015250394,876,-0.15048102415450376,-0.061750071605872967,0.3059360730593607,256,0.20068406278948314
avg_trade_usd,short,3,3275.0465434337902,3571.7814422655642,876,-0.15061318325305648,-0.06312715006479182,0.3105022831050228,221,-0.021226116209732727
flow_eff,short,1,-0.39733640764624717,-0.019977624588091714,876,-0.1509583883898325,-0.06347235520156784,0.3082191780821918,399,-0.052766557007221576
vol_per_trade_z,long,2,-0.9392144382417976,-0.6311977477995068,867,-0.15111207718644812,-0.06238112463781732,0.3079584775086505,348,-0.14357534263743507
absorb_z,short,7,0.15378856212922218,0.2261836432179246,847,-0.15140665084886398,-0.06392061766059932,0.30342384887839435,311,-0.08421242366427885
since_lo480,long,8,447.0,473.0,837,-0.15143370252163899,-0.06270274997300819,0.3094384707287933,246,-0.3203019112102707
atr_rank,short,1,0.04791666666666667,0.13333333333333333,836,-0.1519717080866574,-0.06448567489839273,0.3145933014354067,379,-0.1835469613627755
since_lo96,long,5,60.0,71.0,824,-0.1521831044043171,-0.0634521518556863,0.3106796116504854,267,0.08483788601141151
since_hi480,short,9,462.0,inf,837,-0.15245360367746294,-0.06496757048919828,0.3034647550776583,373,-0.3542038022754254
since_hi24,long,8,22.0,24.0,903,-0.15323489212823635,-0.06450393957960555,0.3067552602436323,347,-0.2102222304706985
trade_intensity,short,3,0.6373089822903832,0.7260984876372799,867,-0.15329213067156766,-0.065806097483303,0.3044982698961938,247,-0.06063082492916113
accel,short,1,-1.6491428709401679,-1.0997316491236018,874,-0.15330801552925355,-0.06582198234098889,0.30549199084668194,328,0.004581313202252827
dq_z96,short,5,-0.006008376991721173,0.25811175786992097,867,-0.15343367051975512,-0.06594763733149046,0.3044982698961938,370,-0.04580316733064501
rpt_z,short,2,-0.890299282014816,-0.6179349713597198,867,-0.1535024011567986,-0.06601636796853395,0.3033448673587082,309,-0.2097375383320239
vol_per_trade_z,short,4,-0.3595189147249858,-0.07587515371106013,867,-0.15371716607804659,-0.06623113288978193,0.30565167243367936,311,0.130997164380234
since_hi96,long,2,10.0,20.0,939,-0.15382204410505337,-0.06509109155642258,0.30670926517571884,276,-0.24585915057656477
since_lo24,short,8,23.0,24.0,560,-0.15392739292153854,-0.06644135973327388,0.3053571428571429,187,-0.13487863049833257
persist24,short,1,0.03381198187406315,0.06974219146853762,874,-0.15393036690394415,-0.0664443337156795,0.30434782608695654,376,-0.1376780626624294
absorb,short,2,-0.0683031789361869,-0.039510818125478527,876,-0.15400749369470168,-0.06652146050643702,0.3059360730593607,314,-0.043635979389083715
atr_rank,long,8,0.8020833333333334,0.9083333333333333,815,-0.15489989332065318,-0.06616894077202239,0.3030674846625767,343,0.014883111015120328
absorb,long,1,-0.14679728299706482,-0.0683031789361869,876,-0.15490250374334916,-0.06617155119471836,0.3070776255707763,332,-0.1642505956393819
updn_ratio,short,2,0.47368421052631576,0.48333333333333334,858,-0.15555242875761227,-0.06806639556934761,0.3076923076923077,269,-0.06541822282879717
dq_cum24,long,8,0.1483850612762181,0.2675339650052798,874,-0.15595868394638368,-0.06722773139775289,0.30549199084668194,270,0.16978244457797814
range_z,short,4,-0.4514947738339036,-0.2895947805612975,867,-0.15666883674865606,-0.0691828035603914,0.3044982698961938,281,-0.23458991263575557
extreme_late,short,1,0.23430962343096234,0.3891213389121339,878,-0.1572307304748424,-0.06974469728657774,0.3041002277904328,308,-0.06154511877958934
range_z,long,4,-0.4514947738339036,-0.2895947805612975,867,-0.15746900076707387,-0.06873804821844308,0.30680507497116494,281,0.09289978470996545
pos96,short,4,0.43698615688442133,0.5330857457785712,867,-0.15775007606121325,-0.07026404287294859,0.30565167243367936,289,0.13591047204251408
disp24,short,2,-2.291969682185864,-1.3908624376971332,875,-0.15781879345769406,-0.0703327602694294,0.3028571428571429,273,-0.14464891793179524
since_hi480,long,5,198.0,280.0,827,-0.15799741619963453,-0.06926646365100374,0.3047158403869408,497,-0.22023446398777996
hi_pos,long,8,0.8284518828451883,0.9414225941422594,871,-0.1580578024685283,-0.0693268499198975,0.3076923076923077,336,-0.0002687266579126895
dq,short,5,-0.004422707711386351,0.0061825412298494075,877,-0.15841294924555102,-0.07092691605728636,0.3010262257696693,257,-0.07527933293073595
rv_vs_range,long,2,0.5423857931751022,0.5901794183609127,877,-0.15871253503055707,-0.06998158248192628,0.30444697833523376,298,-0.2866832754488161
body_frac,short,2,-0.44780140982012545,-0.29681895058452057,877,-0.1592054150168642,-0.07171938182859953,0.30444697833523376,283,-0.08967872858949354
rpt_rank,long,0,-inf,0.07916666666666666,822,-0.15976203738977832,-0.07103108484114752,0.3029197080291971,271,-0.03529461180252353
atr_pct,short,4,0.015344019804804385,0.017038161888111823,876,-0.15976628950999627,-0.07228025632173161,0.3025114155251142,287,0.12481505646548985
range_per_trade,long,8,3.988356080393457e-08,4.851782534912265e-08,876,-0.1603195465982008,-0.07158859404957,0.2990867579908676,40,-0.325666465950512
persist24,long,8,0.3730368956947808,0.46544431995907726,874,-0.16117826487121784,-0.07244731232258704,0.30320366132723114,286,-0.14222036254608797
vol_of_vol,long,0,-inf,-0.8806657599615962,827,-0.16128748131060638,-0.07255652876197559,0.31076178960096734,629,-0.026886982094332584
since_hi480,long,3,69.0,125.0,837,-0.16146791300628457,-0.07273696045765378,0.3058542413381123,350,-0.27772955089229306
accel,short,5,-0.013099381754319017,0.33119465026240713,875,-0.16151265940522275,-0.07402662621695809,0.3028571428571429,307,-0.1453116846678875
pos24,short,8,0.8091875995254977,0.8857343537894616,874,-0.16177612654825554,-0.07429009335999089,0.3009153318077803,287,-0.12491138519891593
since_hi96,short,1,4.0,10.0,826,-0.16226992578124308,-0.07478389259297842,0.30387409200968524,245,-0.18858801015029614
absorb,short,5,-0.008677057017303397,0.009896605556402129,876,-0.16252111656306742,-0.07503508337480276,0.2968036529680365,356,-0.036829835719893844
tbi,short,5,-0.0023197511107546642,0.0030071644135989633,877,-0.16297887077705556,-0.0754928375887909,0.2998859749144812,261,-0.07937269632401586
to_lo96,long,6,6.379207564025311,7.596208370083321,867,-0.163065832180072,-0.07433487963144121,0.30565167243367936,344,-0.07632833113332156
up_wick,short,7,0.38427705627705583,0.4652863703779721,877,-0.16326698679620477,-0.07578095360794011,0.30216647662485746,304,-0.03339186681528432
to_hi24,short,4,1.72453232391888,2.1035386337179403,874,-0.16359614508641454,-0.07611011189814988,0.30205949656750575,275,-0.14290921379239033
vol_of_vol,long,8,0.5234357289122207,1.3208321731087087,826,-0.1637831499967081,-0.0750521974480773,0.3026634382566586,395,-0.19829269186872078
dq_cum24,long,2,-0.34899101821812256,-0.2629753993361918,874,-0.16392354179679952,-0.07519258924816873,0.30434782608695654,295,-0.17313236669840443
tbi_z96,long,3,-0.5373577890535531,-0.2553814783649961,867,-0.16404650079300367,-0.07531554824437288,0.3033448673587082,300,-0.18097662013436325
disp96,long,5,0.3660211886731899,1.9630870197531143,867,-0.16517875531771162,-0.07644780276908082,0.30565167243367936,311,-0.0559890559966774
absorb_z,short,5,0.048648778315058844,0.10621992214079679,848,-0.16687675218553671,-0.07939071899727206,0.3018867924528302,410,0.020244432051016975
range_per_trade,long,7,3.4871296877540556e-08,3.988356080393457e-08,877,-0.1669865740813459,-0.0782556215327151,0.2998859749144812,127,-0.10631865763828924
since_lo480,long,2,111.0,176.50000000000045,838,-0.16716908301362493,-0.07843813046499414,0.3042959427207637,373,-0.31812753863218735
absorb_z,long,0,-inf,-0.36233158195032084,848,-0.16717319829729196,-0.07844224574866117,0.30306603773584906,358,-0.07420964129615396
pos96,long,6,0.6450096414647009,0.7579715165324187,867,-0.16726215625168833,-0.07853120370305754,0.3033448673587082,358,-0.07255989419709635
to_hi96,short,0,-inf,1.0266535812153021,867,-0.1679045527202292,-0.08041851953196454,0.29988465974625145,276,0.006663770388275464
flow_eff,long,5,0.27667621324964786,0.4191040181338267,876,-0.16820317052931194,-0.07947221798068115,0.3036529680365297,273,-0.04812090694546035
persist6,short,3,0.2226079432468842,0.302335680588273,876,-0.16853356541601144,-0.08104753222774679,0.2979452054794521,352,-0.09947202611413894
ats_rank480,long,0,-inf,0.08333333333333333,817,-0.16869416808403767,-0.07996321553540688,0.2913096695226438,425,-0.11252715165321303
kyle,short,1,2.0053712473038197e-07,2.3599434372685855e-07,876,-0.1688659621376143,-0.08137992894934963,0.3093607305936073,542,-0.12018754146579047
close_loc,short,9,0.8779196224862643,inf,877,-0.16974651516982614,-0.08226048198156148,0.29418472063854045,406,-0.028305798208075068
hi_pos,short,1,0.02092050209205021,0.07531380753138076,841,-0.16983036274577754,-0.08234432955751288,0.29964328180737215,282,-0.22862267615932558
tbi_ma24,long,2,-0.007350625201617627,-0.005544708761485168,874,-0.1701659773663839,-0.0814350248177531,0.30205949656750575,293,-0.18755436701770176
dq_z96,long,3,-0.537193005180019,-0.2566671889570011,867,-0.17022494725284268,-0.08149399470421188,0.30103806228373703,299,-0.16757619560799722
rpt_rank,long,3,0.26458333333333334,0.3625,832,-0.17058001933202058,-0.08184906678338978,0.30288461538461536,308,-0.16938868170050236
range_z,long,0,-inf,-0.939232251268162,867,-0.17098077729184358,-0.08224982474321278,0.3044982698961938,384,0.06422829318195039
since_lo24,long,4,11.0,15.0,1034,-0.1712556235302521,-0.08252467098162129,0.30174081237911027,380,0.00624988482042299
updn_ratio,short,9,0.5366106233019649,inf,877,-0.17158738910550853,-0.08410135591724387,0.2953249714937286,433,-0.11368435892975336
close_loc,long,6,0.6128157222335351,0.7036539599702323,876,-0.17161123770564307,-0.08288028515701228,0.3025114155251142,294,0.04721895585200158
efficiency,short,6,0.06181974422204902,0.07649580443428429,876,-0.1717140696994928,-0.08422803651122814,0.2979452054794521,324,-0.039599288295182826
rpt_z,long,6,0.11541738274548088,0.4062038984424042,867,-0.17210687891388118,-0.08337592636525039,0.3021914648212226,320,-0.038641300970334025
tbi_ma96,long,8,0.0011656080331935539,0.0027365291248077385,867,-0.1726158726242983,-0.08388492007566752,0.2964244521337947,277,-0.16680973583621717
disp96,short,2,-4.6414997717812,-2.613129304605548,867,-0.17289202014366867,-0.08540598695540401,0.2952710495963091,370,-0.3783933750407434
since_hi96,short,7,73.0,84.0,811,-0.1730078224746077,-0.08552178928634303,0.2971639950678175,353,-0.10369575462670433
since_hi480,short,0,-inf,11.0,808,-0.17437464087058896,-0.0868886076823243,0.297029702970297,186,-0.27523731444246485
trade_intensity,short,5,0.8279046459073436,0.9461992272434562,867,-0.17443903188608134,-0.08695299869781668,0.2952710495963091,237,-0.20076787009870714
disp6,short,2,-1.0597079211984235,-0.6087177305173185,876,-0.17486516501974247,-0.08737913183147782,0.29337899543379,311,-0.15969178467847042
since_hi96,long,9,93.0,inf,937,-0.17498027860503396,-0.08624932605640316,0.29669156883671294,502,0.012661257518200485
hi_pos,short,9,0.9414225941422594,inf,901,-0.17647878034440903,-0.08899274715614437,0.293007769145394,342,-0.02739132254595391
atr_pct,long,9,0.030351754735768795,inf,877,-0.17686646163317982,-0.08813550908454902,0.2782212086659065,23,
disp6,long,5,0.03261478069250262,0.329275481138288,876,-0.17700701111479322,-0.08827605856616243,0.3013698630136986,296,0.1433204821185104
extreme_late,long,7,0.8786610878661087,0.9372384937238494,865,-0.17709639344736722,-0.08836544089873642,0.29826589595375724,352,-0.004588734869952604
rpt_rank,short,8,0.7916666666666666,0.8979166666666667,813,-0.17712319663402565,-0.08963716344576099,0.2976629766297663,327,-0.05873035462915698
efficiency,long,0,-inf,0.009040793835589173,877,-0.17768137201230702,-0.08895041946367623,0.2998859749144812,283,-0.002708903978545256
lo_pos,short,9,0.9355648535564869,inf,877,-0.17787999781877517,-0.09039396463051051,0.2953249714937286,344,-0.020850741980573673
persist96,short,5,0.09793205045260268,0.12507836107050965,867,-0.17837962652505004,-0.09089359333678539,0.2975778546712803,349,-0.20626085059707697
since_lo96,short,7,82.0,90.0,870,-0.17927029987052379,-0.09178426668225913,0.2988505747126437,354,-0.25378664171794857
to_lo96,long,5,5.304135230321936,6.379207564025311,867,-0.1792956614042973,-0.09056470885566652,0.30103806228373703,292,0.03695273190102533
kyle,long,0,-inf,2.0053712473038197e-07,877,-0.1797856119679959,-0.0910546594193651,0.31356898517673887,926,0.05932249050937912
tbi_ma96,long,1,-0.007067867750344451,-0.005221464332485892,867,-0.18012711500926432,-0.09139616246063352,0.2964244521337947,393,-0.13764439052585653
since_lo480,long,9,473.0,inf,834,-0.18034533437733932,-0.09161438182870853,0.29856115107913667,273,9.047363866440845e-05
since_lo96,long,3,33.0,47.0,840,-0.18079252268313317,-0.09206157013450238,0.2988095238095238,293,0.05885683408800461
to_lo480,long,2,6.32392160129927,8.431407725710367,829,-0.18143674239803637,-0.09270578984940557,0.29674306393244876,463,-0.16711669602554355
to_hi24,long,3,1.3399987716232993,1.72453232391888,874,-0.18144620891809798,-0.09271525636946719,0.2997711670480549,317,-0.07190535149757714
atr_rank,long,4,0.3375,0.4625,828,-0.1831302441877628,-0.09439929163913201,0.2971014492753623,368,-0.09796590430201464
atr_rank,long,0,-inf,0.04791666666666667,820,-0.18426845776250605,-0.09553750521387526,0.31097560975609756,239,0.2614301702221913
accel,long,8,1.0856744648996421,1.6839231485814867,874,-0.18429208766809155,-0.09556113511946075,0.2986270022883295,370,-0.08240306259038284
tbi_ma8,long,6,-8.514950941362843e-05,0.00217507300364068,875,-0.18527446084298993,-0.09654350829435913,0.29714285714285715,242,-0.01169819905153589
persist6,long,5,0.39038315738435553,0.4832805114664188,876,-0.18540585335839907,-0.09667490080976827,0.2968036529680365,342,-0.11404281632765954
since_lo480,long,3,176.50000000000045,249.0,824,-0.1883756301850389,-0.0996446776364081,0.30218446601941745,393,0.24514352831008918
pos96,short,9,0.909131041130446,inf,867,-0.18902948459718164,-0.10154345140891698,0.29411764705882354,256,-0.02158842450819884
since_lo480,short,1,46.0,111.0,822,-0.19108569889873467,-0.10359966571047001,0.2944038929440389,402,-0.09555957642940663
range_rank,long,0,-inf,0.08125,828,-0.19141786603462377,-0.10268691348599297,0.30434782608695654,289,0.17376435511039479
ats_z96,long,1,-1.3406424527553134,-0.9122146512040115,867,-0.19216361412189942,-0.10343266157326862,0.2906574394463668,355,-0.14560863824113662
hi_pos,long,7,0.698744769874477,0.8284518828451883,877,-0.1922388259783534,-0.1035078734297226,0.29646522234891676,328,-0.10959079545689916
to_lo480,short,5,13.118001012596803,15.868379882089577,828,-0.19378943650712385,-0.1063034033188592,0.29589371980676327,319,-0.20259269952519168
dn_wick,short,6,0.33942584319378094,0.4068508113412117,876,-0.19381767191512936,-0.1063316387268647,0.29337899543379,279,-0.08016264992176696
ats_z96,long,0,-inf,-1.3406424527553134,867,-0.19469153133374617,-0.10596057878511538,0.28719723183391005,313,-0.07802222393006368
to_hi480,short,0,-inf,1.7428002563700233,829,-0.1950160924025734,-0.10753005921430873,0.28950542822677927,173,-0.0909020354205757
close_loc,long,8,0.7890827405603821,0.8779196224862643,876,-0.19572804240016098,-0.10699708985153018,0.2945205479452055,317,-0.09340816317011091
persist96,long,4,0.07344964523908125,0.09793205045260268,866,-0.19859180968210668,-0.10986085713347589,0.29330254041570436,406,-0.17519964300741908
rpt_z,short,8,0.7850117122844968,1.3331224320282498,867,-0.198665544679853,-0.11117951149158835,0.2895040369088812,358,-0.0985458287638239
vol_of_vol,long,4,-0.4435321718973473,-0.29998734266072047,826,-0.20021208908244534,-0.11148113653381454,0.2929782082324455,239,0.04559020441245933
dq_cum24,short,4,-0.1808396350302467,-0.10654500091574812,874,-0.20089107564112266,-0.113405042452858,0.2894736842105263,236,-0.0547232461612845
vol_of_vol,short,1,-0.8806657599615962,-0.7203019051498344,826,-0.2011527412855328,-0.11366670809726813,0.2929782082324455,283,-0.053032715657807115
tbi_ma96,long,0,-inf,-0.007067867750344451,867,-0.2027243790184796,-0.1139934264698488,0.28835063437139563,672,-0.06183948038468296
pos480,long,8,0.8739881025689143,0.9286429376153641,829,-0.20429730659146988,-0.11556635404283909,0.293124246079614,210,-0.31126577285436735
to_hi24,short,6,2.534017030051735,3.0361244652164334,874,-0.20475113052292823,-0.11726509733466357,0.2906178489702517,290,-0.06112610498366054
pos96,long,0,-inf,0.15131782706036528,867,-0.20506612095831517,-0.11633516840968437,0.28835063437139563,340,-0.13276304438273778
pos480,long,6,0.6817188870286215,0.796112505193789,828,-0.20578236829770566,-0.11705141574907486,0.29106280193236717,251,-0.16672747141652786
since_hi24,long,9,24.0,inf,1045,-0.20595489228496103,-0.11722393973633023,0.2861244019138756,451,-0.04574487378745737
since_lo24,long,3,8.0,11.0,758,-0.2072786086472258,-0.11854765609859501,0.287598944591029,279,-0.15931121707869048
tbi_ma24,short,4,-0.0038413223296578833,-0.002282175875109503,874,-0.20808346352597906,-0.1205974303377144,0.28718535469107553,235,-0.06183697197506988
dn_wick,long,9,0.6023615805780694,inf,877,-0.20936211959760553,-0.12063116704897474,0.28848346636259975,316,-0.03936094265421697
disp24,short,3,-1.3908624376971332,-0.5502340015475478,873,-0.20975859011029846,-0.1222725569220338,0.28751431844215347,316,-0.2965674996182215
since_lo480,long,0,-inf,46.0,826,-0.21024179583439478,-0.12151084328576399,0.274818401937046,472,-0.1337995833443535
extreme_late,short,8,0.9372384937238494,0.9790794979079498,851,-0.210834800779386,-0.12334876759112133,0.28319623971797886,338,-0.07018744965282125
disp6,short,9,1.9383292806548476,inf,876,-0.21092967116017824,-0.12344363797191359,0.2842465753424658,300,-0.025341158354983784
pos96,long,2,0.2543062883895379,0.34108142424222404,867,-0.211080317825107,-0.1223493652764762,0.28719723183391005,326,-0.003394827961254708
to_hi96,long,3,2.5101534920313773,3.3604410362712,867,-0.21140274174250961,-0.12267178919387882,0.28719723183391005,321,0.1433126336992738
pos480,long,5,0.5886857473616829,0.6817188870286215,829,-0.21221986712325333,-0.12348891457462254,0.2943305186972256,134,-0.2467055356262488
wick_skew,short,7,0.1466209500176167,0.25166950855143666,877,-0.21268443238361745,-0.1251983991953528,0.28506271379703535,312,-0.009687649695254189
vol_of_vol,short,6,-0.1159629389336806,0.1305644429785149,826,-0.21294167994715366,-0.12545564675888898,0.2857142857142857,256,-0.26914513549221464
to_hi24,short,5,2.1035386337179403,2.534017030051735,874,-0.21318533410324775,-0.1256993009149831,0.28718535469107553,276,-0.2853385767583861
disp6,long,8,1.1803459452900136,1.9383292806548476,876,-0.21367520075690075,-0.12494424820826995,0.2876712328767123,335,-0.20490948155447167
persist96,long,6,0.12507836107050965,0.15744874036607343,867,-0.21427760624796996,-0.12554665369933915,0.28604382929642447,340,0.12047506727889815
ats_rank480,long,1,0.08333333333333333,0.175,839,-0.21460376520301686,-0.12587281265438605,0.28486293206197855,327,-0.1532168407681403
disp96,long,0,-inf,-7.316418299668853,867,-0.2160600169848392,-0.1273290644362084,0.28027681660899656,477,-0.14605583782880008
to_lo96,long,0,-inf,1.5534555465878805,867,-0.21615865007175145,-0.12742769752312066,0.28143021914648214,356,-0.2344276741518916
updn_ratio,long,7,0.5146443514644351,0.5232067510548524,882,-0.21642077673715887,-0.1276898241885281,0.2868480725623583,325,-0.013411589454677932
dq_cum24,long,6,-0.03202331147178632,0.051199594242740815,874,-0.2180988554684117,-0.1293679029197809,0.28489702517162474,254,0.015562178749549896
persist96,long,7,0.15744874036607343,0.19993176108058378,867,-0.22010457195486535,-0.13137361940623454,0.28604382929642447,362,-0.05928378587292758
since_hi96,long,3,20.0,31.0,823,-0.22058652407973953,-0.13185557153110872,0.2867557715674362,288,-0.24082300432527573
flow_eff,long,2,-0.019977624588091714,0.07632832261883876,876,-0.22085394823749455,-0.13212299568886376,0.2945205479452055,579,0.0383974680696783
to_lo480,long,9,25.484712895199703,inf,829,-0.22141383572948753,-0.13268288318085675,0.2955367913148372,249,0.04128020035402867
absorb_z,long,9,0.3861689089193485,inf,848,-0.22221020273985884,-0.13347925019122803,0.2865566037735849,330,0.023383426158888096
since_lo96,short,9,95.0,inf,931,-0.22311536945721183,-0.1356293362689472,0.28356605800214824,266,0.07247897959745028
absorb_z,long,8,0.2261836432179246,0.3861689089193485,848,-0.22474247897892777,-0.13601152643029696,0.2830188679245283,289,0.019828810924884498
tbi_ma8,short,9,0.00884038084554492,inf,876,-0.22490416563212787,-0.1374181324438632,0.2785388127853881,527,-0.14306312226799867
to_hi96,short,4,3.3604410362712,4.358958469130034,867,-0.2252422809326078,-0.13775624774434314,0.2825836216839677,353,-0.166232141145726
avg_trade_usd,long,9,5193.04320066882,inf,877,-0.22539019029845994,-0.13665923774982913,0.2839224629418472,849,-0.04586611782160836
tbi_ma24,long,5,-0.002282175875109503,-0.0007328653022908441,874,-0.22541579982760493,-0.13668484727897412,0.2837528604118993,226,0.07221130098605189
lo_pos,short,4,0.27615062761506276,0.39748953974895396,862,-0.2275172678023501,-0.14003123461408545,0.27958236658932717,300,-0.0861446207174957
to_hi96,long,8,7.93958480731143,9.983912827373404,867,-0.2282869923075853,-0.13955603975895453,0.27566320645905423,367,-0.275045698024455
tbi_ma24,short,9,0.005514033581752368,inf,875,-0.2334547783093913,-0.14596874512112662,0.2742857142857143,530,-0.1152938608128428
atr_pct,long,5,0.017038161888111823,0.018859711195326537,877,-0.2351299651118147,-0.14639901256318388,0.2759407069555302,201,-0.19216989598614762
dq_cum24,long,5,-0.10654500091574812,-0.03202331147178632,874,-0.2364329097990931,-0.1477019572504623,0.2803203661327231,229,0.07165589649334625
to_hi480,short,2,3.0011919642799527,4.7998143696449915,829,-0.23800108830071753,-0.1505150551124529,0.27744270205066346,291,-0.16135326034537578
to_lo96,long,1,1.5534555465878805,2.5780327686168896,867,-0.2390225784791738,-0.15029162593054302,0.27450980392156865,366,-0.09112718517798955
dq_cum24,short,9,0.2675339650052798,inf,875,-0.2399430017453865,-0.15245696855712182,0.272,529,-0.11911063453694129
tbi_ma24,long,6,-0.0007328653022908441,0.0009966377006771499,874,-0.24224378784991152,-0.15351283530128074,0.2768878718535469,259,0.005620286361076625
disp96,long,1,-7.316418299668853,-4.6414997717812,867,-0.24338374896186418,-0.15465279641323337,0.2710495963091119,306,0.3661232133972881
to_hi480,long,5,9.848374878703964,12.64774500004412,829,-0.2435017206063547,-0.15477076805772388,0.2738238841978287,312,-0.11640292719688752
to_hi96,long,7,6.5778721548054815,7.93958480731143,867,-0.24609730076012318,-0.15736634821149237,0.2722029988465975,366,-0.10822548180575826
absorb_z,short,2,-0.16077695321819727,-0.088541607076107,847,-0.25059650758298213,-0.1631104743947175,0.27390791027154665,262,-0.1374508765552562
body_frac,long,4,-0.1322199077969487,0.020609043371261057,876,-0.25117846599782456,-0.16244751344919378,0.2751141552511416,278,-0.06277259115693527
pos480,long,2,0.2171383053410379,0.3050713968053542,829,-0.2550711611873715,-0.16634020863874072,0.27744270205066346,502,-0.04185584620714884
to_hi480,long,4,7.102057272876573,9.848374878703964,829,-0.2601291484347049,-0.17139819588607413,0.27261761158021713,295,-0.3443812944513636
tbi_ma96,short,6,-0.0013667872336756608,-0.00030567570763539233,867,-0.26084747758455823,-0.17336144439629358,0.2687427912341407,210,0.09170938859359598
to_hi96,long,9,9.983912827373404,inf,867,-0.2613338863969729,-0.17260293384834213,0.27450980392156865,380,0.02341144669345126
tbi_ma8,long,2,-0.009703235316404617,-0.006834991048846032,876,-0.26286794510822703,-0.17413699255959625,0.2694063926940639,283,-0.11988440088242526
since_lo96,long,1,7.0,19.0,934,-0.2633095295979371,-0.1745785770493063,0.2633832976445396,393,-0.2530547330908272
since_lo480,short,6,366.0,410.0,830,-0.26718421462260805,-0.1796981814343434,0.2674698795180723,247,-0.01304956465437623
vol_of_vol,long,7,0.1305644429785149,0.5234357289122207,826,-0.2682636028296852,-0.17953265028105442,0.2687651331719128,369,-0.3511331945737163
to_lo96,short,9,11.48572580007687,inf,867,-0.26877494808753005,-0.1812889148992654,0.2687427912341407,192,-0.23445370229097096
pos480,long,1,0.14801776353696755,0.2171383053410379,828,-0.26903556605084294,-0.18030461350221216,0.2717391304347826,455,0.018623363510069654
pos96,long,1,0.15131782706036528,0.2543062883895379,867,-0.2739872558977175,-0.18525630334908672,0.2606689734717416,373,-0.0198991850172609
tbi_ma96,short,7,-0.00030567570763539233,0.0011656080331935539,867,-0.2773545474673575,-0.18986851427909285,0.26528258362168394,232,-0.42960599779159575
persist24,short,9,0.46544431995907726,inf,875,-0.27923864261869735,-0.1917526094304327,0.26171428571428573,265,-0.19328095950408433
to_lo480,short,6,15.868379882089577,18.747682216231087,829,-0.2804913805974318,-0.19300534740916714,0.26417370325693607,256,-0.04784663827575817
to_hi96,short,1,1.0266535812153021,1.7493207730872482,867,-0.28154041003413216,-0.19405437684586752,0.2629757785467128,268,-0.20156770613444594
to_hi480,long,8,22.051911477403223,30.382761438644796,829,-0.28654996639390895,-0.19781901384527817,0.2605548854041013,504,-0.024081337053293152
to_lo96,short,8,9.137172348829573,11.48572580007687,867,-0.29549141553812613,-0.2080053823498615,0.2606689734717416,310,-0.31310581370993296
since_lo480,short,4,249.0,316.0,826,-0.3419692318220608,-0.25448319863379615,0.24818401937046006,286,-0.1342190779945331
disp24,long,0,-inf,-3.577461783881696,874,-0.35444018821643175,-0.26570923566780097,0.23569794050343248,405,-0.17928606432192504
to_hi24,long,9,4.790134118284894,inf,875,-0.3646217152883446,-0.2758907627397138,0.23542857142857143,386,-0.30779552192573767
to_lo480,short,7,18.747682216231087,21.70941120235073,828,-0.3646353758006461,-0.27714934261238144,0.23671497584541062,212,-0.1327982122916561
pos96,short,8,0.8399926079556,0.909131041130446,867,-0.37824962858189887,-0.2907635953936342,0.2295271049596309,260,-0.34041414133890874
to_lo24,short,9,5.380773368718427,inf,875,-0.398059762983635,-0.31057372979537035,0.22285714285714286,269,-0.13408158766285144
disp96,short,9,9.598565625143438,inf,867,-0.39982652677206115,-0.3123404935837965,0.223760092272203,117,-0.13663580780492596
pos480,short,7,0.796112505193789,0.8739881025689143,828,-0.3999632407015597,-0.31247720751329505,0.22342995169082125,365,-0.27324243889399114
disp24,short,9,4.243089271256354,inf,875,-0.4045710598665112,-0.31708502667824656,0.22171428571428572,246,-0.3629847897699645
persist96,short,9,0.26354186353312103,inf,867,-0.41078634708728085,-0.3233003138990162,0.21914648212226068,162,0.2709460265401539
since_hi480,long,6,280.0,355.0,826,-0.42422194308593275,-0.33549099053730197,0.21670702179176757,268,0.1861993541510391
