feature,side,bin,lo,hi,n,exp_r,lift,wr,n_test,exp_r_test
tbi_ma96,long,9,0.004727168356526261,inf,3488,0.25426478506795636,0.3007691294044056,0.34461009174311924,1931,0.024387680164038188
since_lo480,long,5,297.0,355.0,3470,0.2073527240108247,0.2538570683472739,0.3590778097982709,1168,-0.016274262538564246
tbi_ma24,long,9,0.008454144984582494,inf,3502,0.20231905015298754,0.24882339448943677,0.3520845231296402,1958,0.015976887383592844
dq_cum24,long,9,0.4084559613299067,inf,3502,0.20061447417498376,0.247118818511433,0.3515134209023415,1953,0.014264966989144073
disp96,long,9,8.812381329835077,inf,3497,0.1701596820589534,0.21666402639540264,0.3328567343437232,986,0.11315334643951493
since_lo480,short,9,472.0,inf,3620,0.16292995482616518,0.22730835475176084,0.3441988950276243,910,0.15733279188834742
pos480,long,8,0.8484942251869253,0.9121278446261167,3458,0.14080538504793857,0.1873097293843878,0.32793522267206476,816,0.06214122942524857
pos480,long,4,0.42947586435616136,0.5297904486632068,3458,0.13965490413436615,0.18615924847081539,0.33458646616541354,1134,-0.15021984586633313
persist96,short,6,0.12223758801131208,0.15150161250779248,3497,0.11957325436985299,0.18395165429544863,0.33028309979982845,1193,-0.024252714196617522
disp96,short,7,3.7580507358397117,6.059425205901015,3496,0.11914273780532197,0.18352113773091763,0.3240846681922197,1304,0.0302636874471559
tbi_ma8,long,9,0.014431134992252912,inf,3505,0.11132043619603506,0.15782478053248428,0.3326676176890157,2201,-0.020561764811078895
persist96,long,9,0.24158803569182166,inf,3497,0.1099687679291733,0.15647311226562252,0.2788104089219331,1060,-0.06047191827580961
avg_trade_usd,short,9,5170.707825945769,inf,3507,0.0991212226508449,0.16349962257644057,0.3239235814086113,3131,-0.11460047652636941
persist96,short,7,0.15150161250779248,0.18865137663763273,3496,0.09780226386373572,0.16218066378933138,0.31521739130434784,1387,-0.02618235301767948
tbi_ma96,short,2,-0.006637789393795786,-0.005084937042126928,3487,0.096227258670287,0.16060565859588266,0.3277889303125896,1003,-0.024326692117302418
disp96,short,8,6.059425205901015,8.812360625043981,3497,0.09611322889415433,0.16049162881975,0.3325707749499571,1100,0.03814602056272225
pos96,long,9,0.8846869829229302,inf,3497,0.09609859845727524,0.14260294279372446,0.3271375464684015,1395,-0.011611711287996469
since_hi480,long,9,463.0,inf,3492,0.09119194431811778,0.137696288654567,0.31557846506300113,1940,-0.21637058162848744
to_hi480,long,3,5.788681426549066,7.824172416409834,3458,0.08946760742319193,0.13597195175964116,0.29786003470213995,1321,0.10775307930619993
since_hi96,long,0,-inf,5.0,3155,0.08677723625019483,0.13328158058664405,0.31410459587955625,1171,-0.1169020171035485
since_hi480,long,8,419.0,463.0,3439,0.08557849991101771,0.13208284424746694,0.3216051177667927,1699,-0.03503934593523087
vol_of_vol,short,1,-0.9974322076246496,-0.7844894735301243,3456,0.08378515150496052,0.14816355143055618,0.33391203703703703,1306,-0.09126643251638218
to_lo96,long,9,11.42223944595839,inf,3497,0.08251850959256571,0.12902285392901494,0.3411495567629397,1252,0.20822338479399277
disp24,long,9,3.967692734331246,inf,3504,0.08173861422223493,0.12824295855868414,0.2979452054794521,1211,-0.054816127961398106
persist24,long,9,0.44683243782501825,inf,3504,0.08000753601324392,0.12651188034969316,0.2833904109589041,1199,-0.2511849820155562
atr_pct,short,4,0.007316054609001781,0.008167933663866292,3506,0.07727888143198358,0.14165728135757924,0.30889903023388476,1120,-0.050722728123536405
atr_rank,long,6,0.5583333333333333,0.6729166666666667,3456,0.06720887857032232,0.11371322290677155,0.27980324074074076,1164,-0.049145765481826385
pos480,short,6,0.6479965327882,0.7656026991099815,3459,0.0655363289156181,0.12991472884121374,0.3203237930037583,1671,-0.06002145396746024
since_hi96,long,1,5.0,14.0,3771,0.06370810915842937,0.1102124534948786,0.2871917263325378,1376,-0.0733759139389089
disp96,short,0,-inf,-7.425466260029259,3497,0.05823586557104162,0.12261426549663729,0.3156991707177581,1604,0.0995893856321579
to_lo24,long,9,5.192083803071839,inf,3504,0.05653135151175049,0.10303569584819972,0.2845319634703196,1196,-0.09964157594984857
pos480,long,3,0.3298907838183666,0.42947586435616136,3458,0.055306986797382135,0.10181133113383137,0.2909196067090804,1805,-0.2217141063151593
to_lo96,short,6,6.466677963256988,7.8225429261540524,3496,0.05141845601452445,0.11579685594012011,0.2963386727688787,1367,-0.14465891159215127
disp6,long,9,1.7504109233368257,inf,3506,0.05053119327304337,0.0970355376094926,0.2997718197375927,1362,-0.023718109310292855
pos480,long,7,0.7656027926285855,0.8484942251869253,3458,0.05003774823434371,0.09654209257079294,0.3042220936957779,1067,-0.05480711598649647
to_hi96,long,0,-inf,1.262713339685805,3497,0.048855932371102896,0.09536027670755212,0.30254503860451815,1365,-0.12332790680304229
since_lo480,long,6,355.0,406.0,3431,0.048137294150152866,0.09464163848660209,0.3007869425823375,1229,-0.10405613621692446
to_hi480,long,0,-inf,2.2203358152072457,3459,0.04689988841807699,0.09340423275452622,0.2992194275802255,1054,-0.12547862703488183
to_hi24,long,7,3.0679378182041206,3.747608343951706,3504,0.04678327677860932,0.09328762111505855,0.2962328767123288,1231,-0.1045158585945292
dow,long,4,4.0,5.0,5016,0.04593213060220379,0.09243647493865301,0.26834130781499205,1848,0.008706778372245202
pos480,short,2,0.24998283384103165,0.32990373043735005,3458,0.045255092818430806,0.10963349274402646,0.27385772122614227,1553,-0.22214377986807013
atr_pct,long,7,0.010249316622247874,0.012094521575944865,3506,0.04384544044861967,0.09034978478506889,0.2695379349686252,603,-0.176447039112274
since_lo480,long,7,406.0,447.0,3468,0.039075976625585096,0.08558032096203433,0.3255478662053056,1441,-0.08957269760439886
since_hi480,short,1,16.0,47.0,3495,0.03904085858206326,0.10341925850765893,0.282689556509299,1035,-0.09240591917676347
disp96,long,1,-7.4257056800948416,-4.833783294287331,3496,0.03519366070862917,0.0816980050450784,0.283466819221968,1338,-0.13159276611988746
to_hi480,short,9,26.50986602446271,inf,3459,0.033588413884915146,0.09796681381051081,0.3232148019658861,1422,-0.17021462023994263
disp96,long,5,0.3262363077069926,1.9185586554442269,3497,0.032451980641392646,0.07895632497784187,0.29739776951672864,1481,-0.017045548670475866
absorb_z,short,6,0.10212565176721522,0.155054140759419,3383,0.03240139523099307,0.09677979515658873,0.2902749039314218,1537,-0.05979684572611891
trade_intensity,long,7,1.094002001790664,1.3705201887370602,3496,0.0318675346599826,0.07837187899643183,0.27717391304347827,1196,-0.015367408563439346
to_hi96,long,8,7.947646469204478,10.230501978132606,3497,0.03117323103720487,0.07767757537365409,0.30140120102945384,1687,0.01563607912871086
atr_pct,short,3,0.006396923289682869,0.007316054609001781,3506,0.0305932020762113,0.09497160200180696,0.3120365088419852,1657,-0.053520319057119785
since_hi24,long,0,-inf,2.0,2818,0.029642848984040893,0.07614719332049012,0.3030518097941803,1118,-0.10447807877840251
to_hi480,long,1,2.2203358152072457,3.930572630505982,3458,0.029234641880058105,0.07573898621650733,0.291497975708502,969,0.05921279520752642
to_lo96,long,8,9.337052828954288,11.42223944595839,3497,0.027533511702041977,0.0740378560384912,0.2876751501286817,941,-0.26952598493283286
to_hi96,short,9,10.230356126877915,inf,3497,0.026390363749323582,0.09076876367491923,0.3191306834429511,1487,0.16836003369309144
since_hi480,short,0,-inf,16.0,3420,0.02512842063101573,0.08950682055661138,0.28830409356725145,1093,-0.10431373614076665
ats_rank480,long,7,0.7208333333333333,0.8229166666666666,3370,0.024962426797614387,0.0714667711340636,0.29614243323442135,1233,0.012458281176689377
to_hi96,long,3,2.855139547209417,3.7001787070528684,3497,0.023972056376567488,0.07047640071301671,0.2939662567915356,1193,-0.053879316083881974
vol_of_vol,long,8,0.6218081299357084,1.3853777634258337,3456,0.022668053504082852,0.06917239784053208,0.2595486111111111,1434,-0.13964183369779973
since_hi480,long,0,-inf,16.0,3420,0.02257204080709517,0.06907638514354439,0.2687134502923977,1093,-0.12011019430733269
tbi,long,9,0.04729522390774932,inf,3507,0.02224867866394078,0.06875302300039,0.3128029654975763,2212,-0.02886658182453875
atr_pct,long,8,0.012094521575944865,0.015125034472612911,3506,0.021707318014357425,0.06821166235080665,0.2253280091272105,430,-0.35048303291712996
dq,long,9,0.09469505467041175,inf,3507,0.02161530663741298,0.0681196509738622,0.3125178214998574,2209,-0.02877853490661724
since_hi480,short,3,92.0,147.0,3444,0.02100032402508027,0.08537872395067593,0.3060394889663182,1157,0.021441158211414957
to_lo480,short,5,12.951503617570971,15.313275314144825,3458,0.02015607713724897,0.08453447706284463,0.3021978021978022,1185,0.04259801793672952
to_lo96,short,7,7.8225429261540524,9.337047202581,3497,0.020020183909071728,0.08439858383466739,0.3076923076923077,1200,0.1059150536104898
to_lo480,long,8,22.068737952380776,29.05920317291301,3458,0.019335963175978386,0.06584030751242761,0.30306535569693466,1207,-0.0614365031476454
since_hi480,short,4,147.0,212.0,3496,0.018303500395072978,0.08268190032066863,0.29719679633867274,1107,-0.11892308630904433
pos24,long,9,0.8671546769502589,inf,3504,0.01708984525887975,0.06359418959532898,0.2876712328767123,1486,-0.09137312033797008
kyle_z,long,8,0.722292552888189,1.3118419818501328,3487,0.016952062226685,0.06345640656313423,0.26813880126182965,1461,-0.04425744732581162
range_z,long,8,0.5281732452929411,1.2161159901691876,3487,0.0162908806887008,0.06279522502515003,0.27129337539432175,1396,-0.050322860426276254
to_lo480,long,7,17.992588238198255,22.068737952380776,3458,0.015715480395256987,0.062219824731706216,0.305668016194332,1367,-0.26052121507180825
persist96,long,0,-inf,0.017161429462395145,3497,0.015521938344178551,0.06202628268062778,0.29711181012296256,1573,-0.047655736732982956
atr_rank,long,7,0.6729166666666667,0.7958333333333333,3493,0.01532492565803336,0.061829269994482586,0.24477526481534498,1169,-0.07461256069401569
pos96,short,6,0.6329956750268758,0.7289782524642945,3496,0.014517825464364352,0.07889622538996001,0.2831807780320366,1258,0.15849517645341812
to_lo480,short,6,15.313275314144825,17.992218046634743,3459,0.013917320077289953,0.07829572000288561,0.3073142526741833,1261,0.05825293060090437
since_hi480,long,6,280.0,356.0,3468,0.013869834325138896,0.06037417866158812,0.27191464821222605,1187,-0.18082582431650038
kyle,long,9,5.852380669335736e-07,inf,3507,0.013722765718296646,0.060227110054745875,0.22783005417735958,139,0.08174560407471984
to_lo24,short,7,3.356951783499409,4.102834667315451,3504,0.013521256929945012,0.07789965685554068,0.2711187214611872,1407,-0.04144340212418106
trade_intensity,long,9,1.8879544841591032,inf,3497,0.013364335908381438,0.05986868024483066,0.2607949671146697,1532,-0.08005596308523545
disp24,short,6,0.7655038641966874,1.5337314288916906,3504,0.013012213159155711,0.07739061308475137,0.2990867579908676,1199,-0.06460414719304225
to_hi96,long,1,1.262713339685805,2.0540473050763164,3497,0.01262453716099723,0.05912888149744645,0.2936802973977695,1205,-0.021239928920302145
range_per_trade,long,2,4.173339531095976e-08,4.6919620153066335e-08,3506,0.01205103804812931,0.05855538238457854,0.29606389047347403,1890,-0.02592202011852854
lo_pos,long,0,-inf,0.01694915254237288,3407,0.012034269646872896,0.05853861398332212,0.2905782213090696,1333,-0.07860156218660962
atr_rank,short,9,0.9125,inf,3522,0.011247789951024054,0.07562618987661972,0.2018739352640545,1564,0.1884626112154828
accel,long,9,1.596234762321091,inf,3504,0.0098770019837717,0.056381346320220925,0.2762557077625571,1451,-0.053509572565539364
to_hi480,long,5,10.436165097386928,13.058922366178654,3459,0.009772312793570197,0.05627665713001942,0.2732003469210755,1202,-0.2655899474005302
since_hi96,long,2,14.0,25.0,3506,0.009748222031025666,0.05625256636747489,0.28066172276098117,1263,0.01771997100536927
ats_rank480,long,9,0.91875,inf,3418,0.009732887895746629,0.05623723223219586,0.2776477472205968,1155,0.010151455051923379
to_lo24,long,8,4.102345686948419,5.192083803071839,3504,0.009369021705380827,0.055873366041830054,0.2791095890410959,1248,-0.04241752364636323
close_loc,long,1,0.12756849315069818,0.22428556379889003,3506,0.00913005595362865,0.05563440029007788,0.28579577866514544,1313,-0.09980258383241429
to_hi24,short,1,0.6910434547245743,1.0694167690734797,3504,0.008425982246609218,0.07280438217220488,0.2822488584474886,1332,-0.05919813646580733
wick_skew,long,9,0.4212237762237803,inf,3507,0.007986502153254763,0.05449084648970399,0.28828058169375537,1314,-0.0637442963623805
to_lo480,long,4,10.62965588321862,12.951840869708441,3458,0.007396701700084299,0.05390104603653353,0.2926547137073453,1280,0.08257181254792922
updn_ratio,long,9,0.576271186440678,inf,3589,0.007265808910508911,0.053770153246958136,0.29144608526051824,1538,-0.00017662093769069316
persist96,short,5,0.0972005536779355,0.12223758801131208,3497,0.007157671653565155,0.07153607157916081,0.2939662567915356,1203,-0.07647395514824827
to_hi96,long,7,6.547443493680569,7.947646469204478,3496,0.006996246017113683,0.05350059035356291,0.2683066361556064,1398,0.013427127973117332
vol_of_vol,long,9,1.3853777634258337,inf,3456,0.0063906005536913555,0.05289494489014058,0.21672453703703703,1546,-0.08915399544127955
atr_rank,short,3,0.25416666666666665,0.3541666666666667,3500,0.00616409785046767,0.07054249777606333,0.3162857142857143,1390,-0.04792368368410393
extreme_late,long,9,0.9830508474576272,inf,4615,0.006078562517140617,0.05258290685358984,0.28277356446370533,1574,-0.08424891364954085
range_z,long,9,1.2161159901691876,inf,3488,0.005810400450455227,0.052314744786904455,0.25745412844036697,1388,-0.05568730849740788
pos96,long,7,0.7289661531747977,0.8091362700493583,3496,0.005261918728174542,0.05176626306462377,0.2854691075514874,967,-0.12266765260438067
dn_wick,long,0,-inf,0.04766949152542299,3506,0.005180116313978932,0.05168446065042816,0.29007415858528235,1568,-0.07790225257504499
since_lo96,long,1,6.0,17.0,3881,0.005039390793176198,0.05154373512962542,0.24323627930945632,1438,-0.13490250201009407
since_hi24,short,1,2.0,4.0,3182,0.003872276749141926,0.06825067667473758,0.2765556253928347,1182,-0.10531406248420452
tbi_ma24,short,7,0.002035007690454764,0.004728747398987897,3501,0.0035428118440944743,0.06792121176969013,0.2799200228506141,1125,-0.1390689587064166
range_z,long,6,-0.08802041275468918,0.15598284373779342,3487,0.003171768327673987,0.04967611266412321,0.2698594780613708,1209,-0.09202228102316108
disp96,long,4,-1.2287620414505795,0.3262363077069926,3497,0.0030650403109445685,0.04956938464739379,0.2839576780097226,1430,-0.11783002761811685
since_lo96,long,9,94.0,inf,4234,0.002475540287927323,0.04897988462437655,0.28814359943316015,1493,-0.08335738613892864
tbi_ma24,short,5,-0.0022937733203875336,-0.00020785705757065233,3502,0.0020230302132793762,0.06640143013887503,0.29497430039977157,1047,-0.0623226599928325
dq_cum24,short,7,0.1003998958677123,0.22996295171233816,3501,0.001977827927204386,0.06635622785280004,0.27934875749785776,1123,-0.12936713413925327
since_hi96,long,4,37.0,51.0,3627,0.0018257982105003541,0.04833014254694958,0.28646264130135096,1290,-0.11913425580129276
pos96,short,5,0.531609718917311,0.6329956750268758,3497,0.0016380747053355183,0.06601647463093117,0.2839576780097226,1367,0.049043260047011795
avg_trade_usd,short,8,4692.576806009052,5170.707825945769,3506,0.0014775166243669563,0.06585591654996262,0.2932116371933828,1416,-0.03111069729766288
range_z,long,7,0.15598284373779342,0.5281732452929411,3486,0.0014474649249194532,0.04795180926136868,0.270223752151463,1330,-0.06275311436715511
dow,short,3,3.0,4.0,4992,0.0008435962266361605,0.06522199615223181,0.24078525641025642,1848,0.09108493611075003
disp6,long,8,1.0525839216764004,1.7504109233368257,3506,0.00037017375967924525,0.04687451809612847,0.2818026240730177,1467,-0.041449844064490426
accel,long,8,1.0402117742718529,1.596234762321091,3504,8.379452354282203e-05,0.04658813885999205,0.2785388127853881,1311,-0.065219903547636
absorb_z,long,8,0.2458380340823236,0.4313355649722048,3383,-0.0003201837547354184,0.046184160581713804,0.28524977830328113,1092,-0.17074979047108882
to_lo480,long,3,8.391899493998514,10.62965588321862,3458,-0.0005648184753626658,0.04593952586108656,0.27877385772122615,1257,0.14365926804106322
gap,short,1,-0.0005256444201350739,-0.00014045757203804413,3506,-0.0008448895765311437,0.06353351034906451,0.275812892184826,2244,-0.09053115015987058
avg_trade_usd,long,4,3470.686766607279,3755.0145594462165,3506,-0.0010097787268119123,0.045494565609637314,0.28465487735310896,786,-0.022653925806813014
since_hi480,long,5,212.0,280.0,3446,-0.0013706350931493225,0.0451337092432999,0.2957051654091701,1060,-0.18389216094432195
absorb,long,6,0.02230652067807547,0.0489328028750661,3505,-0.001521526629222027,0.0449828177072272,0.275320970042796,970,-0.04834983998687171
vol_of_vol,long,4,-0.46899928527130175,-0.3024502890653504,3456,-0.002293543108737828,0.0442108012277114,0.29050925925925924,946,-0.012978687147433209
avg_trade_usd,long,0,-inf,2527.7066535501667,3506,-0.0024244895068923967,0.04407985482955683,0.2852253280091272,1608,-0.11756683480697025
atr_rank,long,5,0.45416666666666666,0.5583333333333333,3462,-0.0024551225711915933,0.044049221765257635,0.28134026574234544,1251,0.09236401388945348
dq_cum24,short,5,-0.10744105755340438,-0.0070916222346102285,3502,-0.0025841765543642868,0.061794223371231374,0.29354654483152487,1056,-0.0532260925616363
persist24,long,6,0.22692751504060046,0.2815089382415483,3503,-0.0027573021095543054,0.04374704222689492,0.278047387953183,1404,-0.09094002261865841
to_hi96,short,1,1.2627522668737716,2.0539245822295222,3497,-0.0028692830310480025,0.061509116894547654,0.2748069774092079,1204,-0.059068341337008765
since_hi96,short,2,14.0,25.0,3506,-0.002963912326721853,0.06141448759887381,0.2860810039931546,1263,-0.017424942245707228
tbi_z96,long,8,0.8560345639141819,1.3026885346549335,3487,-0.002991352176035196,0.04351299216041403,0.28677946659019216,1337,-0.0752675816440138
atr_pct,long,2,0.005461794977295388,0.006396906787268733,3506,-0.0030147173232644305,0.043489627013184796,0.3214489446662864,1986,-0.1572157916459375
avg_trade_usd,long,6,4047.7256608739012,4342.099104745216,3505,-0.003456170523683911,0.043048173812765315,0.2818830242510699,928,-0.13503331368954072
dq_z96,long,8,0.8561151494901051,1.3026857539815428,3487,-0.0035448812231890833,0.04295946311326014,0.28649268712360193,1336,-0.07571223548541538
atr_rank,short,0,-inf,0.06458333333333334,3419,-0.0039896093578785825,0.06038879056771708,0.35682948230476746,1133,-0.12280823359880047
body_frac,long,9,0.6528310572349398,inf,3507,-0.004219533053209321,0.0422848112832399,0.28200741374394067,1534,-0.044830733412578684
accel,short,0,-inf,-1.5948171643547029,3504,-0.004318739822471114,0.060059660103124544,0.2839611872146119,1475,0.02493205739881042
to_lo480,short,0,-inf,3.675812475739141,3459,-0.00517736741218391,0.05920103251341175,0.27291124602486266,1520,0.16883697676911488
absorb_z,long,3,-0.10245042037269599,-0.03141898858877637,3383,-0.005536774726461348,0.040967569609987875,0.27608631392255395,1325,0.01950928383487959
kyle_z,long,7,0.3485046057550432,0.722292552888189,3486,-0.0057696594510332,0.040734684885416025,0.2667814113597246,1346,-0.09198038071628718
to_hi24,long,0,-inf,0.6910526960955524,3504,-0.005880520560289223,0.04062382377616,0.2856735159817352,1549,-0.08036885335130814
since_lo480,short,3,161.0,232.0,3453,-0.006117149804880767,0.05826125012071489,0.2725166521865045,1332,-0.23658522219924316
to_lo96,short,5,5.351528820913874,6.466677963256988,3497,-0.006401973413214429,0.05797642651238123,0.278524449528167,1275,-0.10099882887642529
lo_pos,long,9,0.9491525423728814,inf,3621,-0.006497169031231308,0.04000717530521792,0.27948080640706985,1372,-0.11565147845636059
range_per_trade,long,4,5.195296416953961e-08,5.700005144871637e-08,3506,-0.006704750344855089,0.039799593991594134,0.28237307472903594,1340,-0.04210083129819399
avg_trade_usd,long,5,3755.0145594462165,4047.7256608739012,3507,-0.0067889478239164715,0.03971539651253275,0.28286284573709725,853,-0.08764747736627243
persist24,long,4,0.13778988248203938,0.18077290298421997,3504,-0.007154144547261162,0.039350199789188064,0.2868150684931507,1394,-0.09676519532861048
up_wick,long,9,0.5815613844482312,inf,3507,-0.00729980083147284,0.03920454350497639,0.2805816937553465,1272,-0.06306212439092755
hi_pos,long,9,0.9491525423728814,inf,3650,-0.0073725749200419435,0.03913176941640728,0.28164383561643835,1280,-0.058536088562657226
persist6,long,6,0.43816634325498194,0.5340700121867884,3505,-0.007906736727718496,0.03859760760873073,0.2818830242510699,1355,-0.03014691582275775
trade_intensity,long,6,0.9184565848194588,1.094002001790664,3497,-0.008435033473776743,0.038069310862672484,0.2708035458964827,1118,-0.12999663595566963
tbi_z8,long,0,-inf,-1.3254492558725812,3505,-0.008597181864768986,0.03790716247168024,0.2796005706134094,1315,-0.030987331316290608
rpt_rank,long,7,0.6958333333333333,0.7979166666666667,3394,-0.008614272998403002,0.03789007133804623,0.279021803182086,1263,-0.06557741101860773
vol_of_vol,short,0,-inf,-0.9974322076246496,3456,-0.009309324219922543,0.05506907570567311,0.32320601851851855,1688,-0.09536829867204383
rpt_rank,short,0,-inf,0.09166666666666666,3388,-0.0100262568225818,0.05435214310301386,0.28778040141676503,1186,0.07897615057132094
rv_vs_range,long,1,0.4788342154833027,0.5350137671715972,3506,-0.010068814785627286,0.03643552955082194,0.26982316029663433,1161,-0.09866576716493726
tbi_ma8,short,2,-0.013168337058641852,-0.009021779679183153,3505,-0.010878444578274978,0.05349995534732068,0.2855920114122682,1032,0.04727345340272802
vol_per_trade_z,short,8,0.8872962696019808,1.3949784767666216,3487,-0.011472241315394042,0.05290615861020162,0.277602523659306,1184,-0.05193825592379114
kyle_z,long,9,1.3118419818501328,inf,3488,-0.011488340932354348,0.03501600340409488,0.24856651376146788,1419,-0.0875639707833692
to_hi24,short,0,-inf,0.6910434547245743,3504,-0.011516865736427954,0.052861534189167704,0.2688356164383562,1549,-0.005777618592420349
dn_wick,long,3,0.15676567656765683,0.2097271648873107,3505,-0.011605465793249083,0.034898878543200146,0.2810271041369472,1246,-0.08148694647117045
avg_trade_usd,short,7,4342.086941418071,4692.576806009052,3506,-0.011870586695170727,0.05250781323042493,0.2837992013690816,1113,-0.0018966220806362216
vol_of_vol,long,3,-0.6296164464857661,-0.46899928527130175,3456,-0.012493998163767292,0.034010346172681935,0.2890625,1156,-0.06394645433035363
tbi_ma8,long,8,0.008541640440331644,0.014431134992252912,3505,-0.012673378446321852,0.03383096589012737,0.27845934379457915,1229,-0.02132726074072442
since_lo96,short,7,80.0,89.0,3599,-0.012862014966197786,0.05151638495939787,0.3017504862461795,1287,-0.04862873090621629
since_hi480,short,2,47.0,92.0,3422,-0.013069292305663643,0.051309107619932015,0.2887200467562829,986,-0.0924882861587788
m1_jump,long,0,-inf,0.13225873988134731,3507,-0.013070873475676724,0.0334334708607725,0.2660393498716852,1093,-0.016525089027703346
since_lo480,long,4,232.0,297.0,3441,-0.013424328140683095,0.03308001619576613,0.3004940424295263,1113,-0.12837357342665512
dow,long,0,-inf,1.0,5016,-0.013536683798803118,0.032967660537646104,0.3024322169059011,1824,-0.1988297810410503
disp24,long,8,2.5465056132978923,3.967692734331246,3504,-0.01369058973771632,0.032813754598732904,0.288527397260274,1391,0.0062363637527008565
absorb_z,long,9,0.4313355649722048,inf,3384,-0.013961812111487903,0.032542532224961326,0.28132387706855794,1187,-0.15280566998002662
flow_eff,long,6,0.11177071109329727,0.1672784563183325,3506,-0.014048407580473377,0.03245593675597585,0.2775242441528808,986,-0.12299492833051548
ats_z96,short,9,1.414793680042502,inf,3488,-0.014284845189561229,0.050093554736034426,0.27494266055045874,1266,0.028459105090425554
up_wick,short,6,0.3116649823569719,0.3818386604976476,3506,-0.014458980931223697,0.04991941899437196,0.28237307472903594,1271,-0.06272043840296126
vol_of_vol,short,9,1.3853701925984236,inf,3457,-0.014776947367643244,0.04960145255795241,0.2207115996528782,1546,0.15339543665351507
absorb_z,long,2,-0.19088175487767226,-0.10245042037269599,3383,-0.014978321972295752,0.03152602236415347,0.2716523795447827,1264,-0.029853416801911035
to_hi96,long,2,2.0540473050763164,2.855139547209417,3496,-0.015237087489313088,0.03126725684713614,0.2748855835240275,1158,-0.08765848074992176
disp96,long,8,6.059619357675194,8.812381329835077,3497,-0.015281299408717136,0.03122304492773209,0.2848155561910209,1100,-0.20719505576655625
pos24,long,0,-inf,0.16885596296947883,3504,-0.01590056939081563,0.030603774945633596,0.2588470319634703,1840,-0.07387930123060142
since_lo96,long,6,69.0,80.0,3434,-0.016062856622785362,0.030441487713663864,0.29761211415259176,1255,-0.08108738936089616
range_per_trade,long,5,5.700005144871637e-08,6.279386145674993e-08,3506,-0.01669362080658157,0.029810723529867654,0.2792355961209355,1167,-0.039410993066087446
range_per_trade,long,3,4.6919620153066335e-08,5.195296416953961e-08,3506,-0.016814884424015533,0.029689459912433692,0.28779235596120933,1652,-0.030722149997650862
pos480,short,1,0.15716066481994462,0.24998283384103165,3458,-0.01701235581454355,0.04736604411105211,0.26807403123192597,1283,-0.1851101432711032
to_lo96,long,0,-inf,1.5485285625203888,3497,-0.017334584449231402,0.029169759887217823,0.24649699742636547,1489,-0.09501030087583709
pos24,short,9,0.8671565784714593,inf,3504,-0.017451428835732107,0.04692697108986355,0.2628424657534247,1486,-0.009676220498256099
to_lo24,long,6,2.791458339427303,3.3569029075332275,3504,-0.0177515728026645,0.028752771533784725,0.2816780821917808,1358,-0.044530050794292654
to_hi480,long,4,7.824172416409834,10.436165097386928,3458,-0.01807544316014335,0.028428901176305876,0.2744360902255639,1539,-0.06214661392067548
range_rank,short,0,-inf,0.08541666666666667,3391,-0.01811758228808649,0.046260817637509166,0.32615747567089354,1267,-0.07825976850632753
range_rank,long,2,0.17916666666666667,0.2791666666666667,3447,-0.018153146581350255,0.02835119775509897,0.30229184798375397,1284,-0.07204017555704839
gap,long,4,0.0001556734320804442,0.0005444089520571384,3506,-0.018184894484751916,0.02831944985169731,0.273531089560753,2199,0.002267854928826171
persist6,long,8,0.6444933987154325,0.7892439397587019,3506,-0.018438382965029292,0.028065961371419933,0.26982316029663433,1321,-0.048170687706835275
dn_wick,short,9,0.5995587339606585,inf,3507,-0.018457983145026932,0.045920416780568726,0.2848588537211292,1204,-0.0014463930042140825
rpt_rank,short,1,0.09166666666666666,0.1875,3411,-0.018555454452869588,0.04582294547272607,0.2849604221635884,1245,0.04298676797869215
persist96,long,8,0.1886572529632356,0.24158803569182166,3497,-0.01885593982102631,0.027648404515422914,0.26622819559622535,1099,-0.2229388515121048
avg_trade_usd,long,3,3164.696792138781,3470.686766607279,3506,-0.018938388106161715,0.02756595623028751,0.28009127210496293,936,-0.1143534851824187
tbi_ma8,short,1,-0.018818386316801782,-0.013168337058641852,3505,-0.019058347116747705,0.04532005280884795,0.2838801711840228,1186,-0.03164368129506905
atr_rank,long,9,0.9125,inf,3522,-0.019334643777748437,0.02716970055870079,0.18370244179443498,1564,-0.2247229667924965
range_z,short,0,-inf,-0.9242666783930248,3488,-0.01973411812757701,0.044644281798018645,0.307052752293578,1551,-0.11237750613820063
ats_rank480,long,8,0.8229166666666666,0.91875,3460,-0.01973766180064847,0.026766682535800754,0.2748554913294798,1238,-0.025296169209643483
close_loc,short,6,0.6112889400921659,0.7054339504509591,3506,-0.019746577335280006,0.04463182259031565,0.2755276668568169,1213,-0.07786923580970151
since_lo24,long,5,14.0,18.0,4394,-0.02001721666578221,0.026487127670667014,0.2853891670459718,1589,-0.0391841356463273
since_lo24,long,9,24.0,inf,4773,-0.020083824658773675,0.02642051967767555,0.2794887911166981,1747,-0.01699432437573851
to_lo24,long,5,2.337704760328866,2.791458339427303,3504,-0.02015184675746899,0.026352497578980234,0.2879566210045662,1255,-0.1162665598349778
atr_rank,short,1,0.06458333333333334,0.15833333333333333,3497,-0.020281181439250978,0.04409721848634468,0.32971118101229624,1258,-0.11197367148867858
accel,long,7,0.6428900914746521,1.0402117742718529,3504,-0.02029273932517395,0.026211605011275275,0.2819634703196347,1265,-0.07690203605046572
vol_per_trade_z,short,9,1.3949784767666216,inf,3488,-0.0207360338572916,0.04364236606830406,0.2760894495412844,1299,0.03945663608437649
pos96,long,3,0.3402508190855985,0.43546516883351605,3497,-0.02074836605113541,0.025755978285313817,0.2765227337718044,1202,0.0857073033980184
rpt_z,short,0,-inf,-1.2284612009024594,3488,-0.020799338855311482,0.04357906107028418,0.2826834862385321,1252,-0.009824274545525539
absorb,long,8,0.08648796983397748,0.17190236570352393,3505,-0.020843822309033422,0.025660522027415804,0.27931526390870187,1453,-0.09886040917041324
tbi_z24,short,1,-1.298830673867428,-0.8751078806558001,3501,-0.021759977615088737,0.04261842231050692,0.2856326763781777,1262,-0.037495718924356304
persist6,long,9,0.7892439397587019,inf,3506,-0.021772285962526724,0.024732058373922502,0.26982316029663433,1413,-0.11869270168243129
to_lo480,long,9,29.05920317291301,inf,3459,-0.021784005110104598,0.024720339226344628,0.3295750216825672,875,0.07085092661286364
since_lo480,short,1,35.0,90.0,3438,-0.021915617036384883,0.04246278288921078,0.2643979057591623,1377,0.04133096766599759
tbi,long,8,0.029889911354743726,0.04729522390774932,3506,-0.0221761407334101,0.024328203603039125,0.2766685681688534,1189,-0.056990543851145735
dq,long,8,0.05987425010763783,0.09469505467041175,3506,-0.022372668750071965,0.02413167558637726,0.27638334284084426,1190,-0.06108945887337324
is_weekend,long,0,-inf,1.0,25030,-0.02251187867908625,0.023992465657362974,0.26136636036755895,9192,-0.10805693611663517
pos24,short,8,0.7853644929859388,0.8671565784714593,3504,-0.02261231720164549,0.041766082723950174,0.2696917808219178,1249,-0.09395058346576332
body_frac,long,8,0.4906530753282656,0.6528310572349398,3506,-0.022649835290397848,0.023854509046051377,0.2778094694808899,1283,-0.04122857031554529
since_hi480,long,4,147.0,212.0,3495,-0.022678893962448664,0.02382545037400056,0.290414878397711,1107,0.16242255046990153
dn_wick,long,2,0.10450992996582686,0.15676567656765683,3507,-0.022741984195092307,0.02376236014135692,0.2763045337895637,1330,-0.027727268796095553
to_hi96,short,0,-inf,1.2627522668737716,3497,-0.022814620842825466,0.04156377908277019,0.26822991135258795,1365,0.020973516173339524
range_rank,long,9,0.9020833333333333,inf,3461,-0.023136291145821927,0.0233680531906273,0.22190118462872002,1379,-0.09383685058305243
efficiency,long,8,0.1872840312340961,0.2390741934469386,3506,-0.023146563090637503,0.023357781245811723,0.2792355961209355,1394,-0.032030562460767534
since_hi24,long,6,17.0,20.0,3603,-0.02317609582915272,0.023328248507296506,0.2811545933943936,1245,-0.053452358949550305
tbi_z8,short,7,0.594729385788001,0.9246891765148839,3505,-0.023240332993356566,0.04113806693223909,0.2796005706134094,1287,-0.08119574735590339
body_frac,short,4,-0.1618149190938549,0.01451549739676904,3506,-0.023270622760566063,0.0411077771650296,0.28066172276098117,1250,-0.025048773555969878
wick_skew,long,8,0.2682608695652153,0.4212237762237803,3506,-0.023497838529575012,0.023006505806874213,0.2809469480889903,1280,-0.01921468463387788
rpt_rank,short,3,0.28541666666666665,0.3875,3397,-0.023550520447794373,0.04082787947780128,0.2831910509272888,1273,0.05851235219253347
rv_vs_range,long,0,-inf,0.4788342154833027,3506,-0.023557594407695937,0.02294674992875329,0.26782658300057044,1224,-0.0058618680880976205
disp24,long,7,1.533667174853768,2.5465056132978923,3504,-0.023753974917857138,0.022750369418592088,0.2893835616438356,1420,-0.11231681443280171
dn_wick,long,7,0.3951497860199696,0.4820986264354943,3505,-0.023880521975409793,0.022623822361039433,0.2781740370898716,1182,-0.023759659023199535
vol_per_trade_z,long,1,-1.32816203144516,-0.9211448053753951,3487,-0.02407292628965487,0.022431418046794355,0.27473472899340406,1384,-0.05138266235367462
vol_per_trade_z,long,6,0.21825354937752312,0.5285148425133294,3487,-0.024118700606691242,0.022385643729757983,0.2695726985947806,1290,-0.03236609854039389
to_hi480,short,2,3.930694693715147,5.788797302464357,3458,-0.024127393253631658,0.040251006671964004,0.2608444187391556,1013,0.0035173855307022613
up_wick,long,2,0.09829311359623652,0.1469966797464466,3507,-0.02421956562630618,0.022284778710143047,0.2703165098374679,1271,-0.077952920952255
tbi_ma96,short,8,0.0023277562662960983,0.004726915878842954,3487,-0.024303514439040413,0.040074885486555245,0.2652710065959277,1174,-0.07221831457018028
efficiency,long,7,0.15275505686931168,0.1872840312340961,3505,-0.024928795385762238,0.021575548950686987,0.2724679029957204,1328,-0.04951220501660687
tbi_z8,long,6,0.28132453272173885,0.5944884539315817,3505,-0.025183469300713773,0.021320875035735452,0.2767475035663338,1343,-0.06624884834265786
disp24,short,7,1.5337314288916906,2.5466994578843845,3504,-0.025201758087784017,0.03917664183781164,0.2791095890410959,1420,-0.12069680560424523
disp6,short,0,-inf,-1.6834543969688873,3506,-0.02529892384917529,0.03907947607642037,0.2726754135767256,1542,0.04694089271754684
tbi_z8,short,3,-0.5977833660162256,-0.30428704556292746,3504,-0.025346832671216346,0.03903156725437931,0.2848173515981735,1301,0.033637893447266434
atr_pct,long,9,0.015125034472612911,inf,3507,-0.025427192931798553,0.021077151404650673,0.1727972626176219,258,0.19867597236967044
dn_wick,long,1,0.04766949152542299,0.10450992996582686,3506,-0.025605223490547273,0.020899120845901953,0.28009127210496293,1440,-0.057740652492042445
since_hi24,short,0,-inf,2.0,2819,-0.025619943130101967,0.038758456795493695,0.2621496984746364,1118,-0.059803286673327585
hi_pos,long,7,0.6949152542372882,0.8305084745762712,3620,-0.025703697110453106,0.02080064722599612,0.274585635359116,1276,-0.10194196767785743
disp96,long,6,1.9185586554442269,3.758051344626261,3496,-0.02579784415612799,0.020706500180321236,0.2826086956521739,1261,0.09051482126497075
lo_pos,short,7,0.6949152542372882,0.8305084745762712,3339,-0.026105615699926563,0.0382727842256691,0.2815214135968853,1345,-0.02760893925584216
close_loc,long,9,0.8856655290102857,inf,3507,-0.026139793911194465,0.02036455042525476,0.2725976618192187,1456,-0.04493727614260736
rpt_rank,long,2,0.1875,0.28541666666666665,3392,-0.026145106366144543,0.020359237970304683,0.27712264150943394,1291,-0.10079383185358393
kyle,long,8,4.674759125820874e-07,5.852380669335736e-07,3506,-0.026400059610632347,0.02010428472581688,0.2401597261836851,451,-0.06806416668450972
persist96,short,8,0.18865137663763273,0.2415864670977167,3497,-0.026498039569399282,0.03788036035619638,0.2708035458964827,1100,0.06450517088115353
range_rank,short,3,0.2791666666666667,0.38125,3388,-0.026890865314861644,0.037487534610734015,0.2907319952774498,1298,-0.09638652558722939
since_lo480,long,0,-inf,35.0,3442,-0.027002534880115718,0.019501809456333508,0.2155723416618245,1586,-0.23865721521680053
body_frac,short,6,0.18577061188152902,0.33964683065151335,3506,-0.02720346105475659,0.03717493887083907,0.2738163148887621,1108,-0.009400407019823887
ats_rank480,long,5,0.5083333333333333,0.6166666666666667,3430,-0.02727240640838906,0.019231937928060164,0.2795918367346939,1303,-0.08094091624899756
to_hi24,long,9,4.732464604350406,inf,3504,-0.0273873314891804,0.019117012847268827,0.23401826484018265,1609,-0.10683013283778656
dow,short,0,-inf,1.0,5016,-0.02739556375731567,0.03698283616827999,0.3187799043062201,1824,0.005752989692364294
flow_eff,long,9,0.4775208277386536,inf,3506,-0.027566590930173236,0.01893775340627599,0.2284654877353109,700,-0.061855536556305
ats_z96,long,9,1.4148080372914882,inf,3488,-0.02761359901912408,0.018890745317325146,0.27150229357798167,1266,-0.016321584427004137
tbi_ma24,short,1,-0.012937211765557944,-0.009374958461809663,3501,-0.027759783824957356,0.0366186161006383,0.27849185946872324,1228,0.09878126960117964
efficiency,long,9,0.2390741934469386,inf,3507,-0.02802805894753512,0.018476285388914104,0.27003136583974907,1499,-0.02597276083142388
wick_skew,long,4,-0.09272164150213236,-0.009940357852882886,3506,-0.028263013853566128,0.018241330482883098,0.27296063890473476,1290,-0.1139414880729862
accel,long,1,-1.594824541316307,-1.0368846213385523,3504,-0.02846554017392466,0.018038804162524565,0.2722602739726027,1328,-0.061868630385470066
ats_z96,short,8,0.903903776550549,1.414793680042502,3487,-0.028482373342526218,0.03589602658306944,0.27416117006022367,1168,-0.06381133371397078
up_wick,short,5,0.25186265063887225,0.3116649823569719,3506,-0.0286311276873563,0.035747272238239355,0.27210496292070735,1222,0.03234958402479307
pos24,long,8,0.7853460053125284,0.8671546769502589,3504,-0.028637601667073867,0.01786674266937536,0.2802511415525114,1249,-0.041659981242403096
kyle,long,2,2.3482443442635504e-07,2.648700669950417e-07,3506,-0.028814513265329248,0.017689831071119978,0.293782087849401,1636,-0.09874037583009462
accel,long,2,-1.0368846213385523,-0.6571011860821031,3504,-0.028825973328578926,0.0176783710078703,0.2745433789954338,1196,-0.09944353539999665
lo_pos,long,4,0.2711864406779661,0.3898305084745763,3342,-0.028984854251057766,0.01751949008539146,0.2764811490125673,1183,-0.06572862952856769
pos24,short,7,0.7015673760819902,0.7853644929859388,3504,-0.028995261848246807,0.03538313807734885,0.2742579908675799,1331,-0.03532309498541299
updn_ratio,short,5,0.5,0.5166666666666667,4041,-0.029089844901939412,0.03528855502365624,0.2816134620143529,1431,0.05069176985501692
tbi_z96,short,1,-1.2846873748346943,-0.8519478302551885,3487,-0.029098498003443645,0.03527990192215201,0.2804703183252079,1273,-0.07924597983906007
rpt_z,long,4,-0.34747293654317685,-0.10237005909744666,3487,-0.029121834509799386,0.01738250982664984,0.2744479495268139,1265,0.005171937213798544
updn_ratio,long,1,0.42105263157894735,0.45,2814,-0.02916329028180046,0.017341054054648766,0.2771855010660981,1026,-0.0733075458231811
minofday,long,2,240.0,420.0,4383,-0.029312309338029474,0.01719203499841975,0.2785763175906913,1611,-0.09509051374673035
hour,long,2,4.0,7.0,4383,-0.029312309338029474,0.01719203499841975,0.2785763175906913,1611,-0.09509051374673035
since_hi96,short,1,5.0,14.0,3771,-0.029451339244417927,0.034927060681177735,0.273667462211615,1376,0.037515715107183184
since_lo96,long,7,80.0,89.0,3599,-0.02955386426888865,0.016950480067560576,0.29480411225340375,1287,0.01595541221185144
disp24,long,2,-2.2409624587654697,-1.3426789669076349,3504,-0.029777562618033403,0.016726781718415823,0.2674086757990868,1242,-0.06750498469664583
tbi,long,0,-inf,-0.05162389764665648,3506,-0.029812646380699945,0.01669169795574928,0.29235596120935536,2220,-0.11646752733763212
vol_per_trade_z,long,2,-0.9211448053753951,-0.5994758768864882,3488,-0.030189669265189515,0.01631467507125971,0.27838302752293576,1490,-0.10701105511525716
dow,long,2,2.0,3.0,4991,-0.03022234785009758,0.016281996486351646,0.241634942897215,1848,-0.1506568518449729
absorb,short,2,-0.11163956142219227,-0.0647099207968053,3505,-0.03038364271133861,0.03399475721425705,0.2810271041369472,1215,-0.04675124730224679
disp24,short,8,2.5466994578843845,3.967930624158219,3504,-0.030464490387554038,0.03391390953804162,0.2591324200913242,1391,-0.14920110837855918
dq,long,0,-inf,-0.10317835369007211,3506,-0.030713383378835727,0.0157909609576135,0.29207073588134624,2216,-0.11476910235350996
persist24,short,1,0.03281776150632151,0.06551798599541503,3504,-0.03079425843758896,0.0335841414880067,0.2905251141552511,1238,0.02382509752531844
tbi_z24,long,8,0.8775180833994469,1.306960385405092,3501,-0.030796960360868795,0.01570738397558043,0.27335047129391604,1285,-0.12426339336431085
close_loc,long,8,0.7953216374269267,0.8856655290102857,3506,-0.0310029029228811,0.015501441413568125,0.27124928693668,1298,-0.04604342139817221
close_loc,long,0,-inf,0.12756849315069818,3506,-0.031010961129347082,0.015493383207102144,0.27609811751283514,1555,-0.06747010665048982
extreme_late,long,8,0.9491525423728814,0.9830508474576272,2511,-0.031035022923716855,0.01546932141273237,0.2755874153723616,1025,-0.08448091435849389
absorb,short,1,-0.2260537490368369,-0.11163956142219227,3505,-0.031122653034287243,0.03325574689130842,0.2838801711840228,1437,0.00791502396144406
dow,short,2,2.0,3.0,4992,-0.03133234228336381,0.03304605764223185,0.2389823717948718,1848,0.050362143629126194
dq_z96,long,0,-inf,-1.2853361020720167,3487,-0.03137639641571038,0.015127947920738849,0.27903642099225695,1266,-0.11058591405016739
tbi_z96,long,0,-inf,-1.2846976975527835,3487,-0.031384018079404566,0.01512032625704466,0.27903642099225695,1265,-0.10981880327886567
body_frac,long,7,0.3396197327851934,0.4906530753282656,3505,-0.031419571868607984,0.015084772467841241,0.2721825962910128,1246,-0.028610416305876366
tbi_z24,long,3,-0.5588776181961945,-0.2794390153055626,3501,-0.03143247010587148,0.015071874230577743,0.27477863467580693,1308,0.012597747137961343
to_lo480,long,2,6.187450383506311,8.391899493998514,3458,-0.03151561292546982,0.014988731410979408,0.23076923076923078,1365,-0.17157611315395482
dq_z96,short,1,-1.2852942743569526,-0.8517714676951627,3487,-0.03170113430625247,0.03267726561934319,0.27960997992543735,1270,-0.08075928998118982
wick_skew,short,6,0.06884772729698488,0.15732260144791158,3506,-0.03171756579397671,0.03266083413161895,0.27609811751283514,1329,-0.00902479681565066
tbi_z8,long,8,0.9245140250977466,1.3378288122563935,3505,-0.031770451832757333,0.014733892503691892,0.2699001426533523,1250,-0.0003262094083424188
tbi_z96,long,2,-0.85194811165027,-0.5410081846770662,3487,-0.031824119964758084,0.014680224371691142,0.27158015486091197,1281,-0.03408620371748512
pos96,long,8,0.8091362700493583,0.8846869829229302,3497,-0.0319659371428267,0.014538407193622524,0.27194738347154707,1159,-0.03418169771675876
range_rank,long,8,0.8,0.9020833333333333,3391,-0.03197419864197046,0.014530145694478767,0.23532881156001179,1252,-0.15947856260511858
trade_intensity,long,8,1.3705201887370602,1.8879544841591032,3497,-0.03208678482396381,0.014417559512485419,0.2553617386331141,1222,-0.0820787678159472
efficiency,short,1,0.020178716117546926,0.03977522566686053,3506,-0.032475949240951554,0.031902450684644104,0.2795208214489447,1197,0.08758287357752625
m1_jump,short,6,0.2412041218083985,0.2754574255598551,3506,-0.03268690005004728,0.03169149987554838,0.2766685681688534,1366,-0.027017565238053806
pos24,long,6,0.6138192686854368,0.7015408073404368,3504,-0.03270559371026483,0.013798750626184395,0.2845319634703196,1204,0.031482246361679365
ats_z96,long,1,-1.3169175502454016,-0.9176768242078434,3487,-0.03275691769847267,0.013747426637976554,0.26928591912819044,1399,-0.03888531533871985
atr_pct,long,1,0.004192425182040492,0.005461794977295388,3506,-0.032983086119511805,0.01352125821693742,0.3297204791785511,2832,-0.1590146052429503
range_rank,long,6,0.5916666666666667,0.6958333333333333,3394,-0.032993482571436285,0.013510861765012941,0.2595757218621096,1300,-0.0680242387416084
dq_cum24,short,1,-0.6181879479864767,-0.44736538569510265,3501,-0.033001527501712834,0.031376872423882825,0.276492430734076,1230,0.09676373579670185
disp96,short,1,-7.425466260029259,-4.833417384240747,3497,-0.03310145885046212,0.03127694107513354,0.2705175865027166,1338,0.016169024192467508
since_hi24,short,3,7.0,10.0,3354,-0.03313989064294876,0.031238509282646897,0.2775790101371497,1195,-0.056162823832376634
kyle_z,short,2,-0.8631373638114446,-0.6165577198776433,3487,-0.033242170607155466,0.031136229318440192,0.2885001433897333,1256,0.023914975356849638
ats_rank480,short,4,0.40208333333333335,0.5083333333333333,3392,-0.033357014737044444,0.031021385188551215,0.2797759433962264,1338,-0.00700769033854481
to_hi96,short,4,3.7000761588060023,4.5430461572995515,3497,-0.03336917955659858,0.03100922036899708,0.2708035458964827,1222,-0.02112645619757963
dow,long,1,1.0,2.0,5015,-0.0335398775047572,0.012964466831692029,0.2662013958125623,1824,-0.034987827920359885
tbi_ma8,long,3,-0.009022486686052442,-0.005504976811112342,3505,-0.03370124768110223,0.012803096655346999,0.2721825962910128,965,-0.035045713656224914
disp6,short,6,0.3092163783451325,0.6380984641757943,3506,-0.033781834632700396,0.030596565292895263,0.273531089560753,1164,-0.10680728243061927
hi_pos,long,1,0.01694915254237288,0.06779661016949153,3176,-0.0339108669434457,0.012593477393003524,0.2688916876574307,1098,-0.04869617983081536
hour,long,1,2.0,4.0,2922,-0.033938132740363974,0.012566211596085251,0.27173169062286107,1074,-0.07054799210413434
minofday,long,1,120.0,240.0,2922,-0.033938132740363974,0.012566211596085251,0.27173169062286107,1074,-0.07054799210413434
range_per_trade,short,0,-inf,3.561189854428909e-08,3507,-0.03397841778430164,0.030399982141294017,0.27402338180781294,2704,0.11916816094128901
sess_asia,long,1,1.0,inf,11688,-0.033991460098125016,0.01251288423832421,0.27395619438740587,4296,-0.07215514485795803
updn_ratio,long,2,0.45,0.4666666666666667,2907,-0.03411578557444586,0.012388558762003364,0.2696938424492604,1003,-0.05987759314040305
kyle_z,short,1,-1.170777862100188,-0.8631373638114446,3487,-0.03416467290684855,0.03021372701874711,0.2913679380556352,1178,-0.07068885964598769
dq,short,2,-0.06866242823815953,-0.04458238833311794,3506,-0.03426433033822889,0.030114069587366767,0.273531089560753,1039,-0.03896586362399417
flow_eff,short,3,0.0234836648339376,0.04556119899445252,3505,-0.03426942177329825,0.030108978152297405,0.2967189728958631,1863,-0.07457645325467845
up_wick,long,0,-inf,0.04539987973541374,3506,-0.034317160502530746,0.01218718383391848,0.2669709070165431,1612,-0.03328524649366303
updn_ratio,short,3,0.4666666666666667,0.48333333333333334,3502,-0.034359095168640746,0.030019304756954912,0.27584237578526555,1267,-0.06622122920383726
flow_eff,long,0,-inf,-0.10032982121998738,3506,-0.03454017726633333,0.011964167070115897,0.25613234455219624,1168,-0.10028048105719643
efficiency,long,6,0.12519441912257415,0.15275505686931168,3506,-0.034559157101617305,0.01194518723483192,0.268967484312607,1275,-0.0989644685041592
hi_pos,short,2,0.06779661016949153,0.15254237288135594,3300,-0.03463368436179517,0.02974471556380049,0.2727272727272727,1239,-0.007295062905792239
persist96,long,5,0.0972032403751838,0.12223983493601519,3497,-0.034682402286813435,0.01182194204963579,0.28538747497855305,1203,0.0211666169209601
absorb_z,short,5,0.04281834112683909,0.10212565176721522,3384,-0.03469539783608895,0.029683002089506708,0.2780732860520095,1322,-0.013836469875294195
extreme_late,long,6,0.8135593220338984,0.8813559322033898,3267,-0.034746975929622545,0.01175736840682668,0.27150290786654424,1285,0.008496663046649349
since_lo96,long,0,-inf,6.0,3064,-0.03480521491596852,0.011699129420480708,0.222911227154047,1316,-0.17170296911624258
to_lo24,long,0,-inf,0.8279010468933209,3504,-0.03490181406875299,0.011602530267696233,0.2565639269406393,1737,-0.10592482968353255
hi_pos,short,6,0.559322033898305,0.6949152542372882,3270,-0.034956303591616306,0.029422096333979353,0.2706422018348624,1221,-0.003945326832020312
dq_z96,long,2,-0.8517886131366134,-0.5410727904484984,3488,-0.034982155179683866,0.01152218915676536,0.2706422018348624,1283,-0.03593186663041036
trade_intensity,long,5,0.7908538370248838,0.9184565848194588,3497,-0.03507231461467958,0.011432029721769647,0.2668001143837575,1131,-0.06319106357668296
since_lo96,long,8,89.0,94.0,2966,-0.03508365160778888,0.011420692728660344,0.28961564396493594,998,0.07630449959982682
tbi,short,8,0.029890186756446946,0.04729801190540806,3506,-0.03528645283065676,0.029091947094938897,0.2692527096406161,1189,-0.040370386628037554
tbi,short,2,-0.03439799552786498,-0.02233666178297962,3506,-0.035507856563274584,0.028870543362321074,0.2732458642327439,1041,-0.04086090107543108
persist6,long,7,0.5340700121867884,0.6444933987154325,3505,-0.03557270530719385,0.010931639029255376,0.27303851640513555,1291,-0.06527555256162743
range_per_trade,short,3,4.6919988797533767e-08,5.195355999029954e-08,3506,-0.03568808855720198,0.02869031136839368,0.28579577866514544,1652,-0.07731985865128975
rpt_rank,long,4,0.3875,0.49166666666666664,3442,-0.035762075931091146,0.01074226840535808,0.27396862289366647,1351,-0.07036475571727843
up_wick,long,8,0.4665415884928174,0.5815613844482312,3506,-0.03586423977376995,0.010640104562679276,0.275812892184826,1160,-0.02318543326651314
tbi_ma96,long,4,-0.003707272151290242,-0.0023368873113277914,3487,-0.035950421798776055,0.01055392253767317,0.28448523085747063,860,0.04991781659471397
tbi_z8,long,5,-0.007860203970958502,0.28132453272173885,3505,-0.03600193389747832,0.010502410438970905,0.2744650499286733,1255,-0.12746425030286648
tbi_z24,long,6,0.26265015955318777,0.5490937905248472,3501,-0.03603188629964231,0.010472458036806916,0.27049414453013426,1351,-0.09987159605578494
hour,short,9,21.0,inf,4382,-0.03611502590930352,0.028263374016292135,0.2649475125513464,1610,-0.0039193568226249175
minofday,short,9,1260.0,inf,4382,-0.03611502590930352,0.028263374016292135,0.2649475125513464,1610,-0.0039193568226249175
ats_z96,long,4,-0.3303369329364815,-0.06548056635079777,3487,-0.0364211441000375,0.010083200236411724,0.27358761112704333,1312,-0.09192358136784413
to_lo480,short,1,3.675812475739141,6.18760936633252,3458,-0.03644644287489603,0.027931957050699625,0.22672064777327935,1491,-0.04546198728727233
kyle,short,1,1.991729681506299e-07,2.3482913857479292e-07,3506,-0.03649549308323215,0.02788290684236351,0.29920136908157446,2067,-0.04731963010244935
tbi_ma96,short,6,-0.000974757687641693,0.0005136500580760968,3487,-0.036556050014376104,0.027822349911219554,0.28448523085747063,1054,-0.21540972464629815
dq_cum24,long,8,0.22991283317115657,0.4084559613299067,3501,-0.03667508816325314,0.009829256173196084,0.27049414453013426,1195,0.026740225254762395
pos480,short,3,0.32990373043735005,0.429463527540155,3459,-0.0366802368209843,0.02769816310461136,0.25701069673315985,1805,0.1295315875171353
dq,short,8,0.05987438345504717,0.09473102554263181,3506,-0.03675773628967573,0.02762066363591993,0.26868225898459785,1191,-0.035683090952380474
tbi_z24,long,0,-inf,-1.2988414991557424,3502,-0.03692266776025375,0.009581676576195478,0.2724157624214734,1267,-0.09278520299128107
lo_pos,long,6,0.5423728813559322,0.6949152542372882,3866,-0.03694771657633244,0.009556627760116787,0.2747025349198138,1445,-0.07861369857757995
to_hi480,short,0,-inf,2.2203594036683163,3459,-0.03698354504396421,0.02739485488163145,0.26770742989303264,1054,-0.13394717453659782
accel,short,6,0.2983405786755493,0.6429644975846954,3504,-0.037191934854332614,0.027186465071263044,0.2771118721461187,1266,-0.01510252975065198
ats_z96,long,8,0.9039173240775064,1.4148080372914882,3487,-0.03725364909844028,0.009250695238008949,0.2678520217952395,1168,-0.0005770704927497968
dq_z96,long,5,-0.010687749058145573,0.2534837072259642,3488,-0.03734087099706241,0.009163473339386816,0.26748853211009177,1294,-0.1438657201645194
kyle,short,2,2.3482913857479292e-07,2.6487088430739894e-07,3506,-0.03750839416802568,0.02687000575756998,0.29007415858528235,1636,0.006334975728332124
tbi_z96,long,5,-0.011059489642630798,0.25354617079639735,3488,-0.03775326040939823,0.008751083927050998,0.26748853211009177,1295,-0.14575820832728315
since_lo480,long,8,447.0,472.0,3344,-0.03786411440611819,0.008640229930331034,0.29485645933014354,1215,-0.12986645231924102
rpt_z,long,6,0.15509073441880677,0.4524652143586446,3487,-0.03789504493796517,0.008609299398484059,0.26928591912819044,1353,-0.0625476356877875
hi_pos,long,5,0.423728813559322,0.559322033898305,3476,-0.03806825489323585,0.008436089443213377,0.27330264672036825,1206,-0.01967950390052276
body_frac,short,1,-0.6435847503136632,-0.4741316371090829,3506,-0.038128367146613926,0.026250032778981733,0.28265830005704506,1333,-0.005707205986922769
absorb,long,7,0.0489328028750661,0.08648796983397748,3505,-0.03813429721628694,0.008370047120162288,0.26904422253922966,1108,-0.01494882068710862
absorb_z,long,4,-0.03141898858877637,0.04281834112683909,3383,-0.03824854047941303,0.008255803857036198,0.27549512267218446,1313,-0.10323713062743392
tbi_ma24,long,8,0.004726592384977097,0.008454144984582494,3501,-0.03830019210556385,0.008204152230885373,0.2699228791773779,1200,0.029834596172527834
persist6,short,9,0.789249180566644,inf,3506,-0.03833573628064539,0.026042663644950267,0.2652595550484883,1413,0.025972021134432425
m1_jump,short,9,0.42284760782421577,inf,3507,-0.03834508368910519,0.026033316236490467,0.27573424579412603,1313,-0.02570059169073938
since_lo24,long,7,20.0,22.0,2928,-0.03839232123922695,0.008112023097222275,0.287568306010929,1024,-0.03224345496711853
close_loc,long,4,0.4152617079889751,0.5125881168177059,3506,-0.0384057261182383,0.008098618218210923,0.2726754135767256,1164,-0.11779849344283831
minofday,long,0,-inf,120.0,2922,-0.03846714088196453,0.008037203454484693,0.2662559890485969,1074,-0.023046903120711143
hour,long,0,-inf,2.0,2922,-0.03846714088196453,0.008037203454484693,0.2662559890485969,1074,-0.023046903120711143
vol_per_trade_z,long,9,1.3949979610238852,inf,3488,-0.03854061564689678,0.007963728689552446,0.2686353211009174,1299,-0.029468975466665742
wick_skew,long,1,-0.44536613272310566,-0.2899968056613423,3506,-0.03856895047789699,0.007935393858552235,0.2695379349686252,1269,-0.032823899972984856
dq_z96,long,6,0.2534837072259642,0.5365505539438148,3487,-0.0385940971994876,0.007910247136961625,0.2655577860625179,1383,-0.04185881508896799
hour,long,6,14.0,16.0,2922,-0.03863808075094682,0.007866263585502409,0.2679671457905544,1074,-0.06873629116650572
minofday,long,6,840.0,960.0,2922,-0.03863808075094682,0.007866263585502409,0.2679671457905544,1074,-0.06873629116650572
since_lo24,short,7,20.0,22.0,2928,-0.038657502844377696,0.025720897081217962,0.27459016393442626,1024,-0.08790537961692713
flow_eff,long,8,0.25917242161543963,0.4775208277386536,3506,-0.038700236395889674,0.0078041079405595515,0.24073017683970335,671,-0.02193763424401032
absorb,long,9,0.17190236570352393,inf,3505,-0.03870831707844046,0.007796027258008764,0.2855920114122682,1802,0.002800794187170383
minofday,short,0,-inf,120.0,2922,-0.03870832337530922,0.02567007655028644,0.2679671457905544,1074,-0.005710599936184844
hour,short,0,-inf,2.0,2922,-0.03870832337530922,0.02567007655028644,0.2679671457905544,1074,-0.005710599936184844
m1_jump,short,3,0.17424868440872565,0.19401160699966918,3506,-0.03876079688467236,0.025617603040923295,0.2738163148887621,1211,-0.01975157806505644
pos96,short,0,-inf,0.15527109670994352,3497,-0.038843724012181585,0.025534675913414073,0.27623677437803834,1517,-0.06614084299006316
m1_jump,long,2,0.15479827590257952,0.17424839016491817,3506,-0.038906475246740645,0.007597869089708581,0.26868225898459785,1185,-0.06397405019769552
body_frac,short,7,0.33964683065151335,0.49075517371612065,3506,-0.0392971384095254,0.025081261516070257,0.26811180832857956,1247,-0.12457773083989732
dq_cum24,short,6,-0.0070916222346102285,0.1003998958677123,3501,-0.039380377955096434,0.024998021970499225,0.2810625535561268,1013,-0.08316085213007846
rv_vs_range,long,4,0.6225069238110728,0.6645732688537787,3506,-0.03961196853535142,0.006892375801097805,0.27096406160867087,1210,-0.09052838450227987
updn_ratio,short,0,-inf,0.42105263157894735,3506,-0.039619800776851455,0.024758599148744204,0.2792355961209355,1358,0.019260955545221316
tbi,short,1,-0.051623816506091734,-0.03439799552786498,3506,-0.03965002035299978,0.024728379572595875,0.28265830005704506,1303,-0.08151256460484321
avg_trade_usd,long,1,2527.7066535501667,2858.1850655271405,3506,-0.0396680466772195,0.0068362976592297245,0.2769537934968625,1063,-0.0913132063233031
kyle_z,long,3,-0.6165680224379346,-0.39313144272425127,3486,-0.03973039156912,0.006773952767329228,0.2762478485370052,1130,-0.0860147915542587
close_loc,long,3,0.31931464174455076,0.4152617079889751,3505,-0.03975575510005657,0.006748589236392655,0.27018544935805994,1200,-0.08983155414134857
rv_vs_range,long,3,0.5809027941161803,0.6225069238110728,3506,-0.039794882876314525,0.006709461460134701,0.26868225898459785,1185,-0.05285339529646505
since_lo24,long,8,22.0,24.0,3921,-0.039809838125493026,0.0066945062109562,0.2790104565161948,1407,-0.02989134871017911
since_hi96,long,3,25.0,37.0,3312,-0.039813587958535256,0.00669075637791397,0.2644927536231884,1236,-0.007508434031651933
ats_z96,long,3,-0.6011731486644403,-0.3303369329364815,3487,-0.0398405475902238,0.006663796746225428,0.27358761112704333,1345,-0.10376050286582032
range_rank,short,9,0.9020833333333333,inf,3462,-0.03991136269178233,0.024467037233813327,0.2241478913922588,1379,0.03773603328437243
rpt_z,long,8,0.8132719950659623,1.3500066138523539,3487,-0.03996959809230563,0.006534746244143595,0.2652710065959277,1278,-0.06518596862312896
persist96,long,2,0.035054428592154976,0.05424830708810233,3497,-0.04002551189787341,0.006478832438575818,0.27366313983414353,1389,-0.04439511985133614
tbi_ma96,short,1,-0.009093304069103633,-0.006637789393795786,3487,-0.04005110083887767,0.02432729908671799,0.27473472899340406,1598,0.07628721724641273
rpt_rank,long,8,0.7979166666666667,0.9020833333333333,3369,-0.040445201983821046,0.00605914235262818,0.26565746512318195,1326,-0.08826430346338847
kyle,short,4,2.943565072035226e-07,3.25442502531512e-07,3506,-0.040472695324948335,0.023905704600647323,0.27067883628066175,1139,-0.03476833380912777
dn_wick,long,4,0.2097271648873107,0.2663719572671375,3506,-0.04057385984707898,0.0059304844893702455,0.2669709070165431,1260,-0.061489869551126376
rpt_z,long,2,-0.8709058817091172,-0.5952710062233381,3488,-0.04057665347119257,0.005927690865256657,0.2686353211009174,1301,-0.09694973282981376
updn_ratio,long,8,0.55,0.576271186440678,4147,-0.04086476002785852,0.005639584308590705,0.2618760549795033,1599,-0.15336641062551673
m1_jump,long,1,0.13225873988134731,0.15479827590257952,3506,-0.04086992176759683,0.005634422568852396,0.26782658300057044,1238,-0.0637472494619192
disp6,long,3,-0.5806738945073575,-0.25478483289906223,3505,-0.04096825230201129,0.005536092034437938,0.2744650499286733,1199,-0.03454364878561187
extreme_late,long,0,-inf,0.2542372881355932,3484,-0.04103367395080112,0.005470670385648108,0.2703788748564868,1168,-0.05346638489134836
tbi_ma24,short,6,-0.00020785705757065233,0.002035007690454764,3501,-0.04105115853209933,0.02332724139349633,0.2804912882033705,1022,-0.062233654066118756
efficiency,long,3,0.05902980227736307,0.07930096667675267,3505,-0.04107872645882808,0.005425617877621143,0.2670470756062768,1239,-0.0026724682029459815
body_frac,long,0,-inf,-0.6435852372583428,3506,-0.04109541735501592,0.005408926981433304,0.26782658300057044,1558,-0.060311804605883965
dq,short,1,-0.10317748476277525,-0.06866242823815953,3506,-0.04117307556353718,0.02320532436205848,0.28237307472903594,1312,-0.07660013840045746
tbi_ma8,long,6,0.0009903401612983173,0.004512119316495432,3505,-0.04131096676173134,0.005193377574717883,0.2738944365192582,981,-0.002906541045628733
flow_eff,short,5,0.07381100159436023,0.11177387854686544,3507,-0.04133041636797616,0.0230479835576195,0.27003136583974907,1206,0.00976880937554295
flow_div,long,2,1.0,inf,6909,-0.04148714921326879,0.005017195123180433,0.27124041105804025,3039,-0.06587761492830364
body_frac,long,5,0.014493092405153733,0.1857493857494002,3507,-0.041717469232816724,0.004786875103632501,0.27174222982606216,1164,-0.07464454358959664
m1_jump,long,4,0.19400983392662377,0.21535354631773945,3506,-0.04178649156563642,0.004717852770812804,0.27296063890473476,1285,-0.06297109964445936
absorb,short,5,-0.009576255467332748,0.022302157223239607,3505,-0.04180516282578205,0.02257323709981361,0.2621968616262482,1129,-0.02265949360391311
gap,long,3,0.0,0.0001556734320804442,18924,-0.041841759168253945,0.004662585168195281,0.26923483407313464,7524,-0.07812616055847531
to_hi24,short,9,4.732445339217638,inf,3504,-0.04200267904608103,0.02237572087951463,0.2568493150684932,1609,0.11312512784415812
absorb_z,long,0,-inf,-0.42680714407120773,3384,-0.04209962686276497,0.004404717473684254,0.2706855791962175,1244,-0.07232856758787173
trade_intensity,short,8,1.370636392867972,1.8883524883303395,3497,-0.042174315748270665,0.022204084177324994,0.25850729196454103,1223,0.009471961244495005
pos96,long,6,0.6329622439785406,0.7289661531747977,3497,-0.04222032499101435,0.004284019345434875,0.28338575922219045,1259,-0.3093177735514196
rpt_rank,short,5,0.49166666666666664,0.59375,3402,-0.04223760376070921,0.02214079616488645,0.27454438565549677,1291,-0.06842582994506234
rpt_z,short,2,-0.8708958154607799,-0.595252181332415,3487,-0.042318751572050506,0.022059648353545153,0.27530828792658446,1301,0.03062678161517685
pos480,long,9,0.9121278446261167,inf,3459,-0.04239359516454423,0.004110749171904994,0.2902572997976294,1014,-0.09110114344738039
rpt_z,long,1,-1.22846176363519,-0.8709058817091172,3487,-0.04248985157903293,0.004014492757416298,0.27358761112704333,1357,-0.11650851727760272
up_wick,long,1,0.04539987973541374,0.09829311359623652,3506,-0.04256578576516661,0.003938558571282613,0.2675413576725613,1372,-0.08042755965054056
m1_jump,short,7,0.2754574255598551,0.3260016648798167,3506,-0.0429310390952737,0.021447360830321956,0.28066172276098117,1367,-0.04695983728042588
since_lo96,short,8,89.0,94.0,2966,-0.04304161754650788,0.02133678237908778,0.2926500337154417,998,-0.05609702657054244
since_lo24,short,0,-inf,2.0,2568,-0.04304291606782688,0.021335483857768782,0.279595015576324,1116,0.05667848647333753
rv_vs_range,short,7,0.757717197664177,0.8179997524686784,3506,-0.043078207596955964,0.021300192328639694,0.2775242441528808,1331,0.02874900787424672
tbi_ma8,long,4,-0.005504976811112342,-0.002293081235609909,3504,-0.04309227890323623,0.003412065433212999,0.2625570776255708,929,-0.09093862788626955
rpt_z,long,3,-0.5952710062233381,-0.34747293654317685,3486,-0.04313084739532995,0.0033734969411192764,0.27251864601262193,1275,-0.13043831373756146
since_hi24,long,2,4.0,7.0,3824,-0.04314890785729388,0.0033554364791553437,0.26752092050209203,1362,-0.027572926859554144
body_frac,long,2,-0.47413441955194074,-0.31939605110336,3507,-0.04333033883348481,0.0031740055029644137,0.2711719418306245,1207,-0.05777649261923914
tbi_ma96,short,0,-inf,-0.009093304069103633,3488,-0.04339477840681435,0.02098362151878131,0.2666284403669725,2120,0.2185679264931791
extreme_late,short,0,-inf,0.2542372881355932,3484,-0.043442553829052565,0.020935846096543094,0.27870264064293915,1168,-0.021104768827114765
tbi_z96,long,6,0.25354617079639735,0.5366848888291098,3487,-0.0435298608716986,0.002974483464750627,0.26383710926297677,1388,-0.03903214185090137
since_hi96,long,5,51.0,64.0,3386,-0.04355243239788466,0.002951911938564568,0.27170702894270526,1130,0.005579588621360386
is_weekend,short,0,-inf,1.0,25031,-0.04356655940513041,0.020811840520465245,0.2572410211337941,9192,0.009494159730157034
to_hi480,short,4,7.824484244857407,10.436381472271139,3458,-0.04360974440648638,0.02076865551910928,0.2724117987275882,1539,0.1013806017974481
since_hi24,short,4,10.0,14.0,4235,-0.043615482792604174,0.020762917132991485,0.27863046044864226,1504,-0.042791562599612365
tbi_z24,long,9,1.306960385405092,inf,3502,-0.04380487135212746,0.0026994729843217644,0.2707024557395774,1276,-0.03285038146377104
rpt_z,short,1,-1.2284612009024594,-0.8708958154607799,3487,-0.043848075542069744,0.020530324383525915,0.27186693432750214,1357,0.007274786953605651
persist24,long,5,0.18077290298421997,0.22692751504060046,3504,-0.04384874990997276,0.0026555944264764625,0.2728310502283105,1313,-0.11436268919613021
persist6,short,1,0.0651544551003951,0.13242658228662252,3506,-0.04396260684215286,0.020415793083442796,0.2749572162007986,1238,-0.09882236607785619
persist6,long,4,0.2744378587187556,0.3508005873696504,3506,-0.044054588014990154,0.002449756321459072,0.2746719908727895,1202,-0.11829423972762786
m1_jump,long,8,0.325989435909179,0.4227707735201863,3506,-0.04414549024110072,0.0023588540953485074,0.2715345122646891,1471,-0.07294835548852037
tbi_z96,long,4,-0.270333339013759,-0.011059489642630798,3487,-0.04416080889654768,0.0023435354399015465,0.26699168339546886,1372,-0.06345070915595447
since_lo24,long,3,8.0,11.0,3185,-0.044186761155240464,0.0023175831812087613,0.26593406593406593,1151,-0.10008211395136675
efficiency,short,5,0.10096937078673598,0.12520428512774626,3506,-0.044189964672741694,0.020188435252853965,0.27239018824871647,1240,-0.034595811304428084
flow_eff,long,1,-0.10032982121998738,0.0010062007477464336,3506,-0.04424831123599634,0.0022560331004528866,0.2895037079292641,1933,-0.04999425035974089
flow_eff,short,0,-inf,-0.10032403695945369,3506,-0.04429338895298281,0.02008501097261285,0.26411865373645177,1168,0.020902089897661347
kyle_z,long,5,-0.1758147995954534,0.06543155902649635,3488,-0.04430793865393251,0.0021964056825167153,0.2640481651376147,1219,-0.08269120097332659
flow_eff,long,3,0.023482252281994003,0.0455610238719842,3506,-0.044347102066582544,0.0021572422698666813,0.29691956645750145,1863,-0.04053966850667812
absorb,long,2,-0.11164010826817643,-0.06471074961670592,3505,-0.044367875014877434,0.002136469321571792,0.2744650499286733,1215,-0.10709910115842736
ats_rank480,short,2,0.1875,0.29583333333333334,3419,-0.04445514267975144,0.01992325724584422,0.2714243930973969,1391,-0.044447594904018534
extreme_late,long,5,0.7288135593220338,0.8135593220338984,3652,-0.04496048717093961,0.0015438571655096156,0.27026286966046004,1354,-0.0830196566583163
rv_vs_range,short,9,0.9109757254514909,inf,3507,-0.04501975493495302,0.01935864499064264,0.28457370972341034,1717,0.000540473945125538
sess_eu,long,0,-inf,1.0,23374,-0.045039683783760213,0.0014646605526890122,0.26443912039017714,8591,-0.06290481829473836
ats_z96,long,6,0.22220750027217845,0.5292917104782886,3487,-0.04508249072973137,0.0014218536067178572,0.2707198164611414,1292,-0.06712103297018449
wick_skew,long,5,-0.009940357852882886,0.06884422110558616,3507,-0.04520890663216512,0.0012954377042841067,0.2648987738808098,1310,-0.07960892206557603
m1_jump,long,5,0.21535354631773945,0.24120127123857388,3506,-0.04529330854447341,0.0012110357919758175,0.27239018824871647,1358,-0.04894262264942272
dq_z96,long,4,-0.2698601434202873,-0.010687749058145573,3487,-0.045299902606123134,0.0012044417303260918,0.2667049039288787,1373,-0.06242634702845628
since_hi24,long,7,20.0,22.0,2801,-0.04532638279387724,0.0011779615425719855,0.26811852909675116,1024,-0.102035637141494
gap,long,2,-0.00014004175636436611,0.0,2112,-0.045327121614621636,0.0011772227218275894,0.2362689393939394,718,-0.18960677682234794
tbi_z8,long,1,-1.3254492558725812,-0.9271053566882053,3505,-0.045375345780108316,0.00112899855634091,0.26733238231098433,1206,-0.12323479455714396
up_wick,long,3,0.1469966797464466,0.1972376268703574,3505,-0.04552593354097328,0.000978410795475948,0.26961483594864477,1259,-0.015820075133421894
range_rank,short,1,0.08541666666666667,0.17916666666666667,3381,-0.04563280227740498,0.018745597648190677,0.3034605146406389,1199,-0.03644742497234486
pos480,short,9,0.9121278148919435,inf,3459,-0.04567431098933823,0.018704088936257426,0.2792714657415438,1014,-0.2378822826167612
sess_us,long,0,-inf,1.0,23375,-0.04577842341265876,0.0007259209237904657,0.2716149732620321,8591,-0.06765296126742179
hour,long,3,7.0,9.0,2922,-0.04580164556492412,0.0007026987715251024,0.2778918548939083,1074,-0.09210973667210878
minofday,long,3,420.0,540.0,2922,-0.04580164556492412,0.0007026987715251024,0.2778918548939083,1074,-0.09210973667210878
since_hi24,long,1,2.0,4.0,3182,-0.04580167535571819,0.0007026689807310346,0.26964173475801384,1182,-0.054559544850243356
close_loc,long,7,0.7054320087495368,0.7953216374269267,3506,-0.045873278700862004,0.0006310656355872218,0.268967484312607,1230,-0.08928445798479602
vol_per_trade_z,long,4,-0.3317709399466816,-0.05995950080876096,3487,-0.0458867255891097,0.0006176187473395239,0.27645540579294525,1385,-0.09673426828664738
absorb_z,long,1,-0.42680714407120773,-0.19088175487767226,3383,-0.04594163219543585,0.0005627121410133745,0.2601241501625776,1146,-0.07713713791883389
since_hi24,long,5,14.0,17.0,3291,-0.04599905579946027,0.0005052885369889529,0.2731692494682467,1144,-0.04441056213981128
tbi_ma24,short,3,-0.006666966607115332,-0.004387108533226873,3501,-0.04600751394658725,0.018370885979008406,0.27792059411596687,1027,0.035211948724592324
since_lo96,short,9,94.0,inf,4234,-0.046083131047842785,0.018295268877752874,0.2843646669815777,1493,-0.004416870927829039
up_wick,long,4,0.1972376268703574,0.2519004837595062,3506,-0.04619058770302863,0.00031375663342059906,0.26982316029663433,1221,-0.09172851369667381
rpt_z,long,5,-0.10237005909744666,0.15509073441880677,3488,-0.046231692648578224,0.00027265168787100197,0.268348623853211,1212,0.022908996006221597
vol_per_trade_z,long,7,0.5285148425133294,0.8872968344108488,3486,-0.04625623719387956,0.00024810714256966876,0.26706827309236947,1201,-0.06146667834659233
trade_intensity,short,3,0.597090845890891,0.6868697777703178,3496,-0.04630757014308025,0.01807082978251541,0.27145308924485123,1077,-0.035476043319466855
efficiency,long,4,0.07930096667675267,0.10096911031285548,3506,-0.046348395542035715,0.00015594879441351017,0.2738163148887621,1282,-0.08282146947792675
since_hi96,short,9,94.0,inf,3580,-0.04636361611211553,0.01801478381348013,0.285195530726257,1574,-0.04311068987850958
range_rank,long,4,0.38125,0.4875,3423,-0.04646423722643456,4.0107110014668546e-05,0.27490505404615834,1264,-0.09973064109497055
kyle_z,long,4,-0.39313144272425127,-0.1758147995954534,3487,-0.04648148169549287,2.286264095635593e-05,0.27215371379409237,1158,-0.10135360039262564
updn_ratio,long,7,0.5333333333333333,0.55,3327,-0.04666159876058575,-0.00015725442413652702,0.26840997896002405,1198,0.0027943390251269026
dq,short,4,-0.024314278997409094,-0.004853324062368757,3506,-0.04671397290824166,0.017664427017353997,0.2669709070165431,994,0.05641555481696189
minofday,long,8,1140.0,1260.0,2922,-0.0467316757080419,-0.00022733137159267752,0.25770020533880905,1074,-0.07325754295106753
hour,long,8,19.0,21.0,2922,-0.0467316757080419,-0.00022733137159267752,0.25770020533880905,1074,-0.07325754295106753
tbi_z24,long,7,0.5490937905248472,0.8775180833994469,3502,-0.046809889522762355,-0.00030554518631312894,0.268703597944032,1301,0.007667496065597028
tbi_ma8,short,5,-0.0022926622538515587,0.0009910853978296562,3505,-0.04692883407514954,0.017449565850446117,0.2716119828815977,992,0.031093201038944855
ats_z96,long,7,0.5292917104782886,0.9039173240775064,3486,-0.04695538698504864,-0.00045104264859941595,0.2687894434882387,1226,-0.07113340268976658
tbi,short,4,-0.012210203167833833,-0.0025153321105517157,3506,-0.04698109095960368,0.01739730896599198,0.26668568168853396,988,0.060109348663276184
disp24,long,1,-3.55808032961957,-2.2409624587654697,3504,-0.04702373196321101,-0.0005193876267617845,0.2511415525114155,1379,-0.13289692798314498
up_wick,short,3,0.14700834775926805,0.19722004671393262,3506,-0.04705163381961028,0.01732676610598538,0.27010838562464345,1259,-0.09723035129478937
flow_eff,long,7,0.1672784563183325,0.25917242161543963,3506,-0.04709092699466087,-0.0005865826582116471,0.2549914432401597,783,-0.07556707639484954
kyle_z,short,0,-inf,-1.170777862100188,3488,-0.047104154472458665,0.017274245453136994,0.2944380733944954,1483,0.02114968255829648
to_lo480,long,6,15.313381848941747,17.992588238198255,3458,-0.04710734384490062,-0.000602999508451392,0.2825332562174667,1261,-0.16767807850919644
to_hi480,long,6,13.058922366178654,15.763670945209713,3458,-0.04719510199491465,-0.0006907576584654213,0.264893001735107,1300,-0.2673386970683501
range_z,long,5,-0.2798812798678231,-0.08802041275468918,3488,-0.04727362854992346,-0.0007692842134742334,0.2586009174311927,1218,-0.1222998189137996
range_rank,long,5,0.4875,0.5916666666666667,3413,-0.04740339631173708,-0.0008990519752878554,0.2636976267213595,1243,-0.08311364306491338
since_hi24,short,2,4.0,7.0,3824,-0.0474551587841823,0.01692324114141336,0.2680439330543933,1362,-0.1240872631938873
rv_vs_range,long,9,0.9109829742167322,inf,3507,-0.04761807835159331,-0.0011137340151440855,0.2797262617621899,1717,-0.0616694168768607
kyle,long,3,2.648700669950417e-07,2.9435240604978074e-07,3506,-0.04764678589554769,-0.001142441559098463,0.28436965202509984,1354,-0.18004935071005684
tbi_ma96,long,7,0.0005141340842066832,0.0023282091959895544,3486,-0.04773687526837198,-0.0012325309319227568,0.24899598393574296,1251,0.08809261833763303
tbi_ma96,short,5,-0.00233669818470239,-0.000974757687641693,3487,-0.047933126189533264,0.016445273736062395,0.27645540579294525,987,-0.054025071020577554
sess_us,long,1,1.0,inf,11687,-0.04795624829756856,-0.0014519039611193343,0.26328399075896297,4296,-0.058082506442597916
flow_div,long,0,-inf,-0.0,28140,-0.04805707684774156,-0.001552732511292336,0.26812366737739873,9847,-0.06392515614492134
dq_z96,short,3,-0.5410582047562784,-0.26985816355629316,3487,-0.04811383042748219,0.016264569498113467,0.27158015486091197,1217,-0.033701693558487525
disp6,long,1,-1.6834686887506312,-0.9936418995978794,3505,-0.048166411808924066,-0.0016620674724748402,0.2593437945791726,1369,-0.11818035836215496
updn_ratio,long,6,0.5166666666666667,0.5333333333333333,3680,-0.048175044534109326,-0.0016707001976601007,0.2717391304347826,1330,-0.13511529415306808
ats_z96,long,5,-0.06548056635079777,0.22220750027217845,3488,-0.04821399279315719,-0.0017096484567079642,0.2680619266055046,1339,-0.00028215840856471534
avg_trade_usd,long,2,2858.1850655271405,3164.696792138781,3506,-0.04823455086575342,-0.0017302065293041957,0.27837992013690815,1053,-0.15033373268806466
lo_pos,short,1,0.01694915254237288,0.06779661016949153,3339,-0.04825865806160077,0.01611974186399489,0.26504941599281223,1110,0.07996067611693647
persist6,short,3,0.2012849409521663,0.27447367411709256,3506,-0.04828975507151927,0.016088644854076385,0.2695379349686252,1286,-0.0066985280126441995
wick_skew,short,5,-0.009940357852846693,0.06884772729698488,3506,-0.04832273956104034,0.016055660364555316,0.27239018824871647,1310,-0.008517263817078534
tbi_ma24,short,8,0.004728747398987897,0.008454073167504957,3502,-0.04835000580969585,0.016028394115899812,0.26270702455739575,1200,-0.12881852479183248
dq,long,5,-0.00485566309295411,0.014656204236725302,3507,-0.04838136184275683,-0.0018770175063076017,0.2623324779013402,922,-0.12403012597927716
lo_pos,short,3,0.15254237288135594,0.2711864406779661,3669,-0.04847878392831003,0.015899615997285628,0.26928318342872715,1237,-0.031618457407107316
trade_intensity,short,9,1.8883524883303395,inf,3497,-0.048522279154586345,0.015856120771009313,0.2476408350014298,1531,0.012375820086170048
ats_rank480,short,3,0.29583333333333334,0.40208333333333335,3420,-0.048526316329861235,0.015852083595734423,0.2695906432748538,1290,0.018577902544588618
updn_ratio,short,4,0.48333333333333334,0.5,3548,-0.04854858780766398,0.015829812117931677,0.27452085682074406,1137,-0.06920130987425538
persist24,short,7,0.28151078636751625,0.35040830469957307,3504,-0.04855316163041671,0.01582523829517895,0.2614155251141553,1349,-0.11111171793235575
range_z,short,5,-0.2798669670114621,-0.08799503119421674,3487,-0.048564378018960894,0.015814021906634765,0.26813880126182965,1218,-0.05481297896318234
extreme_late,long,7,0.8813559322033898,0.9491525423728814,3975,-0.04867444961077918,-0.002170105274329953,0.2679245283018868,1626,-0.07489738734405353
pos480,short,0,-inf,0.15716066481994462,3459,-0.04871177856897622,0.01566662135661944,0.2804278693263949,1385,0.14137008617226443
accel,short,3,-0.6570460379436752,-0.31924548929860935,3504,-0.04873740269809718,0.015640997227498475,0.2753995433789954,1230,-0.04870980482419375
range_per_trade,long,9,9.80293835338688e-08,inf,3507,-0.04897222239169541,-0.0024678780552461824,0.2557741659538067,45,0.10190989646206026
hi_pos,long,2,0.06779661016949153,0.15254237288135594,3300,-0.0490232518145087,-0.0025189074780594747,0.27,1239,-0.08610942403634432
range_rank,long,1,0.08541666666666667,0.17916666666666667,3381,-0.049031299355991674,-0.0025269550195424484,0.30819284235433303,1199,-0.05268701048111798
since_hi96,short,8,87.0,94.0,3439,-0.04905586244743909,0.015322537478156567,0.2855481244547834,1345,-0.010845356263231121
updn_ratio,long,4,0.48333333333333334,0.5,3548,-0.04937790621745936,-0.0028735618810101365,0.26719278466741825,1137,0.005598847439656175
absorb,short,4,-0.0359762714381342,-0.009576255467332748,3505,-0.0493937030946738,0.014984696830921858,0.2664764621968616,1059,0.014569124106129622
sess_eu,long,1,1.0,inf,11688,-0.049433414815449286,-0.0029290704790000607,0.27763518138261467,4296,-0.06757768714053167
flow_eff,short,4,0.04556119899445252,0.07381100159436023,3506,-0.04959811009216974,0.01478028983342592,0.2832287507130633,1493,0.016300861321438945
flow_eff,short,8,0.25919135954986666,0.4775484580134577,3506,-0.04960579643962664,0.014772603485969017,0.2512835139760411,671,0.008501842896221513
tbi_ma96,long,3,-0.005085127905127325,-0.003707272151290242,3486,-0.04961617902422124,-0.0031118346877720138,0.2710843373493976,909,-0.05763260747700453
tbi_z96,short,3,-0.5410049177619196,-0.2702588390595806,3487,-0.04966638057465709,0.01471201935093857,0.2707198164611414,1217,-0.031944204973156434
range_per_trade,short,8,8.003646874012513e-08,9.802838207292005e-08,3506,-0.0496703975515851,0.014708002374010556,0.2726754135767256,326,-0.004275410239310489
ats_rank480,short,6,0.6166666666666667,0.7208333333333333,3400,-0.04973222610148411,0.014646173824111548,0.26941176470588235,1249,0.05213579274941737
dq,short,3,-0.04458238833311794,-0.024314278997409094,3506,-0.04973911722540561,0.014639282700190048,0.27210496292070735,950,0.009116118397229334
gap,short,4,0.0001556682272387916,0.0005443896774460418,3506,-0.04974883880294302,0.014629561122652637,0.26212207644038793,2199,-0.10997751741896918
to_lo96,short,3,3.385109449380178,4.369705168702435,3496,-0.04982902025136762,0.014549379674228036,0.2574370709382151,1366,0.04779319957973605
extreme_late,short,6,0.8135593220338984,0.8813559322033898,3267,-0.049881325145125256,0.014497074780470402,0.2681359044995409,1285,-0.04933406326651182
to_lo96,long,4,4.369702157390544,5.3512628736507395,3496,-0.04995377398237855,-0.0034494296459293278,0.27431350114416475,1312,0.03298149145369603
to_hi24,long,2,1.069518951221863,1.4065464428457448,3504,-0.04999127084612108,-0.0034869265096718546,0.2813926940639269,1250,-0.023653655353410224
hi_pos,long,8,0.8305084745762712,0.9491525423728814,3535,-0.05000617305622479,-0.003501828719775564,0.27072135785007073,1448,-0.026393247730565304
vol_of_vol,long,6,-0.09352258062790189,0.18136324871396944,3456,-0.05001789802068903,-0.0035135536842398063,0.25752314814814814,1207,0.03747309906422065
range_per_trade,short,5,5.7000821490801774e-08,6.279389418209647e-08,3506,-0.050163461917082354,0.014214938008513305,0.27010838562464345,1167,-0.09127795340893499
since_lo24,short,1,2.0,5.0,4164,-0.05022545821265122,0.014152941712944442,0.26849183477425553,1605,0.03021618074778494
gap,long,0,-inf,-0.0005256548502694155,3506,-0.05027599070203716,-0.0037716463655879315,0.2855105533371363,93,-0.010138176690666984
wick_skew,short,1,-0.4453626676632226,-0.2899954079593677,3506,-0.050304838690488796,0.014073561235106863,0.2755276668568169,1269,0.008715921457787426
persist96,long,1,0.017161429462395145,0.035054428592154976,3496,-0.05031432262737772,-0.003809978290928495,0.26973684210526316,1498,-0.11678900394700159
kyle,long,6,3.6049391234113714e-07,4.054384652633892e-07,3507,-0.05057024776306896,-0.004065903426619735,0.25748502994011974,844,-0.08002927392197978
since_lo96,long,2,17.0,29.0,3307,-0.0507322151360658,-0.004227870799616576,0.25037798609011186,1259,-0.13282204147367344
tbi,long,6,0.007259800232072081,0.017651171144261995,3506,-0.0508121451073974,-0.004307800770948174,0.2586993725042784,968,-0.08185315965820342
lo_pos,long,3,0.15254237288135594,0.2711864406779661,3669,-0.050851975081657674,-0.004347630745208449,0.2613791223766694,1237,-0.025840278179567876
tbi_z8,short,2,-0.9270672192285535,-0.5977833660162256,3505,-0.050852283110004504,0.013526116815591155,0.2693295292439372,1305,0.028545337705968492
pos96,short,8,0.8091475781834429,0.8846847608338496,3497,-0.05087072541035803,0.013507674515237628,0.26794395195882187,1158,-0.06757379095831334
rpt_z,short,7,0.45251471634482165,0.8133247665916072,3487,-0.05087381159504433,0.013504588330551327,0.27301405219386293,1246,-0.0779808878672707
tbi,short,3,-0.02233666178297962,-0.012210203167833833,3506,-0.05090208928170893,0.013476310643886727,0.27181973759269823,953,0.009182110328323787
dq_cum24,short,3,-0.31672405503427936,-0.20780590208899527,3501,-0.05093019095990928,0.013448208965686381,0.2759211653813196,1029,0.037110726254385724
tbi_z8,long,9,1.3378288122563935,inf,3505,-0.051051125642899535,-0.004546781306450309,0.26733238231098433,1341,-0.08109480201066899
extreme_late,short,2,0.3898305084745763,0.5254237288135594,3350,-0.051129275232513996,0.013249124693081663,0.2683582089552239,1166,-0.08439574731554993
range_z,short,3,-0.5883271180640512,-0.4379690152447145,3487,-0.05115188728207317,0.013226512643522488,0.276168626326355,1141,-0.07892576860052286
range_per_trade,short,9,9.802838207292005e-08,inf,3507,-0.051179284430740164,0.013199115494855494,0.2606216139150271,45,-0.3387010997296016
hi_pos,short,5,0.423728813559322,0.559322033898305,3476,-0.05119809587163688,0.013180304053958779,0.27416570771001153,1206,-0.011686266883945792
tbi_z24,long,4,-0.2794390153055626,-0.00869790003525453,3501,-0.05122695897011621,-0.004722614633666987,0.2707797772065124,1327,-0.07083748564617262
absorb,long,5,-0.009579554283073196,0.02230652067807547,3505,-0.05135630060972095,-0.004851956273271722,0.2601997146932953,1130,-0.11449958657103464
efficiency,short,2,0.03977522566686053,0.059032146672817865,3506,-0.05141758657865203,0.012960813346943628,0.26982316029663433,1153,-0.02489120300840823
extreme_late,long,4,0.6271186440677966,0.7288135593220338,3426,-0.05145589080450898,-0.004951546468059752,0.2673671920607122,1315,-0.08453097584906182
absorb,long,0,-inf,-0.22605930052488984,3505,-0.051503231047282876,-0.00499888671083365,0.27931526390870187,1740,-0.05107213079162396
range_rank,long,7,0.6958333333333333,0.8,3414,-0.051561814878393286,-0.0050574705419440605,0.2519039250146456,1322,-0.06868512490212998
ats_rank480,long,6,0.6166666666666667,0.7208333333333333,3400,-0.05161336414293215,-0.0051090198064829215,0.26794117647058824,1249,-0.11421988496193056
tbi,long,5,-0.002518788988780718,0.007259800232072081,3507,-0.051791535289996506,-0.00528719095354728,0.26204733390362134,926,-0.1184737595632526
hi_pos,long,3,0.15254237288135594,0.2711864406779661,3556,-0.051870914969813574,-0.005366570633364348,0.2677165354330709,1292,-0.08585523585589122
since_lo24,short,9,24.0,inf,4774,-0.05194549921459856,0.012432900710997098,0.2664432341851697,1747,-0.09096109449163
tbi_z8,short,1,-1.3254464289578085,-0.9270672192285535,3505,-0.05200904379537598,0.01236935613021968,0.27360912981455066,1206,-0.07486180376686824
dq_z96,short,2,-0.8517714676951627,-0.5410582047562784,3487,-0.05220677567902304,0.012171624246572615,0.27358761112704333,1283,-0.04931310240673178
dq,long,6,0.014656204236725302,0.0354185609059637,3505,-0.052372356476761334,-0.005868012140312108,0.25848787446504995,968,-0.07781484142059096
since_lo24,long,2,5.0,8.0,3459,-0.052398924922029806,-0.0058945805855805805,0.25585429314830876,1223,-0.1088918042172766
since_lo24,short,8,22.0,24.0,3921,-0.0524436982828305,0.01193470164276516,0.27161438408569244,1407,-0.03446235339853671
dq_cum24,short,8,0.22996295171233816,0.4084499615395578,3502,-0.052461598441585544,0.011916801484010114,0.2609937178754997,1195,-0.13353290340938356
hour,long,5,11.0,14.0,4383,-0.05264487325060783,-0.006140528914158602,0.27971708875199636,1611,-0.05154280987777223
minofday,long,5,660.0,840.0,4383,-0.05264487325060783,-0.006140528914158602,0.27971708875199636,1611,-0.05154280987777223
dq_z96,short,7,0.5365943278559496,0.8563002867541543,3487,-0.05266766394537269,0.011710735980222965,0.26813880126182965,1241,-0.06966026390484713
up_wick,long,7,0.38185369713303974,0.4665415884928174,3505,-0.052680257088421126,-0.0061759127519719,0.2704707560627675,1228,-0.08013165967991463
hour,long,7,16.0,19.0,4382,-0.05273829070437901,-0.006233946367929781,0.2594705613874943,1611,-0.0453608117488974
minofday,long,7,960.0,1140.0,4382,-0.05273829070437901,-0.006233946367929781,0.2594705613874943,1611,-0.0453608117488974
wick_skew,short,3,-0.1809995587813244,-0.09271729796812317,3506,-0.05274228183309213,0.011636118092503527,0.26611523103251566,1260,-0.020118081835309734
dq_cum24,long,0,-inf,-0.6181912306301451,3502,-0.05275027809923104,-0.006245933762781812,0.2727013135351228,2209,-0.20474987453644575
sess_asia,long,0,-inf,1.0,23374,-0.052761321789068956,-0.00625697745261973,0.266278771284333,8591,-0.06061582302596131
accel,short,4,-0.31924548929860935,-0.013040791450973144,3503,-0.05287430053499041,0.011504099390605246,0.2751926919783043,1180,-0.019346390411680323
tbi_z96,short,7,0.5367000555695606,0.8560846330435818,3487,-0.05303609181365168,0.011342308111943977,0.26756524232864926,1235,-0.06604575308244715
rpt_z,long,7,0.4524652143586446,0.8132719950659623,3486,-0.053186588174646506,-0.00668224383819728,0.2682157200229489,1246,-0.027929795879475555
dq_z96,long,3,-0.5410727904484984,-0.2698601434202873,3486,-0.053224426436341975,-0.006720082099892749,0.2633390705679862,1217,-0.031107209039103533
pos24,long,7,0.7015408073404368,0.7853460053125284,3504,-0.05327257319524665,-0.006768228858797423,0.2734018264840183,1331,-0.05172265594299198
dq_cum24,short,2,-0.44736538569510265,-0.31672405503427936,3502,-0.05327427197634684,0.011104127949248817,0.2661336379211879,1080,0.07481665244351865
pos24,long,3,0.34266699416718804,0.43395659185173235,3504,-0.053312020562937414,-0.006807676226488188,0.26912100456621,1106,-0.13091395381099122
wick_skew,short,0,-inf,-0.4453626676632226,3507,-0.053392368292658796,0.010986031632936863,0.2725976618192187,1256,-0.010051986057816955
tbi_ma24,long,0,-inf,-0.012937390180558906,3502,-0.053437867422123496,-0.00693352308567427,0.2724157624214734,2207,-0.2046673654302564
rv_vs_range,long,2,0.5350137671715972,0.5809027941161803,3506,-0.0535153416251847,-0.007010997288735471,0.2672561323445522,1239,-0.029291172647845518
m1_jump,short,4,0.19401160699966918,0.2153690456514209,3506,-0.053518637414804233,0.010859762510791425,0.27096406160867087,1284,-0.02947633486307533
atr_rank,long,8,0.7958333333333333,0.9125,3413,-0.05353629461062265,-0.007031950274173422,0.19191327278054499,1306,-0.1422974259906863
tbi_z96,long,3,-0.5410081846770662,-0.270333339013759,3487,-0.053568361669386465,-0.007064017332937239,0.2629767708632062,1217,-0.030219174117054083
to_hi96,short,3,2.855093452198391,3.7000761588060023,3496,-0.05379176026350185,0.010586639662093805,0.2540045766590389,1193,-0.013849590559968813
since_lo96,short,3,29.0,43.0,3548,-0.053797967829237216,0.010580432096358443,0.2669109357384442,1309,-0.13336843390964062
disp6,long,7,0.6376744102803016,1.0525839216764004,3505,-0.05384269906405784,-0.0073383547276086175,0.27731811697574893,1237,-0.1026724296078988
to_lo480,short,7,17.992218046634743,22.06864870471782,3458,-0.05389100119780179,0.010487398727793869,0.2877385772122614,1367,0.1820533526541866
atr_rank,short,2,0.15833333333333333,0.25416666666666665,3414,-0.053920149855138294,0.010458250070457364,0.30726420620972467,1320,-0.0319551232325098
to_lo24,short,8,4.102834667315451,5.192070040989451,3504,-0.053981096824260215,0.010397303101335444,0.2485730593607306,1247,-0.06056715535589887
wick_skew,short,2,-0.2899954079593677,-0.1809995587813244,3506,-0.05400554749015877,0.01037285243543689,0.26668568168853396,1302,-0.09183702901067017
atr_rank,long,3,0.25416666666666665,0.3541666666666667,3500,-0.05415042128801437,-0.007646076951565148,0.30542857142857144,1390,-0.1199583829116856
pos480,long,5,0.5297904486632068,0.6480094049741114,3459,-0.05418269146859724,-0.007678347132148017,0.2810060711188205,1080,-0.09504053361327588
kyle_z,long,6,0.06543155902649635,0.3485046057550432,3487,-0.054297081672109754,-0.007792737335660528,0.2555205047318612,1237,-0.07422809332983869
to_lo96,long,2,2.4382412433555634,3.3850475717705475,3496,-0.054302564653621516,-0.00779822031717229,0.2608695652173913,1392,-0.054632197466562886
persist6,long,1,0.06515094343819731,0.13242656199794475,3505,-0.05431277510325648,-0.007808430766807255,0.27018544935805994,1239,0.008510296582326786
to_hi24,short,2,1.0694167690734797,1.4064922951032268,3504,-0.05433443643102263,0.010043963494573031,0.2694063926940639,1250,-0.05945187168820398
extreme_late,short,1,0.2542372881355932,0.3898305084745763,3279,-0.05441290479337684,0.009965495132218817,0.27721866422689845,1152,-0.03694240991094343
since_lo24,long,4,11.0,14.0,3131,-0.0544933725921152,-0.007989028255665977,0.26732673267326734,1137,-0.0643519004937194
rpt_rank,short,2,0.1875,0.28541666666666665,3392,-0.054512341748717386,0.009866058176878273,0.2644457547169811,1291,0.015381108544621488
tbi_z96,short,2,-0.8519478302551885,-0.5410049177619196,3487,-0.05459578405195528,0.009782615873640377,0.2727272727272727,1281,-0.051473375642048035
range_per_trade,long,1,3.561150253952801e-08,4.173339531095976e-08,3506,-0.05477545910479337,-0.008271114768344141,0.26782658300057044,2208,-0.057708407123880937
disp24,short,0,-inf,-3.5580314119756964,3504,-0.054861699518200975,0.009516700407394683,0.24172374429223745,1540,0.09614077942811221
tbi_ma24,long,4,-0.004387299344425842,-0.002293794393797554,3501,-0.055174786538955634,-0.008670442202506408,0.2593544701513853,1000,-0.042385896299960056
persist24,short,3,0.10048785828070865,0.1377963948747015,3504,-0.05526444604129788,0.009113953884297782,0.2785388127853881,1272,-0.028613869539133755
absorb_z,short,1,-0.42680714407120773,-0.19088175487767226,3383,-0.05527054571998631,0.009107854205609348,0.27490393142181496,1146,-0.049872260763466784
disp6,short,2,-0.9936216079275437,-0.5806702632052078,3505,-0.055320737388114556,0.009057662537481102,0.27931526390870187,1237,0.06287196809298236
kyle,short,3,2.6487088430739894e-07,2.943565072035226e-07,3506,-0.05536631683220751,0.009012083093388149,0.2795208214489447,1355,0.04770893712409818
rv_vs_range,long,8,0.8180037197763771,0.9109829742167322,3506,-0.05539298381654099,-0.008888639480091762,0.26868225898459785,1382,-0.07622145098071474
tbi_z24,short,3,-0.5588625961962467,-0.27941162395772157,3501,-0.05540866741082122,0.00896973251477444,0.27335047129391604,1308,-0.03569630323345075
disp6,short,8,1.0526840776065216,1.7504242032518438,3506,-0.05552926856507997,0.00884913136051569,0.26183685111237875,1466,-0.008652338621717019
kyle,long,4,2.9435240604978074e-07,3.254399326220877e-07,3506,-0.0556512392241751,-0.009146894887725875,0.27067883628066175,1140,-0.08718496447937983
lo_pos,short,8,0.8305084745762712,0.9491525423728814,3595,-0.05566059190857294,0.008717808017022717,0.27232267037552155,1363,-0.022479994479646586
m1_jump,long,3,0.17424839016491817,0.19400983392662377,3506,-0.05572132421366371,-0.009216979877214482,0.26640045636052484,1210,-0.11112656278002998
trade_intensity,short,5,0.7908598120154233,0.9184747427433241,3497,-0.055767367830288225,0.008611032095307433,0.2636545610523306,1131,-0.048084954942392344
lo_pos,short,2,0.06779661016949153,0.15254237288135594,3438,-0.05589357515715456,0.008484824768441097,0.2643979057591623,1222,-0.06433851174509182
lo_pos,short,4,0.2711864406779661,0.3898305084745763,3343,-0.055991157164739715,0.008387242760855944,0.27310798683816934,1183,-0.01744483251951916
since_lo24,long,6,18.0,20.0,2516,-0.05605235309526866,-0.009548008758819435,0.27941176470588236,888,-0.027876622869523124
dq,long,7,0.0354185609059637,0.05987425010763783,3506,-0.056055216036333295,-0.00955087169988407,0.25955504848830574,1087,-0.004358013864415873
tbi_ma8,short,7,0.004512916102157133,0.008542463026192625,3505,-0.056111004756401184,0.008267395169194475,0.2573466476462197,984,-0.10979479808440509
dn_wick,short,7,0.3951368359159399,0.48209399548801884,3506,-0.05616752229327726,0.008210877632318397,0.26782658300057044,1182,-0.053725956351573394
disp24,short,4,-0.5936910404535926,0.09166305878366275,3503,-0.05617712559798369,0.008201274327611967,0.2843277190979161,1171,-0.019523929161585792
hi_pos,short,1,0.01694915254237288,0.06779661016949153,3176,-0.05622192078692061,0.008156479138675052,0.2663727959697733,1098,-0.02431741816875015
dq_z96,long,9,1.3026857539815428,inf,3488,-0.0563767717012356,-0.009872427364786378,0.27494266055045874,1224,-0.05155423538372074
rv_vs_range,short,8,0.8179997524686784,0.9109757254514909,3506,-0.05642510576843686,0.0079532941571588,0.2715345122646891,1382,-0.006113957560020251
trade_intensity,short,2,0.5066019543750265,0.597090845890891,3497,-0.05650563233195267,0.007872767593642992,0.275092936802974,1159,0.0022129704846543525
kyle,long,7,4.054384652633892e-07,4.674759125820874e-07,3505,-0.056654678320328555,-0.01015033398387933,0.24479315263908702,603,-0.13400739168004944
to_hi24,long,6,2.5479126342251908,3.0679378182041206,3504,-0.05670937383030134,-0.010205029493852116,0.2694063926940639,1153,-0.2210526728171609
pos480,short,5,0.5297469011962922,0.6479965327882,3458,-0.05682392427805294,0.007554475647542719,0.2839791787160208,1081,0.09492227287607348
hi_pos,short,8,0.8305084745762712,0.9491525423728814,3535,-0.056832855991897684,0.007545543933697975,0.267043847241867,1448,-0.015213205934198124
to_lo480,long,5,12.951840869708441,15.313381848941747,3459,-0.0568640556460329,-0.010359711309583672,0.2781150621566927,1185,-0.10058393335740601
rv_vs_range,short,3,0.5808874841091372,0.6224851247958548,3506,-0.056995162942485064,0.007383236983110594,0.26868225898459785,1185,-0.058491576730526046
wick_skew,long,7,0.1572975603820633,0.2682608695652153,3505,-0.057003322182478625,-0.010498977846029399,0.2693295292439372,1277,-0.07215909309559027
body_frac,long,1,-0.6435852372583428,-0.47413441955194074,3506,-0.05703719326132689,-0.010532848924877665,0.26240730176839705,1333,-0.09136696956616268
efficiency,short,8,0.18731275607761136,0.23908052986283718,3506,-0.05710849639065224,0.007269903534943417,0.26811180832857956,1394,-0.11521555967655912
dq_cum24,long,4,-0.20781183975619338,-0.10747354982235761,3501,-0.057140791945898946,-0.01063644760944972,0.2593544701513853,999,-0.042894538398691055
since_hi24,long,4,10.0,14.0,4235,-0.05714110357210804,-0.010636759235658814,0.2701298701298701,1504,-0.050066736249004526
to_lo24,short,6,2.791505114091302,3.356951783499409,3504,-0.05716046801535426,0.0072179319102414,0.2665525114155251,1358,-0.02798652402529958
persist6,long,3,0.20128478488927717,0.2744378587187556,3505,-0.05725513759838617,-0.010750793261936946,0.26390870185449355,1286,-0.03612260160818852
rpt_z,long,0,-inf,-1.22846176363519,3487,-0.057312759706168656,-0.01080841536971943,0.26928591912819044,1252,-0.08712992724714624
dq_z96,short,5,-0.01068549442727275,0.2535013432823252,3487,-0.057358797030220565,0.007019602895375093,0.2635503297963866,1294,0.01938106736015111
close_loc,short,9,0.8856587484703258,inf,3507,-0.057399113713077016,0.006979286212518643,0.2671799258625606,1456,0.03066856066516879
tbi,long,7,0.017651171144261995,0.029889911354743726,3505,-0.057428741784100304,-0.010924397447651078,0.2587731811697575,1087,-0.006963683721166095
to_lo24,short,9,5.192070040989451,inf,3504,-0.05752609385527241,0.00685230607032325,0.2508561643835616,1196,-0.02678120366194392
persist24,short,5,0.180776828043532,0.22693313659403416,3504,-0.05756499983048168,0.006813400095113976,0.2676940639269406,1313,-0.08339822426041396
tbi_z96,long,9,1.3026885346549335,inf,3488,-0.05756576167644741,-0.011061417339998186,0.27436926605504586,1224,-0.05059222046042767
disp6,long,4,-0.25478483289906223,0.021926954368482895,3506,-0.057566491888862543,-0.011062147552413318,0.27296063890473476,1121,-0.002922678664669092
accel,short,5,-0.013040791450973144,0.2983405786755493,3504,-0.05769961886104409,0.006678781064551567,0.2734018264840183,1186,-0.030695950618785127
tbi_z96,short,5,-0.01105336236326736,0.25357015988799886,3487,-0.05772887017188041,0.006649529753715251,0.2629767708632062,1295,0.021858666744540657
dn_wick,short,3,0.1567616377022363,0.20971610867337656,3506,-0.05789034424315214,0.006488055682443518,0.2695379349686252,1246,0.036058119221038146
wick_skew,long,2,-0.2899968056613423,-0.1810054059049079,3507,-0.05790953188382781,-0.011405187547378584,0.2600513259195894,1302,-0.02783460946755604
rv_vs_range,long,5,0.6645732688537787,0.7077799118259657,3506,-0.057960729094683555,-0.01145638475823433,0.2675413576725613,1220,-0.03320738869262296
persist6,short,2,0.13242658228662252,0.2012849409521663,3505,-0.0579832197243238,0.006395180201271861,0.26390870185449355,1249,-0.023115906400166735
since_lo96,short,0,-inf,6.0,3064,-0.058007788292679587,0.006370611632916072,0.2516318537859008,1316,0.009651277470244303
flow_div,short,2,1.0,inf,6909,-0.05805844331431539,0.006319956611280271,0.2697930235924157,3039,-0.00878598386060777
extreme_late,short,3,0.5254237288135594,0.6271186440677966,3503,-0.058065750588153456,0.006312649337442203,0.2603482729089352,1222,-0.0030329241960407476
tbi,long,4,-0.012210384745404146,-0.002518788988780718,3506,-0.05812434846433874,-0.011620004127889515,0.2527096406160867,988,-0.1006197033124895
dn_wick,short,6,0.32703613383210883,0.3951368359159399,3506,-0.05813453012486488,0.006243869800730779,0.268967484312607,1226,-0.004249494718713656
rv_vs_range,short,2,0.5350160273516221,0.5808874841091372,3506,-0.058160794087804814,0.006217605837790845,0.26411865373645177,1239,-0.057285419414934
since_hi96,short,0,-inf,5.0,3155,-0.058181288312810504,0.006197111612785154,0.2526148969889065,1171,-0.014651669457131842
body_frac,long,3,-0.31939605110336,-0.16181666666667296,3505,-0.058230812176153245,-0.011726467839704019,0.2670470756062768,1204,-0.060171297162358604
persist6,short,5,0.3508136194721296,0.438181587200677,3506,-0.05840423934173066,0.005974160583864997,0.273531089560753,1313,0.04166299179610183
dq,long,4,-0.024317705863118037,-0.00485566309295411,3506,-0.058429726269223256,-0.01192538193277403,0.2529948659440958,994,-0.09742172812666908
ats_rank480,short,9,0.91875,inf,3418,-0.058596182606828605,0.005782217318767054,0.2609713282621416,1155,-0.04914804168428243
updn_ratio,short,8,0.55,0.576271186440678,4147,-0.058703107496678085,0.0056752924289175735,0.2621171931516759,1599,0.003566051932134521
tbi,short,5,-0.0025153321105517157,0.007262066751192594,3506,-0.05873748613236474,0.005640913793230916,0.2558471192241871,927,-0.0057211507819802075
lo_pos,long,8,0.8305084745762712,0.9491525423728814,3595,-0.05907018199952084,-0.012565837663071615,0.26453407510431154,1363,-0.0487360632024118
to_lo24,short,4,1.9446384220616948,2.337871034437379,3504,-0.05909111823985606,0.005287281685739602,0.2796803652968037,1201,0.022280355075448764
flow_eff,long,4,0.0455610238719842,0.07380423579691525,3506,-0.05913146016763383,-0.012627115831184602,0.28066172276098117,1493,-0.09969225635619146
m1_jump,long,9,0.4227707735201863,inf,3507,-0.059245549973360165,-0.01274120563691094,0.26746506986027946,1314,-0.09360479038914288
tbi_z8,short,9,1.3380143617497602,inf,3505,-0.05926164899238947,0.005116750933206189,0.2664764621968616,1340,0.025148926164758133
atr_rank,long,2,0.15833333333333333,0.25416666666666665,3414,-0.05926606589729746,-0.012761721560848233,0.3160515524311658,1320,-0.18407066528100524
ats_z96,long,2,-0.9176768242078434,-0.6011731486644403,3487,-0.05932514576951114,-0.012820801433061912,0.2664181244622885,1465,-0.11508352464653734
ats_z96,short,3,-0.6011693844521506,-0.33033572740851413,3487,-0.059327843570513565,0.005050556355082093,0.26871236019501005,1345,0.008907025893382107
tbi_z24,short,5,-0.00866546758923327,0.26267235905479164,3502,-0.05951479551336014,0.004863604412235517,0.259565962307253,1225,0.012704739042198331
persist24,short,8,0.35040830469957307,0.4468544318124887,3504,-0.05961717902685362,0.004761220898742036,0.2525684931506849,1257,-0.0038839697342160505
flow_eff,long,2,0.0010062007477464336,0.023482252281994003,3506,-0.05985993523944024,-0.013355590902991016,0.30718767826583,2084,0.0019205881717893065
close_loc,short,2,0.22428694989655873,0.3193234732345267,3506,-0.05993852120079011,0.00443987872480555,0.26668568168853396,1251,-0.07233683283859771
trade_intensity,short,1,0.401303194601366,0.5066019543750265,3497,-0.05998903869019113,0.0043893612354045305,0.2842436374034887,1354,-0.03907009444124713
kyle,long,1,1.9917294923252175e-07,2.3482443442635504e-07,3506,-0.060060095803373896,-0.01355575146692467,0.2997718197375927,2067,-0.08304893028483136
minofday,long,9,1260.0,inf,4382,-0.060086967581613734,-0.013582623245164509,0.25445002282062984,1610,-0.05909773516774168
hour,long,9,21.0,inf,4382,-0.060086967581613734,-0.013582623245164509,0.25445002282062984,1610,-0.05909773516774168
range_z,short,9,1.2169720820644203,inf,3488,-0.06010198735525279,0.00427641257034287,0.24311926605504589,1387,-0.011175129860766627
rpt_rank,long,3,0.28541666666666665,0.3875,3397,-0.06015217055199808,-0.013647826215548851,0.265234030026494,1273,-0.08153369955882937
close_loc,long,5,0.5125881168177059,0.6112580645161226,3507,-0.060182167614630404,-0.013677823278181178,0.26575420587396636,1206,-0.052135361635419736
range_per_trade,long,6,6.279386145674993e-08,7.000893944084364e-08,3506,-0.06031709597726502,-0.013812751640815794,0.25841414717626926,956,-0.0085898721679192
tbi_ma24,short,2,-0.009374958461809663,-0.006666966607115332,3502,-0.0603717459715447,0.004006653954050955,0.2635636778983438,1073,0.07184024745200804
sess_eu,short,0,-inf,1.0,23375,-0.06039254508511305,0.003985854840482611,0.26186096256684493,8591,-0.02159071389155209
vol_per_trade_z,long,0,-inf,-1.32816203144516,3487,-0.06041805034275277,-0.013913706006303546,0.27215371379409237,1025,-0.13832437648127083
rv_vs_range,long,6,0.7077799118259657,0.7577206948914865,3506,-0.06047065208512353,-0.013966307748674307,0.26411865373645177,1218,-0.08084240008988262
updn_ratio,long,5,0.5,0.5166666666666667,4041,-0.06049956902443302,-0.013995224687983795,0.2650334075723831,1431,-0.10661934051415879
dq_cum24,short,4,-0.20780590208899527,-0.10744105755340438,3502,-0.06056428812742518,0.003814111798170476,0.2724157624214734,999,0.003282320059176931
to_hi480,short,6,13.05893454951212,15.763340824880512,3459,-0.06056794608549908,0.003810453840096581,0.26915293437409654,1300,0.12556739600824668
tbi_z24,long,2,-0.8751434151499962,-0.5588776181961945,3502,-0.06058031519090351,-0.014075970854454285,0.2629925756710451,1286,-0.0819466844485211
wick_skew,short,7,0.15732260144791158,0.26825203582388496,3506,-0.06061185876255382,0.0037665411630418352,0.26583000570450654,1277,0.01330603163946686
rpt_z,short,3,-0.595252181332415,-0.34746956214921554,3487,-0.06062404965823886,0.0037543502673568,0.2695726985947806,1275,0.027639229202473387
updn_ratio,short,7,0.5333333333333333,0.55,3328,-0.060761569331220885,0.003616830594374773,0.26231971153846156,1198,-0.047593056876446264
extreme_late,short,4,0.6271186440677966,0.7288135593220338,3426,-0.0607787901798979,0.003599609745697757,0.2659077641564507,1315,0.03454995159612174
disp24,long,3,-1.3426789669076349,-0.5937078086085662,3503,-0.060852848169979316,-0.01434850383353009,0.2700542392235227,1192,-0.05360089936687667
tbi_z8,long,4,-0.30429102127078317,-0.007860203970958502,3504,-0.06085834079408475,-0.014353996457635528,0.2608447488584475,1283,-0.0734649138558024
vol_per_trade_z,short,4,-0.33168382406815927,-0.059948991738514215,3487,-0.06087117032443183,0.0035072296011638276,0.2684255807284198,1385,0.009946482341997706
rpt_rank,long,0,-inf,0.09166666666666666,3388,-0.06088811979239511,-0.014383775455945887,0.2680047225501771,1186,-0.14892705840587817
up_wick,short,7,0.3818386604976476,0.46653303225728115,3506,-0.06090555822126997,0.0034728417043256854,0.26354820308043353,1228,-0.014413530803160187
vol_of_vol,short,2,-0.7844894735301243,-0.6296096585593847,3457,-0.06091570949944878,0.003462690426146879,0.2814579114839456,1056,0.0004252233928825277
to_hi24,long,5,2.118740936210524,2.5479126342251908,3504,-0.060987418360657616,-0.01448307402420839,0.2696917808219178,1153,-0.09692637582050206
rpt_rank,long,9,0.9020833333333333,inf,3470,-0.061050803398170296,-0.01454645906172107,0.261671469740634,1311,-0.017586565228067338
sess_us,short,0,-inf,1.0,23375,-0.061064507686175225,0.0033138922394204337,0.27033155080213905,8591,-0.013268375366614748
vol_per_trade_z,long,5,-0.05995950080876096,0.21825354937752312,3488,-0.06108254707792872,-0.014578202741479494,0.2551605504587156,1301,-0.02696308553188065
since_lo480,short,8,447.0,472.0,3344,-0.06120170266092524,0.0031766972646704167,0.2769138755980861,1215,-0.02801495038172258
kyle,long,5,3.254399326220877e-07,3.6049391234113714e-07,3506,-0.061247222029657294,-0.014742877693208069,0.26041072447233315,966,-0.10606506603232364
range_rank,short,6,0.5916666666666667,0.6958333333333333,3394,-0.06142263143208383,0.002955768493511826,0.2566293459045374,1300,0.004110384490260241
extreme_late,short,5,0.7288135593220338,0.8135593220338984,3652,-0.06154991775232631,0.0028284821732693505,0.26478641840087624,1354,-0.02778190141759143
m1_jump,long,7,0.27545375690559615,0.325989435909179,3506,-0.06181649697312797,-0.015312152636678747,0.2675413576725613,1367,-0.03790387446178568
pos24,long,1,0.16885596296947883,0.2573692184087053,3504,-0.06210395355868809,-0.015599609222238867,0.2511415525114155,1199,-0.08063384041887388
ats_z96,short,7,0.5293120888145033,0.903903776550549,3487,-0.062125421410070256,0.002252978515525403,0.25838829939776314,1226,0.023297344697610085
ats_rank480,short,0,-inf,0.08541666666666667,3399,-0.062154757095449105,0.0022236428301465536,0.27213886437187407,1314,-0.011864430227180391
efficiency,short,0,-inf,0.020178716117546926,3507,-0.06219059779434953,0.0021878021312461277,0.2671799258625606,1280,-0.0029149292689318205
dq,short,5,-0.004853324062368757,0.014656381295751319,3506,-0.06224020547357755,0.0021381944520181065,0.25442099258414147,922,-9.851898853928605e-05
minofday,long,4,540.0,660.0,2922,-0.06230857693054342,-0.015804232594094192,0.27618069815195073,1074,-0.06920947832365663
hour,long,4,9.0,11.0,2922,-0.06230857693054342,-0.015804232594094192,0.27618069815195073,1074,-0.06920947832365663
since_lo96,short,4,43.0,57.0,3643,-0.06255217772164749,0.0018262222039481663,0.2723030469393357,1338,-0.09314673017336561
dn_wick,short,2,0.10449709943120167,0.1567616377022363,3506,-0.06260057840646346,0.0017778215191321944,0.26440387906446094,1330,0.007458405264662583
persist24,long,3,0.10048775142981971,0.13778988248203938,3503,-0.06272285580226065,-0.01621851146581143,0.269483300028547,1272,-0.04195317028736677
rpt_rank,short,6,0.59375,0.6958333333333333,3438,-0.06274630865763678,0.0016320912679588795,0.26323443862710877,1271,-0.035295621510837476
close_loc,short,0,-inf,0.12756961756921265,3507,-0.0629082335524946,0.001470166373101059,0.26461362988309095,1555,-0.042410093083215264
since_hi480,long,1,16.0,47.0,3495,-0.06297909495076132,-0.01647475061431209,0.2469241773962804,1035,-0.17581292968540693
tbi_ma8,short,6,0.0009910853978296562,0.004512916102157133,3504,-0.06298133724664623,0.001397062678949429,0.2622716894977169,980,-0.07521960080618491
atr_rank,long,1,0.06458333333333334,0.15833333333333333,3497,-0.0630034435208659,-0.016499099184416673,0.3231341149556763,1258,-0.18518598150744828
hour,short,8,19.0,21.0,2922,-0.0630092673323498,0.0013691325932458642,0.2529089664613279,1074,-0.036954705051503174
minofday,short,8,1140.0,1260.0,2922,-0.0630092673323498,0.0013691325932458642,0.2529089664613279,1074,-0.036954705051503174
rv_vs_range,short,5,0.6645567600573385,0.707778289445318,3506,-0.06305777129125412,0.0013206286343415419,0.2669709070165431,1220,-0.011221920342037199
kyle_z,short,5,-0.1757579127050315,0.06548650944759249,3487,-0.06306178885056253,0.0013166110750331278,0.26068253513048467,1218,-0.03899166893180437
accel,short,7,0.6429644975846954,1.0402494129586994,3504,-0.06313214723470242,0.0012462526908932348,0.2699771689497717,1264,-0.02405836994964238
tbi_z96,short,9,1.302913670211715,inf,3488,-0.06337060178179964,0.001007798143796021,0.26920871559633025,1223,0.0371463154028785
ats_z96,short,6,0.22222986023849284,0.5293120888145033,3487,-0.06359873496152542,0.0007796649640702397,0.26871236019501005,1292,-0.012476125100182643
hi_pos,long,0,-inf,0.01694915254237288,3482,-0.06367529156554905,-0.01717094722909982,0.25962090752441125,1356,-0.045788542239233385
atr_pct,long,5,0.008167752622716812,0.009089933231022699,3506,-0.06372614424771264,-0.017221799911263415,0.26240730176839705,882,-0.04712112425222108
avg_trade_usd,short,2,2858.1921444612253,3164.6974361830057,3506,-0.06400786537936598,0.0003705345462296783,0.26240730176839705,1053,0.04754083871907919
to_hi24,long,4,1.7429247293629309,2.118740936210524,3503,-0.06404143768602305,-0.017537093349573825,0.2709106480159863,1157,-0.013250880105378617
vol_per_trade_z,short,6,0.21831119928444084,0.5285968655297472,3487,-0.06410954401710124,0.000268855908494417,0.26699168339546886,1290,-0.06463380491290648
sess_asia,short,1,1.0,inf,11688,-0.06417554679060515,0.00020285313499050772,0.26805270362765227,4296,-0.024729356593263252
m1_jump,long,6,0.24120127123857388,0.27545375690559615,3506,-0.0641934133212514,-0.01768906898480218,0.2675413576725613,1366,-0.06879602038896449
rv_vs_range,short,4,0.6224851247958548,0.6645567600573385,3506,-0.06434101718231634,3.738274327931557e-05,0.26868225898459785,1210,-0.029865770191476786
dq_z96,short,9,1.30273320230062,inf,3488,-0.06435306044269148,2.5339482904174204e-05,0.26920871559633025,1224,0.036243368956763285
close_loc,short,5,0.5126003647151658,0.6112889400921659,3506,-0.06438299818033853,-4.598254742874119e-06,0.26440387906446094,1206,-0.003017537901000586
updn_ratio,short,6,0.5166666666666667,0.5333333333333333,3680,-0.06442101861245009,-4.261868685442871e-05,0.2657608695652174,1330,-0.018633336100157882
tbi_ma8,short,3,-0.009021779679183153,-0.005504716800320651,3504,-0.06444662317711641,-6.822325152075481e-05,0.2674086757990868,964,-0.00228741425606129
sess_asia,short,0,-inf,1.0,23375,-0.06447983083219543,-0.00010143090659976706,0.26545454545454544,8591,-0.01625589261965543
absorb,long,4,-0.03597811968445684,-0.009579554283073196,3504,-0.06454943366757589,-0.01804508933112666,0.24914383561643835,1059,-0.012826291864098591
since_lo24,short,4,11.0,14.0,3131,-0.06457013986475425,-0.00019173993915859444,0.2702012136697541,1137,-0.005681526447124022
efficiency,long,0,-inf,0.020177953970201203,3506,-0.06463806486083822,-0.01813372052438899,0.26611523103251566,1280,-0.08441782986720789
disp6,short,5,0.0220181102500532,0.3092163783451325,3506,-0.06470631059892223,-0.00032791067332657575,0.2683970336565887,1190,-0.027869287731722373
dq,long,1,-0.10317835369007211,-0.06866327352437211,3506,-0.06474427853369072,-0.018239934197241493,0.26383342840844265,1312,-0.025565774716246333
m1_jump,short,8,0.3260016648798167,0.42284760782421577,3506,-0.06475730031910415,-0.00037890039350849114,0.2715345122646891,1472,-0.004630504822249596
since_hi24,short,5,14.0,17.0,3291,-0.06480219909593848,-0.00042379917034282566,0.27711941659070194,1144,-0.018458674630265105
range_rank,short,7,0.6958333333333333,0.8,3414,-0.06482271352725523,-0.0004443136016595711,0.24897480960749854,1322,-0.02474855976252419
tbi_z24,short,6,0.26267235905479164,0.549160437093805,3501,-0.06495453749791118,-0.0005761375723155188,0.26506712367894886,1351,0.022894240690335684
tbi_ma24,long,3,-0.0066672680435025215,-0.004387299344425842,3501,-0.06502526567982125,-0.018520921343372028,0.2670665524135961,1027,-0.1511537637014401
wick_skew,long,6,0.06884422110558616,0.1572975603820633,3506,-0.06508551522872845,-0.018581170892279224,0.2669709070165431,1329,-0.0774485098301105
since_hi96,short,3,25.0,37.0,3312,-0.06515767486449582,-0.0007792749389001624,0.2469806763285024,1236,0.06040133137988312
tbi,long,1,-0.05162389764665648,-0.034400346140270266,3506,-0.06524104232984539,-0.01873669799339616,0.26383342840844265,1303,-0.022881749834778888
persist6,short,0,-inf,0.0651544551003951,3506,-0.0653359941877771,-0.0009575942621814354,0.2695379349686252,1219,-0.0641830785397914
kyle,short,8,4.675221495596809e-07,5.852771431389315e-07,3506,-0.06539750101076935,-0.001019101085173696,0.24272675413576725,451,0.03344474119977593
atr_pct,short,1,0.004192458373259124,0.005461810223244553,3506,-0.06549265705799659,-0.001114257132400931,0.3051911009697661,2832,0.009218713111777651
updn_ratio,short,2,0.45,0.4666666666666667,2907,-0.06550402980542536,-0.0011256298798296982,0.2655658754729962,1003,-0.03795715085088638
flow_div,short,0,-inf,-0.0,28141,-0.0655267485600294,-0.0011483486344337351,0.2655911303791621,9847,-0.022443366671786556
ats_rank480,short,7,0.7208333333333333,0.8229166666666666,3371,-0.06560776907543145,-0.0012293691498357906,0.26431326016018986,1233,-0.052551373541428956
tbi_z96,long,7,0.5366848888291098,0.8560345639141819,3486,-0.0656250947509679,-0.019120750414518668,0.25817555938037867,1235,-0.04333738236504867
up_wick,short,4,0.19722004671393262,0.25186265063887225,3506,-0.06568188659566175,-0.0013034866700660924,0.26640045636052484,1220,-0.021061918435119065
dq_cum24,long,3,-0.31673378897660676,-0.20781183975619338,3501,-0.0656875943473172,-0.01918325001086798,0.2670665524135961,1029,-0.1519998271544541
gap,long,5,0.0005444089520571384,inf,3507,-0.06574805080580004,-0.019243706469350814,0.2797262617621899,104,-0.015945967157559478
dq_cum24,long,6,-0.007101675030884061,0.1003500747004927,3501,-0.06579096412184263,-0.0192866197853934,0.258783204798629,1013,0.07862196309816166
to_hi24,short,8,3.7475928911259198,4.732445339217638,3504,-0.06582589083180823,-0.001447490906212573,0.2545662100456621,1334,-0.1496785232453951
persist6,short,4,0.27447367411709256,0.3508136194721296,3505,-0.06585518325808841,-0.001476783332492751,0.2670470756062768,1202,-0.03369282737272105
gap,short,5,0.0005443896774460418,inf,3507,-0.06589222940569231,-0.0015138294800966512,0.2805816937553465,104,0.08492810487687648
ats_rank480,long,4,0.40208333333333335,0.5083333333333333,3392,-0.06590409792520038,-0.019399753588751158,0.2709316037735849,1338,-0.11413060484185188
range_per_trade,short,7,7.000995798821425e-08,8.003646874012513e-08,3506,-0.06598193179886955,-0.001603531873273889,0.268967484312607,599,-0.13357805083436863
persist24,short,2,0.06551798599541503,0.10048785828070865,3504,-0.06606452356735984,-0.0016861236417641812,0.2793949771689498,1229,0.018363935413684775
up_wick,short,1,0.045400455566477205,0.09829461721160734,3506,-0.06616778751294948,-0.0017893875873538218,0.26240730176839705,1372,0.025422845309003947
kyle_z,short,6,0.06548650944759249,0.3485958940155352,3487,-0.06618369143261378,-0.0018052915070181225,0.2624032119300258,1239,-0.04755344052802499
trade_intensity,short,6,0.9184747427433241,1.0940265556532847,3496,-0.06618834657927057,-0.0018099466536749126,0.2585812356979405,1118,0.01705272621079805
tbi_z24,short,4,-0.27941162395772157,-0.00866546758923327,3502,-0.06619870654716652,-0.001820306621570858,0.2655625356938892,1327,-0.0027990695577665035
persist24,long,8,0.35036233545797796,0.44683243782501825,3504,-0.06626886852229909,-0.019764524185849862,0.2505707762557078,1256,-0.00919744149586842
vol_per_trade_z,long,3,-0.5994758768864882,-0.3317709399466816,3486,-0.06631388554366832,-0.019809541207219096,0.26448651749856567,1328,-0.07811479757743622
body_frac,short,9,0.6528796977583575,inf,3507,-0.06632935458387408,-0.0019509546582784226,0.2617621899059025,1534,-0.011130937819532545
vol_per_trade_z,short,3,-0.599449330303958,-0.33168382406815927,3487,-0.06642926642516835,-0.002050866499572687,0.26871236019501005,1328,-0.021484992475365127
dq,short,6,0.014656381295751319,0.03541913385255056,3506,-0.06647492873544633,-0.002096528809850673,0.2606959498003423,968,-0.030753386551565808
tbi_ma96,long,1,-0.009093413547830557,-0.006637826057636291,3487,-0.06661074459459675,-0.02010640025814752,0.2581015199311729,1598,-0.22404633612700095
efficiency,long,5,0.10096911031285548,0.12519441912257415,3507,-0.06662781160007315,-0.020123467263623927,0.26404334188765327,1240,-0.05487171215890725
persist24,long,2,0.06551730869918868,0.10048775142981971,3504,-0.06664445586664479,-0.020140111530195563,0.2711187214611872,1230,-0.0574914450672625
persist6,long,0,-inf,0.06515094343819731,3506,-0.06676092186841814,-0.020256577531968918,0.2672561323445522,1218,-0.02632789554376825
since_lo24,short,5,14.0,18.0,4394,-0.06716702054516842,-0.0027886206195727598,0.27309968138370505,1589,-0.04867542093275585
hi_pos,short,3,0.15254237288135594,0.2711864406779661,3556,-0.06719211566013797,-0.0028137157345423103,0.2727784026996625,1292,-0.012757015383034384
trade_intensity,long,3,0.5970873748695325,0.686863542130519,3497,-0.06724171818909748,-0.020737373852648254,0.2670860737775236,1077,-0.0628196851779662
vol_of_vol,long,7,0.18136324871396944,0.6218081299357084,3456,-0.06731029293702205,-0.020805948600572825,0.24971064814814814,1322,-0.11248177593452169
vol_of_vol,long,2,-0.7845097013382104,-0.6296164464857661,3456,-0.06747521842693727,-0.02097087409048804,0.2728587962962963,1056,-0.16570363233818902
tbi_z8,short,5,-0.0077070321114824656,0.2813364839377423,3505,-0.06756528099800935,-0.0031868810724136887,0.26333808844507844,1255,0.039188231313389436
absorb,long,3,-0.06471074961670592,-0.03597811968445684,3505,-0.06769404749640111,-0.021189703159951882,0.2524964336661912,972,-0.12076573892417145
tbi_ma24,long,6,-0.00020807458690500947,0.00203478883607623,3501,-0.06773080622712381,-0.021226461890674585,0.2582119394458726,1022,0.06257261265545999
tbi_z8,long,3,-0.5977981669247877,-0.30429102127078317,3505,-0.06773081626805352,-0.021226471931604297,0.2659058487874465,1301,-0.04586228794782743
body_frac,short,0,-inf,-0.6435847503136632,3507,-0.06779696848523983,-0.003418568559644175,0.2654690618762475,1558,-0.07161016032833996
lo_pos,long,2,0.06779661016949153,0.15254237288135594,3438,-0.06780797282550803,-0.021303628489058805,0.26556137289121584,1222,-0.002918257094390642
ats_z96,short,2,-0.9176544284320516,-0.6011693844521506,3487,-0.06781024971487346,-0.0034318497892777966,0.26498422712933756,1465,-0.0453678154444803
efficiency,long,1,0.020177953970201203,0.039772859036965924,3506,-0.06782821518684766,-0.021323870850398434,0.2629777524244153,1197,-0.11877017834482387
absorb_z,short,4,-0.03141898858877637,0.04281834112683909,3383,-0.06784956706246592,-0.0034711671368702623,0.2621933195388708,1313,-0.05473921728135376
absorb_z,short,2,-0.19088175487767226,-0.10245042037269599,3383,-0.06796823407059537,-0.0035898341449997068,0.2636712976647946,1264,-0.13293855448353317
to_hi96,long,6,5.480410756121606,6.547443493680569,3497,-0.06797388605704341,-0.021469541720594183,0.25650557620817843,1120,-0.09729117463232459
trade_intensity,short,4,0.6868697777703178,0.7908598120154233,3497,-0.06819391960884999,-0.0038155196832543314,0.26537031741492706,1107,0.044523853969514623
to_lo480,short,2,6.18760936633252,8.391524545597045,3458,-0.06822603454329197,-0.0038476346176963133,0.2478311162521689,1365,-0.0005358046567860103
efficiency,short,4,0.07930596051242575,0.10096937078673598,3506,-0.06833558663487468,-0.003957186709279026,0.26354820308043353,1282,-0.01357852964294359
efficiency,long,2,0.039772859036965924,0.05902980227736307,3507,-0.0684011870378061,-0.021896842701356868,0.2634730538922156,1153,-0.11054761405409594
vol_per_trade_z,long,8,0.8872968344108488,1.3949979610238852,3487,-0.0684261498094923,-0.021921805473043073,0.2581015199311729,1184,-0.026807551717835172
tbi_z8,long,7,0.5944884539315817,0.9245140250977466,3504,-0.06846434270106705,-0.021959998364617823,0.2608447488584475,1288,-0.03649915146731704
to_hi24,long,3,1.4065464428457448,1.7429247293629309,3504,-0.06848386108439149,-0.02197951674794226,0.2768264840182648,1119,-0.008157448739962414
tbi_ma24,short,4,-0.004387108533226873,-0.0022937733203875336,3502,-0.06859058005743067,-0.004212180131835011,0.26927470017133065,1000,0.004586938392831175
persist96,long,3,0.05424830708810233,0.07498374680165537,3496,-0.06862415599189654,-0.022119811655447318,0.26802059496567504,1321,-0.03196934069728799
atr_pct,short,9,0.015125020855371594,inf,3507,-0.06863269312539565,-0.004254293199799988,0.20986598232107215,258,-0.38010721951592424
accel,long,0,-inf,-1.594824541316307,3504,-0.06868282725878981,-0.022178482922340585,0.24429223744292236,1475,-0.040730629315209065
hi_pos,long,6,0.559322033898305,0.6949152542372882,3270,-0.06868619372183513,-0.0221818493853859,0.26085626911314985,1221,-0.11195504198806078
tbi_z24,long,5,-0.00869790003525453,0.26265015955318777,3502,-0.06872959662829103,-0.02222525229184181,0.2589948600799543,1225,-0.11265237452712032
tbi,short,6,0.007262066751192594,0.01765838010194851,3506,-0.06880275270635196,-0.004424352780756299,0.2598402738163149,967,-0.02699386607775394
to_lo24,short,1,0.8279213710270871,1.2271094865673353,3504,-0.06890897286128884,-0.004530572935693186,0.2671232876712329,1249,-0.02100760512583712
rpt_z,short,6,0.1551689321600035,0.45251471634482165,3487,-0.06898758707249436,-0.004609187146898702,0.2667049039288787,1353,-0.041153666039644876
range_z,short,8,0.5282595104012244,1.2169720820644203,3487,-0.06909077392742283,-0.004712374001827169,0.25007169486664754,1397,-0.026327150966447582
dow,long,5,5.0,6.0,5016,-0.06910526619178159,-0.022600921855332363,0.2793062200956938,1848,0.08307178328457059
atr_pct,short,5,0.008167933663866292,0.009090094172472469,3507,-0.06938697505730122,-0.005008575131705564,0.24550898203592814,882,-0.012258451984066181
since_hi24,long,9,24.0,inf,4330,-0.06948555511593468,-0.022981210779485457,0.25242494226327944,1727,-0.11438772925802447
to_hi96,short,2,2.0539245822295222,2.855093452198391,3497,-0.06955821052110743,-0.005179810595511772,0.25850729196454103,1159,0.022869605333513565
to_hi24,short,6,2.547870786479728,3.0679071192608287,3504,-0.06960725502032325,-0.005228855094727591,0.2748287671232877,1153,0.038498287418477876
tbi_z24,short,0,-inf,-1.298830673867428,3502,-0.06971923868836775,-0.005340838762772096,0.2672758423757853,1267,-0.014772768776617075
dn_wick,short,5,0.2663635487270247,0.32703613383210883,3506,-0.069832770366429,-0.005454370440833342,0.2629777524244153,1229,-0.025886162753683023
hour,short,5,11.0,14.0,4383,-0.06993998462552208,-0.005561584699926417,0.2753821583390372,1611,-0.019067607139115976
minofday,short,5,660.0,840.0,4383,-0.06993998462552208,-0.005561584699926417,0.2753821583390372,1611,-0.019067607139115976
extreme_late,short,8,0.9491525423728814,0.9830508474576272,2511,-0.0701345360140837,-0.005756136088488045,0.26523297491039427,1025,-0.05294137476005231
extreme_late,long,2,0.3898305084745763,0.5254237288135594,3350,-0.0702722524250049,-0.023767908088555674,0.2605970149253731,1166,-0.017116453230148276
tbi_z24,short,9,1.3069916762946294,inf,3502,-0.07029137596079851,-0.005912976035202855,0.26127926898914905,1276,-0.024403204165811373
tbi_ma8,short,4,-0.005504716800320651,-0.0022926622538515587,3505,-0.07050471799864698,-0.006126318073051321,0.2630527817403709,929,0.01623794351717845
gap,short,3,0.0,0.0001556682272387916,18924,-0.07055753760512382,-0.006179137679528157,0.26347495244134433,7524,0.01187975794450062
to_lo24,long,7,3.3569029075332275,4.102345686948419,3504,-0.07068251431922007,-0.024178169982770843,0.2674086757990868,1406,-0.020764394115309188
dq_z96,long,7,0.5365505539438148,0.8561151494901051,3486,-0.07070142327239559,-0.024197078935946366,0.2561675272518646,1241,-0.0387761647763172
persist6,long,5,0.3508005873696504,0.43816634325498194,3506,-0.07070388822256582,-0.024199543886116594,0.25812892184826014,1313,-0.0892462437784287
disp6,short,7,0.6380984641757943,1.0526840776065216,3505,-0.07072041643534299,-0.0063420165097473336,0.263623395149786,1237,0.036436052298904203
dn_wick,long,8,0.4820986264354943,0.5995633614650212,3506,-0.0707406066987379,-0.024236262362288673,0.2567027952082145,1202,-0.10131844278573002
range_z,long,1,-0.9242715696217716,-0.737633198305307,3487,-0.07085025309955052,-0.024345908763101297,0.2890737023229137,1371,-0.07919153734887482
sess_us,short,1,1.0,inf,11688,-0.07100590087498422,-0.006627500949388562,0.25829911019849416,4296,-0.030703695680989632
persist24,short,0,-inf,0.03281776150632151,3504,-0.07105944908614,-0.006681049160544336,0.2751141552511416,1233,-0.0592676854941846
minofday,short,7,960.0,1140.0,4383,-0.07117128737452443,-0.006792887448928767,0.25598904859685145,1611,-0.033058206491595084
hour,short,7,16.0,19.0,4383,-0.07117128737452443,-0.006792887448928767,0.25598904859685145,1611,-0.033058206491595084
dn_wick,short,8,0.48209399548801884,0.5995587339606585,3506,-0.07118488120854308,-0.006806481282947419,0.26240730176839705,1202,-0.01801442993914827
minofday,short,1,120.0,240.0,2922,-0.07119680903530053,-0.006818409109704868,0.2597535934291581,1074,-0.04597968298706295
hour,short,1,2.0,4.0,2922,-0.07119680903530053,-0.006818409109704868,0.2597535934291581,1074,-0.04597968298706295
lo_pos,long,5,0.3898305084745763,0.5423728813559322,3446,-0.07125806696040538,-0.02475372262395615,0.2579802669762043,1277,-0.04370513447780976
rv_vs_range,short,6,0.707778289445318,0.757717197664177,3506,-0.07126043613543365,-0.006882036209837988,0.26354820308043353,1218,-0.021174023207096503
hour,short,4,9.0,11.0,2922,-0.07148816862881383,-0.007109768703218167,0.2782340862422998,1074,-0.0071030858995495645
minofday,short,4,540.0,660.0,2922,-0.07148816862881383,-0.007109768703218167,0.2782340862422998,1074,-0.0071030858995495645
kyle,short,7,4.054442164849678e-07,4.675221495596809e-07,3506,-0.07150419277068337,-0.007125792845087714,0.24928693667997717,603,0.0384405089816584
range_z,long,4,-0.4379700618729872,-0.2798812798678231,3487,-0.07153107899145975,-0.02502673465501052,0.2558072841984514,1152,-0.16973875954981799
minofday,short,2,240.0,420.0,4383,-0.07153647630432627,-0.007158076378730616,0.270819073693817,1611,-0.019596408328033537
hour,short,2,4.0,7.0,4383,-0.07153647630432627,-0.007158076378730616,0.270819073693817,1611,-0.019596408328033537
close_loc,short,7,0.7054339504509591,0.7953469580074689,3506,-0.07154231419057096,-0.007163914264975299,0.26183685111237875,1231,0.014520110539916002
dq,long,2,-0.06866327352437211,-0.04458914513296056,3507,-0.07154330849665629,-0.02503896416020706,0.26147704590818366,1039,-0.03548228265307482
up_wick,short,8,0.46653303225728115,0.5815584876536983,3506,-0.07175581555735144,-0.007377415631755785,0.26640045636052484,1160,-0.010977310727818242
vol_per_trade_z,short,7,0.5285968655297472,0.8872962696019808,3487,-0.07175864046009087,-0.007380240534495208,0.25437338686550043,1201,0.023393303008406943
trade_intensity,long,4,0.686863542130519,0.7908538370248838,3496,-0.07180104209061221,-0.025296697754162982,0.2643020594965675,1107,-0.14279911403681514
kyle,short,5,3.25442502531512e-07,3.60496252074733e-07,3506,-0.0718450757556143,-0.007466675830018643,0.25755847119224184,966,0.013785721133497207
tbi_z24,short,2,-0.8751078806558001,-0.5588625961962467,3502,-0.07209115040136543,-0.007712750475769775,0.2661336379211879,1285,-0.04955041588989791
tbi,long,2,-0.034400346140270266,-0.022338976727625456,3507,-0.0721127410007446,-0.02560839666429538,0.2606216139150271,1041,-0.034614836845055216
vol_of_vol,short,8,0.6217996138273229,1.3853701925984236,3456,-0.07216176313556862,-0.007783363209972957,0.25752314814814814,1434,0.012067123324426136
to_lo96,short,4,4.369705168702435,5.351528820913874,3497,-0.0722069405613151,-0.007828540635719444,0.24335144409493853,1312,0.007048502978364105
rpt_rank,long,1,0.09166666666666666,0.1875,3411,-0.0723475586516621,-0.02584321431521288,0.26619759601289944,1245,-0.14168740755639186
sess_eu,short,1,1.0,inf,11688,-0.0723497685854418,-0.007971368659846143,0.27523956194387406,4296,-0.014060955860752929
ats_rank480,long,3,0.29583333333333334,0.40208333333333335,3420,-0.07285171296780203,-0.026347368631352806,0.2608187134502924,1290,-0.11323752252694617
kyle_z,short,8,0.722335800968631,1.3120992925053547,3487,-0.07307594284967667,-0.008697542924081009,0.24835101806710638,1462,-0.002482798419969329
absorb_z,long,7,0.155054140759419,0.2458380340823236,3383,-0.07309658938517832,-0.026592245048729098,0.2624889151640556,1361,0.019244930805755168
absorb,short,0,-inf,-0.2260537490368369,3505,-0.07319268320472551,-0.00881428327912985,0.27275320970042793,1740,-0.02708405703375719
efficiency,short,7,0.15277027221402492,0.18731275607761136,3506,-0.0732411329877649,-0.00886273306216924,0.26640045636052484,1328,0.010901012306680148
dn_wick,short,0,-inf,0.04766207470645823,3507,-0.07330782412239276,-0.008929424196797098,0.26375819788993443,1567,-0.04317033149028509
lo_pos,long,1,0.01694915254237288,0.06779661016949153,3339,-0.07332406160443364,-0.026819717267984412,0.2578616352201258,1110,-0.13649571097942223
kyle,short,6,3.60496252074733e-07,4.054442164849678e-07,3506,-0.0733523590305194,-0.00897395910492374,0.2547062179121506,844,0.027207918749707145
accel,long,3,-0.6571011860821031,-0.31926208043012966,3503,-0.0733818910767991,-0.026877546740349874,0.26405937767627746,1230,-0.07422623733308113
avg_trade_usd,short,1,2527.7068366394697,2858.1921444612253,3506,-0.07338207995021749,-0.009003680024621832,0.2527096406160867,1063,-0.00542791259110401
close_loc,short,8,0.7953469580074689,0.8856587484703258,3506,-0.07341858849481482,-0.009040188569219162,0.2609811751283514,1297,-0.08192874698255433
to_lo96,short,1,1.5485306044114806,2.4384153083114217,3497,-0.07373078173535359,-0.009352381809757934,0.26336860165856446,1293,-0.040248515685131304
vol_of_vol,long,0,-inf,-0.9974371440644441,3456,-0.07379088015544286,-0.02728653581899363,0.3119212962962963,1688,-0.11447813314570296
flow_eff,short,7,0.16728977860690655,0.25919135954986666,3505,-0.07385614421264625,-0.009477744287050588,0.25049928673323824,783,0.017224334682760092
trade_intensity,short,7,1.0940265556532847,1.370636392867972,3497,-0.07387004955446064,-0.009491649628864979,0.2559336574206463,1196,-0.11840015614192231
disp24,short,5,0.09166305878366275,0.7655038641966874,3504,-0.07389925471484375,-0.009520854789248093,0.2782534246575342,1142,-0.023431151636577816
close_loc,short,1,0.12756961756921265,0.22428694989655873,3506,-0.0740781593749386,-0.00969975944934294,0.27210496292070735,1313,0.042391813694020876
hi_pos,short,4,0.2711864406779661,0.423728813559322,3997,-0.07407825462761047,-0.009699854702014815,0.266199649737303,1471,-0.04634908081363582
disp6,long,6,0.3091541052769138,0.6376744102803016,3505,-0.07413628131441445,-0.027631936977965225,0.2664764621968616,1163,-0.045627781335980395
lo_pos,short,9,0.9491525423728814,inf,3621,-0.07418702514864246,-0.009808625223046805,0.26539629936481635,1372,-0.0030278550127525025
range_z,short,4,-0.4379690152447145,-0.2798669670114621,3487,-0.07423565724421592,-0.009857257318620263,0.2586750788643533,1152,0.06558589578158956
ats_rank480,short,8,0.8229166666666666,0.91875,3460,-0.07426027053694155,-0.009881870611345892,0.2592485549132948,1238,-0.028878980573138573
tbi_z24,long,1,-1.2988414991557424,-0.8751434151499962,3501,-0.07428527695250757,-0.027780932616058344,0.25906883747500714,1261,-0.052115336583976976
lo_pos,short,5,0.3898305084745763,0.5423728813559322,3446,-0.07472397151640506,-0.0103455715908094,0.2637840975043529,1277,-0.05329144984754742
dow,short,1,1.0,2.0,5015,-0.07479400834806293,-0.010415608422467276,0.2648055832502493,1824,-0.10220448951271427
flow_eff,short,1,-0.10032403695945369,0.0010063727858237964,3506,-0.07483391117937101,-0.010455511253775349,0.2755276668568169,1933,-0.02935279928239897
dq_cum24,long,5,-0.10747354982235761,-0.007101675030884061,3502,-0.07491393477378744,-0.028409590437338213,0.2609937178754997,1056,-0.02787180501433233
disp24,long,0,-inf,-3.55808032961957,3504,-0.07495942649255402,-0.028455082156104795,0.2228881278538813,1540,-0.14957800631157478
ats_z96,short,0,-inf,-1.3169099297493563,3488,-0.07496456937804975,-0.010586169452454094,0.2672018348623853,1075,-0.04275675625255207
since_lo24,short,6,18.0,20.0,2516,-0.07512797675088137,-0.010749576825285712,0.2674880763116057,888,-0.04504791180805735
accel,long,4,-0.31926208043012966,-0.013047116762682831,3504,-0.07531992254371583,-0.028815578207266608,0.2714041095890411,1180,-0.09540222762533195
hi_pos,long,4,0.2711864406779661,0.423728813559322,3997,-0.07536380451072924,-0.028859460174280017,0.2609457092819615,1471,-0.06383730338945269
rpt_z,long,9,1.3500066138523539,inf,3488,-0.0753766922292162,-0.02887234789276697,0.2551605504587156,1348,-0.07616685291019484
persist6,short,8,0.6445022717573119,0.789249180566644,3506,-0.07547675286117363,-0.011098352935577968,0.26183685111237875,1321,0.01795716636019894
pos24,short,2,0.25738314013751934,0.3426761824543355,3504,-0.07558322563154572,-0.011204825705950064,0.2671232876712329,1130,-0.018056725251566846
to_lo24,long,1,0.8279010468933209,1.2270510714388894,3504,-0.07560535265306272,-0.02910100831661349,0.2614155251141553,1249,-0.06139526690702902
disp24,short,9,3.967930624158219,inf,3504,-0.07570322195221277,-0.01132482202661711,0.2505707762557078,1211,-0.028142803281269464
atr_rank,short,8,0.7958333333333333,0.9125,3414,-0.07573670189264994,-0.011358301967054285,0.20943175161101346,1306,0.1662535914142663
to_lo24,short,3,1.587703478381483,1.9446384220616948,3504,-0.07583252612759542,-0.01145412620199976,0.26912100456621,1139,-0.04481226795808938
tbi_z24,short,8,0.8775561421587688,1.3069916762946294,3502,-0.07595271753656926,-0.011574317610973606,0.2607081667618504,1285,0.042149543765029454
hi_pos,short,7,0.6949152542372882,0.8305084745762712,3620,-0.07600277013955305,-0.011624370213957388,0.255524861878453,1276,-0.00497323914272152
flow_eff,short,6,0.11177387854686544,0.16728977860690655,3506,-0.07621794970251235,-0.011839549776916689,0.25841414717626926,986,0.03597549516107499
pos24,short,6,0.6138265940314108,0.7015673760819902,3504,-0.0763135584687579,-0.011935158543162239,0.2659817351598174,1204,-0.056838149886101766
efficiency,short,3,0.059032146672817865,0.07930596051242575,3506,-0.07645234486473505,-0.012073944939139394,0.2629777524244153,1239,-0.06881848487336778
since_hi24,long,8,22.0,24.0,3601,-0.07649168893265258,-0.029987344596203357,0.25354068314357125,1386,-0.08027552236826244
persist24,short,6,0.22693313659403416,0.28151078636751625,3504,-0.07650060454786851,-0.012122204622272856,0.2602739726027397,1404,-0.04372133723993435
range_rank,short,8,0.8,0.9020833333333333,3391,-0.07652449303919075,-0.012146093113595088,0.234444116779711,1252,0.09066269380982801
to_lo96,long,1,1.5485285625203888,2.4382412433555634,3497,-0.0765832606605422,-0.03007891632409298,0.24335144409493853,1293,-0.10326363307504839
pos96,long,5,0.5315883402736458,0.6329622439785406,3497,-0.07669471268866143,-0.030190368352212206,0.2627966828710323,1366,-0.0949601830563274
tbi_z8,long,2,-0.9271053566882053,-0.5977981669247877,3504,-0.07670637187257155,-0.030202027536122326,0.2628424657534247,1305,-0.06308856560225214
atr_pct,short,7,0.01024942468406817,0.012094503040731572,3506,-0.07676938236942632,-0.012390982443830661,0.24814603536794066,603,0.3203284143188254
rpt_rank,long,6,0.59375,0.6958333333333333,3438,-0.07690947237773495,-0.03040512804128572,0.26323443862710877,1271,-0.031651457230190305
kyle_z,short,9,1.3120992925053547,inf,3488,-0.07694357359781219,-0.012565173672216531,0.2345183486238532,1418,-0.025770155721028188
hour,short,6,14.0,16.0,2922,-0.07700331803785906,-0.012624918112263406,0.2600958247775496,1074,-0.006654383821339109
minofday,short,6,840.0,960.0,2922,-0.07700331803785906,-0.012624918112263406,0.2600958247775496,1074,-0.006654383821339109
updn_ratio,long,0,-inf,0.42105263157894735,3506,-0.07705114498387115,-0.030546800647421928,0.25841414717626926,1358,-0.07878091395788943
absorb_z,short,0,-inf,-0.42680714407120773,3384,-0.07719827464208001,-0.012819874716484353,0.26684397163120566,1244,-0.023123638831439104
pos24,short,0,-inf,0.16885759699157155,3504,-0.07738380556877601,-0.013005405643180354,0.2651255707762557,1840,-0.0035904913129714095
disp6,long,2,-0.9936418995978794,-0.5806738945073575,3506,-0.07758567266136,-0.031081328324910777,0.2572732458642327,1237,-0.14258994598241295
rv_vs_range,long,7,0.7577206948914865,0.8180037197763771,3506,-0.07760802873751357,-0.031103684401064348,0.26354820308043353,1331,-0.11295062552618533
disp6,short,3,-0.5806702632052078,-0.2547170742714337,3506,-0.07773021569818958,-0.013351815772593922,0.26583000570450654,1199,-0.01763047030617988
extreme_late,long,1,0.2542372881355932,0.3898305084745763,3279,-0.07778337584289884,-0.03127903150644961,0.2628850259225374,1152,-0.05129727127044705
absorb,short,9,0.17190114491252298,inf,3505,-0.07784070730891932,-0.013462307383323657,0.2704707560627675,1802,-0.013795191240395379
hour,short,3,7.0,9.0,2922,-0.07798107876440169,-0.013602678838806032,0.27618069815195073,1074,-0.013088254930202896
minofday,short,3,420.0,540.0,2922,-0.07798107876440169,-0.013602678838806032,0.27618069815195073,1074,-0.013088254930202896
range_z,short,6,-0.08799503119421674,0.1559916083742214,3487,-0.07802486985370254,-0.013646469928106877,0.2526527100659593,1209,-0.018609262396963866
pos24,short,1,0.16885759699157155,0.25738314013751934,3504,-0.078069585907807,-0.013691185982211335,0.2545662100456621,1199,0.059797667537344175
wick_skew,long,3,-0.1810054059049079,-0.09272164150213236,3505,-0.07821939513530668,-0.031715050798857454,0.2570613409415121,1260,-0.061868581210808064
tbi_ma24,long,5,-0.002293794393797554,-0.00020807458690500947,3502,-0.07823370720970184,-0.03172936287325261,0.260422615648201,1047,-0.01961453530312039
gap,long,1,-0.0005256548502694155,-0.00014004175636436611,3506,-0.07826107108266213,-0.0317567267462129,0.25385054192812323,2249,-0.04853531440519249
to_hi24,short,3,1.4064922951032268,1.7428253121422745,3504,-0.07836952962402052,-0.013991129698424865,0.273972602739726,1119,-0.06812650961855997
tbi_z8,short,4,-0.30428704556292746,-0.0077070321114824656,3505,-0.07860703620978945,-0.014228636284193796,0.25763195435092723,1283,-0.06196770923645823
absorb,short,3,-0.0647099207968053,-0.0359762714381342,3505,-0.07872790709415615,-0.014349507168560496,0.2616262482168331,972,0.019300712432238788
pos96,long,4,0.43546516883351605,0.5315883402736458,3496,-0.0787325465057655,-0.032228202169316274,0.26001144164759726,1221,0.21147772182019023
close_loc,short,4,0.4152889321017514,0.5126003647151658,3506,-0.0787886503360451,-0.014410250410449438,0.26640045636052484,1165,-0.010610522091537095
m1_jump,short,1,0.13225910056626322,0.154798951766073,3506,-0.07884178193826552,-0.014463382012669862,0.25812892184826014,1238,-0.002055000887809535
rpt_z,short,5,-0.10236367834760443,0.1551689321600035,3487,-0.07894014239660745,-0.014561742471011788,0.26039575566389445,1212,-0.06689700743946167
body_frac,short,2,-0.4741316371090829,-0.31939118926071736,3506,-0.07897758334117816,-0.0145991834155825,0.26212207644038793,1207,0.02056122030288585
disp6,short,4,-0.2547170742714337,0.0220181102500532,3505,-0.07906763988136406,-0.014689239955768402,0.26619115549215405,1121,-0.07645337999118383
m1_jump,short,2,0.154798951766073,0.17424868440872565,3506,-0.07918941224496258,-0.01481101231936692,0.2632629777524244,1185,-0.01683291949683449
disp24,short,3,-1.3425891492174908,-0.5936910404535926,3504,-0.07919678260902115,-0.014818382683425488,0.2793949771689498,1192,0.062310744079144706
tbi_z24,short,7,0.549160437093805,0.8775561421587688,3501,-0.07926018073717278,-0.014881780811577122,0.2607826335332762,1301,-0.10399283587117805
to_lo96,long,7,7.822571754098701,9.337052828954288,3496,-0.07933346730474386,-0.032829122968294634,0.2700228832951945,1200,-0.3007673608488018
tbi_ma96,long,6,-0.0009751635526630124,0.0005141340842066832,3487,-0.07952334217801486,-0.03301899784156564,0.2733008316604531,1054,0.15441379032249797
pos24,long,5,0.5238588235294104,0.6138192686854368,3504,-0.07953006983299744,-0.03302572549654822,0.2648401826484018,1209,-0.010177606545334977
tbi_ma8,long,5,-0.002293081235609909,0.0009903401612983173,3505,-0.07963507202261476,-0.03313072768616553,0.25221112696148357,991,-0.008458929936566783
absorb,short,6,0.022302157223239607,0.04892930902140555,3505,-0.07971645490469301,-0.015338054979097349,0.2536376604850214,970,-0.03128900898154001
range_per_trade,short,4,5.195355999029954e-08,5.7000821490801774e-08,3506,-0.0797998898064826,-0.015421489880886943,0.26240730176839705,1340,-0.043177526180753496
wick_skew,long,0,-inf,-0.44536613272310566,3506,-0.07985411933350386,-0.03334977499705464,0.25812892184826014,1256,-0.09568247952934177
pos24,long,4,0.43395659185173235,0.5238588235294104,3503,-0.07996801297432513,-0.0334636686378759,0.2646303168712532,1133,-0.1281913681984484
since_hi24,long,3,7.0,10.0,3354,-0.08005990751472802,-0.0335555631782788,0.2549194991055456,1195,-0.00496286300696227
pos24,short,3,0.3426761824543355,0.4339779825066349,3504,-0.08009353122069363,-0.015715131295097967,0.2728310502283105,1106,0.012604625278405954
range_z,short,7,0.1559916083742214,0.5282595104012244,3487,-0.08036741476712206,-0.0159890148415264,0.2526527100659593,1330,-0.006514312212039807
tbi,long,3,-0.022338976727625456,-0.012210384745404146,3505,-0.08037230336818016,-0.03386795903173093,0.24964336661911554,953,-0.08267069824617702
tbi_z8,short,6,0.2813364839377423,0.594729385788001,3504,-0.08042867672168506,-0.016050276796089405,0.2622716894977169,1344,-0.0105013365415942
kyle_z,short,3,-0.6165577198776433,-0.3931294481442442,3487,-0.08071193822270815,-0.016333538297112496,0.2684255807284198,1130,0.021240583716443127
up_wick,long,6,0.31168247908829294,0.38185369713303974,3506,-0.08080832053069278,-0.03430397619424356,0.26269252709640617,1270,-0.09643895038012404
since_lo96,short,2,17.0,29.0,3307,-0.08086704694633469,-0.01648864702073903,0.24795887511339582,1259,-0.07251982920807185
range_per_trade,long,0,-inf,3.561150253952801e-08,3506,-0.08103451245526341,-0.03453016811881419,0.2649743297204792,2704,-0.18093590723430755
tbi_ma96,long,8,0.0023282091959895544,0.004727168356526261,3487,-0.08107450430874241,-0.03457015997229319,0.2443361055348437,1174,0.02198018420859982
close_loc,short,3,0.3193234732345267,0.4152889321017514,3506,-0.08129907820614239,-0.016920678280546733,0.26354820308043353,1200,0.007565523533986157
disp6,long,0,-inf,-1.6834686887506312,3506,-0.08143814243053406,-0.03493379809408483,0.2338847689674843,1542,-0.08866447015710535
pos96,short,9,0.8846847608338496,inf,3497,-0.08151362311818963,-0.017135223192593974,0.2587932513583071,1396,-0.08571164747084176
dow,long,3,3.0,4.0,4992,-0.08151555703068755,-0.035011212694238326,0.22796474358974358,1848,-0.16474691680784492
updn_ratio,long,3,0.4666666666666667,0.48333333333333334,3502,-0.08151585565180186,-0.035011511315352635,0.2601370645345517,1267,-0.016106665695247938
persist24,short,4,0.1377963948747015,0.180776828043532,3503,-0.08156342694517142,-0.017185027019575763,0.26234656009135027,1394,-0.024243537792106817
rpt_rank,long,5,0.49166666666666664,0.59375,3402,-0.08160012235654744,-0.035095778020098216,0.25749559082892415,1291,-0.02626804332846127
dn_wick,long,6,0.3270363951473087,0.3951497860199696,3506,-0.08170850021887023,-0.035204155882421005,0.25841414717626926,1226,-0.0792717545063598
body_frac,long,4,-0.16181666666667296,0.014493092405153733,3506,-0.08177382936592763,-0.0352694850294784,0.2589845978322875,1250,-0.08962842873930268
avg_trade_usd,short,6,4047.699592631681,4342.086941418071,3506,-0.08182134015116022,-0.017442940225564557,0.2612664004563605,928,0.06480432402996386
since_hi24,short,9,24.0,inf,4330,-0.08195560565785388,-0.017577205732258225,0.25011547344110857,1727,0.08777762028965728
atr_pct,long,6,0.009089933231022699,0.010249316622247874,3506,-0.08197065930420647,-0.03546631496775724,0.23958927552766685,677,-0.13847840644783127
absorb_z,short,9,0.4313355649722048,inf,3384,-0.0820319974273291,-0.01765359750173344,0.2653664302600473,1187,0.09913997149565135
rpt_rank,short,4,0.3875,0.49166666666666664,3442,-0.08209686485652315,-0.01771846493092749,0.2635095874491575,1351,-0.06964472104663812
hi_pos,short,0,-inf,0.01694915254237288,3482,-0.08210780978240484,-0.01772940985680918,0.2670878805284319,1356,-0.04295382555140742
ats_rank480,long,2,0.1875,0.29583333333333334,3419,-0.08220032170317194,-0.03569597736672272,0.26031003217315,1391,-0.10908014808861882
dq,long,3,-0.04458914513296056,-0.024317705863118037,3505,-0.08262612771715616,-0.036121783380706936,0.2485021398002853,950,-0.08259913459115463
since_lo96,short,6,69.0,80.0,3434,-0.08271311363279311,-0.018334713707197456,0.25713453698311006,1255,0.04342162660402756
tbi_ma8,short,0,-inf,-0.018818386316801782,3505,-0.08272296601221822,-0.018344566086622563,0.2781740370898716,2390,0.050274500365459655
range_z,short,1,-0.9242666783930248,-0.7376294946539196,3487,-0.08286266930269545,-0.018484269377099793,0.2807570977917981,1370,0.06102966207489543
up_wick,short,0,-inf,0.045400455566477205,3507,-0.08322308911664197,-0.018844689191046315,0.26803535785571714,1612,-0.05233549518278443
gap,short,0,-inf,-0.0005256444201350739,3507,-0.08346212497800429,-0.01908372505240863,0.27174222982606216,93,-0.17656559518623738
absorb,short,7,0.04892930902140555,0.08648769609378795,3505,-0.08361140553026869,-0.01923300560467303,0.25620542082738945,1109,-0.06518608519308103
ats_rank480,short,1,0.08541666666666667,0.1875,3395,-0.08372524400280718,-0.019346844077211517,0.2621502209131075,1297,0.008944358268162906
flow_eff,short,9,0.4775484580134577,inf,3507,-0.0837305867315216,-0.019352186805925944,0.22897063016823496,700,-0.051279481365875984
vol_per_trade_z,short,2,-0.9211101021177899,-0.599449330303958,3487,-0.08381885455310056,-0.019440454627504905,0.2592486377975337,1490,-0.03982202255554419
absorb_z,short,7,0.155054140759419,0.2458380340823236,3383,-0.08382233397041289,-0.01944393404481723,0.2601241501625776,1361,-0.03880152128886399
persist6,short,7,0.5340950208734936,0.6445022717573119,3505,-0.0839192030883457,-0.019540803162750045,0.26333808844507844,1291,-0.020520765114010877
body_frac,long,6,0.1857493857494002,0.3396197327851934,3506,-0.08413876501424952,-0.0376344206778003,0.2569880205362236,1108,-0.10519101389348076
accel,short,2,-1.0368807408413065,-0.6570460379436752,3504,-0.0845331367410153,-0.02015473681541964,0.2688356164383562,1196,-0.06044823709370108
tbi_z96,short,6,0.25357015988799886,0.5367000555695606,3487,-0.08456623116751193,-0.020187831241916268,0.2526527100659593,1388,-0.03835451396786914
atr_pct,short,6,0.009090094172472469,0.01024942468406817,3506,-0.08470817790330307,-0.02032977797770741,0.23331431831146607,677,0.07271557927465432
pos480,long,6,0.6480094049741114,0.7656027926285855,3458,-0.08473029082445291,-0.03822594648800368,0.2692307692307692,1671,-0.0007812025373836769
range_per_trade,long,7,7.000893944084364e-08,8.003482215454614e-08,3506,-0.08484549452524406,-0.03834115018879484,0.25385054192812323,599,-0.0010419722722883851
up_wick,short,2,0.09829461721160734,0.14700834775926805,3506,-0.0848588707249493,-0.02048047079935364,0.26183685111237875,1271,0.012364315675820118
dow,short,4,4.0,5.0,5016,-0.08488967872456217,-0.020511278798966512,0.22268740031897927,1848,0.0009760002990424814
dn_wick,short,4,0.20971610867337656,0.2663635487270247,3506,-0.08509783252938391,-0.02071943260378825,0.2629777524244153,1260,-0.04226687534088931
tbi_ma96,short,7,0.0005136500580760968,0.0023277562662960983,3487,-0.0852858904786196,-0.020907490553023947,0.25322626899913964,1250,-0.2030347511510016
range_per_trade,short,1,3.561189854428909e-08,4.1733435984832665e-08,3506,-0.08537212567154114,-0.020993725745945477,0.25213918996006845,2208,-0.006193966832788418
pos24,short,4,0.4339779825066349,0.5238716255241218,3504,-0.08542686345542164,-0.021048463529825978,0.2694063926940639,1133,-0.003999674188465668
since_hi96,short,5,51.0,64.0,3386,-0.08548442257834576,-0.021106022652750106,0.2554636739515653,1130,-0.1193151870035516
tbi_ma8,long,7,0.004512119316495432,0.008541640440331644,3504,-0.08549491314905036,-0.038990568812601135,0.2525684931506849,984,0.023353705672238018
to_lo24,short,0,-inf,0.8279213710270871,3504,-0.08556385602138368,-0.02118545609578802,0.2694063926940639,1737,0.024808757331247044
extreme_late,long,3,0.5254237288135594,0.6271186440677966,3503,-0.0855697975772388,-0.039065453240789576,0.2560662289466172,1222,-0.11096198358234188
disp6,long,5,0.021926954368482895,0.3091541052769138,3506,-0.08558668936796382,-0.039082345031514594,0.26383342840844265,1190,-0.031898909450878005
lo_pos,long,7,0.6949152542372882,0.8305084745762712,3339,-0.08561282470156245,-0.039108480365113225,0.2590595986822402,1345,-0.049550988531126765
atr_pct,long,0,-inf,0.004192425182040492,3507,-0.08569525878067889,-0.03919091444422967,0.33704020530367834,2442,0.1822318683055397
atr_rank,short,4,0.3541666666666667,0.45416666666666666,3407,-0.08579903970003945,-0.021420639774443792,0.2632814793073085,1253,-0.0908681881776742
to_hi480,short,7,15.763340824880512,19.857415104968066,3458,-0.08584123780669564,-0.021462837881099983,0.26576055523423947,1614,-0.03232083458792801
avg_trade_usd,long,8,4692.584237481968,5170.725481954918,3506,-0.08586097956591425,-0.039356635229465024,0.24700513405590416,1416,-0.03308980321369985
tbi_ma96,long,5,-0.0023368873113277914,-0.0009751635526630124,3488,-0.08590369570954759,-0.039399351373098364,0.268348623853211,987,0.04621214295511051
dq_z96,short,4,-0.26985816355629316,-0.01068549442727275,3487,-0.08600646181513748,-0.02162806188954182,0.2558072841984514,1373,0.003941099005407251
since_lo96,long,5,57.0,69.0,3291,-0.08634632202831892,-0.039841977691869694,0.27377696748708596,1194,-0.07409485961411472
extreme_late,short,7,0.8813559322033898,0.9491525423728814,3975,-0.08638924530257507,-0.022010845376979407,0.26163522012578616,1626,-0.00016584112390565815
tbi_z96,short,4,-0.2702588390595806,-0.01105336236326736,3487,-0.08643620873283805,-0.022057808807242396,0.25609406366504156,1372,0.0036663735990671103
body_frac,short,3,-0.31939118926071736,-0.1618149190938549,3506,-0.08656846021224603,-0.022190060286650368,0.26269252709640617,1204,-0.003925196502967433
rpt_z,short,9,1.3500519686476977,inf,3488,-0.08667963853433198,-0.022301238608736326,0.2505733944954128,1348,0.002674448985994263
efficiency,short,9,0.23908052986283718,inf,3507,-0.08670640429596956,-0.022328004370373897,0.25320786997433703,1499,-0.013530362581746752
close_loc,long,6,0.6112580645161226,0.7054320087495368,3505,-0.08676517229873588,-0.04026082796228666,0.26048502139800284,1214,-0.04828585183353409
pos96,short,7,0.7289782524642945,0.8091475781834429,3497,-0.08677150147999473,-0.022393101554399067,0.2590792107520732,967,0.0838690252289127
to_lo96,long,5,5.3512628736507395,6.4665393736021874,3497,-0.08681514698612085,-0.04031080264967162,0.2607949671146697,1275,0.0026430446187264375
disp6,short,9,1.7504242032518438,inf,3506,-0.08698292605703459,-0.02260452613143893,0.24158585282373074,1362,-0.07152575977501413
since_lo24,long,1,2.0,5.0,4164,-0.08718639250702413,-0.04068204817057491,0.2372718539865514,1605,-0.10920063241459979
to_hi24,long,1,0.6910526960955524,1.069518951221863,3504,-0.08732582639090487,-0.04082148205445565,0.2676940639269406,1332,-0.031021328698623576
wick_skew,short,8,0.26825203582388496,0.4212235850965798,3506,-0.08732782619304125,-0.02294942626744559,0.2572732458642327,1280,-0.1061313133551314
tbi,short,7,0.01765838010194851,0.029890186756446946,3506,-0.08735987304752892,-0.022981473121933257,0.2527096406160867,1087,-0.02448877243558543
tbi_ma8,short,8,0.008542463026192625,0.014432712735697854,3505,-0.08779577115388973,-0.02341737122829407,0.251925820256776,1229,-0.07356101281882836
dq,short,7,0.03541913385255056,0.05987438345504717,3506,-0.08789294780975904,-0.023514547884163378,0.2527096406160867,1087,-0.02484076563807946
since_hi96,short,7,77.0,87.0,3520,-0.08825417195951896,-0.023875772033923298,0.26647727272727273,1261,-0.022910473955433653
since_lo24,long,0,-inf,2.0,2568,-0.08835309122824685,-0.04184874689179762,0.24104361370716512,1116,-0.1273684403827599
to_hi480,short,5,10.436381472271139,13.05893454951212,3458,-0.08859444643041571,-0.024216046504820052,0.2484094852515905,1202,0.16001214848639156
avg_trade_usd,long,7,4342.099104745216,4692.584237481968,3506,-0.08871471283892293,-0.04221036850247371,0.25442099258414147,1113,-0.06813750708429708
kyle_z,long,2,-0.8631694963483705,-0.6165680224379346,3488,-0.08877042302884744,-0.042266078692398214,0.27379587155963303,1256,-0.016770552955128366
dq_z96,short,8,0.8563002867541543,1.30273320230062,3487,-0.08879340114232687,-0.024415001216731208,0.25379982793232003,1336,-0.000979438642503046
kyle,short,9,5.852771431389315e-07,inf,3507,-0.08885122889961033,-0.024472828974014676,0.22041631023666952,139,-0.18064347698722816
dn_wick,long,9,0.5995633614650212,inf,3507,-0.08888571853557406,-0.042381374199124834,0.25805531793555747,1204,-0.08018145866168856
absorb,long,1,-0.22605930052488984,-0.11164010826817643,3505,-0.08894608640436552,-0.042441742067916295,0.2624821683309558,1437,-0.10318059372977362
range_rank,long,3,0.2791666666666667,0.38125,3388,-0.089022007867413,-0.04251766353096378,0.2694805194805195,1298,-0.11624171287416338
tbi_ma8,long,2,-0.013168451385489405,-0.009022486686052442,3504,-0.08903645739242268,-0.04253211305597345,0.2454337899543379,1031,-0.10541642653460453
vol_of_vol,short,3,-0.6296096585593847,-0.4689930327664819,3455,-0.08924352159383028,-0.024865121668234624,0.2671490593342981,1156,0.07653706598026098
persist24,long,7,0.2815089382415483,0.35036233545797796,3504,-0.08924819254226575,-0.042743848205816524,0.2534246575342466,1349,0.002207204970965301
accel,short,1,-1.5948171643547029,-1.0368807408413065,3504,-0.0894502134900672,-0.025071813564471537,0.2639840182648402,1328,-0.06693834997598797
tbi_ma96,short,3,-0.005084937042126928,-0.003707044781186644,3487,-0.08950144427558318,-0.025123044349987522,0.2635503297963866,911,0.026186492726076833
dq_z96,short,6,0.2535013432823252,0.5365943278559496,3487,-0.08966846728729239,-0.025290067361696728,0.25064525379982794,1383,-0.03324022867591385
to_lo24,long,4,1.9445834647162197,2.337704760328866,3503,-0.0896727862953055,-0.04316844195885628,0.2646303168712532,1201,-0.12010266636103113
disp96,short,4,-1.2279762556366003,0.32595998432668083,3496,-0.0899320879974682,-0.02555368807187254,0.24513729977116705,1429,0.03151765989941108
pos24,long,2,0.2573692184087053,0.34266699416718804,3504,-0.08996049695585714,-0.04345615261940792,0.24914383561643835,1130,-0.06816173961728425
to_hi480,long,2,3.930572630505982,5.788681426549066,3458,-0.08997737947336382,-0.04347303513691459,0.2611336032388664,1013,0.01006363685304845
since_lo480,short,2,90.0,161.0,3477,-0.09008386616329049,-0.025705466237694832,0.2505033074489502,1437,-0.21859623606891954
persist24,short,9,0.4468544318124887,inf,3504,-0.09019488434894672,-0.025816484423351063,0.23715753424657535,1198,0.14271405388637068
atr_pct,long,3,0.006396906787268733,0.00731598764376302,3506,-0.09028184672959334,-0.04377750239314412,0.27609811751283514,1657,-0.0736452679920969
rv_vs_range,short,0,-inf,0.47883511874954654,3507,-0.09063882348480048,-0.026260423559204826,0.24550898203592814,1224,-0.044894959299522356
dn_wick,short,1,0.04766207470645823,0.10449709943120167,3506,-0.09083610891506656,-0.026457708989470904,0.255561893896178,1441,-0.03880135716573698
pos96,long,0,-inf,0.15526856900226046,3497,-0.09086096176026627,-0.044356617423817045,0.23391478410065772,1517,-0.15388076659780367
range_rank,short,2,0.17916666666666667,0.2791666666666667,3447,-0.09094577386863614,-0.026567373943040484,0.2790832608064984,1284,-0.0028193091779036444
to_lo96,long,3,3.3850475717705475,4.369702157390544,3497,-0.09123818394028792,-0.04473383960383869,0.2536459822705176,1366,-0.07959146965259735
efficiency,short,6,0.12520428512774626,0.15277027221402492,3506,-0.09137601663012584,-0.026997616704530186,0.26012549914432403,1275,-0.004948376020197964
atr_rank,long,4,0.3541666666666667,0.45416666666666666,3407,-0.09140001157015487,-0.044895667233705645,0.2729674200176108,1253,0.025467323119444215
ats_z96,short,1,-1.3169099297493563,-0.9176544284320516,3487,-0.09148555145246495,-0.027107151526869294,0.2589618583309435,1399,-0.04642718776768068
persist6,long,2,0.13242656199794475,0.20128478488927717,3506,-0.09159414915746726,-0.045089804821018035,0.25841414717626926,1249,-0.11762704842457636
ats_z96,long,0,-inf,-1.3169175502454016,3487,-0.09183929848097949,-0.045334954144530266,0.2549469457986808,1075,-0.14132523016401471
ats_rank480,long,1,0.08541666666666667,0.1875,3395,-0.09196649801179607,-0.045462153675346846,0.2539027982326951,1297,-0.088994751282287
vol_per_trade_z,short,0,-inf,-1.3281511168703277,3488,-0.09197078373028401,-0.027592383804688356,0.2646215596330275,1025,-0.013934427719457179
since_lo24,short,2,5.0,8.0,3459,-0.09202240213710111,-0.027644002211505453,0.2489158716392021,1223,0.019794413102275858
disp24,long,6,0.7652747756350986,1.533667174853768,3503,-0.0920532305573446,-0.045548886220895375,0.2726234656009135,1199,-0.054776699484604036
kyle_z,short,4,-0.3931294481442442,-0.1757579127050315,3487,-0.09225215819169051,-0.027873758266094853,0.26068253513048467,1159,-0.06047442045177536
kyle,long,0,-inf,1.9917294923252175e-07,3506,-0.09229622951788405,-0.04579188518143482,0.30889903023388476,3687,0.03140611732238761
ats_z96,short,4,-0.33033572740851413,-0.06547412471212036,3487,-0.09233510571601176,-0.027956705790416106,0.26412388872956694,1312,0.011563208714503389
tbi_z96,short,8,0.8560846330435818,1.302913670211715,3487,-0.0923780864164518,-0.027999686490856143,0.25351304846572986,1338,-0.001530745631171811
to_lo96,short,0,-inf,1.5485306044114806,3497,-0.09257337257571559,-0.02819497265011993,0.2530740634829854,1489,-0.10513627854401426
dq,short,0,-inf,-0.10317748476277525,3507,-0.09278500573408319,-0.02840660580848753,0.2725976618192187,2216,-0.0003406006081550039
disp6,short,1,-1.6834543969688873,-0.9936216079275437,3506,-0.09299892666415877,-0.028620526738563107,0.27067883628066175,1369,-0.048710629631202346
trade_intensity,long,0,-inf,0.40130199051948645,3497,-0.09322435482707979,-0.04672001049063056,0.29453817557906775,1991,0.014962351073802246
since_lo96,short,5,57.0,69.0,3292,-0.09332299814280647,-0.028944598217210807,0.2603280680437424,1194,0.06609706974638396
to_hi96,short,5,4.5430461572995515,5.4801323708916945,3497,-0.09339568003272221,-0.02901728010712655,0.26537031741492706,1052,-0.061575390298130486
range_z,long,2,-0.737633198305307,-0.5883323895550366,3487,-0.09346523158493965,-0.04696088724849042,0.27416117006022367,1132,-0.05569726700199465
tbi,short,0,-inf,-0.051623816506091734,3507,-0.09354223957493886,-0.0291638396493432,0.27231251782149984,2220,0.003111782140062956
accel,short,9,1.5967084047535105,inf,3504,-0.0935576076610496,-0.029179207735453946,0.2334474885844749,1449,0.02979920826765833
dq_z96,long,1,-1.2853361020720167,-0.8517886131366134,3487,-0.09386815811868661,-0.047363813782237384,0.25437338686550043,1270,-0.05088953040496366
accel,long,5,-0.013047116762682831,0.2983021639728543,3504,-0.09403416527376984,-0.04752982093732062,0.2614155251141553,1186,-0.005286209424205055
range_per_trade,short,6,6.279389418209647e-08,7.000995798821425e-08,3506,-0.09413683769944113,-0.029758437773845473,0.2586993725042784,956,-0.09851050861293477
to_lo24,short,2,1.2271094865673353,1.587703478381483,3504,-0.09421699071145001,-0.029838590785854352,0.2725456621004566,1098,-0.07511583632624896
rv_vs_range,short,1,0.47883511874954654,0.5350160273516221,3506,-0.0945207826001105,-0.030142382674514842,0.25213918996006845,1161,-0.004975241204104913
persist24,long,0,-inf,0.03281656998116185,3504,-0.09457670264063232,-0.0480723583041831,0.261986301369863,1233,0.018817090411670664
extreme_late,short,9,0.9830508474576272,inf,4616,-0.09474932275736268,-0.030370922831767025,0.2571490467937608,1574,0.021308994783584438
absorb,short,8,0.08648769609378795,0.17190114491252298,3505,-0.09475176191352139,-0.03037336198792573,0.2559201141226819,1453,-0.02494913015718734
tbi_z96,short,0,-inf,-1.2846873748346943,3488,-0.09513474996131219,-0.03075635003571653,0.2672018348623853,1265,0.014138704279613895
dq_z96,short,0,-inf,-1.2852942743569526,3488,-0.09514162687857312,-0.030763226952977465,0.2672018348623853,1266,0.015665339963711552
kyle_z,long,1,-1.17081302243995,-0.8631694963483705,3487,-0.09520263619985676,-0.04869829186340754,0.27530828792658446,1178,-0.0021231031213989286
persist96,short,4,0.07498273459249681,0.0972005536779355,3496,-0.09530625606543866,-0.030927856139843002,0.2628718535469107,1163,-0.03539332383826221
pos24,short,5,0.5238716255241218,0.6138265940314108,3504,-0.09551844159166073,-0.03114004166606507,0.2631278538812785,1209,-0.043685905419390846
to_lo480,short,3,8.391524545597045,10.629241191706413,3459,-0.09583439944935351,-0.031455999523757855,0.23561723041341429,1257,-0.1842581657490541
persist96,short,1,0.017162924340704388,0.0350507635982562,3497,-0.0960438894524521,-0.03166548952685644,0.26022304832713755,1498,0.045491122848829835
up_wick,long,5,0.2519004837595062,0.31168247908829294,3507,-0.09613260615245979,-0.049628261816010565,0.25434844596521244,1222,-0.08816791039808024
rpt_z,short,4,-0.34746956214921554,-0.10236367834760443,3487,-0.09614461133514089,-0.031766211409545234,0.25838829939776314,1265,-0.05898150382846907
kyle_z,long,0,-inf,-1.17081302243995,3487,-0.09618615096266253,-0.049681806626213305,0.2841984513908804,1483,-0.05884039195008057
vol_per_trade_z,short,1,-1.3281511168703277,-0.9211101021177899,3487,-0.09628279874194971,-0.031904398816354054,0.2624032119300258,1384,-0.0487391147036802
to_hi24,short,7,3.0679071192608287,3.7475928911259198,3504,-0.09628297368665487,-0.03190457376105921,0.254851598173516,1231,0.05600653624824177
pos96,short,4,0.435477636922999,0.531609718917311,3497,-0.09639420904622593,-0.032015809120630276,0.2599370889333715,1221,-0.20487044032813884
m1_jump,short,5,0.2153690456514209,0.2412041218083985,3507,-0.0966280456391784,-0.03224964571358274,0.2571998859424009,1358,-0.024651039453922927
flow_eff,long,5,0.07380423579691525,0.11177071109329727,3506,-0.0966484196388232,-0.050144075302373976,0.2558471192241871,1206,-0.13112609151717292
tbi_z96,long,1,-1.2846976975527835,-0.85194811165027,3487,-0.09689929811693956,-0.05039495378049034,0.25351304846572986,1273,-0.051296089990734976
range_rank,short,5,0.4875,0.5916666666666667,3413,-0.09731012281418287,-0.032931722888587214,0.2493407559331966,1243,-0.004476668104183905
range_per_trade,short,2,4.1733435984832665e-08,4.6919988797533767e-08,3506,-0.09754182493628544,-0.03316342501068978,0.257843696520251,1890,-0.03783588504052913
pos96,short,2,0.24509526780626545,0.34025904785598093,3497,-0.09754260318719682,-0.03316420326160116,0.2665141549899914,1414,0.018901989241049574
disp96,long,7,3.758051344626261,6.059619357675194,3496,-0.0977426326245431,-0.05123828828809387,0.2694508009153318,1304,-0.010639266523543781
since_hi96,short,6,64.0,77.0,3672,-0.09780971842084137,-0.03343131849524571,0.264161220043573,1241,-0.1252230979621237
vol_of_vol,long,5,-0.3024502890653504,-0.09352258062790189,3456,-0.09784904691676267,-0.05134470258031345,0.2534722222222222,1124,0.06355451904940143
disp24,long,4,-0.5937078086085662,0.09164073869890149,3504,-0.09808545557577221,-0.051581111239322984,0.2656963470319635,1171,0.009362890175535855
tbi_ma8,long,1,-0.018818397966687696,-0.013168451385489405,3505,-0.09811146217147257,-0.05160711783502334,0.25278174037089873,1186,-0.10589353782147316
pos96,short,3,0.34025904785598093,0.435477636922999,3496,-0.0983017212605223,-0.03392332133492665,0.2528604118993135,1202,-0.16099447643887502
atr_pct,short,2,0.005461810223244553,0.006396923289682869,3506,-0.09844868403589045,-0.03407028411029479,0.2809469480889903,1986,0.056140829225606904
to_hi96,long,4,3.7001787070528684,4.543281481678418,3496,-0.09856463064885755,-0.052060286312408326,0.2465675057208238,1222,-0.025160325246690807
vol_per_trade_z,short,5,-0.059948991738514215,0.21831119928444084,3487,-0.0985753033298852,-0.03419690340428955,0.2546601663320906,1301,-0.018862401630812018
to_lo24,short,5,2.337871034437379,2.791505114091302,3504,-0.09868815400377112,-0.034309754078175464,0.2699771689497717,1255,0.03815759495308154
lo_pos,short,6,0.5423728813559322,0.6949152542372882,3866,-0.09873705865858158,-0.03435865873298592,0.25193998965338854,1445,-0.005031794196818093
since_hi24,short,6,17.0,20.0,3603,-0.09882283742564726,-0.034444437500051606,0.26699972245351095,1245,-0.013970624148620098
wick_skew,short,9,0.4212235850965798,inf,3507,-0.09923858423068906,-0.0348601843050934,0.2566295979469632,1314,0.02018250965182393
kyle_z,short,7,0.3485958940155352,0.722335800968631,3487,-0.09928129328291209,-0.03490289335731643,0.24376254660166333,1344,-0.023327313734896733
absorb_z,short,3,-0.10245042037269599,-0.03141898858877637,3383,-0.09941493978499504,-0.03503653985939938,0.2488915164055572,1325,-0.10590865950004226
body_frac,short,5,0.01451549739676904,0.18577061188152902,3506,-0.09950842569482354,-0.035130025769227885,0.25641756988020536,1164,0.0582225235479917
accel,long,6,0.2983021639728543,0.6428900914746521,3503,-0.099861966276808,-0.05335762194035878,0.258635455324008,1265,-0.07824999711740031
tbi_ma8,long,0,-inf,-0.018818397966687696,3505,-0.1000073476380147,-0.05350300330156547,0.2630527817403709,2390,-0.1750762132120599
to_hi96,short,8,7.9476361267029745,10.230356126877915,3497,-0.10063328621467517,-0.03625488628907951,0.255075779239348,1687,-0.09312156281602686
tbi_z8,short,8,0.9246891765148839,1.3380143617497602,3505,-0.1008179052170807,-0.03643950529148504,0.25221112696148357,1251,-0.04380585740765086
lo_pos,short,0,-inf,0.01694915254237288,3407,-0.10092192482602516,-0.0365435249004295,0.2582917522747285,1333,-0.03677757910888997
tbi_z8,short,0,-inf,-1.3254464289578085,3505,-0.10145363895246015,-0.03707523902686449,0.2550641940085592,1315,-0.05063520060170353
to_lo96,short,8,9.337047202581,11.422037081415512,3497,-0.10177409379290639,-0.03739569386731073,0.26394052044609667,941,0.24515432519899352
to_hi96,long,5,4.543281481678418,5.480410756121606,3497,-0.10183493407206096,-0.05533058973561173,0.24907063197026022,1052,0.005600911811817028
range_z,short,2,-0.7376294946539196,-0.5883271180640512,3487,-0.10190030752095866,-0.037521907595363,0.26383710926297677,1132,0.008390735392701541
trade_intensity,long,1,0.40130199051948645,0.5066014110186617,3497,-0.1021731619746133,-0.05566881763816408,0.27023162710895055,1354,-0.05721600710520322
kyle,short,0,-inf,1.991729681506299e-07,3507,-0.10268866038371986,-0.038310260458124204,0.29911605360707155,3687,-0.06317460369405722
range_z,long,0,-inf,-0.9242715696217716,3487,-0.10270429134247051,-0.05619994700602129,0.28018353885861774,1550,0.03649395257144285
hi_pos,short,9,0.9491525423728814,inf,3651,-0.1027709255685289,-0.038392525642933245,0.2522596548890715,1280,-0.015593886615890742
gap,short,2,-0.00014045757203804413,0.0,2112,-0.10410695128140715,-0.03972855135581149,0.25047348484848486,723,0.16224834165096322
to_hi24,long,8,3.747608343951706,4.732464604350406,3504,-0.10427273786456204,-0.05776839352811281,0.2317351598173516,1334,0.04219475045031097
tbi_ma24,long,7,0.00203478883607623,0.004726592384977097,3502,-0.10454960588094948,-0.05804526154450026,0.251284980011422,1125,0.09430295103611999
persist6,short,6,0.438181587200677,0.5340950208734936,3506,-0.1045752646227016,-0.04019686469710594,0.2547062179121506,1355,-0.041296426528794825
persist96,long,4,0.07498374680165537,0.0972032403751838,3497,-0.10458698573498731,-0.05808264139853809,0.25822133257077495,1163,-0.0004095702419186231
dow,short,6,6.0,inf,5016,-0.10494210492990763,-0.04056370500431197,0.3092105263157895,1847,-0.12558890911332926
dn_wick,long,5,0.2663719572671375,0.3270363951473087,3507,-0.10499922577282823,-0.05849488143637901,0.24237239806102082,1229,-0.05366167242958947
since_lo480,long,2,90.0,161.0,3477,-0.10527224146291642,-0.05876789712646719,0.2384239286741444,1437,0.2013430805836906
accel,short,8,1.0402494129586994,1.5967084047535105,3504,-0.1056736440282794,-0.041295244102683745,0.2437214611872146,1313,0.003062813254433505
since_lo480,short,0,-inf,35.0,3442,-0.10574935782229601,-0.04137095789670035,0.2106333527019175,1586,0.18798626914615227
wick_skew,short,4,-0.09271729796812317,-0.009940357852846693,3506,-0.10582940422588039,-0.04145100430028473,0.25413576725613235,1290,0.01246645519363955
range_z,long,3,-0.5883323895550366,-0.4379700618729872,3487,-0.10619417713797476,-0.05968983280152553,0.2581015199311729,1141,-0.025339397727250072
dq_cum24,long,7,0.1003500747004927,0.22991283317115657,3502,-0.10633548624690642,-0.05983114191045719,0.2501427755568247,1123,0.09440998544897705
is_weekend,long,1,1.0,inf,10032,-0.1063659288065245,-0.05986158447007527,0.2874800637958533,3695,0.04398655449480083
vol_of_vol,long,1,-0.9974371440644441,-0.7845097013382104,3456,-0.10666333994730716,-0.060158995610857934,0.29398148148148145,1306,-0.1439047015409369
pos96,short,1,0.15527109670994352,0.24509526780626545,3497,-0.10682076035995537,-0.04244236043435971,0.25421790105804976,1387,0.08778097971820235
to_lo480,short,4,10.629241191706413,12.951503617570971,3458,-0.10699380826623157,-0.042615408340635916,0.2458068247541932,1280,-0.17617817817522474
disp96,short,6,1.9182092776895436,3.7580507358397117,3497,-0.10704542205307994,-0.042667022127484286,0.2496425507577924,1261,-0.03496051405043979
to_lo24,long,2,1.2270510714388894,1.587641359884508,3504,-0.10729047415643578,-0.06078612981998655,0.24942922374429224,1097,-0.015328006378453305
since_lo96,short,1,6.0,17.0,3881,-0.10742437125120989,-0.04304597132561423,0.2275186807523834,1438,0.08600115033755111
rpt_rank,short,7,0.6958333333333333,0.7979166666666667,3394,-0.10747875460388732,-0.043100354678291666,0.2536829699469652,1263,-0.026090142379458437
range_per_trade,long,8,8.003482215454614e-08,9.80293835338688e-08,3506,-0.1074916860978667,-0.06098734176141748,0.2418710781517399,326,-0.023480721852894404
disp96,long,2,-4.833783294287331,-3.008800683556715,3497,-0.1075249416672646,-0.06102059733081538,0.24049185015727767,1087,0.04018358775752963
since_lo24,short,3,8.0,11.0,3185,-0.10753772290109603,-0.043159322975500375,0.24521193092621665,1151,0.03420498653848363
disp24,short,1,-3.5580314119756964,-2.240741128178159,3504,-0.10857217943990706,-0.0441937795143114,0.24914383561643835,1380,0.03216779246816777
tbi_ma24,long,2,-0.009374974065361892,-0.0066672680435025215,3502,-0.10858353015799682,-0.062079185821547596,0.24957167332952598,1073,-0.17941167538953962
to_hi24,short,4,1.7428253121422745,2.118727684054666,3504,-0.10860960490818809,-0.044231204982592434,0.2659817351598174,1157,-0.0999445041228213
since_lo480,short,7,406.0,447.0,3468,-0.10875854872123011,-0.044380148795634455,0.25720876585928487,1441,-0.01627794873230256
pos480,short,7,0.7656026991099815,0.8484917556145074,3458,-0.10905841723206357,-0.04468001730646791,0.25303643724696356,1067,0.03754387678387851
dq_cum24,long,2,-0.44737522688688486,-0.31673378897660676,3502,-0.11000522352258583,-0.06350087918613662,0.24928612221587665,1080,-0.17495590313058204
ats_z96,short,5,-0.06547412471212036,0.22222986023849284,3487,-0.11161666912062644,-0.04723826919503078,0.25293948953254947,1339,-0.05198248770119386
tbi_ma24,long,1,-0.012937390180558906,-0.009374974065361892,3501,-0.1119368475068113,-0.06543250317036206,0.2419308768923165,1228,-0.16733427980308355
dq_cum24,long,1,-0.6181912306301451,-0.44737522688688486,3501,-0.11196841309321738,-0.06546406875676816,0.2419308768923165,1230,-0.16770130860431046
since_hi96,long,6,64.0,77.0,3672,-0.11268008382976694,-0.0661757394933177,0.24836601307189543,1241,-0.029301508765823735
to_hi480,long,8,19.85761641763822,26.50988731005353,3458,-0.11310297306376833,-0.06659862872731911,0.26200115673799884,1374,-0.019960413039952104
vol_of_vol,short,7,0.1813622924605277,0.6217996138273229,3456,-0.11360479691463864,-0.04922639698904298,0.24623842592592593,1322,-0.04261317831046588
since_hi24,short,7,20.0,22.0,2801,-0.11381226602689189,-0.04943386610129623,0.2606212067118886,1024,0.021533982679916686
rpt_rank,short,8,0.7979166666666667,0.9020833333333333,3369,-0.11390507667971685,-0.04952667675412119,0.2466607301869991,1326,-0.05076363481850661
flow_eff,short,2,0.0010063727858237964,0.0234836648339376,3507,-0.11546990921154708,-0.05109150928595142,0.28457370972341034,2084,-0.062147984149102484
close_loc,long,2,0.22428556379889003,0.31931464174455076,3507,-0.11558545222003293,-0.06908110788358371,0.24436840604505275,1251,0.005315963583310956
is_weekend,short,1,1.0,inf,10032,-0.11630634849694399,-0.05192794857134833,0.28897527910685805,3695,-0.09016563076041188
body_frac,short,8,0.49075517371612065,0.6528796977583575,3506,-0.11641791137376216,-0.0520395114481665,0.24957216200798632,1282,-0.0003337916368389637
rpt_z,short,8,0.8133247665916072,1.3500519686476977,3487,-0.11681012943063124,-0.05243172950503558,0.2446228850014339,1278,-0.010655969592240012
tbi_ma96,long,2,-0.006637826057636291,-0.005085127905127325,3488,-0.11700272889491299,-0.07049838455846377,0.25344036697247707,1003,-0.016305803035373424
since_hi96,short,4,37.0,51.0,3627,-0.11756000845182779,-0.05318160852623213,0.24400330851943755,1290,0.053144815180714684
to_lo96,short,2,2.4384153083114217,3.385109449380178,3497,-0.11767144282631858,-0.053293042900722926,0.2533600228767515,1392,0.0881189632807857
m1_jump,short,0,-inf,0.13225910056626322,3507,-0.11810790391053143,-0.05372950398493577,0.2352437981180496,1093,0.01235440944918005
trade_intensity,long,2,0.5066014110186617,0.5970873748695325,3496,-0.11879010015537315,-0.07228575581892394,0.2534324942791762,1159,-0.08557587821801883
pos96,long,2,0.24509346669470725,0.3402508190855985,3496,-0.11913930843357776,-0.07263496409712852,0.2448512585812357,1414,0.027519971313746998
persist96,short,3,0.054245770932535124,0.07498273459249681,3497,-0.11925043408677184,-0.054872034161176184,0.251644266514155,1321,-0.12275120467582668
to_hi24,short,5,2.118727684054666,2.547870786479728,3504,-0.11932476669236966,-0.054946366766774,0.2634132420091324,1153,0.01076687119561125
absorb_z,short,8,0.2458380340823236,0.4313355649722048,3383,-0.1197015769981659,-0.05532317707257024,0.25066509015666566,1092,0.09865493820922923
disp24,long,5,0.09164073869890149,0.7652747756350986,3504,-0.12044021877944568,-0.07393587444299646,0.2577054794520548,1142,0.0022155536634188453
up_wick,short,9,0.5815584876536983,inf,3507,-0.12074362264779773,-0.05636522272220207,0.25007128599942974,1272,0.005193769182398257
avg_trade_usd,short,0,-inf,2527.7068366394697,3507,-0.12106816545392904,-0.05668976552833338,0.2512118619903051,1608,0.04116094415881813
avg_trade_usd,short,3,3164.6974361830057,3470.681517760393,3506,-0.12127996517639471,-0.05690156525079905,0.24329720479178552,936,0.04898161445300391
to_hi480,short,8,19.857415104968066,26.50986602446271,3458,-0.12175191618469547,-0.05737351625909981,0.2591093117408907,1374,0.06601600280534071
range_rank,short,4,0.38125,0.4875,3423,-0.12258298833547708,-0.05820458840988142,0.24685947998831434,1264,-0.018602556525896537
trade_intensity,short,0,-inf,0.401303194601366,3497,-0.12339265853607193,-0.05901425861047627,0.2822419216471261,1991,-0.03025700065273852
to_hi480,short,1,2.2203594036683163,3.930694693715147,3458,-0.12392588938839483,-0.05954748946279917,0.23105841526894158,969,-0.22937101274513988
updn_ratio,short,1,0.42105263157894735,0.45,2814,-0.12400800449375178,-0.05962960456815612,0.2523098791755508,1026,-0.014368254450665046
ats_rank480,short,5,0.5083333333333333,0.6166666666666667,3430,-0.12402140791947062,-0.059643007993874966,0.24985422740524782,1303,-0.014633156472606395
since_lo96,long,4,43.0,57.0,3643,-0.12426332366355836,-0.07775897932710912,0.25940159209442765,1338,0.023869839901330993
vol_of_vol,short,6,-0.09348710212023338,0.1813622924605277,3455,-0.12452881549512074,-0.06015041556952508,0.24081041968162084,1207,-0.054058552438590465
pos96,long,1,0.15526856900226046,0.24509346669470725,3497,-0.124600689307025,-0.07809634497057577,0.23448670288818987,1387,-0.21907599101396305
to_lo480,short,8,22.06864870471782,29.05913887488144,3458,-0.12507747931614874,-0.06069907939055308,0.25795257374204744,1207,0.02674920445409888
since_hi480,short,7,356.0,419.0,3462,-0.12512773550065753,-0.060749335575061875,0.24003466204506066,1544,-0.08219745221320512
since_lo96,long,3,29.0,43.0,3548,-0.12518322564257894,-0.07867888130612971,0.2564825253664036,1309,-0.04392132989735571
dq,short,9,0.09473102554263181,inf,3507,-0.12543298791030794,-0.06105458798471228,0.25919589392643283,2208,-0.031489489261285586
persist24,long,1,0.03281656998116185,0.06551730869918868,3504,-0.12565973834216437,-0.07915539400571514,0.2557077625570776,1237,-0.0059641511368787176
since_hi24,short,8,22.0,24.0,3601,-0.12591138181725178,-0.061532981891656124,0.24881977228547625,1386,0.07994007674902989
tbi,short,9,0.04729801190540806,inf,3507,-0.12670386806935405,-0.06232546814375839,0.258910749928714,2212,-0.02991189108649714
to_hi480,long,7,15.763670945209713,19.85761641763822,3458,-0.1270449292265411,-0.08054058489009186,0.24696356275303644,1614,-0.2761284265088838
dow,short,5,5.0,6.0,5016,-0.12767059206398038,-0.06329219213838472,0.2687400318979266,1848,-0.05476152084816168
since_hi480,short,5,212.0,280.0,3446,-0.12767373653754419,-0.06329533661194853,0.2498549042367963,1060,0.16786486511167395
avg_trade_usd,short,5,3754.935438762922,4047.699592631681,3506,-0.12775467703609486,-0.0633762771104992,0.24900171135196805,853,-0.01063858376211554
disp96,short,3,-3.0086967463647425,-1.2279762556366003,3497,-0.12806083458823198,-0.06368243466263632,0.24134972833857593,1297,-0.14749475580232627
to_lo24,long,3,1.587641359884508,1.9445834647162197,3504,-0.1281478283806365,-0.08164348404418728,0.2508561643835616,1140,-0.001146772857484962
rpt_rank,short,9,0.9020833333333333,inf,3471,-0.12872088453017205,-0.0643424846045764,0.23710746182656295,1311,-0.05832523494524388
persist96,short,0,-inf,0.017162924340704388,3497,-0.12887152831210696,-0.0644931283865113,0.23448670288818987,1573,0.05757338564395922
pos480,long,0,-inf,0.15715472892758212,3459,-0.12951550631273762,-0.08301116197628838,0.23214801965886095,1385,-0.1225801017140005
since_lo480,long,3,161.0,232.0,3453,-0.12963331693215463,-0.0831289725957054,0.2351578337677382,1332,0.13248849380360994
to_hi96,short,7,6.54733807871985,7.9476361267029745,3497,-0.13030809376380828,-0.06592969383821262,0.255075779239348,1398,-0.14214652391291793
disp96,long,3,-3.008800683556715,-1.2287620414505795,3496,-0.13219935299882365,-0.08569500866237442,0.22711670480549198,1296,-0.15870971796945774
absorb_z,long,5,0.04281834112683909,0.10212565176721522,3384,-0.13331508601187364,-0.08681074167542441,0.23729314420803782,1322,-0.05996580595857852
vol_of_vol,short,4,-0.4689930327664819,-0.30243465266710984,3456,-0.1348418824346275,-0.07046348250903184,0.24189814814814814,946,-0.02349470986874839
updn_ratio,short,9,0.576271186440678,inf,3589,-0.1351629252993347,-0.07078452537373905,0.23989969350794094,1538,-0.034521618662703105
atr_pct,short,8,0.012094503040731572,0.015125020855371594,3506,-0.1352255940491963,-0.07084719412360063,0.2076440387906446,430,0.34472660829784646
to_lo480,long,1,3.6756425379750324,6.187450383506311,3458,-0.13565140229554304,-0.0891470579590938,0.197513013302487,1491,-0.06795110912114243
range_rank,long,0,-inf,0.08541666666666667,3391,-0.13601910211750462,-0.08951475778105539,0.2907696844588617,1267,0.05142554149549626
absorb_z,long,6,0.10212565176721522,0.155054140759419,3383,-0.13703876064689263,-0.0905344163104434,0.240910434525569,1537,0.010585042883211703
atr_rank,short,5,0.45416666666666666,0.5583333333333333,3462,-0.13775027684983665,-0.07337187692424099,0.24003466204506066,1251,-0.12965887375967378
to_lo96,long,6,6.4665393736021874,7.822571754098701,3497,-0.13809078962152024,-0.09158644528507101,0.2422076065198742,1367,-0.046643268130654975
tbi_ma8,short,9,0.014432712735697854,inf,3505,-0.1381608111357291,-0.07378241121013343,0.24308131241084166,2201,-0.06763707675830251
dq_cum24,short,0,-inf,-0.6181879479864767,3502,-0.13866014757833206,-0.0742817476527364,0.24785836664762992,2209,0.04463293058943583
tbi_ma24,short,0,-inf,-0.012937211765557944,3502,-0.13912660519739684,-0.07474820527180118,0.24757281553398058,2207,0.04430705974180802
disp96,short,5,0.32595998432668083,1.9182092776895436,3497,-0.1400102074861725,-0.07563180756057683,0.23162710895052901,1481,0.10577240831484463
since_hi96,long,8,87.0,94.0,3438,-0.14067410098228617,-0.09416975664583693,0.24665503199534614,1345,-0.0980289693054125
persist96,long,6,0.12223983493601519,0.1515034870282127,3496,-0.1415215960866107,-0.09501725175016146,0.24628146453089245,1193,-0.07846834492791563
avg_trade_usd,short,4,3470.681517760393,3754.935438762922,3506,-0.1429443488959969,-0.07856594897040123,0.24244152880775813,786,-0.061452712264347537
dow,long,6,6.0,inf,5016,-0.1436265914212674,-0.09712224708481818,0.2956539074960128,1847,0.004880164238442139
since_hi96,long,7,77.0,87.0,3520,-0.14405523390465763,-0.0975508895682084,0.2474431818181818,1261,-0.1158728278514832
since_lo480,short,6,355.0,406.0,3431,-0.1455412930320949,-0.08116289310649924,0.25444476828912854,1229,0.14798043161337693
disp24,short,2,-2.240741128178159,-1.3425891492174908,3504,-0.14610538936475898,-0.08172698943916332,0.24429223744292236,1241,0.022140176390043897
to_hi480,short,3,5.788797302464357,7.824484244857407,3459,-0.1474325336691059,-0.08305413374351023,0.2471812662619254,1321,-0.08380321612032958
atr_pct,long,4,0.00731598764376302,0.008167752622716812,3506,-0.14749212988669874,-0.10098778555024951,0.25442099258414147,1120,-0.04463530927218277
ats_rank480,long,0,-inf,0.08541666666666667,3399,-0.14787926688084743,-0.1013749225443982,0.23536334215945867,1314,-0.12235232615973965
since_hi480,short,9,463.0,inf,3492,-0.14834717151827043,-0.08396877159267477,0.25286368843069873,1940,0.1511342179363474
since_hi480,short,6,280.0,356.0,3468,-0.14969428326250347,-0.08531588333690782,0.2298154555940023,1187,0.011802654070429906
persist96,long,7,0.1515034870282127,0.1886572529632356,3496,-0.1510772838954166,-0.10457293955896738,0.23684210526315788,1388,-0.0714586879531746
since_hi480,long,7,356.0,419.0,3462,-0.15111473120390737,-0.10461038686745813,0.22357019064124783,1544,0.1490295918665167
persist96,short,2,0.0350507635982562,0.054245770932535124,3496,-0.15251700654451292,-0.08813860661891726,0.2408466819221968,1389,-0.03284797706538426
atr_pct,short,0,-inf,0.004192458373259124,3507,-0.15296401030120776,-0.0885856103756121,0.3116623895067009,2442,-0.2128343377989074
tbi_ma96,long,0,-inf,-0.009093413547830557,3487,-0.15619939289119786,-0.10969504855474863,0.23802695726985948,2120,-0.3954501352452315
since_hi96,long,9,94.0,inf,3580,-0.1569791183799836,-0.11047477404353437,0.23715083798882683,1574,-0.09165526707615568
atr_rank,short,6,0.5583333333333333,0.6729166666666667,3456,-0.15846459027162133,-0.09408619034602567,0.22193287037037038,1164,-0.038331295693082586
to_hi96,short,6,5.4801323708916945,6.54733807871985,3496,-0.16059056307512806,-0.0962121631495324,0.24170480549199086,1120,-0.015469803753681026
since_lo480,short,4,232.0,297.0,3441,-0.16132725504597686,-0.0969488551203812,0.26794536471955827,1113,-0.07455472690378834
disp96,short,2,-4.833417384240747,-3.0086967463647425,3496,-0.16620067015424717,-0.1018222702286515,0.23483981693363845,1087,-0.1908079253110754
vol_of_vol,short,5,-0.30243465266710984,-0.09348710212023338,3457,-0.16710392826628329,-0.10272552834068763,0.23083598495805613,1124,-0.05059755736633549
tbi_ma96,short,4,-0.003707044781186644,-0.00233669818470239,3487,-0.16791140711240551,-0.10353300718680986,0.23917407513622024,858,0.0369167349179825
avg_trade_usd,long,9,5170.725481954918,inf,3507,-0.17046701945833098,-0.12396267512188175,0.2167094382663245,3131,0.019576192632907996
since_lo480,short,5,297.0,355.0,3470,-0.17233994836376962,-0.10796154843817396,0.2426512968299712,1168,-0.0623811517890707
since_hi480,long,3,92.0,147.0,3444,-0.17875963893857058,-0.13225529460212135,0.2453542392566783,1157,-0.05432392429440719
since_lo480,long,9,472.0,inf,3620,-0.18119404249647064,-0.1346896981600214,0.21850828729281768,910,-0.27919947135115586
atr_rank,short,7,0.6729166666666667,0.7958333333333333,3493,-0.1818835608878757,-0.11750516096228003,0.19954194102490697,1169,0.03003033289032176
atr_rank,long,0,-inf,0.06458333333333334,3419,-0.19641008933060916,-0.14990574499415993,0.2951155308569757,1133,0.17465866379308517
to_lo96,short,9,11.422037081415512,inf,3497,-0.19812956916619304,-0.13375116924059738,0.2456391192450672,1252,-0.212270949431726
to_lo480,long,0,-inf,3.6756425379750324,3459,-0.20250064820467742,-0.1559963038682282,0.19485400404741254,1520,-0.1519061901325741
dq_cum24,short,9,0.4084499615395578,inf,3502,-0.20624402761062183,-0.14186562768502617,0.21159337521416333,1953,-0.07192697370740106
pos480,long,1,0.15715472892758212,0.24998267450977849,3458,-0.2073375131268953,-0.16083316879044607,0.18796992481203006,1283,0.18535675466537332
tbi_ma24,short,9,0.008454073167504957,inf,3502,-0.2094283552445582,-0.14504995531896253,0.21045117075956596,1958,-0.07299567764379114
tbi_ma96,short,9,0.004726915878842954,inf,3488,-0.22726928477509875,-0.1628908848495031,0.2018348623853211,1932,-0.12595813295352207
pos480,short,4,0.429463527540155,0.5297469011962922,3458,-0.22942897623397776,-0.1650505763083821,0.22845575477154426,1133,0.29978001637293816
to_hi480,long,9,26.50988731005353,inf,3459,-0.23354851878627406,-0.18704417444982482,0.22231858918762648,1422,0.12573335964939047
since_hi480,short,8,419.0,463.0,3439,-0.23898194492318528,-0.17460354499758962,0.20936318697295725,1699,-0.06653027271414921
to_lo480,short,9,29.05913887488144,inf,3459,-0.24163917020602085,-0.1772607702804252,0.26076900838392597,875,-0.34122866449304445
persist96,short,9,0.2415864670977167,inf,3497,-0.24667820227224885,-0.1822998023466532,0.20245925078638832,1060,-0.0654403945046878
since_lo480,long,1,35.0,90.0,3437,-0.2483208530215921,-0.20181650868514286,0.20773930753564154,1377,-0.1711371161209172
disp96,short,9,8.812360625043981,inf,3497,-0.24976959122594938,-0.18539119130035372,0.21732913926222477,986,-0.2713846255556693
since_hi480,long,2,47.0,92.0,3422,-0.252413791327483,-0.20590944699103375,0.2130333138515488,986,-0.12577609710477533
pos480,short,8,0.8484917556145074,0.9121278148919435,3458,-0.26668984225453657,-0.2023114423289409,0.20040485829959515,816,-0.18433686853913805
pos480,long,2,0.24998267450977849,0.3298907838183666,3458,-0.32120109015428794,-0.2746967458178387,0.17524580682475419,1553,-0.17544522744237978
to_hi96,long,9,10.230501978132606,inf,3497,-0.3235892577980002,-0.27708491346155095,0.1935945095796397,1487,-0.2571184280949219
disp96,long,0,-inf,-7.4257056800948416,3497,-0.3464671692083207,-0.2999628248718715,0.1781527023162711,1604,-0.17632700093586315
