feature,side,bin,lo,hi,n,exp_r,lift,wr,n_test,exp_r_test
to_hi24,short,9,4.790134118284894,inf,875,0.10344940596633267,0.17375831403369443,0.5851428571428572,386,0.07307039697440319
pos480,long,7,0.796112505193789,0.8739881025689143,828,0.09925162359667074,0.18099296206905258,0.5905797101449275,365,0.036713820147504767
dq_cum24,long,9,0.2675339650052798,inf,875,0.09901555591767427,0.1807568943900561,0.584,529,0.010956928174049727
tbi_ma24,long,9,0.005514033581752368,inf,875,0.09402356130903854,0.17576489978142038,0.5817142857142857,530,0.008855473784081863
disp24,short,0,-inf,-3.577461783881696,874,0.08404264498089022,0.154351553048252,0.5709382151029748,405,-0.03571229101010245
tbi_ma8,long,9,0.00884038084554492,inf,876,0.07971547189767766,0.1614568103700595,0.5810502283105022,527,-0.024860046990678713
disp96,short,1,-7.316418299668853,-4.6414997717812,867,0.06967186544866279,0.13998077351602456,0.566320645905421,306,-0.34636259948333786
since_hi480,short,6,280.0,355.0,826,0.0678691145649324,0.13817802263229417,0.5774818401937046,268,-0.22214114150837863
pos480,short,1,0.14801776353696755,0.2171383053410379,828,0.0672696734504484,0.13757858151781016,0.5748792270531401,455,-0.09704648060801394
dq_cum24,short,5,-0.10654500091574812,-0.03202331147178632,874,0.0669801771697823,0.13728908523714406,0.5732265446224256,229,-0.14171195666661957
tbi_ma24,short,5,-0.002282175875109503,-0.0007328653022908441,874,0.060382054194205594,0.13069096226156734,0.5697940503432495,226,-0.13785707570209427
tbi_ma8,short,2,-0.009703235316404617,-0.006834991048846032,876,0.060001896560940876,0.13031080462830263,0.565068493150685,283,-0.03959795846247196
since_hi96,long,7,73.0,84.0,811,0.05746665039840908,0.13920798887079092,0.5696670776818742,353,-0.12672405937715386
to_hi96,long,4,3.3604410362712,4.358958469130034,867,0.04806600476501756,0.1298073432373994,0.5651672433679354,353,-0.013887959116623397
vol_of_vol,short,4,-0.4435321718973473,-0.29998734266072047,826,0.047409379861933075,0.11771828792929484,0.562953995157385,239,-0.1730026859093718
disp24,long,9,4.243089271256354,inf,875,0.0459133137095157,0.12765465218189753,0.5634285714285714,246,0.09795949979882185
since_lo480,long,6,366.0,410.0,830,0.04366737710854406,0.1254087155809259,0.5602409638554217,247,-0.03906619356661639
to_lo24,long,9,5.380773368718427,inf,875,0.04061151120198284,0.12235284967436469,0.56,269,-0.043624686820189704
disp6,long,9,1.9383292806548476,inf,876,0.0368177283275018,0.11855906679988364,0.5605022831050228,300,-0.09840523091952276
disp6,short,0,-inf,-1.7804717542894932,876,0.03557343776766944,0.1058823458350312,0.5502283105022832,381,-0.04887211830934719
persist96,long,9,0.26354186353312103,inf,867,0.033722109067686155,0.11546344754006799,0.5570934256055363,162,-0.22122365390958
absorb_z,short,8,0.2261836432179246,0.3861689089193485,848,0.03312900905332491,0.10343791712068667,0.5483490566037735,289,-0.2678326490845617
to_hi480,long,2,3.0011919642799527,4.7998143696449915,829,0.032716606102058884,0.11445794457444072,0.5572979493365501,291,0.0005081186210841216
tbi_ma96,short,0,-inf,-0.007067867750344451,867,0.03248251745659335,0.10279142552395511,0.5409457900807382,672,-0.13435015535509423
vol_of_vol,long,1,-0.8806657599615962,-0.7203019051498344,826,0.031476441425681144,0.11321777989806298,0.5581113801452785,283,-0.14505006403679574
persist24,long,9,0.46544431995907726,inf,875,0.031061075139281656,0.11280241361166349,0.5565714285714286,265,0.005767012354742422
to_hi480,short,8,22.051911477403223,30.382761438644796,829,0.030930602372013852,0.10123951043937561,0.5500603136308806,504,-0.11931346529049602
disp96,long,9,9.598565625143438,inf,867,0.03046139804148944,0.11220273651387128,0.5570934256055363,117,-0.3220268173887566
pos96,short,1,0.15131782706036528,0.2543062883895379,867,0.028681996207391258,0.09899090427475302,0.552479815455594,373,-0.0963726787673686
since_hi96,short,3,20.0,31.0,823,0.028634432325036034,0.0989433403923978,0.5528554070473876,288,0.0138402684781695
atr_pct,short,9,0.030351754735768795,inf,877,0.027899589526263372,0.09820849759362513,0.5267958950969214,23,
persist96,short,7,0.15744874036607343,0.19993176108058378,867,0.027543847272896868,0.09785275534025863,0.5490196078431373,362,-0.12718837090923726
since_lo480,short,0,-inf,46.0,826,0.027456858564118915,0.09776576663148068,0.5411622276029056,472,0.007727404693480515
to_hi480,short,5,9.848374878703964,12.64774500004412,829,0.02564944948274044,0.0959583575501022,0.5500603136308806,312,-0.11908004825805545
to_lo96,short,1,1.5534555465878805,2.5780327686168896,867,0.025643774853789058,0.09595268292115082,0.5501730103806228,366,-0.10117078855664227
vol_of_vol,long,6,-0.1159629389336806,0.1305644429785149,826,0.02525273960409483,0.10699407807647666,0.5520581113801453,256,0.0039891889608287545
pos480,long,0,-inf,0.14801776353696755,829,0.02287208666248559,0.10461342513486743,0.5392038600723763,296,0.032062650644036884
tbi_ma24,short,2,-0.007350625201617627,-0.005544708761485168,874,0.02186067065802476,0.09216957872538652,0.5469107551487414,293,-0.0689592456188604
to_hi96,short,7,6.5778721548054815,7.93958480731143,867,0.019785847388878924,0.09009475545624068,0.5420991926182238,366,-0.1245649216771002
disp96,short,5,0.3660211886731899,1.9630870197531143,867,0.01846712637535481,0.08877603444271656,0.5513264129181085,311,-0.1437422534599598
pos24,short,0,-inf,0.1529843724693117,875,0.017330365731719123,0.08763927379908087,0.5394285714285715,385,-0.04834259429053318
persist6,short,5,0.39038315738435553,0.4832805114664188,876,0.016719609541245368,0.08702851760860712,0.545662100456621,342,-0.08962395402478437
dn_wick,short,9,0.6023615805780694,inf,877,0.016387304861691796,0.08669621292905355,0.5461801596351197,316,-0.1076167089837291
to_lo480,short,9,25.484712895199703,inf,829,0.01365387005188124,0.08396277811924299,0.5560916767189384,249,-0.31636204889107034
dq_cum24,short,2,-0.34899101821812256,-0.2629753993361918,874,0.012308100999460633,0.08261700906682239,0.5423340961098398,295,-0.08214338399386518
to_lo480,long,7,18.747682216231087,21.70941120235073,828,0.009803722155826531,0.09154506062820837,0.5483091787439613,212,-0.14701608390961204
tbi_ma24,short,6,-0.0007328653022908441,0.0009966377006771499,874,0.009161444558282135,0.07947035262564389,0.5434782608695652,259,-0.13136526169806223
pos96,long,4,0.43698615688442133,0.5330857457785712,867,0.00906581705945011,0.09080715553183195,0.544405997693195,289,-0.15355296580547798
vol_of_vol,short,7,0.1305644429785149,0.5234357289122207,826,0.007827423067795746,0.0781363311351575,0.5411622276029056,369,-0.006874195146049523
since_lo480,short,2,111.0,176.50000000000045,838,0.007799938730676158,0.07810884679803792,0.5465393794749404,373,0.0739129906810943
tbi_ma24,long,7,0.0009966377006771499,0.0030165052439096785,874,0.007641486390152845,0.08938282486253468,0.5469107551487414,246,-0.061716653680884616
pos96,short,2,0.2543062883895379,0.34108142424222404,867,0.0074555079409768235,0.07776441600833858,0.5420991926182238,326,-0.25733906306389454
pos96,long,8,0.8399926079556,0.909131041130446,867,0.006785369158109229,0.08852670763049107,0.5467128027681661,260,-0.07083683356265139
dq_cum24,long,7,0.051199594242740815,0.1483850612762181,874,0.005511218512778808,0.08725255698516064,0.545766590389016,252,-0.07150250538882105
ats_rank480,short,1,0.08333333333333333,0.175,839,0.005152538059506038,0.0754614461268678,0.5375446960667462,327,-0.11394999998149467
to_lo480,short,0,-inf,4.2166649766533375,829,0.004554762132498917,0.07486367019986068,0.5247285886610374,438,-0.12085508776931551
flow_eff,long,8,0.9207250652891722,1.6727174680472765,876,0.003931301148197391,0.08567263962057924,0.5331050228310502,181,-0.1488866906044376
persist6,long,3,0.2226079432468842,0.302335680588273,876,0.0034555803965312,0.08519691886891304,0.5422374429223744,352,-0.06263843832137059
hi_pos,long,9,0.9414225941422594,inf,901,0.0028887889496522694,0.0846301274220341,0.5416204217536071,342,-0.15515625211139064
vol_per_trade_z,short,2,-0.9392144382417976,-0.6311977477995068,867,0.002718608569918094,0.07302751663727985,0.538638985005767,348,-0.04930448499921215
since_hi480,short,5,198.0,280.0,827,0.0020544413384622606,0.07236334940582402,0.5392986698911729,497,-0.04082898417934802
body_frac,short,4,-0.1322199077969487,0.020609043371261057,876,0.0005230047547930012,0.07083191282215476,0.5399543378995434,278,-0.09471497554271728
rpt_z,long,8,0.7850117122844968,1.3331224320282498,867,0.00042113518354227117,0.0821624736559241,0.5409457900807382,358,-0.11080082608983449
avg_trade_usd,short,9,5193.04320066882,inf,877,0.0003144252457593495,0.07062333331312111,0.5324971493728621,849,-0.1723034164552245
extreme_late,short,7,0.8786610878661087,0.9372384937238494,865,-2.7735368610944873e-05,0.07028117269875081,0.5364161849710982,352,-0.1498335776893238
atr_rank,short,4,0.3375,0.4625,828,-0.00032482203588253257,0.06998408603147922,0.5374396135265701,368,-0.09019502170652072
pos480,short,8,0.8739881025689143,0.9286429376153641,829,-0.0003570494226662746,0.06995185864469548,0.5367913148371531,210,-0.08148489540642831
since_hi96,short,2,10.0,20.0,939,-0.0005238894054342255,0.06978501866192753,0.5388711395101171,276,0.02979862739318871
to_lo96,short,0,-inf,1.5534555465878805,867,-0.0006891682650368275,0.06961973980232493,0.5294117647058824,356,0.043749556869933044
to_hi24,short,8,3.7577961891365845,4.790134118284894,874,-0.0013569797062463424,0.06895192836111541,0.5366132723112128,372,-0.07307429767727107
hi_pos,short,7,0.698744769874477,0.8284518828451883,877,-0.0015938656514786142,0.06871504241588314,0.5336374002280502,328,-0.10401916498721969
dq_cum24,short,6,-0.03202331147178632,0.051199594242740815,874,-0.0016854391964202461,0.0686234688709415,0.5377574370709383,254,-0.13561124416840428
to_lo96,long,8,9.137172348829573,11.48572580007687,867,-0.0020213109398717296,0.0797200275325101,0.5432525951557093,310,0.007372136764578692
persist96,short,4,0.07344964523908125,0.09793205045260268,866,-0.002412661911765357,0.0678962461555964,0.5369515011547344,406,-0.10947518829006217
range_rank,long,9,0.9020833333333333,inf,837,-0.0025133070136797945,0.07922803145870204,0.5316606929510155,310,-0.10131249552966407
persist96,short,6,0.12507836107050965,0.15744874036607343,867,-0.004263511090708441,0.06604539697665332,0.532871972318339,340,-0.18179711795574266
range_per_trade,short,8,3.988356080393457e-08,4.851782534912265e-08,876,-0.004415536803389809,0.06589337126397195,0.523972602739726,40,0.13170164426738468
persist96,short,0,-inf,0.01631211901011021,867,-0.0057591569736791595,0.0645497510936826,0.538638985005767,307,-0.06906023222973141
ats_z96,short,0,-inf,-1.3406424527553134,867,-0.005818207675291238,0.06449070039207053,0.5294117647058824,313,-0.11300719479717977
close_loc,short,8,0.7890827405603821,0.8779196224862643,876,-0.005922182502791642,0.06438672556457012,0.5319634703196348,317,-0.11531447311575706
disp24,long,2,-2.291969682185864,-1.3908624376971332,875,-0.007114007103881508,0.07462733136850033,0.5348571428571428,273,-0.16886843594828477
kyle,long,7,4.134743394911122e-07,4.800458662385801e-07,877,-0.0076146635288240555,0.07412667494355778,0.5279361459521095,164,-0.18211640168344595
wick_skew,long,7,0.1466209500176167,0.25166950855143666,877,-0.0077599191301722555,0.07398141934220959,0.5381984036488028,312,-0.05138412682624839
avg_trade_usd,long,6,4147.058274240792,4429.932133653071,876,-0.007846097868174461,0.07389524060420738,0.5308219178082192,191,-0.054616899411751005
to_hi96,long,0,-inf,1.0266535812153021,867,-0.008223745465220195,0.07351759300716164,0.5363321799307958,276,-0.06667785579981872
updn_ratio,short,7,0.5146443514644351,0.5232067510548524,882,-0.00873391763596246,0.0615749904313993,0.5294784580498866,325,-0.09555962587377924
atr_pct,short,5,0.017038161888111823,0.018859711195326537,877,-0.008829275135052436,0.06147963293230932,0.5267958950969214,201,-0.07470270286566501
close_loc,short,6,0.6128157222335351,0.7036539599702323,876,-0.00888795400144876,0.061420954065913,0.5319634703196348,294,-0.14368495462966327
close_loc,long,9,0.8779196224862643,inf,877,-0.009197245587762885,0.07254409288461895,0.5347776510832383,406,-0.1580804014732434
dow,short,3,3.0,4.0,1248,-0.009424335559291034,0.06088457250807072,0.5288461538461539,462,-0.03606114674336568
dq,long,9,0.050170927440953784,inf,877,-0.01015819268703527,0.07158314578534657,0.5438996579247435,535,-0.03716826916887645
to_hi96,short,9,9.983912827373404,inf,867,-0.010424323298168763,0.05988458476919299,0.5374855824682814,380,-0.11766576226142708
to_lo480,short,2,6.32392160129927,8.431407725710367,829,-0.010841097355884071,0.059467810711477685,0.5307599517490953,463,-0.0267611036179176
efficiency,short,0,-inf,0.009040793835589173,877,-0.010878743069708359,0.0594301649976534,0.5336374002280502,283,-0.18285861721710625
to_lo480,long,6,15.868379882089577,18.747682216231087,829,-0.011694029151550402,0.07004730932083143,0.5367913148371531,256,-0.15203531475435106
vol_of_vol,short,9,1.3208321731087087,inf,827,-0.012371266631694168,0.05793764143566759,0.5175332527206772,299,0.04930462884248741
tbi,long,9,0.025053853481713743,inf,877,-0.012394653731180818,0.06934668474120102,0.5427594070695553,536,-0.03554085597740062
vol_of_vol,short,8,0.5234357289122207,1.3208321731087087,826,-0.012663710846437462,0.057645197220924295,0.5278450363196125,395,-0.0850765580278134
atr_pct,long,6,0.018859711195326537,0.02119866654978644,876,-0.012827366411277836,0.068913972061104,0.5251141552511416,109,-0.13709998233624146
pos96,short,3,0.34108142424222404,0.43698615688442133,867,-0.013019582791076933,0.05728932527628482,0.52479815455594,441,-0.025652832640919387
ats_z96,short,1,-1.3406424527553134,-0.9122146512040115,867,-0.013260908037803871,0.057048000029557885,0.5294117647058824,355,-0.03938223830136275
tbi,short,4,-0.007654052728105141,-0.0023197511107546642,876,-0.013462684627652098,0.05684622343970966,0.5251141552511416,269,0.007477879706027027
kyle,short,3,2.6778939369519616e-07,2.987557355074311e-07,876,-0.013607937595073645,0.056700970472288115,0.5319634703196348,336,-0.07990362233716336
disp6,long,2,-1.0597079211984235,-0.6087177305173185,876,-0.013908615230258898,0.06783272324212294,0.5308219178082192,311,-0.04996485798478698
extreme_late,short,3,0.5188284518828452,0.6234309623430963,885,-0.013941601968452216,0.05636730609890954,0.5310734463276836,283,-0.17975168867774266
to_hi480,short,4,7.102057272876573,9.848374878703964,829,-0.014076243323100628,0.05623266474426113,0.5271411338962606,295,-0.0506154436886802
since_lo24,short,4,11.0,15.0,1034,-0.015680245875146367,0.05462866219221539,0.5299806576402321,380,-0.1912439233498693
pos96,long,7,0.7579715165324187,0.8399926079556,867,-0.0160839249495051,0.06565741352287674,0.5374855824682814,303,-0.11889791065707567
since_hi24,short,9,24.0,inf,1045,-0.016111738910637913,0.054197169156723846,0.5244019138755981,451,-0.09503563423598001
atr_pct,long,4,0.015344019804804385,0.017038161888111823,876,-0.016839252945815855,0.06490208552656598,0.5285388127853882,287,-0.19474658914367782
pos24,long,8,0.8091875995254977,0.8857343537894616,874,-0.017225505423589475,0.06451583304879237,0.5320366132723112,287,-0.06748424068331968
range_rank,short,4,0.3770833333333333,0.48125,833,-0.01732575882470582,0.05298314924265594,0.5294117647058824,328,-0.1950876792805454
to_lo24,short,1,0.7648849695554003,1.1706383506773248,874,-0.01747910689723192,0.052829801170129836,0.5297482837528604,312,-0.0742418410455067
absorb,short,1,-0.14679728299706482,-0.0683031789361869,876,-0.01753576742389166,0.0527731406434701,0.5308219178082192,332,-0.05633383268481538
disp24,short,4,-0.5502340015475478,0.1406102877703619,874,-0.01778587320008694,0.05252303486727482,0.5308924485125858,359,-0.09826801474240318
disp24,long,8,2.8978604858971413,4.243089271256354,874,-0.017787018037977383,0.06395432043440445,0.5320366132723112,274,-0.07717774962559557
extreme_late,long,8,0.9372384937238494,0.9790794979079498,851,-0.017854010732476635,0.0638873277399052,0.5287896592244419,338,-0.07981443856479298
dq,short,4,-0.015102813222672326,-0.004422707711386351,876,-0.018119455759719093,0.052189452307642666,0.5228310502283106,269,-0.007345452706065775
dq_z96,short,3,-0.537193005180019,-0.2566671889570011,867,-0.01814073480807866,0.05216817325928309,0.5282583621683967,299,-0.029416865803314433
range_per_trade,short,7,3.4871296877540556e-08,3.988356080393457e-08,877,-0.018250926893615838,0.052057981173745924,0.5233751425313569,127,-0.15405612442081226
trade_intensity,short,2,0.5487640851719368,0.6373089822903832,867,-0.018269343241336538,0.05203956482602522,0.5305651672433679,264,-0.17367129289494354
pos24,long,9,0.8857343537894616,inf,875,-0.01829646316295853,0.0634448753094233,0.5314285714285715,341,-0.009419751627119633
atr_pct,long,7,0.02119866654978644,0.024678765221320686,877,-0.018322579440817145,0.06341875903156469,0.5188141391106044,166,-0.3297204501819876
since_hi480,short,1,11.0,33.0,845,-0.018357140360112774,0.051951767707248984,0.527810650887574,195,-0.22614971518846264
rpt_z,short,3,-0.6179349713597198,-0.3821033315739095,867,-0.018399917845687886,0.051908990221673876,0.5282583621683967,268,-0.07908681224291939
since_lo96,short,5,60.0,71.0,824,-0.018460916189004698,0.051847991878357064,0.5315533980582524,267,-0.24726235217622475
ats_z96,short,5,-0.03431224938847927,0.2738726853948817,867,-0.01852031482709293,0.051788593240268826,0.5282583621683967,333,-0.17303976832422996
range_per_trade,long,9,4.851782534912265e-08,inf,877,-0.01863345407462156,0.06310788439776027,0.5176738882554162,2,
since_lo480,short,7,410.0,447.0,826,-0.01872279413051522,0.051586113936846534,0.5254237288135594,200,-0.10607654635233223
ats_rank480,short,3,0.28541666666666665,0.4,830,-0.018963476097557098,0.051345431969804664,0.5289156626506024,332,-0.0816953495681781
dq,short,1,-0.05811527342789348,-0.039953790024378336,876,-0.019067360805850114,0.051241547261511644,0.5285388127853882,302,-0.1665010362238592
absorb_z,long,2,-0.16077695321819727,-0.088541607076107,847,-0.01926768224933656,0.06247365622304528,0.5336481700118064,262,-0.11953827181754145
gap,short,5,0.0002571207823121999,inf,877,-0.019519824905279638,0.050789083162082124,0.5324971493728621,26,
to_hi96,short,3,2.5101534920313773,3.3604410362712,867,-0.020207973326403197,0.05010093474095856,0.5294117647058824,321,-0.20267431104237718
atr_rank,long,9,0.9083333333333333,inf,845,-0.020274795808539088,0.06146654266384275,0.514792899408284,334,-0.24465271194886337
to_hi24,long,6,2.534017030051735,3.0361244652164334,874,-0.020355668831340372,0.06138566964104147,0.5263157894736842,290,-0.05894440209109648
gap,short,1,-0.00025816145493430016,-7.901603251036761e-05,876,-0.020456949199112708,0.04985195886824905,0.5285388127853882,457,-0.2282878921891836
pos96,short,6,0.6450096414647009,0.7579715165324187,867,-0.020600018515376205,0.049708889551985554,0.5282583621683967,358,-0.11961957976123452
to_lo96,long,4,4.363540401278077,5.304135230321936,867,-0.02091710594405044,0.0608242325283314,0.5259515570934256,310,-0.02910046319254083
persist96,long,8,0.19993176108058378,0.26354186353312103,867,-0.020938012891124562,0.06080332558125728,0.5259515570934256,285,-0.15727020680220555
dn_wick,long,6,0.33942584319378094,0.4068508113412117,876,-0.02115222425427905,0.060589114218102785,0.5285388127853882,279,-0.12300345115232496
since_hi24,long,0,-inf,2.0,802,-0.021243929941294832,0.06049740853108701,0.5336658354114713,297,-0.08655925181657509
disp24,short,5,0.1406102877703619,0.8857261102531374,875,-0.021332056268828652,0.0489768517985331,0.5291428571428571,366,-0.10686643093900113
since_hi480,long,3,69.0,125.0,837,-0.02137351151207517,0.06036782696030667,0.5316606929510155,350,-0.0729760798421397
disp24,short,1,-3.577461783881696,-2.291969682185864,874,-0.021555583312819076,0.04875332475454268,0.5240274599542334,334,-0.023520789829952284
hi_pos,long,1,0.02092050209205021,0.07531380753138076,841,-0.021726020777047085,0.060015317695334754,0.5279429250891795,282,0.008479499392785837
since_lo96,short,1,7.0,19.0,934,-0.022362434936262374,0.047946473131099385,0.5192719486081371,393,-0.07959310321975628
rpt_rank,short,0,-inf,0.07916666666666666,822,-0.022834205340249485,0.047474702727112274,0.5231143552311436,271,-0.15311832760432717
to_hi480,long,3,4.7998143696449915,7.102057272876573,828,-0.02299032997981957,0.05875100849256227,0.5265700483091788,319,-0.11780406341477632
tbi,short,1,-0.029156555914568814,-0.020024678573198583,876,-0.023326637102634395,0.04698227096472736,0.526255707762557,305,-0.1689241536477923
lo_pos,short,1,0.016736401673640166,0.07112970711297072,900,-0.023863683637286866,0.04644522443007489,0.52,288,-0.07888254733372031
disp6,short,8,1.1803459452900136,1.9383292806548476,876,-0.024092333979484452,0.046216574087877306,0.5228310502283106,335,-0.05869212549248807
persist24,short,8,0.3730368956947808,0.46544431995907726,874,-0.02422104711127422,0.04608786095608754,0.522883295194508,286,-0.12189974051554539
tbi_ma8,short,6,-8.514950941362843e-05,0.00217507300364068,875,-0.024304703387040483,0.04600420468032128,0.528,242,-0.10565845471628857
wick_skew,short,0,-inf,-0.4377410159181354,877,-0.02488729177688926,0.0454216162904725,0.5256556442417332,325,-0.1003243505392731
tbi_z96,short,3,-0.5373577890535531,-0.2553814783649961,867,-0.024969326551197584,0.04533958151616417,0.52479815455594,300,-0.02004946682995974
to_hi24,long,5,2.1035386337179403,2.534017030051735,874,-0.025477383090156604,0.056263955382225235,0.5274599542334096,276,-0.005121511317302124
vol_per_trade_z,long,1,-1.3600079077846818,-0.9392144382417976,867,-0.025541062713410202,0.056200275758971636,0.5271049596309112,316,-0.08471523589696191
kyle_z,short,5,-0.21236720358189776,0.023459112082467374,867,-0.025600376202990188,0.04470853186437157,0.5224913494809689,293,-0.03707753448693953
atr_pct,long,8,0.024678765221320686,0.030351754735768795,876,-0.02594019036009288,0.05580114811228896,0.5114155251141552,107,-0.05624920263334435
lo_pos,long,4,0.27615062761506276,0.39748953974895396,862,-0.02603717469783694,0.0557041637745449,0.5266821345707656,300,-0.18511166544697022
persist96,long,3,0.0515634106213566,0.07344964523908125,867,-0.0264579735818034,0.05528336489057844,0.5271049596309112,348,-0.00474815905067724
range_z,short,5,-0.2895947805612975,-0.09049257085156812,867,-0.026579091192228396,0.04372981687513336,0.5236447520184544,308,-0.006320207746317251
dq_z96,long,5,-0.006008376991721173,0.25811175786992097,867,-0.02662935342439363,0.05511198504798821,0.52479815455594,370,-0.13006519632044863
disp96,long,6,1.9630870197531143,3.8574025234418943,867,-0.026646267385891736,0.0550950710864901,0.5305651672433679,313,-0.17258213841849293
pos24,long,7,0.7301728498703437,0.8091875995254977,874,-0.027097667175438767,0.05464367129694307,0.5274599542334096,255,-0.07139532220057405
tbi_z24,long,5,-0.001980968647508028,0.2685552548113925,874,-0.027284641277527187,0.05445669719485465,0.5274599542334096,343,-0.13982643383775323
wick_skew,long,9,0.3995793140200461,inf,877,-0.02733885866563255,0.05440247980674929,0.5302166476624858,312,-0.11372180479829201
kyle,long,9,6.03328908275103e-07,inf,877,-0.02765317356392486,0.05408816490845698,0.508551881413911,26,
disp96,long,3,-2.613129304605548,-1.072868132323117,867,-0.028095830604340125,0.05364550786804172,0.52479815455594,317,-0.2119087426990846
vol_per_trade_z,short,0,-inf,-1.3600079077846818,867,-0.028215729884831616,0.04209317818253014,0.5201845444059977,292,-0.0972099996119752
persist24,short,0,-inf,0.03381198187406315,874,-0.028333551075978698,0.041975356991383064,0.5251716247139588,399,-0.07333423112431448
updn_ratio,short,0,-inf,0.4602510460251046,865,-0.028619209868760556,0.0416896981986012,0.5248554913294797,343,-0.14321275914729253
tbi_z96,long,5,-0.004833135626994989,0.2589168609623426,867,-0.02872289764969288,0.05301844082268896,0.5236447520184544,370,-0.13564586774645498
tbi_z24,short,6,0.2685552548113925,0.5523382488745685,874,-0.028731848969627532,0.04157705909773422,0.522883295194508,333,-0.15026835606626532
persist6,short,1,0.0737464414356186,0.1437316015990382,876,-0.02889373396508251,0.041415174102279254,0.5228310502283106,280,-0.20648537614582446
to_lo24,short,4,1.9944429526824226,2.4301514028480886,874,-0.028929852628070577,0.041379055439291185,0.522883295194508,362,-0.08069075091015994
to_hi96,short,8,7.93958480731143,9.983912827373404,867,-0.028946512625943922,0.041362395441417836,0.5178777393310265,367,-0.016145084727496803
to_hi24,long,4,1.72453232391888,2.1035386337179403,874,-0.028953752432335004,0.05278758604004684,0.5274599542334096,275,-0.08111520208835751
range_z,short,2,-0.7636894619040546,-0.6045310958055903,867,-0.029155801536687374,0.04115310653067439,0.5271049596309112,324,-0.1004488864159349
pos24,short,4,0.43604477547122444,0.5294697576153384,874,-0.029219923874605064,0.041088984192756695,0.5263157894736842,300,-0.22128028734092955
to_hi96,long,1,1.0266535812153021,1.7493207730872482,867,-0.029645664235002905,0.05209567423737893,0.5282583621683967,268,-0.11241438792863791
tbi_ma96,short,1,-0.007067867750344451,-0.005221464332485892,867,-0.029743093966724993,0.04056581410063677,0.5190311418685121,393,-0.21161120848504947
wick_skew,short,3,-0.1806848695854136,-0.09645779357826975,876,-0.030123421238436723,0.04018548682892503,0.5228310502283106,308,-0.10002642520798852
avg_trade_usd,long,8,4762.617031526381,5193.04320066882,876,-0.030213922332229564,0.05152741614015227,0.5182648401826484,384,-0.1892129007535375
tbi_ma8,long,8,0.004988225015250394,0.00884038084554492,876,-0.03065253519621587,0.05108880327616597,0.5251141552511416,297,0.0301663305979682
since_lo480,short,9,473.0,inf,834,-0.030663715421529743,0.039645192645832016,0.5179856115107914,273,-0.2566013978518429
up_wick,long,9,0.5798687191800286,inf,877,-0.030904779069309746,0.05083655940307209,0.5267958950969214,280,-0.09438352040084975
up_wick,short,0,-inf,0.057539600530415035,877,-0.031007039735219455,0.0393018683321423,0.5233751425313569,418,-0.07419613992462025
kyle_z,short,2,-0.8589886315728682,-0.6438246935495081,867,-0.031098838263948082,0.039210069803413676,0.52479815455594,270,-0.1997729765839833
accel,short,4,-0.34874645215833466,-0.013099381754319017,874,-0.0311569426904248,0.03915196537693696,0.5240274599542334,336,-0.20129849147498224
persist96,long,2,0.03338044619195898,0.0515634106213566,867,-0.031621405852889146,0.05011993261949269,0.5271049596309112,346,-0.10977557881956762
ats_z96,long,6,0.2738726853948817,0.5982659455752135,867,-0.031775100181076675,0.049966238291305164,0.5271049596309112,331,-0.18232077563350874
ats_z96,long,8,0.9826868872856521,1.491541066401036,867,-0.03199272710130587,0.04974861137107597,0.5259515570934256,285,-0.11395834975556186
pos96,short,0,-inf,0.15131782706036528,867,-0.032444687294816914,0.037864220772544845,0.5155709342560554,340,0.0040618476382550455
persist24,short,2,0.06974219146853762,0.109804210197814,875,-0.032571862147311004,0.037737045920050755,0.5222857142857142,364,-0.0934718314565422
up_wick,short,6,0.3179136248195269,0.38427705627705583,876,-0.03265756420082113,0.03765134386654063,0.519406392694064,300,-0.2180696871969416
flow_eff,short,2,-0.019977624588091714,0.07632832261883876,876,-0.032995443233887034,0.037313464833474724,0.5365296803652968,579,-0.17747859420874737
ats_z96,short,2,-0.9122146512040115,-0.6089442981471993,867,-0.03320115331447221,0.03710775475288955,0.5190311418685121,340,-0.15589712386365895
ats_rank480,long,5,0.51875,0.6416666666666667,835,-0.03327318150563242,0.04846815696674942,0.525748502994012,334,-0.12403286144205862
to_hi24,long,1,0.6130051047091024,0.9750212547727201,874,-0.033328803025623424,0.048412535446758415,0.5251716247139588,289,-0.021767639243587208
up_wick,short,3,0.1537346445545088,0.2055823326150177,876,-0.0334969219083412,0.03681198615902056,0.5205479452054794,330,-0.09618948447914696
tbi_z24,short,1,-1.3227384666546933,-0.8779291138600496,874,-0.0338718421826018,0.03643706588475996,0.5205949656750573,302,-0.1274022869953923
accel,short,0,-inf,-1.6491428709401679,874,-0.03390861115194337,0.036400296915418386,0.5183066361556065,357,-0.060969986719009925
close_loc,long,3,0.3360237627574011,0.4277325790224542,876,-0.03439082194791579,0.04735051652446605,0.521689497716895,285,-0.04480979732112796
m1_jump,short,4,0.1405938842871208,0.159385695531066,876,-0.03447636389174247,0.03583254417561929,0.5171232876712328,309,-0.07160227869279423
disp24,long,3,-1.3908624376971332,-0.5502340015475478,873,-0.03460181026070119,0.04713952821168065,0.5234822451317297,316,0.0072522798074455734
hi_pos,short,6,0.5564853556485355,0.698744769874477,875,-0.0346390337715031,0.03566987429585866,0.52,311,-0.02529140334518801
dn_wick,long,0,-inf,0.06063348667650544,877,-0.03486754261642129,0.04687379585596055,0.5290763968072976,393,-0.08230469649084124
flow_eff,long,9,1.6727174680472765,inf,877,-0.03488933122981641,0.04685200724256543,0.5119726339794755,218,-0.1470345539341381
extreme_late,long,9,0.9790794979079498,inf,936,-0.035047757563127724,0.046693580909254115,0.5235042735042735,342,-0.25018658252121184
dq_z96,long,9,1.3027029395279508,inf,867,-0.035189795627968,0.04655154284441384,0.5271049596309112,310,0.016735409301658982
hi_pos,short,0,-inf,0.02092050209205021,876,-0.03527044117179199,0.03503846689556977,0.519406392694064,291,-0.08559717617438173
dn_wick,short,7,0.4068508113412117,0.4897686602436436,877,-0.03559651528310774,0.03471239278425402,0.5210946408209807,304,-0.21205898531914724
tbi_ma96,long,3,-0.003994503230319841,-0.003074124309458409,867,-0.036037375371101805,0.04570396310128003,0.5259515570934256,215,-0.1629954798225537
absorb,long,5,-0.008677057017303397,0.009896605556402129,876,-0.036123853829273946,0.04561748464310789,0.519406392694064,356,-0.18114432907348288
hi_pos,short,2,0.07531380753138076,0.1589958158995816,897,-0.03618402321631556,0.0341248848510462,0.5195094760312151,306,-0.1086131094217889
gap,long,2,-7.901603251036761e-05,0.0,530,-0.03618876215805435,0.04555257631432749,0.5094339622641509,257,-0.2761765604503095
range_z,long,7,0.15568719632717545,0.5248822723292595,867,-0.03687020144486987,0.04487113702751197,0.5178777393310265,328,-0.15443573407584096
absorb,short,0,-inf,-0.14679728299706482,877,-0.037228787070736354,0.033080120996625405,0.5233751425313569,423,-0.12248224375079571
accel,long,1,-1.6491428709401679,-1.0997316491236018,874,-0.03732065384331061,0.04442068462907123,0.5183066361556065,328,-0.08080473529681063
persist24,short,6,0.2462627617705114,0.30578017484461784,873,-0.03734606869480722,0.03296283937255454,0.5166093928980527,306,-0.045053896163976946
ats_z96,long,7,0.5982659455752135,0.9826868872856521,867,-0.03792526454072289,0.04381607393165895,0.5213379469434832,323,-0.10283210512616354
wick_skew,short,2,-0.28415366438028616,-0.1806848695854136,877,-0.03793318433010864,0.03237572373725312,0.5176738882554162,317,-0.0795873704123723
pos24,short,1,0.1529843724693117,0.24288878500334718,874,-0.03860753671882796,0.0317013713485338,0.5205949656750573,335,0.044579154092810366
hi_pos,long,4,0.27615062761506276,0.41841004184100417,880,-0.03873628786683212,0.04300505060554972,0.5215909090909091,361,-0.1680583381455558
since_hi480,long,9,462.0,inf,837,-0.038763277654761064,0.042978060817620775,0.5149342891278376,373,-0.048885517233241575
to_hi96,short,6,5.456963927412087,6.5778721548054815,867,-0.0388560068396017,0.03145290122776006,0.5167243367935409,305,-0.1457884958185031
hi_pos,short,8,0.8284518828451883,0.9414225941422594,871,-0.03889061037451004,0.03141829769285172,0.5143513203214696,336,-0.13181510070092353
to_hi480,short,1,1.7428002563700233,3.0011919642799527,828,-0.0391372844107649,0.031171623656596856,0.5169082125603864,206,-0.03333904634401828
since_lo480,long,4,249.0,316.0,826,-0.03921610167102093,0.04252523680136091,0.5290556900726392,286,-0.0995522231495596
dn_wick,short,8,0.4897686602436436,0.6023615805780694,876,-0.03931552222877423,0.03099338583858753,0.519406392694064,304,-0.0716101739268729
accel,short,6,0.33119465026240713,0.6613074383967532,874,-0.039467631462026094,0.030841276605335664,0.517162471395881,255,-0.1778327873618135
avg_trade_usd,short,2,2975.339056554425,3275.0465434337902,877,-0.03956351176110098,0.030745396306260775,0.5256556442417332,285,-0.12161139335839652
to_hi24,long,0,-inf,0.6130051047091024,875,-0.039683136215440576,0.04205820225694126,0.52,343,-0.11019324152595056
tbi_ma96,long,7,-0.00030567570763539233,0.0011656080331935539,867,-0.03974288203129091,0.04199845644109093,0.5236447520184544,232,0.026877888950419447
absorb,long,6,0.009896605556402129,0.02367784555914429,876,-0.039945679585889876,0.04179565888649196,0.521689497716895,224,0.012416785358308964
absorb,long,8,0.044717626664597124,0.09575947728273958,876,-0.04007436196590137,0.04166697650648047,0.521689497716895,340,-0.0861238147534408
disp6,short,5,0.03261478069250262,0.329275481138288,876,-0.040088279000640575,0.030220629066721183,0.521689497716895,296,-0.3019186721351035
tbi_z96,long,9,1.303541504661481,inf,867,-0.04015032282610222,0.04159101564627962,0.52479815455594,310,0.016735409301658982
since_lo96,long,8,90.0,95.0,838,-0.040223734662854664,0.041517603809527175,0.5214797136038186,304,-0.22408437650065482
efficiency,long,6,0.06181974422204902,0.07649580443428429,876,-0.040550775839853205,0.041190562632528634,0.519406392694064,324,-0.07790390389825605
atr_pct,short,1,0.01019349926659955,0.012070208858927747,876,-0.04062275872676965,0.029686149340592105,0.5331050228310502,693,-0.07963717623152647
flow_eff,short,0,-inf,-0.39733640764624717,877,-0.040701361938241615,0.029607546129120144,0.508551881413911,321,-0.027524233001233918
to_hi480,long,0,-inf,1.7428002563700233,829,-0.04071715528918277,0.041024183183199066,0.5199034981905911,173,0.024150985552333533
persist6,long,7,0.5799522535681318,0.6910456957029085,876,-0.041130234849442324,0.040611103622939515,0.5171232876712328,315,-0.1545768025708416
persist24,long,4,0.1516318381334749,0.19597906119336136,874,-0.041208835648581646,0.04053250282380019,0.5194508009153318,288,-0.12249328557909729
to_lo96,long,9,11.48572580007687,inf,867,-0.04135933396171757,0.04038200451066427,0.5213379469434832,192,-0.171651987209084
dq_cum24,long,4,-0.1808396350302467,-0.10654500091574812,874,-0.04149773838395221,0.04024360008842963,0.5194508009153318,236,-0.18481137629020392
since_hi96,long,1,4.0,10.0,826,-0.04155593526783307,0.04018540320454877,0.5181598062953995,245,-0.04591416510298575
rv_vs_range,short,6,0.7186206532706073,0.7652230555975403,876,-0.04160427709194981,0.028704630975411947,0.5159817351598174,309,-0.11935891313011196
rpt_z,short,0,-inf,-1.216474230141495,867,-0.041664098074244815,0.028644809993116943,0.5144175317185697,341,-0.10012875823283028
since_lo96,short,6,71.0,82.0,890,-0.041735618410037256,0.028573289657324502,0.5213483146067416,329,-0.05311637223857368
kyle_z,long,8,0.6870621901332734,1.270981246347144,867,-0.04182293513943224,0.0399184033329496,0.5144175317185697,358,-0.0787319985798652
kyle_z,long,7,0.3024210281291553,0.6870621901332734,867,-0.04182463540185636,0.03991670307052548,0.5167243367935409,354,-0.08250423531038464
rpt_z,long,5,-0.14651668596023054,0.11541738274548088,867,-0.042179356223788704,0.039561982248593135,0.5190311418685121,298,-0.052719096624702665
tbi_ma24,short,0,-inf,-0.009992051737382303,875,-0.04221908732146845,0.028089820745893307,0.5097142857142857,566,-0.001871084443210869
absorb,short,4,-0.02381027372215469,-0.008677057017303397,876,-0.04222069778330421,0.02808821028405755,0.5125570776255708,290,-0.09007767037298606
efficiency,short,8,0.09515751344876869,0.12435211656186398,876,-0.04237680709280953,0.027932100974552225,0.5136986301369864,356,0.00021542561316000036
tbi_ma8,short,1,-0.013406686286847434,-0.009703235316404617,876,-0.04245590316921707,0.02785300489814469,0.5136986301369864,338,-0.06759186174521065
vol_per_trade_z,long,8,0.9101815262502554,1.4449022804360598,867,-0.04266983864241326,0.039071499829968576,0.5167243367935409,328,-0.08037812498783477
to_hi96,short,5,4.358958469130034,5.456963927412087,867,-0.04286253966125951,0.027446368406102248,0.5144175317185697,310,0.02275144899749641
persist6,short,8,0.6910456957029085,0.8180967993913174,876,-0.0429545738133525,0.02735433425400926,0.5148401826484018,303,-0.06727666820657174
since_hi480,long,0,-inf,11.0,808,-0.042999406467824075,0.038741932004557764,0.5160891089108911,186,0.054744278402112226
ats_z96,long,3,-0.6089442981471993,-0.3242508505869179,867,-0.04313946924427565,0.03860186922810619,0.5178777393310265,332,-0.1922746046533939
dow,short,6,6.0,inf,1254,-0.04336046807802156,0.026948439989340198,0.5191387559808612,461,-0.14566653714580485
updn_ratio,long,9,0.5366106233019649,inf,877,-0.043503464611834304,0.038237873860547535,0.5233751425313569,433,-0.07030926744492214
close_loc,long,1,0.14601537594380817,0.2411498761821243,876,-0.04351270910785383,0.03822862936452801,0.5148401826484018,331,-0.13707967775912447
tbi_z24,short,3,-0.5501928331766714,-0.27413341803170954,874,-0.04368863065038383,0.02662027741697793,0.5137299771167048,325,-0.0743802625028111
since_hi480,long,7,355.0,409.0,835,-0.043925078186889684,0.037816260285492155,0.5245508982035928,200,-0.18195250385708361
efficiency,short,2,0.017949588329827786,0.027681176416064802,877,-0.04407772923419175,0.026231178833170006,0.5142531356898518,312,-0.0316987642239364
range_per_trade,long,6,3.118313638746739e-08,3.4871296877540556e-08,876,-0.04432017672873358,0.037421161743648255,0.5159817351598174,208,-0.06044209517831767
tbi_ma24,long,4,-0.0038413223296578833,-0.002282175875109503,874,-0.04435273133241551,0.03738860713996633,0.5183066361556065,235,-0.179655243769874
dn_wick,short,3,0.16670349907920837,0.21976693723255156,876,-0.044384738175559275,0.025924169891802483,0.5125570776255708,358,-0.09558571589982037
trade_intensity,long,3,0.6373089822903832,0.7260984876372799,867,-0.044429252733768305,0.03731208573861353,0.5167243367935409,247,-0.18597527683695295
since_hi24,short,6,16.0,20.0,1111,-0.044435054402947725,0.025873853664414033,0.5139513951395139,375,-0.15720550226542193
trade_intensity,short,0,-inf,0.44299151602712095,867,-0.044510947898471785,0.025797960168889973,0.5294117647058824,559,-0.13578335584390186
tbi_z8,short,3,-0.6040612272436893,-0.2815991935356222,875,-0.04454002428208737,0.025768883785274387,0.5154285714285715,362,-0.06356794121011955
absorb_z,long,5,0.048648778315058844,0.10621992214079679,848,-0.04457567045156366,0.03716566802081818,0.5165094339622641,410,-0.14375788543550816
pos480,short,4,0.439279891478773,0.5886857473616829,829,-0.04467493853572253,0.025633969531639225,0.5162846803377563,301,0.02347019126597621
dq_cum24,short,0,-inf,-0.4757069499251344,875,-0.044797524625253216,0.025511383442108543,0.5085714285714286,569,0.0028560171815710123
to_hi24,short,3,1.3399987716232993,1.72453232391888,874,-0.04481747105443045,0.025491437012931308,0.517162471395881,317,-0.13604129356618644
rv_vs_range,long,1,0.4846170569677432,0.5423857931751022,876,-0.045011426291058615,0.036729912181323224,0.5159817351598174,276,-0.10787657818269411
trade_intensity,long,9,1.8005630550031468,inf,867,-0.04507663936792391,0.03666469910445793,0.5144175317185697,414,-0.09399244680897409
since_hi96,short,9,93.0,inf,937,-0.04508655699558705,0.025222351071774708,0.5112059765208111,502,-0.19729304714640405
tbi,long,5,-0.0023197511107546642,0.0030071644135989633,877,-0.045236228010985494,0.036505110461396345,0.5142531356898518,261,-0.17537941626223164
lo_pos,short,0,-inf,0.016736401673640166,799,-0.04524437243605801,0.02506453563130375,0.5081351689612015,285,-0.16546334944740607
close_loc,short,7,0.7036539599702323,0.7890827405603821,877,-0.04527548099560666,0.0250334270717551,0.5119726339794755,290,-0.18390763876512603
pos24,short,6,0.6322616244553863,0.7301728498703437,874,-0.04536865728740818,0.024940250779953578,0.5148741418764302,320,0.00804642781270316
trade_intensity,short,7,1.1173278827714148,1.3482077717504959,867,-0.04563452659631362,0.02467438147104814,0.5098039215686274,283,-0.1276624792629583
flow_eff,short,6,0.4191040181338267,0.6062104360361869,877,-0.046026428792417716,0.024282479274944042,0.5108323831242874,217,-0.11977209441191315
up_wick,long,2,0.10769834952449314,0.1537346445545088,877,-0.04625956754480415,0.03548177092757769,0.5153933865450399,287,-0.1446010106260815
accel,long,9,1.6839231485814867,inf,875,-0.04648752567838309,0.03525381279399875,0.5165714285714286,325,-0.19678926586233222
to_lo24,short,3,1.5507470855117158,1.9944429526824226,874,-0.0465058525797201,0.02380305548764166,0.517162471395881,342,-0.2087419995933733
avg_trade_usd,short,7,4429.932133653071,4762.617031526381,877,-0.04664518507906485,0.023663722988296908,0.5051311288483467,265,-0.19114500352607863
range_rank,short,1,0.08125,0.17291666666666666,818,-0.04674872269368695,0.02356018537367481,0.5207823960880196,308,-0.05508332225620382
rpt_rank,short,1,0.07916666666666666,0.17291666666666666,834,-0.04722226905558991,0.023086639011771846,0.511990407673861,309,0.008629412477926559
m1_jump,long,5,0.159385695531066,0.18045301309243397,877,-0.04726858099675653,0.03447275747562531,0.5153933865450399,331,-0.08163993520522451
rpt_z,short,6,0.11541738274548088,0.4062038984424042,867,-0.04736154398991941,0.02294736407744235,0.5132641291810842,320,-0.10762127672412687
dn_wick,long,1,0.06063348667650544,0.1146328000538512,876,-0.04764640469010797,0.03409493378227387,0.5182648401826484,316,-0.09030497186130365
avg_trade_usd,short,4,3571.7814422655642,3869.0922843088965,876,-0.04773420119973224,0.022574706867629517,0.5125570776255708,193,-0.10826899679253946
dq,long,5,-0.004422707711386351,0.0061825412298494075,877,-0.0479760288705231,0.03376530960185874,0.5131128848346637,257,-0.17667097067544846
efficiency,long,7,0.07649580443428429,0.09515751344876869,877,-0.04804792282950398,0.03369341564287786,0.5153933865450399,346,-0.12824075051107214
wick_skew,short,1,-0.4377410159181354,-0.28415366438028616,876,-0.048187341509414595,0.022121566557947163,0.5159817351598174,332,-0.09511089786447213
absorb_z,short,9,0.3861689089193485,inf,848,-0.04828961389043939,0.022019294176922367,0.5117924528301887,330,-0.1349358964889081
lo_pos,short,5,0.39748953974895396,0.5397489539748954,881,-0.04841651094732395,0.021892397120037807,0.5153234960272418,358,-0.10269305613666949
since_lo24,long,9,24.0,inf,1229,-0.04874581376252399,0.03299552470985785,0.515052888527258,435,-0.1014067900873675
tbi_z24,short,2,-0.8779291138600496,-0.5501928331766714,874,-0.04899366416296932,0.02131524390439244,0.5148741418764302,316,-0.18777776749792507
range_per_trade,long,3,2.3595939859596615e-08,2.5856397998865023e-08,876,-0.049189912222284554,0.032551426250097285,0.519406392694064,383,-0.03515738337327007
ats_rank480,short,2,0.175,0.28541666666666665,819,-0.049201346027380896,0.021107562039980862,0.5115995115995116,331,-0.028415377012615983
to_lo96,short,3,3.4872744615639926,4.363540401278077,867,-0.049265504372046486,0.021043403695315273,0.5098039215686274,319,-0.13031063895933248
dq_cum24,short,3,-0.2629753993361918,-0.1808396350302467,874,-0.04929635648472897,0.021012551582632787,0.5125858123569794,262,-0.16841311816778398
close_loc,short,5,0.52505473120895,0.6128157222335351,877,-0.049526557505172666,0.020782350562189092,0.5131128848346637,296,-0.1085482331130742
kyle,short,9,6.03328908275103e-07,inf,877,-0.049580736543596404,0.020728171523765354,0.49144811858608894,26,
close_loc,short,2,0.2411498761821243,0.3360237627574011,877,-0.049680878217039565,0.020628029850322194,0.5153933865450399,307,-0.12867859986354432
pos480,short,6,0.6817188870286215,0.796112505193789,828,-0.049711224824228385,0.020597683243133373,0.5132850241545893,251,-0.1361334279187728
ats_rank480,long,6,0.6416666666666667,0.746875000000002,837,-0.05051485271720842,0.031226485755173422,0.5197132616487455,281,-0.17525964633169666
trade_intensity,long,6,0.9461992272434562,1.1173278827714148,867,-0.05053530740044095,0.031206031071940886,0.510957324106113,276,-0.04973003030784563
close_loc,long,0,-inf,0.14601537594380817,877,-0.05064204697129857,0.031099291501083266,0.5153933865450399,389,-0.12540595279080619
rpt_z,short,1,-1.216474230141495,-0.890299282014816,867,-0.05070500132798236,0.019603906739379395,0.5121107266435986,324,0.0016820476210878711
kyle_z,long,1,-1.135397580785618,-0.8589886315728682,867,-0.05071260729888502,0.031028731173496818,0.5178777393310265,308,-0.044950593779114985
updn_ratio,long,2,0.47368421052631576,0.48333333333333334,858,-0.05077596459406203,0.03096537387831981,0.5128205128205128,269,-0.09062522418614531
absorb,short,3,-0.039510818125478527,-0.02381027372215469,876,-0.050879088302587014,0.019429819764774744,0.5114155251141552,214,0.03549025204164868
since_hi24,short,8,22.0,24.0,903,-0.05101482266326691,0.01929408540409485,0.5094130675526024,347,-0.05382068549642698
dow,long,4,4.0,5.0,1254,-0.05105112657833393,0.030690211894047907,0.5095693779904307,462,-0.005906013476420716
to_lo24,long,8,4.366514855543424,5.380773368718427,874,-0.05105788435232631,0.030683454120055527,0.5160183066361556,269,-0.024393195531305808
ats_rank480,long,8,0.8479166666666667,0.9354166666666667,833,-0.0510828087785524,0.030658529693829442,0.5186074429771909,265,-0.09954077368222287
rpt_z,long,4,-0.3821033315739095,-0.14651668596023054,867,-0.05122977383259274,0.0305115646397891,0.5144175317185697,313,-0.049048726151178494
body_frac,long,2,-0.44780140982012545,-0.29681895058452057,877,-0.051238227495192204,0.030503110977189635,0.5131128848346637,283,-0.1337413527648588
since_lo96,long,2,19.0,33.0,852,-0.05125069334162292,0.03049064513075892,0.5129107981220657,343,-0.058648908772397125
m1_jump,short,2,0.10865966621344716,0.12451667415153965,877,-0.05134079391952474,0.01896811414783702,0.5096921322690992,321,-0.08340505204357669
m1_jump,short,1,0.09125296461620419,0.10865966621344716,876,-0.051374658971627296,0.018934249095734462,0.5102739726027398,282,-0.08155367304738284
ats_rank480,short,0,-inf,0.08333333333333333,817,-0.05137895722003926,0.018929950847322498,0.5055079559363526,425,-0.04674465391526967
tbi_z96,short,2,-0.8595671205731356,-0.5373577890535531,867,-0.05146572581301727,0.01884318225434449,0.5132641291810842,339,-0.18447951725923062
tbi_z8,long,2,-0.9467241273073556,-0.6040612272436893,876,-0.051505986774302716,0.030235351698079123,0.5114155251141552,311,-0.07669203361115072
range_per_trade,short,2,2.1104472055980993e-08,2.3595939859596615e-08,877,-0.051602715114027975,0.018706192953333783,0.5153933865450399,498,-0.11003821968723958
avg_trade_usd,long,3,3275.0465434337902,3571.7814422655642,876,-0.05162558653976166,0.03011575193262018,0.519406392694064,221,-0.07427187917740181
to_lo480,short,8,21.70941120235073,25.484712895199703,829,-0.05177789790941788,0.01853101015794388,0.5138721351025332,230,-0.18220300578271612
lo_pos,long,9,0.9355648535564869,inf,877,-0.05184831797948834,0.029893020492893496,0.5131128848346637,344,-0.1917413562504406
pos96,long,9,0.909131041130446,inf,867,-0.05196920101682799,0.02977213745555385,0.5144175317185697,256,-0.075098140364019
persist96,long,5,0.09793205045260268,0.12507836107050965,867,-0.05202955607663385,0.02971178239574799,0.5144175317185697,349,0.06801501665896402
to_lo24,short,5,2.4301514028480886,2.959401468473601,874,-0.05229501334452217,0.01801389472283959,0.5080091533180778,335,0.04882121065785051
kyle,short,8,4.800458662385801e-07,6.03328908275103e-07,876,-0.05243630746326421,0.017872600604097545,0.5011415525114156,101,-0.10075838021383908
flow_eff,short,7,0.6062104360361869,0.9207250652891722,876,-0.05244324798135686,0.017865660086004896,0.5068493150684932,174,-0.1327805900403691
extreme_late,long,6,0.8075313807531381,0.8786610878661087,860,-0.053000196829494785,0.028741141642887054,0.5127906976744186,309,-0.0750461910103298
to_lo96,short,7,7.596208370083321,9.137172348829573,867,-0.05311508293952599,0.017193825127835766,0.5121107266435986,374,-0.03226871739274599
atr_rank,long,7,0.69375,0.8020833333333334,842,-0.053390966487472276,0.028350371984909563,0.505938242280285,213,-0.07126113026096818
tbi,short,0,-inf,-0.029156555914568814,877,-0.053490965799902805,0.016817942267458953,0.5188141391106044,562,-0.08149590091596018
dq_z96,short,0,-inf,-1.293329031337503,867,-0.053499030744510095,0.016809877322851663,0.5167243367935409,284,-0.03998819173621475
updn_ratio,short,8,0.5232067510548524,0.5366106233019649,896,-0.053625788944288724,0.016683119123073034,0.5089285714285714,364,-0.03266357621665735
body_frac,long,3,-0.29681895058452057,-0.1322199077969487,876,-0.05366006015221866,0.028081278320163182,0.5102739726027398,334,-0.012974195831735535
trade_intensity,long,5,0.8279046459073436,0.9461992272434562,867,-0.05367499583335552,0.02806634263902632,0.5098039215686274,237,-0.1020966112039131
range_z,long,8,0.5248822723292595,1.2202518597702472,867,-0.05379243070266073,0.02794890776972111,0.5098039215686274,363,-0.0445629351801502
to_lo96,long,2,2.5780327686168896,3.4872744615639926,867,-0.05381688884618048,0.02792444962620136,0.510957324106113,358,-0.03909861949001794
up_wick,long,1,0.057539600530415035,0.10769834952449314,876,-0.053865975717942674,0.027875362754439165,0.5102739726027398,354,-0.1628055891948072
tbi,short,7,0.008709581192913353,0.015243197431993476,877,-0.05390025223298516,0.016408655834376597,0.507411630558723,239,-0.24318752455275638
wick_skew,short,8,0.25166950855143666,0.3995793140200461,876,-0.05392563471232827,0.016383273355033486,0.5102739726027398,294,-0.17228490742662472
dq_z96,short,6,0.25811175786992097,0.5409492448694525,867,-0.05394504835710523,0.01636385971025653,0.5098039215686274,351,-0.10632406122442793
pos480,short,3,0.3050713968053542,0.439279891478773,828,-0.0539621451614761,0.01634676290588566,0.5096618357487923,454,0.03392976474817404
flow_eff,long,1,-0.39733640764624717,-0.019977624588091714,876,-0.054117931968092725,0.027623406504289114,0.5171232876712328,399,-0.07303665295005142
range_z,long,6,-0.09049257085156812,0.15568719632717545,867,-0.05423517638909419,0.02750616208328765,0.5098039215686274,278,-0.15686869292604
up_wick,short,8,0.4652863703779721,0.5798687191800286,876,-0.054256021810460284,0.016052886256901475,0.5102739726027398,292,-0.08494351607862383
rpt_rank,long,6,0.5708333333333333,0.6791666666666667,830,-0.054460868825687375,0.027280469646694464,0.5132530120481927,322,-0.10189824353865887
accel,long,7,0.6613074383967532,1.0856744648996421,873,-0.05447189559731358,0.02726944287506826,0.5131729667812142,348,-0.15234730832742027
flow_eff,short,5,0.27667621324964786,0.4191040181338267,876,-0.05456616957055943,0.015742738496802328,0.5114155251141552,273,-0.15007945594398422
rpt_rank,short,7,0.6791666666666667,0.7916666666666666,839,-0.05475114779072673,0.015557760276635031,0.5113230035756854,351,-0.16174882155291254
to_hi480,short,6,12.64774500004412,15.9517432415093,828,-0.05481800289843321,0.015490905168928551,0.5132850241545893,382,0.10049260605289076
range_rank,long,5,0.48125,0.5875,833,-0.05483875110774706,0.02690258736463478,0.5102040816326531,332,-0.08431480391642347
kyle,short,5,3.30631537978391e-07,3.685243424347186e-07,877,-0.054844873218828166,0.015464034848533592,0.5062713797035348,245,-0.08630490983954746
up_wick,long,7,0.38427705627705583,0.4652863703779721,877,-0.05502377348788769,0.026717564984494152,0.5131128848346637,304,-0.07596641570078373
since_hi480,long,2,33.0,69.0,819,-0.05510749388846381,0.02663384458391803,0.514041514041514,233,-0.4387245219725981
pos24,short,2,0.24288878500334718,0.34298752660413573,874,-0.05510920101886925,0.015199707048492508,0.5137299771167048,362,-0.16716764137611048
disp24,short,6,0.8857261102531374,1.764446311305434,874,-0.05514955125854207,0.01515935680881969,0.511441647597254,347,-0.034437019651328934
since_lo96,long,7,82.0,90.0,870,-0.0551687585625927,0.02657257990978914,0.5160919540229885,354,-0.02516821410225912
disp6,short,1,-1.7804717542894932,-1.0597079211984235,876,-0.05526410121161953,0.015044806855742228,0.5079908675799086,359,-0.02497882945428778
extreme_late,short,4,0.6234309623430963,0.7238493723849372,848,-0.05551924108530808,0.014789666982053681,0.5106132075471698,323,-0.13370233565956913
dq,short,0,-inf,-0.05811527342789348,877,-0.05562334684323534,0.014685561224126419,0.5176738882554162,564,-0.08502144186192682
tbi_ma96,short,8,0.0011656080331935539,0.0027365291248077385,867,-0.055655380659351286,0.014653527408010472,0.5063437139561707,277,-0.09969767124925549
tbi_ma96,long,6,-0.0013667872336756608,-0.00030567570763539233,867,-0.05577210630304281,0.02596923216933903,0.5167243367935409,210,-0.16853302038564696
ats_rank480,short,9,0.9354166666666667,inf,837,-0.055778758563423556,0.014530149503938203,0.5101553166069295,237,-0.24423598167170077
tbi_z96,short,0,-inf,-1.2937127435063578,867,-0.05579827389657516,0.014510634170786602,0.5155709342560554,284,-0.03998819173621475
absorb_z,long,7,0.15378856212922218,0.2261836432179246,847,-0.05580921584310006,0.02593212262928178,0.5088547815820543,311,-0.05814488375935976
tbi_z24,long,8,0.8798770194860938,1.323035951769245,874,-0.055879145716675384,0.025862192755706455,0.5137299771167048,313,-0.09764838346115524
absorb_z,long,6,0.10621992214079679,0.15378856212922218,848,-0.05589487052480725,0.025846467947574586,0.5106132075471698,371,-0.21499109179915932
rpt_z,short,7,0.4062038984424042,0.7850117122844968,867,-0.05610827852139785,0.014200629545963905,0.5074971164936563,355,-0.09001059931883196
pos24,long,3,0.34298752660413573,0.43604477547122444,874,-0.05622837779205923,0.025512960680322612,0.5102974828375286,297,0.007719892570211591
tbi_ma24,short,3,-0.005544708761485168,-0.0038413223296578833,874,-0.05631318568687376,0.013995722380487997,0.5091533180778032,266,-0.17451546547520458
to_lo24,short,0,-inf,0.7648849695554003,875,-0.05632847738216416,0.013980430685197595,0.5028571428571429,377,-0.07474584333322286
to_hi480,long,9,30.382761438644796,inf,829,-0.05645830691346279,0.025283031558919047,0.517490952955368,239,0.0971054529610169
since_lo96,long,0,-inf,7.0,796,-0.05649392809223712,0.02524741038014472,0.507537688442211,395,-0.19573250303134399
atr_rank,long,8,0.8020833333333334,0.9083333333333333,815,-0.05652840601207176,0.025212932460310082,0.5030674846625767,343,-0.0010080902129306192
tbi_z8,short,7,0.6074870578487849,0.9238444153592951,876,-0.05661536813571897,0.013693539931642788,0.5079908675799086,297,-0.018121901327471292
to_hi96,long,2,1.7493207730872482,2.5101534920313773,867,-0.05661897320487968,0.02512236526750216,0.5167243367935409,275,-0.1802269640170808
since_hi96,short,6,59.0,73.0,886,-0.056705991252853465,0.013602916814508294,0.5079006772009029,340,-0.15793749285504294
to_lo24,short,7,3.5732048953253366,4.366514855543424,874,-0.0567316610568704,0.013577247010491358,0.505720823798627,325,-0.20455754277582755
since_hi96,long,8,84.0,93.0,854,-0.056751662943330915,0.024989675529050924,0.509367681498829,395,-0.11357906953575386
body_frac,long,9,0.647672323272756,inf,877,-0.056793381724425815,0.024947956747956024,0.5131128848346637,375,-0.07797209958299633
tbi_ma24,long,1,-0.009992051737382303,-0.007350625201617627,874,-0.05685071163985108,0.02489062683253076,0.5102974828375286,325,-0.2070223646351217
range_rank,long,7,0.6958333333333333,0.7958333333333333,818,-0.056894375789712924,0.024846962682668915,0.5097799511002445,284,-0.17756437259031063
rpt_rank,short,9,0.8979166666666667,inf,847,-0.05693876892802999,0.013370139139331771,0.5088547815820543,315,-0.1886126381606778
efficiency,long,9,0.12435211656186398,inf,877,-0.05696941915261626,0.02477191931976558,0.5131128848346637,356,-0.06477179199215184
atr_rank,long,5,0.4625,0.5854166666666667,828,-0.057127057730339076,0.024614280742042763,0.5108695652173914,334,-0.16739546359937657
rv_vs_range,short,7,0.7652230555975403,0.824571909710019,877,-0.05712764372202255,0.013181264345339207,0.5062713797035348,354,-0.016191671221856507
kyle_z,short,0,-inf,-1.135397580785618,867,-0.05760072210218607,0.012708185965175686,0.5132641291810842,368,-0.15166916122369922
trade_intensity,long,1,0.44299151602712095,0.5487640851719368,867,-0.057699641720111175,0.024041696752270664,0.5155709342560554,332,-0.037696839196399295
range_z,long,1,-0.939232251268162,-0.7636894619040546,867,-0.05773668627325513,0.02400465219912671,0.5144175317185697,309,-0.20871166424867116
range_z,short,4,-0.4514947738339036,-0.2895947805612975,867,-0.05790933932040711,0.01239956874695465,0.5086505190311419,281,-0.23050001785992424
persist6,short,6,0.4832805114664188,0.5799522535681318,876,-0.05793144286010904,0.01237746520725272,0.5068493150684932,327,-0.11949758640366911
accel,short,3,-0.699012663140142,-0.34874645215833466,873,-0.058192724866759464,0.012116183200602294,0.5085910652920962,309,-0.1144768488971676
tbi_z96,short,6,0.2589168609623426,0.5399741851352386,867,-0.05832326990537348,0.011985638161988277,0.5074971164936563,348,-0.11483025821379086
dq_z96,short,2,-0.8587730583550733,-0.537193005180019,867,-0.05845687258718434,0.011852035480177416,0.5098039215686274,339,-0.17875397823015612
body_frac,short,7,0.3299585854842767,0.4886665308905451,877,-0.058456934565703784,0.011851973501657974,0.5062713797035348,303,-0.12200790296137805
disp6,short,4,-0.25965319034926165,0.03261478069250262,875,-0.05853736233644502,0.011771545730916738,0.512,267,-0.1015510967171083
dq,short,7,0.017399669031531558,0.030617822466259943,877,-0.05864606793152353,0.01166284013583823,0.5051311288483467,241,-0.23438543500223186
vol_per_trade_z,long,7,0.5335539487469343,0.9101815262502554,867,-0.05864858388495316,0.023092754587428682,0.510957324106113,329,-0.10881823396564323
kyle,long,6,3.685243424347186e-07,4.134743394911122e-07,876,-0.05866135920921296,0.023079979263168876,0.5079908675799086,184,-0.08262683135929062
body_frac,long,8,0.4886665308905451,0.647672323272756,876,-0.05870349935020906,0.023037839122172776,0.5125570776255708,321,-0.07172308308950916
persist6,short,0,-inf,0.0737464414356186,876,-0.05870655964388697,0.011602348423474788,0.5102739726027398,323,-0.14291469331452294
since_lo24,short,0,-inf,2.0,667,-0.05872395830097183,0.011584949766389928,0.5037481259370314,284,0.008310924837164996
absorb_z,long,4,-0.023011506087688857,0.048648778315058844,847,-0.05880043861915222,0.02294089985322962,0.5088547815820543,342,-0.0703277662497337
to_lo24,short,6,2.959401468473601,3.5732048953253366,874,-0.058867449270428356,0.011441458796933403,0.5068649885583524,312,-0.07720459999437643
to_lo480,short,1,4.2166649766533375,6.32392160129927,828,-0.05887207658186985,0.011436831485491905,0.5036231884057971,398,-0.038513178170677384
to_lo96,short,5,5.304135230321936,6.379207564025311,867,-0.05887837326562206,0.011430534801739702,0.5086505190311419,292,-0.10739903297659681
tbi_ma96,long,9,0.0027365291248077385,inf,867,-0.058894671140992685,0.022846667331389153,0.5040369088811996,553,-0.0237984146061943
range_z,short,3,-0.6045310958055903,-0.4514947738339036,867,-0.0589807214192976,0.011328186648064155,0.5086505190311419,287,-0.1554587089753196
efficiency,short,1,0.009040793835589173,0.017949588329827786,876,-0.05915240262618303,0.01115650544117873,0.5057077625570776,303,-0.10940248886458795
disp96,short,0,-inf,-7.316418299668853,867,-0.059250709968683056,0.011058198098678702,0.5040369088811996,477,-0.05450684718824293
pos480,short,2,0.2171383053410379,0.3050713968053542,829,-0.05936890568431264,0.010940002383049117,0.51145958986731,502,-0.1037415217230625
persist24,long,3,0.109804210197814,0.1516318381334749,873,-0.05944463754733463,0.022296700925047208,0.5108820160366552,323,-0.16473242062374985
extreme_late,short,5,0.7238493723849372,0.8075313807531381,903,-0.059644392971937604,0.010664515095424154,0.5060908084163898,365,-0.07225508646274079
tbi_z8,short,0,-inf,-1.3409038308105765,876,-0.059691185419287834,0.010617722648073924,0.5114155251141552,313,-0.06425287412554723
extreme_late,short,0,-inf,0.23430962343096234,873,-0.05976507715654051,0.010543830910821249,0.5085910652920962,274,-0.1952922335404539
minofday,long,3,720.0,960.0,1461,-0.059862826362425035,0.021878512109956803,0.5099247091033539,537,-0.09176557029137439
hour,long,3,12.0,16.0,1461,-0.059862826362425035,0.021878512109956803,0.5099247091033539,537,-0.09176557029137439
updn_ratio,short,6,0.5062761506276151,0.5146443514644351,914,-0.05986567625992334,0.010443231807438419,0.5043763676148797,345,-0.08553443035266856
minofday,short,2,480.0,720.0,1461,-0.05989032671287074,0.010418581354491016,0.5071868583162218,537,-0.10843557976887877
hour,short,2,8.0,12.0,1461,-0.05989032671287074,0.010418581354491016,0.5071868583162218,537,-0.10843557976887877
tbi,short,6,0.0030071644135989633,0.008709581192913353,876,-0.05991391565180229,0.010394992415559468,0.502283105022831,252,-0.1794945243743482
trade_intensity,short,4,0.7260984876372799,0.8279046459073436,867,-0.05997727603693436,0.010331632030427397,0.5051903114186851,278,-0.033073587421680324
pos96,long,5,0.5330857457785712,0.6450096414647009,867,-0.06002884665930208,0.021712491813079757,0.5086505190311419,275,-0.027364941349755003
up_wick,short,4,0.2055823326150177,0.2570842879536988,876,-0.060145426087389084,0.010163481979972674,0.5045662100456622,339,-0.19322177581011668
since_lo24,short,7,20.0,23.0,1151,-0.060202504429335,0.010106403638026756,0.5082536924413553,415,-0.149902823531184
vol_per_trade_z,short,4,-0.3595189147249858,-0.07587515371106013,867,-0.060203959395789215,0.010104948671572543,0.5074971164936563,311,0.03867891477846604
tbi_ma96,short,2,-0.005221464332485892,-0.003994503230319841,867,-0.06031234473236304,0.009996563334998716,0.5098039215686274,342,0.011080851496925833
dq,short,6,0.0061825412298494075,0.017399669031531558,876,-0.06036250434520692,0.009946403722154835,0.502283105022831,254,-0.1704883299655185
dow,long,0,-inf,1.0,1254,-0.060478490632275006,0.021262847840106833,0.5127591706539075,456,-0.2100273541517907
tbi_z8,short,8,0.9238444153592951,1.354660076792907,876,-0.060757990251544144,0.009550917815817614,0.5034246575342466,296,-0.1723024727759101
since_hi480,long,8,409.0,462.0,822,-0.060804207204074506,0.020937131268307332,0.5048661800486618,311,-0.07344313181675347
since_lo480,short,8,447.0,473.0,837,-0.06089209236718907,0.009416815700172686,0.5053763440860215,246,-0.012967140169916291
rpt_rank,short,2,0.17291666666666666,0.26458333333333334,815,-0.0609529491218629,0.009355958945498857,0.505521472392638,298,-0.05507914391771031
rpt_rank,short,3,0.26458333333333334,0.3625,832,-0.06097964483489527,0.009329263232466488,0.5084134615384616,308,-0.06292962597173438
persist6,long,2,0.1437316015990382,0.2226079432468842,876,-0.06102717796688962,0.02071416050549222,0.5091324200913242,320,-0.048177684375528315
lo_pos,short,3,0.1589958158995816,0.27615062761506276,885,-0.061078992202044116,0.009229915865317642,0.5062146892655367,317,-0.19404166452329608
range_per_trade,short,5,2.840846211011737e-08,3.118313638746739e-08,877,-0.06109381407991357,0.009215093987448186,0.507411630558723,313,-0.12558911824010732
rpt_rank,long,5,0.4666666666666667,0.5708333333333333,822,-0.061266999949354035,0.020474338523027803,0.5109489051094891,315,-0.09523245953194369
absorb,short,7,0.02367784555914429,0.044717626664597124,876,-0.06129489910457439,0.009014008962787368,0.5034246575342466,278,-0.20031509138635875
tbi,long,8,0.015243197431993476,0.025053853481713743,876,-0.06142807202372625,0.02031326644865559,0.5102739726027398,300,-0.13143953426403912
updn_ratio,long,4,0.49159663865546216,0.5,873,-0.06142906147355847,0.02031227699882337,0.5040091638029782,274,-0.13930631161475857
atr_rank,short,0,-inf,0.04791666666666667,820,-0.06145211579963373,0.00885679226772803,0.5280487804878049,239,-0.3164403863579694
kyle,long,8,4.800458662385801e-07,6.03328908275103e-07,876,-0.0614588123286428,0.020282526143739037,0.4988584474885845,101,-0.03947397705259958
atr_rank,short,6,0.5854166666666667,0.69375,825,-0.06147933014159777,0.008829577925763991,0.5018181818181818,234,-0.09773335153633142
rpt_z,short,9,1.3331224320282498,inf,867,-0.061586194830585146,0.008722713236776612,0.5063437139561707,335,-0.16169069650887297
persist6,long,9,0.8180967993913174,inf,876,-0.06193645286591481,0.01980488560646703,0.5079908675799086,311,-0.1184340737761323
hour,short,5,20.0,inf,1460,-0.062012223977767206,0.008296684089594553,0.5054794520547945,536,-0.11204004119568897
minofday,short,5,1200.0,inf,1460,-0.062012223977767206,0.008296684089594553,0.5054794520547945,536,-0.11204004119568897
to_hi24,short,2,0.9750212547727201,1.3399987716232993,874,-0.062117010970058686,0.008191897097303072,0.505720823798627,287,-0.08552726443284603
kyle_z,short,6,0.023459112082467374,0.3024210281291553,867,-0.062127997771985466,0.008180910295376292,0.5063437139561707,331,0.003092053023996625
since_hi24,long,2,4.0,7.0,967,-0.06222076515836847,0.01952057331401337,0.5077559462254395,352,0.0424502417451293
tbi_z24,long,4,-0.27413341803170954,-0.001980968647508028,874,-0.062418148177603834,0.019323190294778005,0.505720823798627,368,-0.14458521568683785
sess_us,short,1,1.0,inf,2921,-0.062467255542264045,0.007841652525097713,0.5053064019171517,1073,-0.1115708122458781
tbi_ma8,short,5,-0.0022705903744923255,-8.514950941362843e-05,876,-0.06256465040342259,0.007744257663939172,0.5045662100456622,241,-0.04102347287739483
since_hi24,short,5,13.0,16.0,777,-0.06266930454391784,0.007639603523443922,0.5070785070785071,263,-0.10966936048243772
range_rank,short,3,0.275,0.3770833333333333,819,-0.06270706328080945,0.007601844786552306,0.5079365079365079,312,-0.07203197234881413
atr_rank,short,2,0.13333333333333333,0.22708333333333333,814,-0.06278360069286226,0.007525307374499496,0.5135135135135135,379,-0.11134345420056212
hour,short,4,16.0,20.0,1461,-0.06292197565462912,0.0073869324127326386,0.5051334702258727,537,-0.1111024570929943
minofday,short,4,960.0,1200.0,1461,-0.06292197565462912,0.0073869324127326386,0.5051334702258727,537,-0.1111024570929943
gap,long,3,0.0,8.420301018954109e-05,4728,-0.0630317336195569,0.01870960485282494,0.5084602368866328,1996,-0.09071953066961438
dq_z96,short,1,-1.293329031337503,-0.8587730583550733,867,-0.06320469670230688,0.007104211365054874,0.5074971164936563,312,-0.1012318680468152
since_lo480,long,5,316.0,366.0,823,-0.06324638699495466,0.018494951477427177,0.511543134872418,250,-0.29570110408479766
tbi_z96,short,1,-1.2937127435063578,-0.8595671205731356,867,-0.06330394824213151,0.00700495982523025,0.5074971164936563,313,-0.09810430775868348
kyle_z,long,9,1.270981246347144,inf,867,-0.06330412185216575,0.018437216620216093,0.5074971164936563,363,-0.09945633382804764
disp96,short,4,-1.072868132323117,0.3660211886731899,866,-0.0633362182160063,0.0069726898513554625,0.5092378752886836,281,0.09186164550655762
persist24,short,7,0.30578017484461784,0.3730368956947808,874,-0.06347448861761582,0.006834419449745943,0.505720823798627,314,-0.15716118478281701
extreme_late,long,2,0.3891213389121339,0.5188284518828452,866,-0.0635967223251053,0.01814461614727654,0.5092378752886836,327,-0.0731846962533978
flow_eff,long,4,0.16344940613187892,0.27667621324964786,876,-0.06360941480978595,0.01813192366259589,0.5114155251141552,401,-0.1532999666949938
kyle_z,short,4,-0.43366009001754413,-0.21236720358189776,867,-0.06371134910861345,0.006597558958748306,0.5028835063437139,283,-0.0783921539235343
trade_intensity,short,8,1.3482077717504959,1.8005630550031468,867,-0.06378747663989173,0.006521431427470026,0.5017301038062284,331,-0.08195808568960632
dq_cum24,long,1,-0.4757069499251344,-0.34899101821812256,874,-0.06379041578779256,0.017950922684589282,0.5068649885583524,325,-0.20716838534685017
to_lo480,long,5,13.118001012596803,15.868379882089577,828,-0.06381125412124677,0.017930084351135064,0.5132850241545893,319,-0.03951003472466211
lo_pos,short,6,0.5397489539748954,0.6820083682008368,885,-0.0638931723736746,0.006415735693687155,0.5050847457627119,331,-0.2112516730009547
disp96,long,2,-4.6414997717812,-2.613129304605548,867,-0.06389450896645239,0.017846829505929446,0.5063437139561707,370,0.050719484200601066
since_lo96,long,3,33.0,47.0,840,-0.06390229274341028,0.01783904572897156,0.5071428571428571,293,0.06547562918108259
ats_z96,long,4,-0.3242508505869179,-0.03431224938847927,867,-0.06390803884911589,0.01783329962326595,0.5086505190311419,326,-0.09388206390975755
avg_trade_usd,short,0,-inf,2661.7871666265796,877,-0.06422036377165745,0.0060885442957043096,0.5108323831242874,379,0.03178234680462716
pos480,long,9,0.9286429376153641,inf,829,-0.06425830761893038,0.01748303085345146,0.5102533172496985,174,-0.015517123872674322
since_hi24,long,3,7.0,10.0,828,-0.06436879430394513,0.017372544168436713,0.5048309178743962,311,-0.07530794373936363
absorb_z,short,1,-0.36233158195032084,-0.16077695321819727,848,-0.06439860853855545,0.005910299528806312,0.5047169811320755,295,-0.08551194182302702
disp6,long,7,0.6964592982610548,1.1803459452900136,876,-0.06442676335819829,0.01731457511418355,0.5057077625570776,358,-0.03158759661787878
m1_jump,short,6,0.18045301309243397,0.20971816373948826,876,-0.06443487089362879,0.005874037173732971,0.502283105022831,354,-0.13223294425239593
persist6,long,4,0.302335680588273,0.39038315738435553,875,-0.06458777736938685,0.017153561102994985,0.5074285714285715,348,-0.1445635628864292
range_rank,short,0,-inf,0.08125,828,-0.06463630939557864,0.005672598671783116,0.5169082125603864,289,-0.24570910297519324
tbi_ma8,short,0,-inf,-0.013406686286847434,876,-0.06469955395880972,0.005609354108552039,0.5034246575342466,546,-0.0838967590991981
tbi_z24,short,7,0.5523382488745685,0.8798770194860938,874,-0.06479391190838579,0.0055149961589759655,0.5022883295194508,325,-0.17411280144489924
tbi_z24,long,9,1.323035951769245,inf,875,-0.06482761092731279,0.01691372754506905,0.5108571428571429,295,-0.08145207208368883
range_z,long,9,1.2202518597702472,inf,867,-0.06493638874186743,0.016804949730514412,0.5051903114186851,359,-0.08704074386221777
atr_rank,short,8,0.8020833333333334,0.9083333333333333,815,-0.06503485600389221,0.00527405206346955,0.49693251533742333,343,-0.14438326302331547
persist24,short,1,0.03381198187406315,0.06974219146853762,874,-0.06509716698668945,0.005211741080672308,0.505720823798627,376,-0.19622931395502596
vol_per_trade_z,short,9,1.4449022804360598,inf,867,-0.06512812236127036,0.005180785706091401,0.5063437139561707,307,-0.2285464699228599
tbi_ma8,short,3,-0.006834991048846032,-0.00440441203685144,875,-0.06518256910585393,0.005126338961507826,0.504,264,-0.05451076923680353
body_frac,short,0,-inf,-0.624846839320522,877,-0.06531233936469502,0.004996568702666737,0.5051311288483467,411,-0.053860976757385964
tbi_ma8,short,4,-0.00440441203685144,-0.0022705903744923255,876,-0.06531734620656034,0.004991561860801422,0.5057077625570776,227,0.03648563544771325
persist24,short,5,0.19597906119336136,0.2462627617705114,875,-0.06531945316343958,0.0049894549039221775,0.504,300,-0.06894554854702276
efficiency,long,5,0.04943748063074492,0.06181974422204902,877,-0.0653516659244668,0.01638967254791504,0.508551881413911,312,-0.006803724472422754
dow,long,5,5.0,6.0,1254,-0.06540801941317406,0.016333319059207776,0.507177033492823,462,-0.037120963004080916
range_rank,short,2,0.17291666666666666,0.275,837,-0.06549065303049051,0.0048182550368712496,0.5089605734767025,318,-0.15240463897891166
rpt_rank,long,8,0.7916666666666666,0.8979166666666667,813,-0.0655031641776596,0.01623817429472224,0.5092250922509225,327,-0.17424197681960168
vol_of_vol,long,3,-0.5853181162439783,-0.4435321718973473,826,-0.06552533484541481,0.016216003626967027,0.5108958837772397,210,-0.051251555923017986
dow,long,1,1.0,2.0,1253,-0.06557185413371046,0.01616948433867138,0.5075818036711891,456,-0.10615138434716287
since_lo96,short,4,47.0,60.0,895,-0.06560403710446877,0.0047048709628929875,0.5072625698324023,277,-0.24526084935434683
m1_jump,long,8,0.25195253342068497,0.3388243672399471,876,-0.06565497636511217,0.016086362107269672,0.5034246575342466,349,-0.07932412033056481
atr_pct,long,2,0.012070208858927747,0.01380005008421249,877,-0.0656680888782691,0.016073249594112743,0.5142531356898518,484,-0.060533728302029466
dq,long,2,-0.039953790024378336,-0.02612180672785863,877,-0.06584116233649798,0.01590017613588386,0.5017103762827823,280,-0.06818909240421461
since_lo480,long,1,46.0,111.0,822,-0.0659489119726852,0.015792426499696643,0.5072992700729927,402,-0.04783906619933038
body_frac,short,5,0.020609043371261057,0.17569474296582896,877,-0.06596384382257284,0.004345064244788921,0.5028506271379704,274,-0.18300281669949134
to_hi24,long,7,3.0361244652164334,3.7577961891365845,874,-0.0660308202516663,0.015710518220715536,0.5034324942791762,386,-0.030505071254569832
body_frac,short,1,-0.624846839320522,-0.44780140982012545,876,-0.06604668846261955,0.004262219604742212,0.5057077625570776,332,-0.11080893602387829
flow_div,short,0,-inf,0.0,6889,-0.06613720966327664,0.004171698404085114,0.5035563942517056,2414,-0.11578044555558689
rpt_z,short,2,-0.890299282014816,-0.6179349713597198,867,-0.06614294502434279,0.004165963043018972,0.5040369088811996,309,-0.16215388446732798
is_weekend,short,1,1.0,inf,2508,-0.0661513009594141,0.004157607107947658,0.5059808612440191,923,-0.1554311534752372
rv_vs_range,short,2,0.5423857931751022,0.5901794183609127,877,-0.06633299710354822,0.003975910963813542,0.5039908779931584,298,-0.0025052152706444694
ats_z96,short,9,1.491541066401036,inf,867,-0.06634222038739816,0.003966687679963596,0.5063437139561707,283,-0.30379908085077867
avg_trade_usd,long,5,3869.0922843088965,4147.058274240792,877,-0.06649515466902339,0.015246183803358446,0.5017103762827823,163,-0.09623113575241588
range_rank,short,6,0.5875,0.6958333333333333,830,-0.06666221173977135,0.003646696327590404,0.5024096385542168,327,-0.005134411205544797
tbi_z8,long,6,0.2934497525791458,0.6074870578487849,875,-0.06690179469045564,0.014839543781926201,0.5074285714285715,340,-0.04171404842325343
since_lo24,long,3,8.0,11.0,758,-0.0669871448225822,0.014754193649799643,0.503957783641161,279,-0.021913530987722373
disp24,short,7,1.764446311305434,2.8978604858971413,873,-0.06726083967717868,0.0030480683901830813,0.5028636884306987,301,-0.15727734583004507
atr_pct,short,3,0.01380005008421249,0.015344019804804385,876,-0.06728264131558621,0.0030262667517755443,0.5068493150684932,304,-0.1886025155237535
flow_div,long,2,1.0,inf,1873,-0.06730481730205426,0.01443652117032758,0.5061398825413774,807,-0.11895232083722014
tbi_ma8,short,7,0.00217507300364068,0.004988225015250394,876,-0.06736802107947353,0.0029408869878882332,0.5,256,-0.2493300136192937
tbi_z8,short,5,0.003767039247392485,0.2934497525791458,876,-0.06737036279741214,0.002938545269949619,0.502283105022831,348,-0.10917384556802355
pos24,short,5,0.5294697576153384,0.6322616244553863,874,-0.06745040914050761,0.00285849892685415,0.5022883295194508,339,-0.027372041059648185
wick_skew,long,5,-0.013552295918367374,0.06493913238194599,877,-0.06751613670524242,0.014225201767139414,0.5039908779931584,359,-0.05071745999925549
flow_eff,short,3,0.07632832261883876,0.16344940613187892,877,-0.0675549332606139,0.0027539748067478553,0.5119726339794755,458,-0.14123845262126436
dq,short,3,-0.02612180672785863,-0.015102813222672326,876,-0.06759761930382871,0.0027112887635330485,0.5034246575342466,220,0.04977660113927052
kyle,short,2,2.3599434372685855e-07,2.6778939369519616e-07,877,-0.06781374278708345,0.002495165280278308,0.5096921322690992,411,-0.04988243816845644
updn_ratio,long,3,0.48333333333333334,0.49159663865546216,865,-0.06782879057888717,0.013912547893494664,0.5052023121387283,267,-0.08484303071256273
updn_ratio,long,1,0.4602510460251046,0.47368421052631576,887,-0.06798074353157181,0.013760594940810028,0.5050732807215332,314,-0.017272741727395395
tbi_z8,long,9,1.354660076792907,inf,876,-0.0680916242836033,0.013649714188778542,0.5079908675799086,314,-0.05739330646080156
dq,long,8,0.030617822466259943,0.050170927440953784,876,-0.06819505254771296,0.013546285924668874,0.5068493150684932,299,-0.12184554069098102
sess_eu,short,0,-inf,1.0,5843,-0.06823728218148876,0.0020716258858729936,0.5024816019168236,2147,-0.10676214600004479
range_rank,short,8,0.7958333333333333,0.9020833333333333,833,-0.0683588836061491,0.00195002446121266,0.4969987995198079,334,-0.12549268482736486
sess_asia,short,0,-inf,1.0,5843,-0.0684603787203389,0.0018485293470228564,0.5019681670374807,2147,-0.11119263236735578
wick_skew,long,4,-0.09645779357826975,-0.013552295918367374,876,-0.06847200914710974,0.013269329325272097,0.5045662100456622,337,-0.11513785951081786
range_rank,long,8,0.7958333333333333,0.9020833333333333,833,-0.06853359775150981,0.013207740720872024,0.5018007202881153,334,-0.04643929899200043
dn_wick,long,4,0.21976693723255156,0.27842507030932095,876,-0.06860205808280637,0.013139280389575472,0.502283105022831,326,-0.1551604937357406
since_lo24,long,2,5.0,8.0,832,-0.06860877877869902,0.013132559693682822,0.5036057692307693,321,-0.1869660719592003
dn_wick,long,5,0.27842507030932095,0.33942584319378094,877,-0.06864071358673293,0.013100624885648907,0.5051311288483467,304,-0.07082369246535353
since_lo96,short,0,-inf,7.0,796,-0.06870307633125532,0.0016058317361064417,0.49246231155778897,395,0.02766226344009466
m1_jump,long,9,0.3388243672399471,inf,877,-0.06874305795394,0.012998280518441832,0.5096921322690992,247,-0.008628474404224479
gap,short,2,-7.901603251036761e-05,0.0,530,-0.06895119944387516,0.0013577086234865948,0.48867924528301887,257,0.12795415777624503
absorb,long,2,-0.0683031789361869,-0.039510818125478527,876,-0.06901911334637567,0.012722225126006168,0.5034246575342466,314,-0.11699868617416356
accel,short,8,1.0856744648996421,1.6839231485814867,874,-0.06904587318212138,0.0012630348852403772,0.5,370,-0.11392520251736252
tbi_z8,short,1,-1.3409038308105765,-0.9467241273073556,876,-0.06924900832468656,0.0010598997426752022,0.502283105022831,288,-0.13757346589332672
efficiency,short,4,0.03808282100614866,0.04943748063074492,876,-0.06929731897790871,0.0010115890894530494,0.502283105022831,306,-0.13657719697203297
kyle,short,4,2.987557355074311e-07,3.30631537978391e-07,876,-0.06941785501891311,0.0008910530484486506,0.5045662100456622,286,-0.00376072657245331
avg_trade_usd,short,5,3869.0922843088965,4147.058274240792,877,-0.06948670062911308,0.0008222074382486788,0.4982896237172178,163,-0.09976699848487693
atr_pct,short,8,0.024678765221320686,0.030351754735768795,876,-0.06977880914196453,0.0005300989253972238,0.4885844748858447,107,-0.03198033052709672
dq_z96,long,7,0.5409492448694525,0.8403602678012647,867,-0.06978643327457552,0.011954905197806315,0.5063437139561707,284,-0.07834470459873151
since_lo96,long,9,95.0,inf,931,-0.06979262346253981,0.011948715009842029,0.505907626208378,266,-0.2543584026787612
rv_vs_range,short,8,0.824571909710019,0.9114508923578857,876,-0.0698975788743189,0.0004113291930428614,0.502283105022831,342,-0.17066558322248623
since_lo24,short,1,2.0,5.0,1079,-0.06996811241817258,0.0003407956491891795,0.49675625579240035,401,-0.07179310719872728
dq_z96,short,8,0.8403602678012647,1.3027029395279508,867,-0.07003978417568561,0.0002691238916761457,0.4982698961937716,308,-0.14320166932137643
persist96,short,1,0.01631211901011021,0.03338044619195898,867,-0.07016954284779191,0.00013936521956985082,0.5051903114186851,316,0.07547863475120026
tbi_ma24,long,8,0.0030165052439096785,0.005514033581752368,874,-0.07027821733364464,0.011463121138737195,0.5045766590389016,275,0.028229642611944383
to_lo96,short,6,6.379207564025311,7.596208370083321,867,-0.07028060216206526,2.830590529649679e-05,0.5028835063437139,344,-0.1286611667206624
atr_rank,short,9,0.9083333333333333,inf,845,-0.0702906299812432,1.8278086118553305e-05,0.48520710059171596,334,0.13134899863422733
body_frac,short,6,0.17569474296582896,0.3299585854842767,876,-0.07030818290228365,7.251650781109342e-07,0.502283105022831,310,-0.021348412329246193
rv_vs_range,short,3,0.5901794183609127,0.6336503707839143,876,-0.07033074082637379,-2.1832759012033187e-05,0.5,316,-0.1397608555572411
since_hi24,long,1,2.0,4.0,843,-0.07033288773169204,0.011408450740689802,0.501779359430605,306,-0.13156402170971304
flow_eff,short,9,1.6727174680472765,inf,877,-0.07034443994788281,-3.5531880521050274e-05,0.4880273660205245,218,-0.019237946372306323
rv_vs_range,short,9,0.9114508923578857,inf,877,-0.07036823967739109,-5.933161002932841e-05,0.5039908779931584,426,-0.1670959698500698
since_lo24,long,6,18.0,20.0,608,-0.07044561836042092,0.011295720111960922,0.5049342105263158,223,-0.12536197450573092
since_hi96,long,0,-inf,4.0,826,-0.07052704922032327,0.01121428925205857,0.5048426150121066,268,-0.05734656214019272
tbi,long,2,-0.020024678573198583,-0.013168510616637938,877,-0.07057327117336322,0.01116806729901862,0.49942987457240595,276,-0.07493239094681112
gap,short,4,8.420301018954109e-05,0.0002571207823121999,876,-0.07058730781236114,-0.00027839974499938025,0.5011415525114156,465,-0.1515281863300606
rv_vs_range,short,4,0.6336503707839143,0.6755027837760977,876,-0.07062142304351178,-0.00031251497615002177,0.5011415525114156,286,-0.03495920158208879
to_lo480,short,3,8.431407725710367,10.715801865379952,828,-0.07072109538564175,-0.000412187318279994,0.5024154589371981,327,-0.009579058200184447
lo_pos,long,7,0.6820083682008368,0.8200836820083682,877,-0.07083505391027757,0.010906284562104268,0.5017103762827823,338,-0.08453693478660416
tbi_ma96,short,5,-0.0021863931914519663,-0.0013667872336756608,867,-0.07093358719819999,-0.0006246791308382321,0.5051903114186851,165,0.19178258286916497
tbi_z96,short,4,-0.2553814783649961,-0.004833135626994989,867,-0.07105805710262338,-0.0007491490352616176,0.4994232987312572,363,-0.06671417217919721
tbi,short,3,-0.013168510616637938,-0.007654052728105141,876,-0.07108204108948621,-0.0007731330221244503,0.5011415525114156,221,0.02669040382035491
up_wick,short,5,0.2570842879536988,0.3179136248195269,877,-0.07152163844595517,-0.0012127303785934157,0.5017103762827823,317,-0.08601013640702973
tbi_z8,short,4,-0.2815991935356222,0.003767039247392485,876,-0.0716729713508188,-0.0013640632834570482,0.5011415525114156,352,-0.07971427314047194
rv_vs_range,short,0,-inf,0.4846170569677432,877,-0.07168543278366513,-0.0013765247163033678,0.49714937286202965,324,-0.15227122187275005
tbi,short,2,-0.020024678573198583,-0.013168510616637938,877,-0.07192014238871858,-0.0016112343213568192,0.500570125427594,276,-0.11424019993433457
is_weekend,short,0,-inf,1.0,6257,-0.07197540616976429,-0.0016664981024025333,0.49928080549784243,2298,-0.08910812574296686
dow,short,2,2.0,3.0,1248,-0.07211346106035159,-0.0018045529929898302,0.49919871794871795,462,-0.1357753846702905
tbi_z96,long,7,0.5399741851352386,0.8409490837143425,867,-0.07212661713667756,0.009614721335704277,0.5051903114186851,286,-0.0853619160355364
rv_vs_range,long,5,0.6755027837760977,0.7186206532706073,877,-0.0721981208480801,0.009543217624301742,0.5028506271379704,290,-0.029511561765544207
dow,long,2,2.0,3.0,1248,-0.0722562577147764,0.009485080757605444,0.500801282051282,462,-0.05584316757649153
dq_z96,long,4,-0.2566671889570011,-0.006008376991721173,867,-0.07265121638224717,0.00909012209013467,0.5028835063437139,364,-0.1400019234176521
dn_wick,long,2,0.1146328000538512,0.16670349907920837,877,-0.07266907651652198,0.009072261955859862,0.5028506271379704,321,-0.08861545675117011
since_lo24,long,1,2.0,5.0,1079,-0.07268181087480514,0.009059527597576694,0.5032437442075997,401,-0.11718532317401907
atr_rank,long,1,0.04791666666666667,0.13333333333333333,836,-0.07274152987839554,0.008999808593986303,0.5167464114832536,379,-0.0550946898836938
m1_jump,long,7,0.20971816373948826,0.25195253342068497,877,-0.0727763188276119,0.008965019644769937,0.5017103762827823,344,-0.057264243275229915
minofday,short,1,240.0,480.0,1461,-0.07277799880391932,-0.002469090736557558,0.4996577686516085,537,-0.07531168283486636
hour,short,1,4.0,8.0,1461,-0.07277799880391932,-0.002469090736557558,0.4996577686516085,537,-0.07531168283486636
range_per_trade,short,9,4.851782534912265e-08,inf,877,-0.0727872612697265,-0.0024783532023647387,0.4823261117445838,2,
efficiency,short,3,0.027681176416064802,0.03808282100614866,876,-0.07286895259760728,-0.0025600445302455255,0.5011415525114156,323,-0.10809127121542732
wick_skew,short,5,-0.013552295918367374,0.06493913238194599,877,-0.07290471839145939,-0.0025958103240976277,0.4960091220068415,359,-0.14457799756082568
atr_rank,short,3,0.22708333333333333,0.3375,833,-0.07328227784269424,-0.0029733697753324823,0.503001200480192,319,-0.12112626521107366
dn_wick,short,2,0.1146328000538512,0.16670349907920837,877,-0.07356652204224488,-0.003257613974883125,0.49714937286202965,321,-0.11157178137277617
absorb_z,short,0,-inf,-0.36233158195032084,848,-0.07358034424357933,-0.003271436176217571,0.5023584905660378,358,-0.09288633106802086
disp6,short,6,0.329275481138288,0.6964592982610548,876,-0.07358294190409516,-0.0032740338367334004,0.5,324,-0.06851551517520346
close_loc,long,4,0.4277325790224542,0.52505473120895,876,-0.07359836930731413,0.00814296916506771,0.5034246575342466,306,-0.10067650528962636
since_lo24,short,8,23.0,24.0,560,-0.07361622485170423,-0.0033073167843424706,0.5017857142857143,187,-0.21834081398123514
sess_asia,short,1,1.0,inf,2922,-0.07400533413671652,-0.0036964260693547607,0.4996577686516085,1074,-0.10195795709708469
tbi_z96,long,8,0.8409490837143425,1.303541504661481,867,-0.07407212956845621,0.007669208903925626,0.5040369088811996,308,-0.0560293743771279
ats_rank480,short,4,0.4,0.51875,823,-0.0741404330344217,-0.003831524967059935,0.503037667071689,342,-0.11931645239308858
sess_us,short,0,-inf,1.0,5844,-0.07422839250025198,-0.0039194844328902245,0.49914442162902123,2148,-0.10638638085435502
m1_jump,short,3,0.12451667415153965,0.1405938842871208,876,-0.07429828190159755,-0.003989373834235796,0.4988584474885845,341,-0.01764348345824711
vol_per_trade_z,long,3,-0.6311977477995068,-0.3595189147249858,867,-0.07432325027750523,0.007418088194876604,0.5028835063437139,320,-0.11937778356622183
sess_eu,short,1,1.0,inf,2922,-0.07445145086378745,-0.004142542796425688,0.49863107460643397,1074,-0.11081480461162536
atr_rank,short,7,0.69375,0.8020833333333334,842,-0.07455262193078593,-0.0042437138634241756,0.49406175771971494,213,-0.09107213262303056
updn_ratio,long,5,0.5,0.5062761506276151,848,-0.07459394454991178,0.0071473939224700606,0.5023584905660378,287,-0.07937927158295581
wick_skew,long,6,0.06493913238194599,0.1466209500176167,876,-0.07459731155490275,0.0071440269174790905,0.5034246575342466,325,-0.1293536297029942
since_hi24,short,7,20.0,22.0,687,-0.07466563675867392,-0.0043567286913121644,0.5007278020378457,243,0.027308946817843457
since_hi96,long,5,44.0,59.0,888,-0.07513662382674922,0.0066047146456326145,0.5022522522522522,279,0.0266511212545319
minofday,short,0,-inf,240.0,1461,-0.07523266946951368,-0.004923761402151922,0.4996577686516085,537,-0.128604231359303
hour,short,0,-inf,4.0,1461,-0.07523266946951368,-0.004923761402151922,0.4996577686516085,537,-0.128604231359303
gap,short,0,-inf,-0.00025816145493430016,877,-0.0753159028446828,-0.005006994777321042,0.5028506271379704,20,
sess_eu,long,1,1.0,inf,2922,-0.0754092061267068,0.0063321323456750345,0.5010266940451745,1074,-0.09494299676603149
since_lo24,short,5,15.0,18.0,824,-0.07545469281778436,-0.0051457847504225995,0.5012135922330098,296,-0.11052932818459435
dq_z96,short,4,-0.2566671889570011,-0.006008376991721173,867,-0.07548160531030661,-0.005172697242944849,0.497116493656286,364,-0.05888988062693684
lo_pos,long,8,0.8200836820083682,0.9355648535564869,884,-0.07551066292230499,0.00623067555007685,0.498868778280543,342,-0.04569288567833968
disp6,short,7,0.6964592982610548,1.1803459452900136,876,-0.07553443846022137,-0.005225530392859612,0.4942922374429224,358,-0.1670690422952692
hi_pos,long,3,0.1589958158995816,0.27615062761506276,882,-0.0755443264643537,0.0061970120080281355,0.5011337868480725,318,0.0017981328799411187
is_weekend,long,0,-inf,1.0,6257,-0.07557318634672978,0.006168152125652054,0.5002397315007192,2298,-0.10520157448534165
dq,short,2,-0.039953790024378336,-0.02612180672785863,877,-0.07564128298751341,-0.00533237492015165,0.4982896237172178,280,-0.1208186662108628
rv_vs_range,long,0,-inf,0.4846170569677432,877,-0.07583109829717082,0.005910240175211023,0.5017103762827823,324,-0.05785489054148146
tbi_z24,long,0,-inf,-1.3227384666546933,875,-0.07594271029578821,0.005798628176593629,0.5005714285714286,301,-0.15967955080432372
vol_per_trade_z,long,6,0.21414320489103297,0.5335539487469343,867,-0.07599545701674877,0.005745881455633067,0.5017301038062284,326,-0.04513380298597755
wick_skew,short,6,0.06493913238194599,0.1466209500176167,876,-0.07616966616249288,-0.005860758095131119,0.4965753424657534,325,-0.07234368020182819
m1_jump,short,8,0.25195253342068497,0.3388243672399471,876,-0.07619175400672228,-0.005882845939360518,0.4965753424657534,349,-0.1149261440437966
lo_pos,short,8,0.8200836820083682,0.9355648535564869,884,-0.07622204326812172,-0.005913135200759964,0.501131221719457,342,-0.14648861904178329
atr_rank,long,6,0.5854166666666667,0.69375,825,-0.07634772688681835,0.005393611585563493,0.49818181818181817,234,-0.08595431757764176
since_hi96,short,5,44.0,59.0,888,-0.07637502866557126,-0.006066120598209504,0.49774774774774777,279,-0.20239124323414406
accel,long,2,-1.0997316491236018,-0.699012663140142,875,-0.07644042943227154,0.0053009090401102965,0.5017142857142857,286,-0.06009511070833153
since_hi480,long,4,125.0,198.0,830,-0.0764542906397126,0.005287047832669242,0.5048192771084338,529,-0.09221059433984828
to_lo480,short,4,10.715801865379952,13.118001012596803,829,-0.07647556284292881,-0.006166654775567049,0.49939686369119424,250,-0.08771841547051741
to_lo480,long,1,4.2166649766533375,6.32392160129927,828,-0.07649313391657567,0.005248204555806171,0.4963768115942029,398,-0.11569229928587843
updn_ratio,short,5,0.5,0.5062761506276151,848,-0.07669859503357339,-0.00638968696621163,0.49764150943396224,287,-0.11997227721541423
to_lo24,long,2,1.1706383506773248,1.5507470855117158,874,-0.07670801093887511,0.005033327533506729,0.5011441647597255,318,-0.13192119426070475
ats_rank480,long,0,-inf,0.08333333333333333,817,-0.07671434621318836,0.00502699225919348,0.4944920440636475,425,-0.12547434997864176
accel,long,5,-0.013099381754319017,0.33119465026240713,875,-0.07676194341164141,0.004979395060740424,0.5028571428571429,307,-0.05571614653069209
hi_pos,short,5,0.41841004184100417,0.5564853556485355,865,-0.07680527176108104,-0.0064963636937192815,0.49942196531791905,346,-0.1500330781167978
lo_pos,long,2,0.07112970711297072,0.1589958158995816,915,-0.07681236930385806,0.0049289691685237835,0.5027322404371585,318,-0.15491280293034793
tbi_z96,short,8,0.8409490837143425,1.303541504661481,867,-0.07684336079648556,-0.006534452729123799,0.49480968858131485,308,-0.14320166932137643
tbi,long,3,-0.013168510616637938,-0.007654052728105141,876,-0.07688725880898455,0.004854079663397293,0.4988584474885845,221,-0.22636097672606156
extreme_late,long,1,0.23430962343096234,0.3891213389121339,878,-0.0769717427075733,0.004769595764808537,0.5022779043280182,308,-0.15750282239969823
range_per_trade,long,4,2.5856397998865023e-08,2.840846211011737e-08,876,-0.07708131497265633,0.00466002349972551,0.5034246575342466,385,-0.0417116669996817
extreme_late,short,1,0.23430962343096234,0.3891213389121339,878,-0.07715746887420101,-0.006848560806839252,0.4977220956719818,308,-0.035200538295756076
dq_cum24,long,8,0.1483850612762181,0.2675339650052798,874,-0.0772028574044524,0.004538481067929437,0.5011441647597255,270,0.03517286063800399
range_z,short,9,1.2202518597702472,inf,867,-0.07730682191101258,-0.006997913843650824,0.49480968858131485,359,-0.09841108937976303
since_hi24,long,4,10.0,13.0,779,-0.07744939302010458,0.004291945452277263,0.5006418485237484,276,-0.14499360774537376
m1_jump,short,0,-inf,0.09125296461620419,877,-0.07745244511750687,-0.007143537050145116,0.5051311288483467,343,-0.12115110460040525
m1_jump,short,7,0.20971816373948826,0.25195253342068497,877,-0.07750588649564459,-0.0071969784282828325,0.49714937286202965,344,-0.14085813702581823
ats_rank480,short,7,0.746875000000002,0.8479166666666667,816,-0.07751241385210081,-0.0072035057847390505,0.5,268,-0.21534194188105374
range_z,short,0,-inf,-0.939232251268162,867,-0.07759743244973176,-0.007288524382370001,0.5017301038062284,384,-0.2478330198993689
minofday,long,0,-inf,240.0,1461,-0.07760841501905329,0.004132923453328552,0.5003422313483915,537,-0.06478358028239173
hour,long,0,-inf,4.0,1461,-0.07760841501905329,0.004132923453328552,0.5003422313483915,537,-0.06478358028239173
vol_per_trade_z,short,5,-0.07587515371106013,0.21414320489103297,867,-0.0776188854192666,-0.007309977351904848,0.4982698961937716,344,-0.1855093311526308
vol_per_trade_z,short,6,0.21414320489103297,0.5335539487469343,867,-0.07761943286020133,-0.007310524792839571,0.497116493656286,326,-0.14428836017529587
tbi_z96,long,4,-0.2553814783649961,-0.004833135626994989,867,-0.07766583790173255,0.0040755005706492875,0.5005767012687428,363,-0.13180943048191004
since_lo24,short,2,5.0,8.0,832,-0.07773674998721741,-0.0074278419198556545,0.4963942307692308,321,0.002049476026205579
sess_us,long,0,-inf,1.0,5844,-0.07799228902303112,0.0037490494493507137,0.500684462696783,2148,-0.09389135396089449
disp96,short,8,6.162367051044947,9.598565625143438,867,-0.0780024934906304,-0.007693585423268645,0.4982698961937716,388,-0.12482793075122968
vol_per_trade_z,long,5,-0.07587515371106013,0.21414320489103297,867,-0.07805598177792208,0.0036853566944597543,0.5017301038062284,344,-0.0070951763809973
kyle_z,short,9,1.270981246347144,inf,867,-0.078064684556701,-0.007755776489339242,0.4913494809688581,363,-0.07665511127120919
dn_wick,short,4,0.21976693723255156,0.27842507030932095,876,-0.07813483479618033,-0.007825926728818572,0.4965753424657534,326,-0.03538306112802207
rpt_rank,long,4,0.3625,0.4666666666666667,832,-0.07817856433645429,0.0035627741359275517,0.5036057692307693,326,-0.0450515683798975
hi_pos,short,3,0.1589958158995816,0.27615062761506276,882,-0.07831170851184478,-0.008002800444483024,0.4988662131519274,318,-0.18956341386458783
accel,long,8,1.0856744648996421,1.6839231485814867,874,-0.07848885772431705,0.0032524807480647927,0.5,370,-0.08837601474278575
avg_trade_usd,long,7,4429.932133653071,4762.617031526381,877,-0.07860769089711564,0.003133647575266199,0.49486887115165334,265,-0.01209882675564166
lo_pos,short,2,0.07112970711297072,0.1589958158995816,915,-0.07871512584353817,-0.008406217776176408,0.4972677595628415,318,-0.05548604490388701
kyle,short,6,3.685243424347186e-07,4.134743394911122e-07,876,-0.07879422234612737,-0.008485314278765616,0.4908675799086758,184,-0.07588753516254576
disp96,long,8,6.162367051044947,9.598565625143438,867,-0.07884508167581607,0.0028962567965657715,0.5005767012687428,388,-0.09668198720905007
tbi_z96,short,7,0.5399741851352386,0.8409490837143425,867,-0.0788541914036285,-0.008545283336266737,0.49480968858131485,286,-0.11101034940542308
to_lo24,long,0,-inf,0.7648849695554003,875,-0.07892503329538618,0.0028163051769956593,0.49714285714285716,377,-0.12363395109275876
pos480,short,5,0.5886857473616829,0.6817188870286215,829,-0.07894724758008205,-0.008638339512720292,0.5078407720144753,134,-0.09515471215398298
kyle,long,1,2.0053712473038197e-07,2.3599434372685855e-07,876,-0.078980102912498,0.0027612355598838345,0.5114155251141552,542,-0.07653715029856427
tbi_z8,short,9,1.354660076792907,inf,876,-0.07898508070807947,-0.008676172640717711,0.4920091324200913,314,-0.15572446637915482
disp6,long,6,0.329275481138288,0.6964592982610548,876,-0.07906884775590602,0.0026724907164758227,0.5,324,-0.131938835971573
since_lo24,short,3,8.0,11.0,758,-0.07917491346421608,-0.008866005396854323,0.4947229551451187,279,-0.1646364976428104
trade_intensity,long,8,1.3482077717504959,1.8005630550031468,867,-0.07931479001585683,0.002426548456525013,0.4982698961937716,331,-0.10826050616342911
gap,long,4,8.420301018954109e-05,0.0002571207823121999,876,-0.07932836124345932,0.0024129772289225165,0.4988584474885845,465,-0.08081653312126018
dq_cum24,short,8,0.1483850612762181,0.2675339650052798,874,-0.07942502018971083,-0.009116112122349071,0.4988558352402746,270,-0.23055839988795074
dq_cum24,short,1,-0.4757069499251344,-0.34899101821812256,874,-0.0794530788617121,-0.009144170794350343,0.4931350114416476,325,0.007130644673444139
rv_vs_range,long,4,0.6336503707839143,0.6755027837760977,876,-0.0794581711357559,0.002283167336625938,0.4988584474885845,286,-0.16165620512457204
accel,short,2,-1.0997316491236018,-0.699012663140142,875,-0.07946933572545364,-0.009160427658091885,0.4982857142857143,286,-0.1336688855870604
tbi_ma8,long,7,0.00217507300364068,0.004988225015250394,876,-0.07964775219217303,0.002093586280208809,0.4988584474885845,256,0.059219668606490264
tbi_z8,long,1,-1.3409038308105765,-0.9467241273073556,876,-0.07971100369384332,0.00203033477853852,0.4977168949771689,288,-0.06414866043580986
to_lo480,long,4,10.715801865379952,13.118001012596803,829,-0.07980417027571321,0.0019371681966686288,0.5006031363088058,250,-0.15571087147495752
m1_jump,long,6,0.18045301309243397,0.20971816373948826,876,-0.07986136087115456,0.0018799776012272812,0.4965753424657534,354,-0.067582619114394
wick_skew,short,4,-0.09645779357826975,-0.013552295918367374,876,-0.07986742570102344,-0.009558517633661681,0.4954337899543379,337,-0.0772635517193993
m1_jump,long,3,0.12451667415153965,0.1405938842871208,876,-0.07990233952593354,0.001838998946448303,0.5,341,-0.18171539678837695
kyle_z,short,3,-0.6438246935495081,-0.43366009001754413,867,-0.07990396637958343,-0.009595058312221669,0.4994232987312572,293,-0.16631469216863204
updn_ratio,short,4,0.49159663865546216,0.5,873,-0.07990511227680941,-0.00959620420944765,0.4948453608247423,274,-0.053772766578144844
vol_of_vol,short,2,-0.7203019051498344,-0.5853181162439783,826,-0.08008226323349758,-0.009773355166135825,0.5024213075060533,204,-0.10634291269828451
since_lo24,long,0,-inf,2.0,667,-0.08014189006698605,0.0015994484053957897,0.4962518740629685,284,-0.1962940840954505
tbi_z8,long,5,0.003767039247392485,0.2934497525791458,876,-0.0802069784497663,0.001534360022615533,0.4977168949771689,348,-0.09381648167125667
tbi_ma96,short,4,-0.003074124309458409,-0.0021863931914519663,867,-0.08032343591349221,-0.010014527846130453,0.5005767012687428,162,-0.05197194965685737
disp6,short,3,-0.6087177305173185,-0.25965319034926165,876,-0.08036242149647572,-0.010053513429113967,0.5,290,-0.0890698723948914
sess_asia,long,1,1.0,inf,2922,-0.08057537191935545,0.001165966553026393,0.5003422313483915,1074,-0.09283971115575748
hi_pos,long,5,0.41841004184100417,0.5564853556485355,865,-0.08068799867856678,0.0010533397938150557,0.500578034682081,346,-0.05426169632396737
absorb,short,9,0.09575947728273958,inf,877,-0.08069918604656968,-0.010390277979207926,0.5017103762827823,450,-0.1876540478790973
body_frac,long,0,-inf,-0.624846839320522,877,-0.08070462860688232,0.001036709865499516,0.49486887115165334,411,-0.14443925056328058
tbi_ma96,short,9,0.0027365291248077385,inf,867,-0.08071660212222263,-0.010407694054860875,0.49480968858131485,553,-0.18648277781552658
since_hi96,short,4,31.0,44.0,880,-0.08074482014503058,-0.010435912077668821,0.49886363636363634,275,-0.053506021188334904
since_hi96,long,4,31.0,44.0,880,-0.08079550252671808,0.0009458359456637616,0.5011363636363636,275,-0.16364685549363137
disp96,long,0,-inf,-7.316418299668853,867,-0.08097827868484211,0.0007630597875397244,0.49596309111880044,477,-0.10422013736740617
disp96,short,2,-4.6414997717812,-2.613129304605548,867,-0.08100800656968905,-0.010699098502327295,0.4936562860438293,370,-0.24575863910274368
dq_z96,short,7,0.5409492448694525,0.8403602678012647,867,-0.0810589017978866,-0.010749993730524848,0.4936562860438293,284,-0.11757341615457537
disp96,short,7,3.8574025234418943,6.162367051044947,867,-0.08111244658913082,-0.01080353852176906,0.4982698961937716,341,-0.1617832212905495
rv_vs_range,short,5,0.6755027837760977,0.7186206532706073,877,-0.08113728233980742,-0.010828374272445665,0.49714937286202965,290,-0.16885319417224123
dq_z96,long,8,0.8403602678012647,1.3027029395279508,867,-0.08119466203367372,0.0005466764387081213,0.5005767012687428,308,-0.0560293743771279
vol_per_trade_z,short,3,-0.6311977477995068,-0.3595189147249858,867,-0.08121447729532466,-0.010905569227962902,0.497116493656286,320,-0.07723039948864634
range_rank,long,6,0.5875,0.6958333333333333,830,-0.08132266354474314,0.00041867492763869585,0.4963855421686747,327,-0.18053808460163423
since_hi24,short,4,10.0,13.0,779,-0.08139148097560726,-0.011082572908245505,0.4993581514762516,276,-0.062400395427483366
kyle_z,long,4,-0.43366009001754413,-0.21236720358189776,867,-0.08145216021023811,0.00028917826214372444,0.497116493656286,283,-0.12467395410099072
to_hi480,long,7,15.9517432415093,22.051911477403223,828,-0.08145905181136616,0.00028228666101567934,0.5036231884057971,421,-0.1120885851349685
efficiency,long,3,0.027681176416064802,0.03808282100614866,876,-0.08162503784668347,0.00011630062569836785,0.4988584474885845,323,-0.09358026748071219
dq,long,3,-0.02612180672785863,-0.015102813222672326,876,-0.08176667429925963,-2.533582687778979e-05,0.4965753424657534,220,-0.24931835063027785
disp6,long,3,-0.6087177305173185,-0.25965319034926165,876,-0.0818806844272156,-0.00013934595483376666,0.5,290,-0.11172186415637227
kyle_z,long,3,-0.6438246935495081,-0.43366009001754413,867,-0.08188544525210134,-0.00014410677971950225,0.5005767012687428,293,-0.050662759451040276
tbi_ma96,long,8,0.0011656080331935539,0.0027365291248077385,867,-0.08227240520604441,-0.0005310667336625718,0.4925028835063437,277,-0.11246225160514013
lo_pos,short,7,0.6820083682008368,0.8200836820083682,877,-0.08230223258260623,-0.011993324515244472,0.4982896237172178,338,-0.10484345044850539
sess_asia,long,0,-inf,1.0,5843,-0.08232442152354444,-0.0005830830511626001,0.49751839808317644,2147,-0.09227076096555833
absorb,short,2,-0.0683031789361869,-0.039510818125478527,876,-0.08239402057392663,-0.012085112506564868,0.4965753424657534,314,-0.08868157245245349
absorb_z,short,7,0.15378856212922218,0.2261836432179246,847,-0.08246977508431608,-0.012160867016954319,0.4911452184179457,311,-0.12664942102621984
disp96,long,7,3.8574025234418943,6.162367051044947,867,-0.08254066681787492,-0.0007993283454930805,0.5005767012687428,341,-0.059366077609309995
since_hi24,short,3,7.0,10.0,828,-0.08258013046857798,-0.012271222401216225,0.49516908212560384,311,-0.12401482757105271
persist24,long,5,0.19597906119336136,0.2462627617705114,875,-0.08261539553261461,-0.0008740570602327746,0.496,300,-0.13440637540276124
tbi_ma8,long,0,-inf,-0.013406686286847434,876,-0.08266669471019723,-0.0009253562378153946,0.4965753424657534,546,-0.12324971081173691
vol_of_vol,long,5,-0.29998734266072047,-0.1159629389336806,827,-0.08271653350809485,-0.000975195035713014,0.501813784764208,235,-0.10611460707036695
tbi_z8,long,4,-0.2815991935356222,0.003767039247392485,876,-0.08304782115956427,-0.0013064826871824337,0.4977168949771689,352,-0.12360024427421858
since_lo480,short,3,176.50000000000045,249.0,824,-0.08304995328003115,-0.012741045212669388,0.5024271844660194,393,-0.35019336554076436
ats_rank480,long,7,0.746875000000002,0.8479166666666667,816,-0.0832082203278669,-0.001466881855485061,0.5,268,0.007806367844538954
since_lo24,short,6,18.0,20.0,608,-0.08329138723650552,-0.01298247916914376,0.49506578947368424,223,-0.07897390680095889
persist6,short,9,0.8180967993913174,inf,876,-0.08332303914477762,-0.013014131077415864,0.4920091324200913,311,-0.08682876630011384
absorb_z,long,0,-inf,-0.36233158195032084,848,-0.0833304267342138,-0.0015890882618319613,0.49764150943396224,358,-0.10674243131686048
tbi,long,6,0.0030071644135989633,0.008709581192913353,876,-0.08341906020058842,-0.0016777217282065854,0.4965753424657534,252,-0.021620927799786024
tbi_ma96,long,4,-0.003074124309458409,-0.0021863931914519663,867,-0.08353848822054673,-0.001797149748164889,0.4994232987312572,162,-0.11708865725164645
minofday,long,1,240.0,480.0,1461,-0.08354232881965763,-0.0018009903472757938,0.5003422313483915,537,-0.12089584202912328
hour,long,1,4.0,8.0,1461,-0.08354232881965763,-0.0018009903472757938,0.5003422313483915,537,-0.12089584202912328
absorb_z,long,3,-0.088541607076107,-0.023011506087688857,848,-0.08354255654583523,-0.0018012180734533895,0.5,253,-0.037066732589407396
to_hi24,short,7,3.0361244652164334,3.7577961891365845,874,-0.08354298389130388,-0.01323407582394212,0.4965675057208238,386,-0.17031474425949641
dq,long,6,0.0061825412298494075,0.017399669031531558,876,-0.08364595876961148,-0.0019046202972296394,0.4965753424657534,254,-0.029717489606071075
body_frac,long,6,0.17569474296582896,0.3299585854842767,876,-0.08377473501677452,-0.0020333965443926766,0.4977168949771689,310,-0.17780320659356572
body_frac,short,9,0.647672323272756,inf,877,-0.08381622212328349,-0.013507314055921732,0.48574686431014824,375,-0.12797088839744122
absorb_z,short,3,-0.088541607076107,-0.023011506087688857,848,-0.08403794018437186,-0.013729032117010098,0.4988207547169811,253,-0.15065388842448962
flow_div,short,2,1.0,inf,1873,-0.08406661658348735,-0.013757708516125594,0.49332621462893755,807,-0.08517897403196417
trade_intensity,long,4,0.7260984876372799,0.8279046459073436,867,-0.08409003103978954,-0.0023486925674077036,0.49480968858131485,278,-0.18149943504297042
tbi_z24,short,4,-0.27413341803170954,-0.001980968647508028,874,-0.08410541334127265,-0.013796505273910895,0.494279176201373,368,-0.05231656076505943
absorb_z,long,1,-0.36233158195032084,-0.16077695321819727,848,-0.0841406322955868,-0.0023992938232049593,0.49528301886792453,295,-0.12001337269471825
rpt_rank,short,4,0.3625,0.4666666666666667,832,-0.08420146222481852,-0.013892554157456757,0.4963942307692308,326,-0.16422024334400756
since_hi480,short,8,409.0,462.0,822,-0.08421001477223629,-0.01390110670487453,0.49391727493917276,311,-0.12432341258709963
updn_ratio,long,6,0.5062761506276151,0.5146443514644351,914,-0.08425950067610517,-0.002518162203723334,0.49562363238512036,345,-0.10089096655702817
since_hi24,long,7,20.0,22.0,687,-0.08426491773720042,-0.0025235792648185817,0.4992721979621543,243,-0.22310027515443745
tbi_ma8,long,5,-0.0022705903744923255,-8.514950941362843e-05,876,-0.08441848793642624,-0.002677149464044404,0.4954337899543379,241,-0.15352788046741225
rv_vs_range,long,8,0.824571909710019,0.9114508923578857,876,-0.08450114599127005,-0.002759807518888213,0.4977168949771689,342,-0.035127491927798446
to_lo480,long,3,8.431407725710367,10.715801865379952,828,-0.084570415476523,-0.002829077004141159,0.4963768115942029,327,-0.198774376562738
lo_pos,long,6,0.5397489539748954,0.6820083682008368,885,-0.08462807351435876,-0.0028867350419769233,0.49491525423728816,331,0.008229065892547098
up_wick,long,5,0.2570842879536988,0.3179136248195269,877,-0.08484879502918972,-0.003107456556807886,0.4982896237172178,317,-0.11044668820371963
range_per_trade,short,0,-inf,1.8252102014440413e-08,877,-0.08484960748386079,-0.014540699416499034,0.5028506271379704,731,-0.053680459783466576
sess_eu,long,0,-inf,1.0,5843,-0.08490794650148717,-0.0031666080291053306,0.49717610816361457,2147,-0.09121862834076361
range_z,short,8,0.5248822723292595,1.2202518597702472,867,-0.08506166115552284,-0.014752753088161083,0.48904267589388695,363,-0.13755347543965074
kyle,long,5,3.30631537978391e-07,3.685243424347186e-07,877,-0.08508414558047431,-0.0033428071080924687,0.49372862029646525,245,-0.08212817678950461
range_z,short,6,-0.09049257085156812,0.15568719632717545,867,-0.08513965856177115,-0.014830750494409392,0.49019607843137253,278,-0.03651912086332914
flow_eff,long,7,0.6062104360361869,0.9207250652891722,876,-0.08514647409875829,-0.0034051356263764543,0.4920091324200913,174,-0.04337210685935521
since_hi24,short,1,2.0,4.0,843,-0.08515147003833488,-0.014842561970973125,0.49466192170818507,306,-0.07022598477911597
tbi_z24,short,9,1.323035951769245,inf,875,-0.08516709159398715,-0.014858183526625393,0.48914285714285716,295,-0.1328061475652211
close_loc,short,4,0.4277325790224542,0.52505473120895,876,-0.08519415269085744,-0.014885244623495678,0.4965753424657534,306,-0.09315716542512413
absorb,long,7,0.02367784555914429,0.044717626664597124,876,-0.08533469159619837,-0.003593353123816534,0.4965753424657534,278,-0.009534008027239875
since_lo24,long,5,15.0,18.0,824,-0.08558951248640477,-0.0038481740140229315,0.4987864077669903,296,-0.08664403553091571
accel,short,5,-0.013099381754319017,0.33119465026240713,875,-0.08576214619023023,-0.015453238122868473,0.496,307,-0.14601401938795106
efficiency,long,4,0.03808282100614866,0.04943748063074492,876,-0.08578028280962456,-0.0040389443372427225,0.4977168949771689,306,-0.05259063577926072
tbi_ma24,short,1,-0.009992051737382303,-0.007350625201617627,874,-0.085816436431094,-0.015507528363732245,0.4897025171624714,325,0.007724891955506676
kyle,short,0,-inf,2.0053712473038197e-07,877,-0.08598564504804974,-0.015676736980687986,0.5165336374002281,926,-0.19618346757523278
rv_vs_range,long,3,0.5901794183609127,0.6336503707839143,876,-0.08599315939897556,-0.004251820926593722,0.4988584474885845,316,-0.051520220364367195
atr_pct,short,7,0.02119866654978644,0.024678765221320686,877,-0.08602064049238198,-0.01571173242502022,0.4811858608893957,166,0.2213848007656994
trade_intensity,short,5,0.8279046459073436,0.9461992272434562,867,-0.08603227220152772,-0.01572336413416596,0.49019607843137253,237,-0.09411988173523765
minofday,long,4,960.0,1200.0,1461,-0.08607061836138312,-0.004329279889001281,0.4934976043805613,537,-0.08773680264190317
hour,long,4,16.0,20.0,1461,-0.08607061836138312,-0.004329279889001281,0.4934976043805613,537,-0.08773680264190317
flow_div,long,0,-inf,0.0,6889,-0.08610837457778467,-0.00436703610540283,0.49615328785019597,2414,-0.08360424633748993
since_lo24,long,8,23.0,24.0,560,-0.0861468600462739,-0.0044055215738920545,0.49642857142857144,187,-0.0020502479015650776
persist6,short,4,0.302335680588273,0.39038315738435553,875,-0.08630696363270804,-0.01599805556534628,0.49257142857142855,348,-0.05364589132622087
trade_intensity,short,6,0.9461992272434562,1.1173278827714148,867,-0.08631938027263131,-0.01601047220526955,0.48904267589388695,276,-0.13241172629415154
tbi_ma24,short,8,0.0030165052439096785,0.005514033581752368,874,-0.08632361391343098,-0.01601470584606922,0.4954233409610984,275,-0.22574809031130383
dow,short,4,4.0,5.0,1254,-0.08635991479677756,-0.016051006729415798,0.4904306220095694,462,-0.17687777548426178
up_wick,long,4,0.2055823326150177,0.2570842879536988,876,-0.08640714793726054,-0.004665809464878698,0.4954337899543379,339,0.0006405374337169075
to_lo24,short,2,1.1706383506773248,1.5507470855117158,874,-0.08641755401769066,-0.016108645950328904,0.4988558352402746,318,-0.06737903303986667
since_lo96,short,9,95.0,inf,931,-0.08651020459041905,-0.016201296523057296,0.4940923737916219,266,0.03220793336977514
tbi_z24,short,0,-inf,-1.3227384666546933,875,-0.08660327626213457,-0.016294368194772813,0.49942857142857144,301,-0.030820000796780555
pos24,long,5,0.5294697576153384,0.6322616244553863,874,-0.0866266194112963,-0.004885280938914466,0.4965675057208238,339,-0.1605627183071594
dq,short,8,0.030617822466259943,0.050170927440953784,876,-0.08664042708664124,-0.016331519019279483,0.4920091324200913,299,-0.08407397669199401
to_lo96,long,6,6.379207564025311,7.596208370083321,867,-0.08699302329493602,-0.005251684822554184,0.497116493656286,344,-0.0705373487455627
absorb_z,short,6,0.10621992214079679,0.15378856212922218,848,-0.08706667635103377,-0.01675776828367201,0.4893867924528302,371,-0.0018036846979411763
avg_trade_usd,long,1,2661.7871666265796,2975.339056554425,876,-0.08716381548438634,-0.0054224770120045035,0.5011415525114156,291,-0.1037152388205799
flow_eff,long,0,-inf,-0.39733640764624717,877,-0.08731773671355621,-0.0055763982411743684,0.4903078677309008,321,-0.16038223815328168
disp24,long,7,1.764446311305434,2.8978604858971413,873,-0.08734944896267072,-0.005608110490288878,0.49713631156930127,301,-0.04193959565078967
vol_of_vol,short,5,-0.29998734266072047,-0.1159629389336806,827,-0.0873912398734144,-0.017082331806052647,0.4957678355501814,235,-0.09778356543654998
range_per_trade,short,4,2.5856397998865023e-08,2.840846211011737e-08,876,-0.08745925091799231,-0.01715034285063055,0.4954337899543379,385,-0.15621820281605325
range_per_trade,long,1,1.8252102014440413e-08,2.1104472055980993e-08,876,-0.08764475851870404,-0.0059034200463222025,0.502283105022831,534,-0.12744632578608
rv_vs_range,long,2,0.5423857931751022,0.5901794183609127,877,-0.08788391775521977,-0.006142579282837929,0.49486887115165334,298,-0.20490952640906904
since_hi480,short,4,125.0,198.0,830,-0.0878897853768026,-0.017580877309440843,0.4939759036144578,529,-0.11118043724725711
gap,short,3,0.0,8.420301018954109e-05,4728,-0.0879337280047794,-0.017624819937417643,0.49153976311336717,1996,-0.10249978267050681
efficiency,long,1,0.009040793835589173,0.017949588329827786,876,-0.08811957140155353,-0.0063782329291716955,0.4942922374429224,303,-0.09237483633296432
body_frac,long,5,0.020609043371261057,0.17569474296582896,877,-0.08824095142682603,-0.006499612954444192,0.49714937286202965,274,-0.01797445761188754
rv_vs_range,long,9,0.9114508923578857,inf,877,-0.08838186227850196,-0.006640523806120124,0.4960091220068415,426,-0.04095997469771257
vol_of_vol,short,0,-inf,-0.8806657599615962,827,-0.08843683581175399,-0.01812792774439223,0.49818621523579204,629,-0.157207604915273
kyle_z,long,6,0.023459112082467374,0.3024210281291553,867,-0.08843804416249773,-0.006696705690115892,0.4936562860438293,331,-0.1983539993975472
dq,long,7,0.017399669031531558,0.030617822466259943,877,-0.0885663253074853,-0.006824986835103464,0.49486887115165334,241,0.05238822448620582
updn_ratio,short,1,0.4602510460251046,0.47368421052631576,887,-0.0886409625681974,-0.018332054500835637,0.49492671927846676,314,-0.18883754568421127
rv_vs_range,long,7,0.7652230555975403,0.824571909710019,877,-0.08864342443387423,-0.006902085961492388,0.49372862029646525,354,-0.17834963811657759
updn_ratio,short,3,0.48333333333333334,0.49159663865546216,865,-0.08869202506602399,-0.018383116998662227,0.4936416184971098,267,-0.1060332783772264
range_per_trade,long,5,2.840846211011737e-08,3.118313638746739e-08,877,-0.08876086312253434,-0.0070195246501525005,0.4925883694412771,313,-0.08414829586916144
atr_pct,long,9,0.030351754735768795,inf,877,-0.08878454466892972,-0.007043206196547885,0.4732041049030787,23,
kyle,long,4,2.987557355074311e-07,3.30631537978391e-07,876,-0.08893398005780742,-0.007192641585425583,0.4942922374429224,286,-0.16310570103680758
dow,short,5,5.0,6.0,1254,-0.08894213384080663,-0.018633225773444867,0.49282296650717705,462,-0.16517463427148898
minofday,short,3,720.0,960.0,1461,-0.08901257501470415,-0.018703666947342393,0.49007529089664614,537,-0.11319402945437196
hour,short,3,12.0,16.0,1461,-0.08901257501470415,-0.018703666947342393,0.49007529089664614,537,-0.11319402945437196
body_frac,long,1,-0.624846839320522,-0.44780140982012545,876,-0.08906083030609428,-0.007319491833712444,0.4931506849315068,332,-0.07617139733422802
sess_us,long,1,1.0,inf,2921,-0.08924200433407493,-0.0075006658616930955,0.49400890106128037,1073,-0.08959603473097474
vol_of_vol,long,9,1.3208321731087087,inf,827,-0.08925127831971669,-0.007509939847334848,0.48246674727932287,299,-0.18699880624704765
persist96,long,1,0.01631211901011021,0.03338044619195898,867,-0.0893581352979932,-0.007616796825611366,0.49480968858131485,316,-0.28626302475300813
range_rank,short,7,0.6958333333333333,0.7958333333333333,818,-0.08962183901876862,-0.019312930951406862,0.4902200488997555,284,-0.004320583149524617
dq_z96,long,1,-1.293329031337503,-0.8587730583550733,867,-0.08970672360269069,-0.007965385130308852,0.4925028835063437,312,-0.09886155509360592
range_z,long,0,-inf,-0.939232251268162,867,-0.08973537784147968,-0.007994039369097844,0.4982698961937716,384,0.02410603519614865
tbi_z96,long,1,-1.2937127435063578,-0.8595671205731356,867,-0.08986176849806793,-0.00812043002568609,0.4925028835063437,313,-0.10198541618725936
since_hi96,short,0,-inf,4.0,826,-0.09007813912973622,-0.019769231062374465,0.4927360774818402,268,-0.1575213044228123
dow,short,1,1.0,2.0,1253,-0.09018570672315772,-0.01987679865579596,0.49162011173184356,456,-0.09070837324584424
tbi_z8,short,6,0.2934497525791458,0.6074870578487849,875,-0.09034020366541166,-0.020031295598049906,0.49142857142857144,340,-0.16424772963722947
since_hi96,short,8,84.0,93.0,854,-0.09034875656502185,-0.020039848497660093,0.4894613583138173,395,-0.06348034418789388
dn_wick,short,5,0.27842507030932095,0.33942584319378094,877,-0.09035432093096098,-0.02004541286359922,0.49486887115165334,304,-0.1276712977252492
tbi_z8,long,8,0.9238444153592951,1.354660076792907,876,-0.09048905285466291,-0.008747714382281072,0.4965753424657534,296,-0.029326616405142347
tbi_ma8,long,3,-0.006834991048846032,-0.00440441203685144,875,-0.09059924775742198,-0.008857909285040141,0.496,264,-0.1529479672163567
rpt_z,long,2,-0.890299282014816,-0.6179349713597198,867,-0.09075791490012038,-0.009016576427738537,0.49596309111880044,309,-0.0365501879276951
absorb,long,4,-0.02381027372215469,-0.008677057017303397,876,-0.09085169258895998,-0.009110354116578137,0.4874429223744292,290,-0.08166626999528238
extreme_late,long,5,0.7238493723849372,0.8075313807531381,903,-0.09087031226512082,-0.009128973792738984,0.4939091915836102,365,-0.1259063399464319
disp6,long,1,-1.7804717542894932,-1.0597079211984235,876,-0.09089885493898084,-0.009157516466599,0.4920091324200913,359,-0.16794629452721277
up_wick,short,1,0.057539600530415035,0.10769834952449314,876,-0.09093968645695115,-0.02063077838958939,0.4874429223744292,354,-0.0390874724400239
hour,long,2,8.0,12.0,1461,-0.09095558589098858,-0.009214247418606741,0.4921286789869952,537,-0.09812042324068859
minofday,long,2,480.0,720.0,1461,-0.09095558589098858,-0.009214247418606741,0.4921286789869952,537,-0.09812042324068859
tbi_ma96,long,5,-0.0021863931914519663,-0.0013667872336756608,867,-0.09100051817574197,-0.009259179703360126,0.49480968858131485,165,-0.3908541471188994
persist24,long,7,0.30578017484461784,0.3730368956947808,874,-0.09114948035730387,-0.009408141884922033,0.494279176201373,314,-0.046331564401027356
avg_trade_usd,short,1,2661.7871666265796,2975.339056554425,876,-0.09116776954107231,-0.02085886147371055,0.4977168949771689,291,-0.07509203575149065
absorb,long,3,-0.039510818125478527,-0.02381027372215469,876,-0.09127237038129114,-0.009531031908909304,0.4885844748858447,214,-0.23018544871098812
persist24,long,1,0.03381198187406315,0.06974219146853762,874,-0.09128821079838341,-0.009546872326001571,0.4931350114416476,376,-0.0064512955170299285
tbi_ma8,long,4,-0.00440441203685144,-0.0022705903744923255,876,-0.09132594684384966,-0.009584608371467823,0.4942922374429224,227,-0.24330486972312304
since_lo96,short,3,33.0,47.0,840,-0.09142685773265408,-0.021117949665292318,0.49166666666666664,293,-0.26126915334858375
since_hi24,long,5,13.0,16.0,777,-0.091715257438399,-0.009973918966017167,0.4929214929214929,263,-0.09483826963580455
since_hi24,short,2,4.0,7.0,967,-0.0917584187153506,-0.021449510647988848,0.4922440537745605,352,-0.2519750931107955
rpt_rank,long,2,0.17291666666666666,0.26458333333333334,815,-0.09191871488405218,-0.010177376411670339,0.49447852760736194,298,-0.1520701844700613
since_lo480,long,8,447.0,473.0,837,-0.09201892482969184,-0.010277586357310006,0.4946236559139785,246,-0.20972874848905765
to_lo96,short,2,2.5780327686168896,3.4872744615639926,867,-0.09210311685380265,-0.021794208786440894,0.48904267589388695,358,-0.1505622115793553
vol_of_vol,long,0,-inf,-0.8806657599615962,827,-0.09210781235375053,-0.010366473881368687,0.5006045949214026,629,-0.06917364294226044
dq_cum24,long,0,-inf,-0.4757069499251344,875,-0.09213615253249938,-0.010394814060117538,0.49142857142857144,569,-0.20409029430585468
ats_rank480,long,4,0.4,0.51875,823,-0.09215216209651289,-0.010410823624131052,0.49696233292831105,342,-0.07436127683122938
trade_intensity,long,7,1.1173278827714148,1.3482077717504959,867,-0.09221129701257928,-0.010469958540197444,0.4867358708189158,283,-0.0718287591210475
to_lo24,long,6,2.959401468473601,3.5732048953253366,874,-0.09221508309861842,-0.010473744626236584,0.4931350114416476,312,-0.10480974612022628
vol_per_trade_z,short,7,0.5335539487469343,0.9101815262502554,867,-0.09226529308786982,-0.021956385020508062,0.48904267589388695,329,-0.09041121230037283
efficiency,short,9,0.12435211656186398,inf,877,-0.0923755892047574,-0.02206668113739564,0.4868871151653364,356,-0.1560537598085137
tbi_z24,long,7,0.5523382488745685,0.8798770194860938,874,-0.09238097641450374,-0.010639637942121902,0.4965675057208238,325,-0.026193404565692465
hour,long,5,20.0,inf,1460,-0.09241556248893978,-0.010674224016557946,0.4945205479452055,536,-0.09145873553663046
minofday,long,5,1200.0,inf,1460,-0.09241556248893978,-0.010674224016557946,0.4945205479452055,536,-0.09145873553663046
pos96,short,5,0.5330857457785712,0.6450096414647009,867,-0.09253290469395589,-0.022223996626594134,0.4913494809688581,275,-0.17377417755041086
since_lo480,short,1,46.0,111.0,822,-0.0925440167473517,-0.022235108679989943,0.4927007299270073,402,-0.13785642080558172
pos480,short,9,0.9286429376153641,inf,829,-0.09266258841007739,-0.022353680342715634,0.4897466827503016,174,-0.18982459691988074
atr_rank,long,3,0.22708333333333333,0.3375,833,-0.09274398767146809,-0.01100264919908625,0.4969987995198079,319,-0.09746010458743624
lo_pos,long,3,0.1589958158995816,0.27615062761506276,885,-0.09286121205967031,-0.01111987358728847,0.4937853107344633,317,-0.008052833456382786
pos24,short,3,0.34298752660413573,0.43604477547122444,874,-0.09306169628009792,-0.022752788212736158,0.4897025171624714,297,-0.2028747238478566
absorb,long,9,0.09575947728273958,inf,877,-0.09324300377865577,-0.011501665306273931,0.4982896237172178,450,-0.022026555811871282
tbi,long,7,0.008709581192913353,0.015243197431993476,877,-0.09324896743061246,-0.011507628958230626,0.4925883694412771,239,0.06188485570009139
to_lo96,long,3,3.4872744615639926,4.363540401278077,867,-0.09331627481771425,-0.01157493634533241,0.49019607843137253,319,-0.05120347969238088
efficiency,short,5,0.04943748063074492,0.06181974422204902,877,-0.09340292527622492,-0.023094017208863157,0.49144811858608894,312,-0.18632219024391602
to_lo24,long,7,3.5732048953253366,4.366514855543424,874,-0.09340311448307204,-0.011661776010690197,0.494279176201373,325,0.009448748941228817
tbi,short,8,0.015243197431993476,0.025053853481713743,876,-0.09383129631159617,-0.023522388244234416,0.4885844748858447,300,-0.07474325089539134
range_rank,short,5,0.48125,0.5875,833,-0.09391302464069864,-0.023604116573336886,0.4885954381752701,332,-0.10985064351388722
gap,long,0,-inf,-0.00025816145493430016,877,-0.0940394368240606,-0.012298098351678763,0.4960091220068415,20,
range_per_trade,short,1,1.8252102014440413e-08,2.1104472055980993e-08,876,-0.09408399844997513,-0.02377509038261337,0.4977168949771689,534,-0.07383141790303502
rpt_z,long,7,0.4062038984424042,0.7850117122844968,867,-0.09408477780949867,-0.012343439337116832,0.4913494809688581,355,-0.12126588061103001
persist6,short,2,0.1437316015990382,0.2226079432468842,876,-0.0941927349517142,-0.023883826884352435,0.4908675799086758,320,-0.13937787413372277
dq_z96,long,2,-0.8587730583550733,-0.537193005180019,867,-0.09420640558345704,-0.012465067111075201,0.49019607843137253,339,-0.028284545152804614
tbi_ma24,long,0,-inf,-0.009992051737382303,875,-0.094295454915321,-0.012554116442939162,0.49028571428571427,566,-0.19949316009471915
to_lo24,long,5,2.4301514028480886,2.959401468473601,874,-0.09430710036820257,-0.012565761895820732,0.4919908466819222,335,-0.23885596000113077
tbi_z24,short,8,0.8798770194860938,1.323035951769245,874,-0.09467805749344678,-0.02436914942608502,0.4862700228832952,313,-0.0984721957018325
body_frac,short,8,0.4886665308905451,0.647672323272756,876,-0.09492034314812144,-0.024611435080759678,0.4874429223744292,321,-0.13164329080096154
to_hi24,long,2,0.9750212547727201,1.3399987716232993,874,-0.09501982792801521,-0.013278489455633369,0.4931350114416476,287,-0.1259515537275446
since_lo96,short,2,19.0,33.0,852,-0.09509678863960161,-0.02478788057223985,0.48708920187793425,343,-0.12884264726197633
body_frac,short,3,-0.29681895058452057,-0.1322199077969487,876,-0.09535656675638376,-0.025047658689022007,0.4897260273972603,334,-0.18533264009000575
atr_rank,short,5,0.4625,0.5854166666666667,828,-0.09538358596245256,-0.025074677895090797,0.48792270531400966,334,-0.017325577842438634
persist24,short,3,0.109804210197814,0.1516318381334749,873,-0.09538362376840966,-0.025074715701047898,0.48911798396334477,323,-0.03282738637420861
trade_intensity,short,9,1.8005630550031468,inf,867,-0.09543452957828477,-0.025125621510923013,0.4855824682814302,414,-0.08053149284744833
persist6,long,6,0.4832805114664188,0.5799522535681318,876,-0.09573708475449705,-0.01399574628211521,0.4920091324200913,327,-0.07243500470968234
extreme_late,long,0,-inf,0.23430962343096234,873,-0.09576288983118811,-0.01402155135880627,0.49140893470790376,274,-0.013422295624012013
since_lo96,long,4,47.0,60.0,895,-0.09576423918051809,-0.014022900708136249,0.49273743016759775,277,0.05011052894807207
dq,short,5,-0.004422707711386351,0.0061825412298494075,877,-0.09577400463564177,-0.025465096568280013,0.4868871151653364,257,-0.01765971096190425
vol_per_trade_z,long,9,1.4449022804360598,inf,867,-0.0958196470097055,-0.014078308537323656,0.4936562860438293,307,0.011261606095155462
since_hi96,long,6,59.0,73.0,886,-0.09582902916831944,-0.0140876906959376,0.49209932279909707,340,-0.03863427780618177
flow_eff,long,6,0.4191040181338267,0.6062104360361869,877,-0.09583681646897795,-0.014095477996596106,0.48916761687571264,217,-0.060243055345780665
extreme_late,short,2,0.3891213389121339,0.5188284518828452,866,-0.09596447734676405,-0.025655569279402296,0.4896073903002309,327,-0.1324064805530503
tbi_z8,short,2,-0.9467241273073556,-0.6040612272436893,876,-0.0961352806215957,-0.025826372554233937,0.4885844748858447,311,-0.12319021080252364
ats_z96,long,9,1.491541066401036,inf,867,-0.09625201121570544,-0.0145106727433236,0.4936562860438293,283,0.0750848416544688
vol_per_trade_z,long,4,-0.3595189147249858,-0.07587515371106013,867,-0.09626897207452739,-0.014527633602145554,0.4925028835063437,311,-0.23093312573548114
since_hi96,long,9,93.0,inf,937,-0.09633532662048658,-0.014593988148104739,0.4887940234791889,502,0.00920666080966833
range_z,long,4,-0.4514947738339036,-0.2895947805612975,867,-0.09640451243719254,-0.014663173964810705,0.4913494809688581,281,0.03458081753103068
accel,short,7,0.6613074383967532,1.0856744648996421,873,-0.09655548200252656,-0.026246573935164802,0.4868270332187858,348,-0.040403704503936363
lo_pos,short,9,0.9355648535564869,inf,877,-0.09665044895196134,-0.026341540884599585,0.4868871151653364,344,-0.014368214821496026
since_hi480,short,9,462.0,inf,837,-0.09667735621081482,-0.026368448143453058,0.4850657108721625,373,-0.15752029365629092
absorb_z,short,4,-0.023011506087688857,0.048648778315058844,847,-0.09692435551342465,-0.026615447446062895,0.4887839433293979,342,-0.12340126807946297
ats_rank480,long,2,0.175,0.28541666666666665,819,-0.09696730212659806,-0.015225963654216218,0.4884004884004884,331,-0.16615853164356345
pos480,long,3,0.3050713968053542,0.439279891478773,828,-0.09704634055210744,-0.0153050020797256,0.49033816425120774,454,-0.24379350898432375
m1_jump,short,5,0.159385695531066,0.18045301309243397,877,-0.09707224190023546,-0.0267633338328737,0.4846066134549601,331,-0.12520249294233732
is_weekend,long,1,1.0,inf,2508,-0.09712974670611581,-0.015388408233733969,0.49401913875598086,923,-0.060738846594823585
m1_jump,long,2,0.10865966621344716,0.12451667415153965,877,-0.09731618619716854,-0.015574847724786706,0.4903078677309008,321,-0.11665657906577799
rpt_z,long,9,1.3331224320282498,inf,867,-0.09752398416054874,-0.015782645688166896,0.4936562860438293,335,-0.045874945275187005
ats_z96,short,4,-0.3242508505869179,-0.03431224938847927,867,-0.09760792798367213,-0.02729901991631037,0.49019607843137253,326,-0.0976986864686852
disp96,long,4,-1.072868132323117,0.3660211886731899,866,-0.09763316762594898,-0.01589182915356714,0.4907621247113164,281,-0.28858190280436674
m1_jump,long,1,0.09125296461620419,0.10865966621344716,876,-0.09765099712541676,-0.015909658653034925,0.4897260273972603,282,-0.11729621385920219
to_hi480,short,7,15.9517432415093,22.051911477403223,828,-0.09767513546912854,-0.02736622740176678,0.49516908212560384,421,-0.05664170936634464
since_lo24,long,7,20.0,23.0,1151,-0.09797994426730668,-0.016238605794924837,0.4917463075586447,415,-0.05963551022562872
avg_trade_usd,short,8,4762.617031526381,5193.04320066882,876,-0.09805428120229447,-0.027745373134932708,0.4805936073059361,384,-0.027050781361144166
atr_pct,long,3,0.01380005008421249,0.015344019804804385,876,-0.09813229564365805,-0.016390957171276213,0.4931506849315068,304,0.011319770316037937
rpt_rank,short,5,0.4666666666666667,0.5708333333333333,822,-0.09822586286271309,-0.027916954795351334,0.48905109489051096,315,-0.10935210568066593
range_per_trade,long,0,-inf,1.8252102014440413e-08,877,-0.098317247605487,-0.016575909133105166,0.49714937286202965,731,-0.13154426316464032
rpt_rank,long,1,0.07916666666666666,0.17291666666666666,834,-0.0984010037329685,-0.016659665260586667,0.4880095923261391,309,-0.18972091758532736
kyle_z,short,8,0.6870621901332734,1.270981246347144,867,-0.09842545309551556,-0.028116545028153805,0.4844290657439446,358,-0.10705261490766325
lo_pos,long,0,-inf,0.016736401673640166,799,-0.09847274539202754,-0.016731406919645697,0.4918648310387985,285,-0.03467311547707832
vol_of_vol,long,2,-0.7203019051498344,-0.5853181162439783,826,-0.09852154283220087,-0.01678020435981903,0.4975786924939467,204,-0.08668745999920488
close_loc,short,0,-inf,0.14601537594380817,877,-0.09854796482026945,-0.028239056752907693,0.4846066134549601,389,-0.08215132733678186
tbi,short,5,-0.0023197511107546642,0.0030071644135989633,877,-0.09882260463553519,-0.02851369656817343,0.48574686431014824,261,-0.018225820414476634
since_hi24,long,8,22.0,24.0,903,-0.0988326974745957,-0.017091359002213855,0.49058693244739754,347,-0.13187929751169652
m1_jump,short,9,0.3388243672399471,inf,877,-0.09888389462365269,-0.028574986556290927,0.4903078677309008,247,-0.21031983165558196
rpt_z,long,1,-1.216474230141495,-0.890299282014816,867,-0.09925665939002032,-0.01751532091763848,0.48788927335640137,324,-0.19983486652264287
tbi_z8,long,0,-inf,-1.3409038308105765,876,-0.0993744676057279,-0.017633129133346068,0.4885844748858447,313,-0.12492815414065725
body_frac,long,7,0.3299585854842767,0.4886665308905451,877,-0.09959328405133991,-0.01785194557895807,0.4925883694412771,303,-0.08171478879572769
since_lo480,long,3,176.50000000000045,249.0,824,-0.09980551546808639,-0.018064176995704548,0.4975728155339806,393,0.12703877440013858
m1_jump,long,0,-inf,0.09125296461620419,877,-0.09989335485749777,-0.018152016385115932,0.49486887115165334,343,-0.07337355003656676
rpt_rank,long,3,0.26458333333333334,0.3625,832,-0.09989524505158545,-0.018153906579203613,0.49158653846153844,308,-0.12019604631355447
updn_ratio,long,8,0.5232067510548524,0.5366106233019649,896,-0.10001765498574347,-0.018276316513361632,0.49107142857142855,364,-0.1640425130662263
accel,long,3,-0.699012663140142,-0.34874645215833466,873,-0.10006869277864608,-0.01832735430626424,0.49140893470790376,309,-0.08792992107232711
tbi_z96,long,6,0.2589168609623426,0.5399741851352386,867,-0.10012025424550082,-0.01837891577311898,0.49019607843137253,348,-0.07418950869883527
rpt_rank,short,8,0.7916666666666666,0.8979166666666667,813,-0.10016383022679319,-0.029854922159431432,0.48954489544895446,327,-0.038962830869871595
range_z,long,3,-0.6045310958055903,-0.4514947738339036,867,-0.10017505823235599,-0.018433719759974154,0.4913494809688581,287,-0.05533308922456462
extreme_late,short,6,0.8075313807531381,0.8786610878661087,860,-0.10025635102531524,-0.029947442957953485,0.48604651162790696,309,-0.12054956363532787
up_wick,short,2,0.10769834952449314,0.1537346445545088,877,-0.10048995215651084,-0.03018104408914908,0.4846066134549601,287,-0.054004212757842306
tbi_ma24,long,3,-0.005544708761485168,-0.0038413223296578833,874,-0.10055785811660767,-0.01881651964422583,0.49084668192219677,266,-0.02572044646834903
to_lo96,long,5,5.304135230321936,6.379207564025311,867,-0.10059894280042173,-0.018857604328039887,0.4913494809688581,292,-0.08584273896670015
extreme_late,long,4,0.6234309623430963,0.7238493723849372,848,-0.10066117627957612,-0.01891983780719428,0.4893867924528302,323,-0.05586432975406983
tbi_z96,long,2,-0.8595671205731356,-0.5373577890535531,867,-0.10070621217031103,-0.018964873697929194,0.4867358708189158,339,-0.022150794783770928
rpt_z,long,0,-inf,-1.216474230141495,867,-0.10078830420851026,-0.01904696573612842,0.4855824682814302,341,-0.0954479744398183
range_rank,long,3,0.275,0.3770833333333333,819,-0.1009167124037129,-0.019175373931331063,0.49206349206349204,312,-0.145463346658444
to_hi96,long,5,4.358958469130034,5.456963927412087,867,-0.10096041356233533,-0.01921907508995349,0.4855824682814302,310,-0.2207695533404884
efficiency,short,7,0.07649580443428429,0.09515751344876869,877,-0.10144175014641026,-0.031132842079048498,0.48346636259977194,346,-0.0656431434698924
accel,short,9,1.6839231485814867,inf,875,-0.10145072898304182,-0.03114182091568006,0.48228571428571426,325,0.00530274585154954
dow,short,0,-inf,1.0,1254,-0.10150950761054668,-0.031200599543184923,0.4864433811802233,456,-0.005047028443848285
up_wick,short,7,0.38427705627705583,0.4652863703779721,877,-0.1015225248410107,-0.031213616773648936,0.4868871151653364,304,-0.12797749812174006
dn_wick,long,3,0.16670349907920837,0.21976693723255156,876,-0.1017206736177557,-0.019979335145373867,0.4874429223744292,358,-0.10319946884288628
since_hi480,short,0,-inf,11.0,808,-0.10190793974171437,-0.031599031674352615,0.4839108910891089,186,-0.25009427224003833
disp24,long,6,0.8857261102531374,1.764446311305434,874,-0.10194598837181457,-0.020204649899432728,0.488558352402746,347,-0.167532137132188
absorb,short,5,-0.008677057017303397,0.009896605556402129,876,-0.10198184547002033,-0.03167293740265857,0.4794520547945205,356,-0.013031795658188227
tbi_z24,long,2,-0.8779291138600496,-0.5501928331766714,874,-0.10204520893854702,-0.020303870466165178,0.4851258581235698,316,-0.02622945307436615
avg_trade_usd,long,4,3571.7814422655642,3869.0922843088965,876,-0.10213169950844392,-0.02039036103606208,0.4874429223744292,193,-0.09239089427723124
since_hi480,short,2,33.0,69.0,819,-0.10216303640705131,-0.03185412833968955,0.48595848595848595,233,0.2355881935191419
to_lo480,long,0,-inf,4.2166649766533375,829,-0.10239059844792316,-0.020649259975541318,0.4752714113389626,438,-0.012286949994785317
close_loc,short,1,0.14601537594380817,0.2411498761821243,876,-0.10239404015625138,-0.03208513208888962,0.4851598173515982,331,-0.05311615223740277
efficiency,long,2,0.017949588329827786,0.027681176416064802,877,-0.1024951819631234,-0.020753843490741566,0.48574686431014824,312,-0.16709847529117575
since_lo480,short,5,316.0,366.0,823,-0.10277631091440698,-0.03246740284704522,0.488456865127582,250,0.055738621104840576
flow_eff,long,5,0.27667621324964786,0.4191040181338267,876,-0.102807776005099,-0.021066437532717155,0.4885844748858447,273,-0.04266521661985871
atr_pct,short,6,0.018859711195326537,0.02119866654978644,876,-0.10283980873306288,-0.03253090066570112,0.4748858447488584,109,0.017069393492213803
tbi_z8,long,7,0.6074870578487849,0.9238444153592951,876,-0.10285078925247733,-0.02110945078009549,0.4908675799086758,297,-0.17094094102696952
persist96,short,5,0.09793205045260268,0.12507836107050965,867,-0.1029302604696649,-0.03262135240230314,0.4844290657439446,349,-0.2674720926614943
pos96,short,9,0.909131041130446,inf,867,-0.103292162169969,-0.032983254102607246,0.4844290657439446,256,-0.15642534922936904
body_frac,short,2,-0.44780140982012545,-0.29681895058452057,877,-0.10340196113129643,-0.033093053063934674,0.4868871151653364,283,-0.060425373588896346
tbi_z24,long,3,-0.5501928331766714,-0.27413341803170954,874,-0.1035121672894572,-0.021770828817075358,0.4862700228832952,325,-0.12799153975029814
efficiency,long,8,0.09515751344876869,0.12435211656186398,876,-0.10357694850030914,-0.021835610027927305,0.4851598173515982,356,-0.18955670000396035
persist6,long,8,0.6910456957029085,0.8180967993913174,876,-0.10358102427894159,-0.021839685806559747,0.4851598173515982,303,-0.1407431253734548
tbi_z8,long,3,-0.6040612272436893,-0.2815991935356222,875,-0.10367372131929792,-0.02193238284691608,0.4845714285714286,362,-0.13419002881237088
accel,long,0,-inf,-1.6491428709401679,874,-0.10367810862782655,-0.021936770155444707,0.4816933638443936,357,-0.14261803464628
range_per_trade,short,6,3.118313638746739e-08,3.4871296877540556e-08,876,-0.1036938333791641,-0.033384925311802344,0.4828767123287671,208,-0.15919032443631087
up_wick,long,8,0.4652863703779721,0.5798687191800286,876,-0.10383497441675843,-0.02209363594437659,0.4897260273972603,292,-0.11460656459770466
tbi_ma8,long,1,-0.013406686286847434,-0.009703235316404617,876,-0.1038865354600928,-0.02214519698771096,0.4863013698630137,338,-0.1311049708419115
rv_vs_range,short,1,0.4846170569677432,0.5423857931751022,876,-0.10398905076435126,-0.033680142696989504,0.4840182648401826,276,-0.08281355388072958
to_hi24,short,0,-inf,0.6130051047091024,875,-0.10401460550183834,-0.033705697434476586,0.47885714285714287,343,-0.10897004477426761
rpt_rank,long,7,0.6791666666666667,0.7916666666666666,839,-0.10401515574399288,-0.02227381727161104,0.48748510131108463,351,-0.04481828439972993
kyle_z,short,7,0.3024210281291553,0.6870621901332734,867,-0.104046720040299,-0.03373781197293724,0.48212226066897346,354,-0.10603327492316379
pos24,long,2,0.24288878500334718,0.34298752660413573,874,-0.10422520386380603,-0.02248386539142419,0.4862700228832952,362,-0.03189315837699731
flow_eff,short,4,0.16344940613187892,0.27667621324964786,876,-0.10423138401449786,-0.0339224759471361,0.4885844748858447,401,-0.050028181905912766
vol_per_trade_z,short,8,0.9101815262502554,1.4449022804360598,867,-0.10435932922003503,-0.034050421152673274,0.48327566320645904,328,-0.13061823449682083
close_loc,long,7,0.7036539599702323,0.7890827405603821,877,-0.10450746618007846,-0.02276612770769662,0.4880273660205245,290,-0.010005059982172588
dn_wick,short,1,0.06063348667650544,0.1146328000538512,876,-0.10460259370117886,-0.0342936856338171,0.4817351598173516,316,-0.11776841658756493
close_loc,long,2,0.2411498761821243,0.3360237627574011,877,-0.10483965552849576,-0.023098317056113926,0.4846066134549601,307,-0.06815585420077985
dq_z96,long,6,0.25811175786992097,0.5409492448694525,867,-0.10489732776021198,-0.023155989287830137,0.48788927335640137,351,-0.08285470173492739
to_lo24,short,8,4.366514855543424,5.380773368718427,874,-0.10493696752870672,-0.034628059461344965,0.4839816933638444,269,-0.18355159254676
to_hi96,long,6,5.456963927412087,6.5778721548054815,867,-0.1051099399938625,-0.023368601521480667,0.48327566320645904,305,-0.06377954069447427
range_rank,long,2,0.17291666666666666,0.275,837,-0.1054527559516234,-0.02371141747924156,0.4910394265232975,318,-0.06816375770226771
rpt_z,long,6,0.11541738274548088,0.4062038984424042,867,-0.10546301397871667,-0.023721675506334833,0.4867358708189158,320,-0.09038249138077006
updn_ratio,short,2,0.47368421052631576,0.48333333333333334,858,-0.10552416386114244,-0.03521525579378068,0.48717948717948717,269,-0.10642653480669435
rpt_rank,long,9,0.8979166666666667,inf,847,-0.1055968905040837,-0.023855552031701865,0.4911452184179457,315,-0.019829161535737154
hi_pos,long,0,-inf,0.02092050209205021,876,-0.10576198037837609,-0.024020641905994247,0.4805936073059361,291,-0.11715661402863461
rpt_z,short,4,-0.3821033315739095,-0.14651668596023054,867,-0.10576565501237832,-0.03545674694501656,0.4855824682814302,313,-0.15602461988022573
vol_of_vol,short,3,-0.5853181162439783,-0.4435321718973473,826,-0.10592242779352144,-0.035613519726159684,0.4891041162227603,210,-0.15741953575258513
since_lo96,long,1,7.0,19.0,934,-0.10605027773697336,-0.024308939264591517,0.4796573875802998,393,-0.10487567775254523
since_hi24,long,6,16.0,20.0,1111,-0.10615150182993068,-0.024410163357548836,0.48604860486048607,375,-0.05119071909489423
persist6,long,0,-inf,0.0737464414356186,876,-0.10649514488943373,-0.024753806417051896,0.4885844748858447,323,-0.06163380613865221
absorb,short,6,0.009896605556402129,0.02367784555914429,876,-0.10650154262504405,-0.03619263455768229,0.4771689497716895,224,-0.2116950448544377
trade_intensity,short,3,0.6373089822903832,0.7260984876372799,867,-0.10677477227507154,-0.03646586420770978,0.48327566320645904,247,-0.024006252829989357
close_loc,long,5,0.52505473120895,0.6128157222335351,877,-0.1069241878342893,-0.025182849361907456,0.4868871151653364,296,-0.09857586580077567
persist6,short,7,0.5799522535681318,0.6910456957029085,876,-0.10696771562133937,-0.036658807553977615,0.4817351598173516,315,-0.05772186392605573
wick_skew,long,2,-0.28415366438028616,-0.1806848695854136,877,-0.10723699256704429,-0.02549565409466245,0.4811858608893957,317,-0.12352601440397344
tbi_ma96,long,2,-0.005221464332485892,-0.003994503230319841,867,-0.10725533669229968,-0.025513998219917844,0.49019607843137253,342,-0.19762252452801476
dq_cum24,long,3,-0.2629753993361918,-0.1808396350302467,874,-0.10734119633376829,-0.025599857861386452,0.4874141876430206,262,-0.03178517296154779
persist24,short,4,0.1516318381334749,0.19597906119336136,874,-0.10736601913476028,-0.03705711106739852,0.4805491990846682,288,-0.07738959840739423
absorb_z,long,9,0.3861689089193485,inf,848,-0.1075047488471908,-0.025763410374808962,0.4882075471698113,330,-0.06691711272975528
avg_trade_usd,long,0,-inf,2661.7871666265796,877,-0.1075620919314284,-0.025820753459046566,0.48916761687571264,379,-0.17366889160782736
absorb_z,short,5,0.048648778315058844,0.10621992214079679,848,-0.10756807548862171,-0.03725916742125995,0.4834905660377358,410,-0.06641036770412694
rpt_rank,short,6,0.5708333333333333,0.6791666666666667,830,-0.10758287577299087,-0.037273967705629116,0.4855421686746988,322,-0.0929842543024247
ats_rank480,long,9,0.9354166666666667,inf,837,-0.1080227889100332,-0.026281450437651357,0.48984468339307047,237,0.00828121901015804
to_hi96,long,8,7.93958480731143,9.983912827373404,867,-0.10811074613885632,-0.026369407666474484,0.4809688581314879,367,-0.17251218626413356
wick_skew,long,8,0.25166950855143666,0.3995793140200461,876,-0.10821497898716927,-0.026473640514787428,0.4897260273972603,294,-0.03700150923901162
accel,short,1,-1.6491428709401679,-1.0997316491236018,874,-0.1082734766086952,-0.03796456854133344,0.4816933638443936,328,-0.12367413172918712
ats_z96,short,3,-0.6089442981471993,-0.3242508505869179,867,-0.10828345978549996,-0.0379745517181382,0.4809688581314879,332,-0.0038226566963918515
to_hi480,short,0,-inf,1.7428002563700233,829,-0.10830388018920105,-0.03799497212183929,0.48009650180940894,173,-0.2273431935499405
m1_jump,long,4,0.1405938842871208,0.159385695531066,876,-0.10837213574013173,-0.02663079726774989,0.4828767123287671,309,-0.1284708247224406
range_z,short,7,0.15568719632717545,0.5248822723292595,867,-0.10859320848540985,-0.03828430041804809,0.4798154555940023,328,-0.03658982128634397
to_lo96,long,7,7.596208370083321,9.137172348829573,867,-0.10868069900839855,-0.026939360536016713,0.48788927335640137,374,-0.18078823318587522
kyle,long,2,2.3599434372685855e-07,2.6778939369519616e-07,877,-0.10901929077113835,-0.027277952298756514,0.4903078677309008,411,-0.15314433857497037
wick_skew,long,1,-0.4377410159181354,-0.28415366438028616,876,-0.10919078933174463,-0.02744945085936279,0.4828767123287671,332,-0.0996622615516115
pos96,long,0,-inf,0.15131782706036528,867,-0.10923954372957743,-0.027498205257195596,0.4844290657439446,340,-0.1868266642698859
rv_vs_range,long,6,0.7186206532706073,0.7652230555975403,876,-0.10950622755047411,-0.02776488907809227,0.4840182648401826,309,-0.07949020719739355
since_lo24,short,9,24.0,inf,1229,-0.10964382623174028,-0.03933491816437852,0.48413344182262,435,-0.11606674949880108
to_hi480,long,6,12.64774500004412,15.9517432415093,828,-0.10984665780578964,-0.028105319333407805,0.4867149758454106,382,-0.28112595297866144
tbi_ma96,long,1,-0.007067867750344451,-0.005221464332485892,867,-0.11034111252585502,-0.02859977405347318,0.4809688581314879,393,0.02263044486795552
persist24,long,6,0.2462627617705114,0.30578017484461784,873,-0.11034781181577541,-0.02860647334339357,0.4833906071019473,306,-0.1477650574453655
pos480,long,2,0.2171383053410379,0.3050713968053542,829,-0.11045983066829386,-0.02871849219591202,0.48854041013269,502,-0.07106356828967811
to_lo480,short,5,13.118001012596803,15.868379882089577,828,-0.11057438769547313,-0.040265479628111375,0.4867149758454106,319,-0.19855526161637863
kyle,short,7,4.134743394911122e-07,4.800458662385801e-07,877,-0.1106908590211779,-0.04038195095381614,0.4709236031927024,164,0.04083243189710939
trade_intensity,short,1,0.44299151602712095,0.5487640851719368,867,-0.1108835044278509,-0.04057459636048914,0.4844290657439446,332,-0.16839944024031153
since_hi96,short,1,4.0,10.0,826,-0.11092791275374086,-0.04061900468637911,0.48184019370460046,245,-0.17178334052984254
since_lo96,short,7,82.0,90.0,870,-0.110975279313307,-0.04066637124594524,0.4839080459770115,354,-0.189259930176997
tbi_z96,long,0,-inf,-1.2937127435063578,867,-0.11117286964793442,-0.029431531175552583,0.4844290657439446,284,-0.16059196270815995
hi_pos,long,8,0.8284518828451883,0.9414225941422594,871,-0.11126027822941366,-0.02951893975703182,0.4856486796785304,336,-0.062478729920179846
range_z,short,1,-0.939232251268162,-0.7636894619040546,867,-0.11130029313624556,-0.04099138506888381,0.4855824682814302,309,-0.005731587833610413
pos480,long,6,0.6817188870286215,0.796112505193789,828,-0.11143208885003716,-0.029690750377655326,0.4855072463768116,251,-0.08729201567552901
hi_pos,long,2,0.07531380753138076,0.1589958158995816,897,-0.11197477151851887,-0.03023343304613703,0.48049052396878483,306,-0.08634108302914487
to_hi96,short,2,1.7493207730872482,2.5101534920313773,867,-0.1119901380060927,-0.04168122993873094,0.48327566320645904,275,-0.03533101143363151
extreme_late,short,9,0.9790794979079498,inf,936,-0.1119960819637235,-0.04168717389636174,0.47649572649572647,342,0.03140446409554859
pos480,long,4,0.439279891478773,0.5886857473616829,829,-0.112364517880322,-0.030623179407940168,0.4813027744270205,301,-0.2621031925541884
tbi_ma24,short,4,-0.0038413223296578833,-0.002282175875109503,874,-0.11245884662844445,-0.04214993856108269,0.4816933638443936,235,-0.01755931505964332
accel,long,6,0.33119465026240713,0.6613074383967532,874,-0.1126032290652004,-0.03086189059281856,0.482837528604119,255,-0.029717999952223885
range_per_trade,long,8,3.988356080393457e-08,4.851782534912265e-08,876,-0.11321795276458209,-0.03147661429220025,0.476027397260274,40,-0.350717132241412
ats_z96,long,2,-0.9122146512040115,-0.6089442981471993,867,-0.11324247047607244,-0.031501132003690605,0.4809688581314879,340,-0.042747639090934715
vol_per_trade_z,long,0,-inf,-1.3600079077846818,867,-0.11326843898194555,-0.03152710050956371,0.4798154555940023,292,-0.09738123264883304
atr_pct,short,0,-inf,0.01019349926659955,877,-0.1133126591867551,-0.043003751119393335,0.5176738882554162,847,-0.23484486958522677
disp6,long,4,-0.25965319034926165,0.03261478069250262,875,-0.1133492534801825,-0.03160791500780066,0.4868571428571429,267,-0.10681256594329597
dn_wick,long,8,0.4897686602436436,0.6023615805780694,876,-0.11343261954808091,-0.031691281075699074,0.4805936073059361,304,-0.12950096726526553
dq_z96,long,0,-inf,-1.293329031337503,867,-0.11364724730790304,-0.031905908835521204,0.48327566320645904,284,-0.16059196270815995
flow_eff,short,1,-0.39733640764624717,-0.019977624588091714,876,-0.11392214784028726,-0.0436132397729255,0.4828767123287671,399,-0.13427832781964208
lo_pos,long,5,0.39748953974895396,0.5397489539748954,881,-0.11411055792569053,-0.03236921945330869,0.48354143019296253,358,-0.10632093473407468
dq_cum24,short,4,-0.1808396350302467,-0.10654500091574812,874,-0.11416563554130975,-0.04385672747394799,0.4805491990846682,236,-0.01342822703872393
rpt_z,short,5,-0.14651668596023054,0.11541738274548088,867,-0.11434090912423478,-0.04403200105687302,0.4798154555940023,298,-0.14305264261622164
updn_ratio,short,9,0.5366106233019649,inf,877,-0.11442676470272461,-0.044117856635362857,0.475484606613455,433,-0.14146710962159387
pos24,long,6,0.6322616244553863,0.7301728498703437,874,-0.1148079202384629,-0.03306658176608106,0.4851258581235698,320,-0.1985418856966456
ats_rank480,short,8,0.8479166666666667,0.9354166666666667,833,-0.11486230117743045,-0.04455339311006869,0.48139255702280914,265,-0.13360678937423975
pos96,long,3,0.34108142424222404,0.43698615688442133,867,-0.11490623096667776,-0.033164892494295925,0.47520184544405997,441,-0.16312666836301382
kyle_z,long,0,-inf,-1.135397580785618,867,-0.11503787293341135,-0.03329653446102951,0.4867358708189158,368,-0.07177647358439514
to_hi480,long,1,1.7428002563700233,3.0011919642799527,828,-0.11510378004292987,-0.03336244157054803,0.4830917874396135,206,-0.16642466438491157
pos480,long,5,0.5886857473616829,0.6817188870286215,829,-0.11536886501359711,-0.03362752654121527,0.49215922798552475,134,-0.15271615750860154
up_wick,long,0,-inf,0.057539600530415035,877,-0.11537092819286313,-0.03362958972048129,0.4766248574686431,418,-0.13039121407217297
rpt_rank,long,0,-inf,0.07916666666666666,822,-0.11559153995886338,-0.033850201486481546,0.4768856447688564,271,-0.03780800478717961
ats_z96,short,7,0.5982659455752135,0.9826868872856521,867,-0.11563629631746171,-0.04532738825009995,0.4786620530565167,323,-0.10699398603256398
atr_pct,short,2,0.012070208858927747,0.01380005008421249,877,-0.11571010633752571,-0.04540119827016395,0.48574686431014824,484,-0.125241739984463
to_lo480,long,8,21.70941120235073,25.484712895199703,829,-0.11584242690806724,-0.034101088435685406,0.48612786489746684,230,-0.033510569244700084
since_lo480,long,9,473.0,inf,834,-0.11590443733517439,-0.03416309886279255,0.48081534772182255,273,0.020734594308299277
to_lo24,long,3,1.5507470855117158,1.9944429526824226,874,-0.11623176315613518,-0.03449042468375334,0.4816933638443936,342,0.003588304786997199
tbi_z96,short,9,1.303541504661481,inf,867,-0.11625848199294962,-0.045949573925587864,0.47520184544405997,310,-0.23898394200724685
disp96,short,3,-2.613129304605548,-1.072868132323117,867,-0.11648231477938022,-0.04617340671201846,0.47520184544405997,317,0.009907349385930422
tbi_z24,long,1,-1.3227384666546933,-0.8779291138600496,874,-0.11650972359124656,-0.03476838511886472,0.4794050343249428,302,-0.06457996834907283
hi_pos,short,4,0.27615062761506276,0.41841004184100417,880,-0.11688116735166593,-0.04657225928430417,0.4784090909090909,361,-0.03502473798561205
tbi_ma96,short,6,-0.0013667872336756608,-0.00030567570763539233,867,-0.11697459290572734,-0.046665684838365584,0.48327566320645904,210,-0.03291366336161527
kyle_z,short,1,-1.135397580785618,-0.8589886315728682,867,-0.11704392164649198,-0.04673501357913022,0.48212226066897346,308,-0.17545006278017156
range_rank,short,9,0.9020833333333333,inf,837,-0.11717464363103723,-0.04686573556367547,0.46833930704898447,310,-0.05574458629813873
efficiency,short,6,0.06181974422204902,0.07649580443428429,876,-0.11722755628732032,-0.04691864821995856,0.4794520547945205,324,-0.12474033806310751
dq,long,4,-0.015102813222672326,-0.004422707711386351,876,-0.11740478089994133,-0.03566344242755949,0.4771689497716895,269,-0.1781152957385208
pos24,long,1,0.1529843724693117,0.24288878500334718,874,-0.11763020498519572,-0.03588886651281388,0.4794050343249428,335,-0.23479639403606295
to_hi24,short,1,0.6130051047091024,0.9750212547727201,874,-0.11829204050111626,-0.0479831324337545,0.4748283752860412,289,-0.20005525454102246
persist24,long,2,0.06974219146853762,0.109804210197814,875,-0.11870145841657151,-0.03696011994418967,0.4777142857142857,364,-0.09693541272417318
absorb,short,8,0.044717626664597124,0.09575947728273958,876,-0.11898800379348648,-0.04867909572612472,0.4771689497716895,340,-0.11516486936177182
flow_eff,short,8,0.9207250652891722,1.6727174680472765,876,-0.11926453123610017,-0.048955623168738416,0.4668949771689498,181,-0.022389761290573774
atr_rank,long,2,0.13333333333333333,0.22708333333333333,814,-0.11927052622879585,-0.037529187756414006,0.4864864864864865,379,-0.11445915868058582
persist96,short,8,0.19993176108058378,0.26354186353312103,867,-0.11943412604141665,-0.04912521797405489,0.4740484429065744,285,-0.03080352220634778
range_per_trade,long,2,2.1104472055980993e-08,2.3595939859596615e-08,877,-0.11946647240115413,-0.03772513392877229,0.4846066134549601,498,-0.0898713378779498
hi_pos,long,6,0.5564853556485355,0.698744769874477,875,-0.11978964309273303,-0.03804830462035119,0.48,311,-0.1748159251333056
kyle,short,1,2.0053712473038197e-07,2.3599434372685855e-07,876,-0.11989707136177535,-0.049588163294413595,0.4885844748858447,542,-0.14001750078683836
since_lo96,short,8,90.0,95.0,838,-0.12007547001548968,-0.049766561948127924,0.4785202863961814,304,0.008971225685958914
flow_eff,long,3,0.07632832261883876,0.16344940613187892,877,-0.12019898839958791,-0.03845764992720607,0.4868871151653364,458,-0.07371639574665564
to_hi24,long,3,1.3399987716232993,1.72453232391888,874,-0.12025556592672314,-0.0385142274543413,0.4816933638443936,317,-0.06157891444974664
dn_wick,short,0,-inf,0.06063348667650544,877,-0.12044044014493942,-0.05013153207757766,0.4709236031927024,393,-0.12831484359637094
up_wick,long,3,0.1537346445545088,0.2055823326150177,876,-0.12045300371458971,-0.03871166524220787,0.478310502283105,330,-0.09894092986730513
up_wick,long,6,0.3179136248195269,0.38427705627705583,876,-0.12053153875594987,-0.03879020028356803,0.4805936073059361,300,0.020844267690146273
kyle_z,long,5,-0.21236720358189776,0.023459112082467374,867,-0.120664884983832,-0.03892354651145016,0.47750865051903113,293,-0.16709344615264202
range_per_trade,long,7,3.4871296877540556e-08,3.988356080393457e-08,877,-0.1207387550301018,-0.03899741655771996,0.475484606613455,127,-0.04912303257094523
tbi_z96,short,5,-0.004833135626994989,0.2589168609623426,867,-0.12074939346433214,-0.05044048539697038,0.47635524798154555,370,-0.06350936748900682
dq_z96,short,9,1.3027029395279508,inf,867,-0.12082918555366202,-0.050520277486300266,0.4728950403690888,310,-0.23898394200724685
tbi_z24,long,6,0.2685552548113925,0.5523382488745685,874,-0.12088447237640354,-0.0391431339040217,0.477116704805492,333,-0.048317515914365505
dn_wick,long,7,0.4068508113412117,0.4897686602436436,877,-0.12132235326815077,-0.039581014795768935,0.4766248574686431,304,0.01480987019230634
wick_skew,long,3,-0.1806848695854136,-0.09645779357826975,876,-0.12132900969429376,-0.039587671221911924,0.476027397260274,308,-0.09685474996601266
to_lo96,short,9,11.48572580007687,inf,867,-0.12138133992743044,-0.051072431860068684,0.4786620530565167,192,-0.09800293908753095
disp24,long,1,-3.577461783881696,-2.291969682185864,874,-0.12142288062283813,-0.039681542150456287,0.4759725400457666,334,-0.16251871805670629
tbi_z96,long,3,-0.5373577890535531,-0.2553814783649961,867,-0.121783769204634,-0.040042430732252166,0.47520184544405997,300,-0.17480059899262812
dq,long,0,-inf,-0.05811527342789348,877,-0.12180057610734163,-0.04005923763495979,0.4823261117445838,564,-0.12339563294403061
range_z,long,5,-0.2895947805612975,-0.09049257085156812,867,-0.12223748792647904,-0.0404961494540972,0.47635524798154555,308,-0.18987818306065196
tbi,long,4,-0.007654052728105141,-0.0023197511107546642,876,-0.12271855984573589,-0.04097722137335405,0.4748858447488584,269,-0.19249684537835912
dq_z96,short,5,-0.006008376991721173,0.25811175786992097,867,-0.12296816913158812,-0.05265926106422636,0.47520184544405997,370,-0.069085266045858
avg_trade_usd,short,6,4147.058274240792,4429.932133653071,876,-0.12309519987257059,-0.05278629180520883,0.4691780821917808,191,-0.16131479891279463
to_hi480,short,9,30.382761438644796,inf,829,-0.12311436817529516,-0.0528054601079334,0.4825090470446321,239,-0.31480253838864036
disp6,long,8,1.1803459452900136,1.9383292806548476,876,-0.12319143202745159,-0.04145009355506975,0.4771689497716895,335,-0.14927911096761243
disp24,short,3,-1.3908624376971332,-0.5502340015475478,873,-0.12335417231537493,-0.053045264248013174,0.4765177548682703,316,-0.20325193733313518
avg_trade_usd,short,3,3275.0465434337902,3571.7814422655642,876,-0.1235869129590514,-0.05327800489168964,0.4794520547945205,221,-0.12883401479273351
tbi,long,0,-inf,-0.029156555914568814,877,-0.12391813537831689,-0.04217679690593505,0.4811858608893957,562,-0.1267839188873043
persist24,long,8,0.3730368956947808,0.46544431995907726,874,-0.12405172516491955,-0.04231038669253771,0.477116704805492,286,-0.07228786039542955
updn_ratio,long,0,-inf,0.4602510460251046,865,-0.1243496653027287,-0.04260832683034686,0.4751445086705202,343,-0.0700944526366579
persist6,long,1,0.0737464414356186,0.1437316015990382,876,-0.12477887101206242,-0.04303753253968058,0.4771689497716895,280,0.006466091265180502
since_lo480,long,7,410.0,447.0,826,-0.12487612967033455,-0.043134791197952715,0.4745762711864407,200,-0.10179437851433719
close_loc,short,3,0.3360237627574011,0.4277325790224542,876,-0.12489385152098262,-0.05458494345362086,0.4771689497716895,285,-0.15637146011993108
range_per_trade,short,3,2.3595939859596615e-08,2.5856397998865023e-08,876,-0.12492400867406993,-0.05461510060670817,0.4805936073059361,383,-0.17623720181722194
atr_pct,long,5,0.017038161888111823,0.018859711195326537,877,-0.12513166864683822,-0.043390330174456385,0.47206385404789053,201,-0.06133937899258529
to_lo96,short,4,4.363540401278077,5.304135230321936,867,-0.1255878742425555,-0.05527896617519373,0.4740484429065744,310,-0.16213433325003804
ats_rank480,short,6,0.6416666666666667,0.746875000000002,837,-0.12561967916757918,-0.055310771100217426,0.4778972520908005,281,-0.03922426560665003
lo_pos,long,1,0.016736401673640166,0.07112970711297072,900,-0.12566842578159973,-0.04392708730921789,0.4777777777777778,288,-0.12182730992143516
wick_skew,long,0,-inf,-0.4377410159181354,877,-0.12584072832061305,-0.04409938984823121,0.47434435575826683,325,-0.10553182262194866
tbi_ma8,short,8,0.004988225015250394,0.00884038084554492,876,-0.1258474354124406,-0.05553852734507883,0.4748858447488584,297,-0.2321531380703263
tbi_ma96,short,7,-0.00030567570763539233,0.0011656080331935539,867,-0.12587107183561186,-0.0555621637682501,0.47635524798154555,232,-0.24781091938697902
persist96,short,3,0.0515634106213566,0.07344964523908125,867,-0.1258917438763881,-0.05558283580902634,0.4728950403690888,348,-0.21575801736440348
to_hi480,short,3,4.7998143696449915,7.102057272876573,828,-0.12602252793575275,-0.05571361986839099,0.4722222222222222,319,-0.11736550805067625
since_hi24,long,9,24.0,inf,1045,-0.12615704985908088,-0.044415711386699044,0.4755980861244019,451,-0.0870011004908506
lo_pos,short,4,0.27615062761506276,0.39748953974895396,862,-0.12648326039986196,-0.056174352332500205,0.4733178654292343,300,-0.006783839114385651
pos24,short,7,0.7301728498703437,0.8091875995254977,874,-0.12650976328994767,-0.056200855222585916,0.47254004576659037,255,-0.13338090545977085
since_lo96,long,6,71.0,82.0,890,-0.12656753921852437,-0.04482620074614253,0.47752808988764045,329,-0.1634493248013264
to_lo24,long,4,1.9944429526824226,2.4301514028480886,874,-0.1266363025630613,-0.04489496409067946,0.477116704805492,362,-0.11259489773806351
atr_pct,short,4,0.015344019804804385,0.017038161888111823,876,-0.12665540885762192,-0.05634650079026016,0.4703196347031963,287,0.04692921001881616
up_wick,short,9,0.5798687191800286,inf,877,-0.1269610291816166,-0.056652121114254855,0.4732041049030787,280,-0.12229917649784025
pos480,short,0,-inf,0.14801776353696755,829,-0.12722586661693133,-0.056916958549569574,0.46079613992762364,296,-0.17611477036745235
atr_rank,short,1,0.04791666666666667,0.13333333333333333,836,-0.12747892824460033,-0.05717002017723857,0.48325358851674644,379,-0.20608897188466843
pos24,short,9,0.8857343537894616,inf,875,-0.1275011660765586,-0.057192258009196834,0.4674285714285714,341,-0.2149043271305628
tbi,long,1,-0.029156555914568814,-0.020024678573198583,876,-0.1276614788470794,-0.04592014037469756,0.4737442922374429,305,-0.030032996637209926
extreme_late,short,8,0.9372384937238494,0.9790794979079498,851,-0.12794696247846518,-0.05763805441110342,0.4700352526439483,338,-0.12102092907376945
ats_z96,long,0,-inf,-1.3406424527553134,867,-0.12847031354117702,-0.046728975068795184,0.47058823529411764,313,-0.07410120246120333
dq_z96,long,3,-0.537193005180019,-0.2566671889570011,867,-0.12847351385198882,-0.046732175379606986,0.4717416378316032,299,-0.1648428112608104
dow,long,3,3.0,4.0,1248,-0.1287387372850998,-0.04699739881271796,0.4703525641025641,462,-0.14945366182975509
dow,long,6,6.0,inf,1254,-0.12885147399905755,-0.047110135526675714,0.48086124401913877,461,-0.08440796203717306
ats_z96,short,8,0.9826868872856521,1.491541066401036,867,-0.1290355193847555,-0.058726611317393734,0.4740484429065744,285,-0.09357996407308458
persist96,short,2,0.03338044619195898,0.0515634106213566,867,-0.12910316658851104,-0.05879425852114928,0.4728950403690888,346,-0.10150010643726254
vol_of_vol,long,8,0.5234357289122207,1.3208321731087087,826,-0.12932038451705594,-0.0475790460446741,0.4721549636803874,395,-0.1072010745667338
tbi_ma96,short,3,-0.003994503230319841,-0.003074124309458409,867,-0.12957643729121424,-0.05926752922385248,0.4728950403690888,215,-0.03095816814388699
ats_z96,short,6,0.2738726853948817,0.5982659455752135,867,-0.12991802145486653,-0.05960911338750477,0.4728950403690888,331,-0.023960227005308397
wick_skew,short,9,0.3995793140200461,inf,877,-0.13000154423327254,-0.05969263616591078,0.4697833523375142,312,-0.10068798386306914
pos24,long,4,0.43604477547122444,0.5294697576153384,874,-0.1301876810028832,-0.048446342530501355,0.47368421052631576,300,0.02831217118458315
to_hi24,short,5,2.1035386337179403,2.534017030051735,874,-0.1302007756371457,-0.05989186756978393,0.47254004576659037,276,-0.1793227106117113
to_hi24,short,6,2.534017030051735,3.0361244652164334,874,-0.13026126441268895,-0.059952356345327196,0.47368421052631576,290,-0.134020858670069
ats_rank480,short,5,0.51875,0.6416666666666667,835,-0.1302810810551949,-0.05997217298783314,0.474251497005988,334,-0.07481648869099604
disp6,long,5,0.03261478069250262,0.329275481138288,876,-0.13049376559377493,-0.04875242712139309,0.478310502283105,296,0.09599108678433996
to_hi24,short,4,1.72453232391888,2.1035386337179403,874,-0.13096881913376993,-0.06065991106640817,0.47254004576659037,275,-0.11741907204073267
to_lo96,long,0,-inf,1.5534555465878805,867,-0.1311704810621702,-0.04942914258978835,0.47058823529411764,356,-0.22859918595849674
kyle_z,long,2,-0.8589886315728682,-0.6438246935495081,867,-0.1312399716146897,-0.04949863314230786,0.47520184544405997,270,0.002514913380682024
tbi_z24,short,5,-0.001980968647508028,0.2685552548113925,874,-0.13129292135718112,-0.06098401328981937,0.4702517162471396,343,-0.06149162878183728
disp6,short,2,-1.0597079211984235,-0.6087177305173185,876,-0.13142943981384603,-0.06112053174648427,0.4691780821917808,311,-0.1411632338576117
range_rank,long,1,0.08125,0.17291666666666666,818,-0.1315867837480294,-0.04984544527564756,0.4792176039119804,308,-0.17615575852769713
to_lo480,long,2,6.32392160129927,8.431407725710367,829,-0.13192334525975813,-0.05018200678737629,0.4692400482509047,463,-0.1612838589782548
dq,long,1,-0.05811527342789348,-0.039953790024378336,876,-0.13214352377404098,-0.050402185301659144,0.4714611872146119,302,-0.0321856908413634
gap,long,1,-0.00025816145493430016,-7.901603251036761e-05,876,-0.13217827466161344,-0.050436936189231604,0.4703196347031963,457,-0.0027202775273747135
close_loc,short,9,0.8779196224862643,inf,877,-0.13273836448957768,-0.06242945642221592,0.4640820980615735,406,-0.05383563816710446
ats_z96,long,1,-1.3406424527553134,-0.9122146512040115,867,-0.1328508520093279,-0.05110951353694605,0.47058823529411764,355,-0.15857526308056052
to_lo24,long,1,0.7648849695554003,1.1706383506773248,874,-0.13292925141032957,-0.051187912937947735,0.4702517162471396,312,-0.13390617678491934
persist24,long,0,-inf,0.03381198187406315,874,-0.1329323224517784,-0.05119098397939657,0.4748283752860412,399,-0.13129362631570135
dn_wick,short,6,0.33942584319378094,0.4068508113412117,876,-0.13313566312596786,-0.0628267550586061,0.4714611872146119,279,-0.07156770409061358
since_hi480,short,7,355.0,409.0,835,-0.13314758913034627,-0.06283868106298451,0.4754491017964072,200,-0.002285630465944326
to_hi96,long,3,2.5101534920313773,3.3604410362712,867,-0.13328274196142786,-0.051541403489046025,0.47058823529411764,321,-0.00011229144536859048
vol_per_trade_z,short,1,-1.3600079077846818,-0.9392144382417976,867,-0.1337174082136437,-0.06340850014628194,0.4717416378316032,316,-0.11519148812198111
to_hi96,short,1,1.0266535812153021,1.7493207730872482,867,-0.13421752432003808,-0.06390861625267633,0.47058823529411764,268,-0.1004736839060132
accel,long,4,-0.34874645215833466,-0.013099381754319017,874,-0.13430633831070088,-0.05256499983831904,0.4748283752860412,336,-0.005010677451068477
absorb,long,0,-inf,-0.14679728299706482,877,-0.1345458840592044,-0.05280454558682256,0.4766248574686431,423,-0.08957758283163532
to_hi480,long,4,7.102057272876573,9.848374878703964,829,-0.1352119857728069,-0.05347064730042507,0.47165259348612787,295,-0.1621142673329548
disp24,short,8,2.8978604858971413,4.243089271256354,874,-0.1352175075306458,-0.06490859946328403,0.4679633867276888,274,-0.13432141667544395
since_hi480,long,1,11.0,33.0,845,-0.13534561840005727,-0.05360427992767543,0.47218934911242605,195,0.021316804785588662
rpt_z,long,3,-0.6179349713597198,-0.3821033315739095,867,-0.13552002952885542,-0.05377869105647358,0.4717416378316032,268,-0.1162603735887106
pos96,long,6,0.6450096414647009,0.7579715165324187,867,-0.13589411534165088,-0.054152776869269045,0.4717416378316032,358,-0.08297155807911069
since_hi24,short,0,-inf,2.0,802,-0.13603795260795537,-0.06572904454059361,0.46633416458852867,297,-0.1332055319785319
tbi_ma8,long,6,-8.514950941362843e-05,0.00217507300364068,875,-0.13604092124788397,-0.054299582775502134,0.472,242,-0.09563812517013767
hi_pos,short,1,0.02092050209205021,0.07531380753138076,841,-0.1363203441432355,-0.06601143607587373,0.4708680142687277,282,-0.21165500366725215
pos24,short,8,0.8091875995254977,0.8857343537894616,874,-0.13649915002124816,-0.0661902419538864,0.4668192219679634,287,-0.15123417633468483
ats_z96,long,5,-0.03431224938847927,0.2738726853948817,867,-0.13682643169032985,-0.05508509321794801,0.47058823529411764,333,-0.013694575848028268
range_rank,long,4,0.3770833333333333,0.48125,833,-0.1371133248992402,-0.05537198642685835,0.47058823529411764,328,-0.005593477926127364
ats_rank480,long,3,0.28541666666666665,0.4,830,-0.13711453443781288,-0.05537319596543104,0.46987951807228917,332,-0.12054773651096112
extreme_late,long,3,0.5188284518828452,0.6234309623430963,885,-0.1373158629241634,-0.05557452445178156,0.4689265536723164,283,-0.023717584328719805
disp96,short,6,1.9630870197531143,3.8574025234418943,867,-0.13744914105257117,-0.06714023298520941,0.46943483275663206,313,-0.04992936230130349
range_rank,long,0,-inf,0.08125,828,-0.13768459763489246,-0.055943259162510625,0.4830917874396135,289,-0.00045746473549712006
disp24,long,5,0.1406102877703619,0.8857261102531374,875,-0.137763327694617,-0.056021989222235155,0.47085714285714286,366,-0.08772332651849434
since_hi480,short,3,69.0,125.0,837,-0.13885312068623076,-0.068544212618869,0.46714456391875747,350,-0.1406658693764141
since_lo24,long,4,11.0,15.0,1034,-0.1395297473152825,-0.057788408842900665,0.4700193423597679,380,-0.01605240324422981
range_z,long,2,-0.7636894619040546,-0.6045310958055903,867,-0.14025935885985502,-0.05851802038747318,0.4728950403690888,324,-0.1118695359434015
absorb,long,1,-0.14679728299706482,-0.0683031789361869,876,-0.14040524656832745,-0.05866390809594561,0.4691780821917808,332,-0.14064108934367922
avg_trade_usd,long,2,2975.339056554425,3275.0465434337902,877,-0.1413741368172453,-0.05963279834486347,0.47434435575826683,285,-0.058856385568888205
updn_ratio,long,7,0.5146443514644351,0.5232067510548524,882,-0.14138207896157923,-0.05964074048919739,0.47052154195011336,325,-0.10893326019246027
disp24,short,2,-2.291969682185864,-1.3908624376971332,875,-0.1420041961099077,-0.07169528804254593,0.46514285714285714,273,-0.024898039083159382
persist96,long,6,0.12507836107050965,0.15744874036607343,867,-0.1431469252549195,-0.06140558678253767,0.4659746251441753,340,-0.014887896240478269
since_lo480,long,0,-inf,46.0,826,-0.14363759279379826,-0.06189625432141642,0.4576271186440678,472,-0.1334318166160245
close_loc,long,6,0.6128157222335351,0.7036539599702323,876,-0.14398808280783945,-0.06224674433545761,0.4680365296803653,294,-0.05567721301840449
to_hi96,short,0,-inf,1.0266535812153021,867,-0.1442245543984554,-0.07391564633109365,0.46251441753171857,276,-0.16777828664031408
avg_trade_usd,long,9,5193.04320066882,inf,877,-0.1442452689831602,-0.06250393051077836,0.467502850627138,849,-0.057494093618899574
efficiency,long,0,-inf,0.009040793835589173,877,-0.14488625453822318,-0.06314491606584134,0.4663625997719498,283,-0.03214078870671621
absorb_z,short,2,-0.16077695321819727,-0.088541607076107,847,-0.14534814946597419,-0.07503924139861243,0.46635182998819363,262,-0.07716626585001733
close_loc,long,8,0.7890827405603821,0.8779196224862643,876,-0.1458500095996688,-0.06410867112728695,0.4668949771689498,317,-0.08368317731309
to_hi24,long,8,3.7577961891365845,4.790134118284894,874,-0.14625723273949237,-0.06451589426711053,0.4633867276887872,372,-0.1266155973242829
kyle,long,3,2.6778939369519616e-07,2.987557355074311e-07,876,-0.14647647643084297,-0.06473513795846113,0.4680365296803653,336,-0.09608472509867061
ats_rank480,long,1,0.08333333333333333,0.175,839,-0.14661985709317926,-0.06487851862079742,0.46245530393325385,327,-0.06385586198169023
trade_intensity,long,2,0.5487640851719368,0.6373089822903832,867,-0.1468112214906614,-0.06506988301827955,0.46943483275663206,264,-0.041464195667995
disp24,long,4,-0.5502340015475478,0.1406102877703619,874,-0.1471148733612559,-0.06537353488887405,0.4679633867276888,359,-0.11207739594210887
since_lo96,long,5,60.0,71.0,824,-0.14733591474671603,-0.0655945762743342,0.4684466019417476,267,0.023341825994901026
extreme_late,long,7,0.8786610878661087,0.9372384937238494,865,-0.14761402962179082,-0.06587269114940898,0.4635838150289017,352,-0.043331722056828226
wick_skew,short,7,0.1466209500176167,0.25166950855143666,877,-0.1490167077481655,-0.07870779968080374,0.4618015963511973,312,-0.14261036008287642
hi_pos,short,9,0.9414225941422594,inf,901,-0.14907279010164434,-0.07876388203428258,0.4572697003329634,342,-0.05640935493910957
pos24,long,0,-inf,0.1529843724693117,875,-0.14932843588778758,-0.06758709741540574,0.4605714285714286,385,-0.1549335927723387
gap,long,5,0.0002571207823121999,inf,877,-0.15094097046234728,-0.06919963198996544,0.467502850627138,26,
tbi_ma96,long,0,-inf,-0.007067867750344451,867,-0.15152778318219354,-0.0697864447098117,0.4590542099192618,672,-0.07016351055251605
to_lo480,short,6,15.868379882089577,18.747682216231087,829,-0.15297465248454542,-0.08266574441718366,0.4620024125452352,256,-0.0563104224859514
since_lo480,short,4,249.0,316.0,826,-0.15305785033800962,-0.08274894227064786,0.46973365617433416,286,-0.11122019290778865
since_hi96,long,2,10.0,20.0,939,-0.15339192384234301,-0.07165058536996118,0.46112886048988283,276,-0.25083495297171865
persist96,long,4,0.07344964523908125,0.09793205045260268,866,-0.1535128091139287,-0.07177147064154686,0.4630484988452656,406,-0.0948468038090929
kyle,long,0,-inf,2.0053712473038197e-07,877,-0.15356080341750739,-0.07181946494512555,0.48346636259977194,926,-0.04963556892171251
persist6,short,3,0.2226079432468842,0.302335680588273,876,-0.15393136626032003,-0.08362245819295827,0.4577625570776256,352,-0.12979636220492513
hi_pos,long,7,0.698744769874477,0.8284518828451883,877,-0.15446795216842055,-0.07272661369603871,0.4652223489167617,328,-0.0987731749368925
pos480,long,8,0.8739881025689143,0.9286429376153641,829,-0.15510882973311804,-0.0733674912607362,0.4632086851628468,210,-0.1406956585066316
dq_cum24,long,6,-0.03202331147178632,0.051199594242740815,874,-0.1552635237299156,-0.07352218525753375,0.4622425629290618,254,-0.0564912040369181
rpt_z,short,8,0.7850117122844968,1.3331224320282498,867,-0.1555494854175409,-0.08524057735017915,0.45790080738177624,358,-0.08745625794075239
body_frac,long,4,-0.1322199077969487,0.020609043371261057,876,-0.1556804717754277,-0.07393913330304587,0.4600456621004566,278,-0.12199039563844041
vol_per_trade_z,long,2,-0.9392144382417976,-0.6311977477995068,867,-0.15579144646997847,-0.07405010799759663,0.4602076124567474,348,-0.1630071117946178
atr_rank,long,4,0.3375,0.4625,828,-0.15630818334731109,-0.07456684487492925,0.4601449275362319,368,-0.11611742440540229
to_hi96,long,7,6.5778721548054815,7.93958480731143,867,-0.15739516459809227,-0.07565382612571044,0.45790080738177624,366,-0.07412957426192941
persist96,long,0,-inf,0.01631211901011021,867,-0.15760765452708675,-0.07586631605470491,0.461361014994233,307,-0.13768636766359477
vol_of_vol,long,7,0.1305644429785149,0.5234357289122207,826,-0.15803263827185587,-0.07629129979947404,0.45883777239709445,369,-0.19738431504974388
pos96,short,7,0.7579715165324187,0.8399926079556,867,-0.1581946927375981,-0.08788578467023633,0.46251441753171857,303,-0.09165570382918793
pos96,long,2,0.2543062883895379,0.34108142424222404,867,-0.15943809855911062,-0.07769676008672878,0.45790080738177624,326,0.07041819340700621
since_hi480,long,5,198.0,280.0,827,-0.1604044240752292,-0.07866308560284736,0.4607013301088271,497,-0.16207695777011927
dq_cum24,long,2,-0.34899101821812256,-0.2629753993361918,874,-0.16245588350201937,-0.08071454502963753,0.4576659038901602,295,-0.11691363887562482
trade_intensity,long,0,-inf,0.44299151602712095,867,-0.16253950223462268,-0.08079816376224085,0.47058823529411764,559,-0.08043562506896125
tbi,short,9,0.025053853481713743,inf,877,-0.1632360003936769,-0.09292709232631513,0.45610034207525657,536,-0.1805155694659302
pos96,short,4,0.43698615688442133,0.5330857457785712,867,-0.1633256137004377,-0.09301670563307593,0.4555940023068051,289,-0.04716038515806281
disp6,long,0,-inf,-1.7804717542894932,876,-0.1643040258715946,-0.08256268739921276,0.4497716894977169,381,-0.1466977298891301
to_hi96,long,9,9.983912827373404,inf,867,-0.16510129445445013,-0.08335995598206829,0.46251441753171857,380,-0.04328789788345928
dq,short,9,0.050170927440953784,inf,877,-0.1655032627725925,-0.09519435470523074,0.4549600912200684,535,-0.17883388785798254
tbi_ma24,long,6,-0.0007328653022908441,0.0009966377006771499,874,-0.16689344061911124,-0.0851521021467294,0.45652173913043476,259,-0.06141935768438961
dn_wick,long,9,0.6023615805780694,inf,877,-0.16729569036488967,-0.08555435189250783,0.45381984036488027,316,-0.09571299187781225
persist6,long,5,0.39038315738435553,0.4832805114664188,876,-0.16883066298050967,-0.08708932450812783,0.454337899543379,342,-0.11721680494040679
absorb_z,long,8,0.2261836432179246,0.3861689089193485,848,-0.17017464489545975,-0.08843330642307791,0.4516509433962264,289,0.06719620254945363
pos96,short,8,0.8399926079556,0.909131041130446,867,-0.1703518714134516,-0.10004296334608984,0.45213379469434833,260,-0.17847840586060568
tbi_ma24,long,2,-0.007350625201617627,-0.005544708761485168,874,-0.17091469062805134,-0.0891733521556695,0.45308924485125857,293,-0.13024208715881172
to_lo96,short,8,9.137172348829573,11.48572580007687,867,-0.17196674199401812,-0.10165783392665637,0.4544405997693195,310,-0.24046041541042518
dq_cum24,short,7,0.051199594242740815,0.1483850612762181,874,-0.17221698445691294,-0.10190807638955118,0.45308924485125857,252,-0.13659859174565744
to_hi480,long,5,9.848374878703964,12.64774500004412,829,-0.17244168820027014,-0.0907003497278883,0.4499396863691194,312,-0.09305542476141851
since_lo480,long,2,111.0,176.50000000000045,838,-0.17369285805190654,-0.0919515195795247,0.45346062052505964,373,-0.2601468678450309
atr_rank,long,0,-inf,0.04791666666666667,820,-0.17397319999242944,-0.0922318615200476,0.4719512195121951,239,0.015422008893597771
to_hi480,long,8,22.051911477403223,30.382761438644796,829,-0.17425435029459582,-0.09251301182221398,0.4499396863691194,504,-0.06327902792794872
tbi_ma24,short,7,0.0009966377006771499,0.0030165052439096785,874,-0.1742928837711724,-0.10398397570381065,0.45194508009153317,246,-0.14427773227750332
persist96,long,7,0.15744874036607343,0.19993176108058378,867,-0.1744311296425733,-0.09268979117019145,0.45098039215686275,362,-0.0689473650060791
atr_pct,long,1,0.01019349926659955,0.012070208858927747,876,-0.17597963961607033,-0.09423830114368849,0.4668949771689498,693,-0.1415769644882653
vol_of_vol,short,6,-0.1159629389336806,0.1305644429785149,826,-0.17701937841649182,-0.10671047034913006,0.44794188861985473,256,-0.21022844491123194
to_lo96,long,1,1.5534555465878805,2.5780327686168896,867,-0.17750861817364869,-0.09576727970126685,0.4486735870818916,366,-0.08050261715501857
flow_eff,long,2,-0.019977624588091714,0.07632832261883876,876,-0.1784811098417893,-0.09673977136940747,0.4634703196347032,579,-0.052998855277329206
to_lo480,short,7,18.747682216231087,21.70941120235073,828,-0.17918267549047356,-0.1088737674231118,0.4504830917874396,212,-0.08171809081099592
disp96,long,5,0.3660211886731899,1.9630870197531143,867,-0.18381180078125542,-0.10207046230887358,0.4486735870818916,311,-0.06127035492146397
persist24,short,9,0.46544431995907726,inf,875,-0.1841269324018154,-0.11381802433445365,0.44114285714285717,265,-0.22488134324292827
pos96,long,1,0.15131782706036528,0.2543062883895379,867,-0.18467390384401713,-0.1029325653716353,0.4463667820069204,373,-0.08052768540297982
persist96,short,9,0.26354186353312103,inf,867,-0.18617955574931416,-0.1158706476819524,0.4417531718569781,162,0.0848552034308888
to_hi480,short,2,3.0011919642799527,4.7998143696449915,829,-0.1865207483654277,-0.11621184029806594,0.4427020506634499,291,-0.22310196646311678
since_lo480,short,6,366.0,410.0,830,-0.1878889741956294,-0.11758006612826763,0.4397590361445783,247,-0.19156142936723253
atr_pct,long,0,-inf,0.01019349926659955,877,-0.18969769203749387,-0.10795635356511203,0.4811858608893957,847,-0.04517753186234502
since_hi96,long,3,20.0,31.0,823,-0.18995828570876525,-0.1082169472363834,0.4471445929526124,288,-0.2301681210597194
disp96,short,9,9.598565625143438,inf,867,-0.1901678088187034,-0.11985890075134165,0.4429065743944637,117,0.08259218016199964
disp6,short,9,1.9383292806548476,inf,876,-0.19313893945878582,-0.12283003139142407,0.4372146118721461,300,-0.10920015388960377
to_lo24,short,9,5.380773368718427,inf,875,-0.19334558855059386,-0.1230366804832321,0.4377142857142857,269,-0.19061387602223653
vol_of_vol,short,1,-0.8806657599615962,-0.7203019051498344,826,-0.19631107721039004,-0.12600216914302828,0.44188861985472155,283,-0.06233900254407629
disp96,long,1,-7.316418299668853,-4.6414997717812,867,-0.20333283695004795,-0.12159149847766611,0.43252595155709345,306,0.16308849595184371
disp24,short,9,4.243089271256354,inf,875,-0.2035921575369832,-0.13328324946962145,0.4342857142857143,246,-0.3431044836853233
to_hi96,short,4,3.3604410362712,4.358958469130034,867,-0.2056803040812299,-0.13537139601386813,0.4348327566320646,353,-0.1886222439179037
tbi_ma8,long,2,-0.009703235316404617,-0.006834991048846032,876,-0.20639459138254715,-0.12465325291016531,0.4349315068493151,283,-0.1465463874814362
vol_of_vol,long,4,-0.4435321718973473,-0.29998734266072047,826,-0.20729754009875076,-0.12555620162636894,0.437046004842615,239,-0.028506648486705304
since_hi96,short,7,73.0,84.0,811,-0.21048251866942322,-0.14017361060206146,0.43033292231812575,353,-0.07689890141797104
disp24,long,0,-inf,-3.577461783881696,874,-0.2115195932007627,-0.12977825472838084,0.4290617848970252,405,-0.1471009880914135
to_lo480,long,9,25.484712895199703,inf,829,-0.2189031369802389,-0.13716179850785704,0.4439083232810615,249,0.051286492509269505
tbi_ma24,long,5,-0.002282175875109503,-0.0007328653022908441,874,-0.21936750146893033,-0.1376261629965485,0.4302059496567506,226,-0.052056930302531765
dq_cum24,long,5,-0.10654500091574812,-0.03202331147178632,874,-0.22669274737279868,-0.14495140890041686,0.4267734553775744,229,-0.04738356978528366
pos480,long,1,0.14801776353696755,0.2171383053410379,828,-0.23186573455975146,-0.1501243960873696,0.4251207729468599,455,-0.06742717671250055
tbi_ma24,short,9,0.005514033581752368,inf,875,-0.23578522444511002,-0.16547631637774826,0.416,530,-0.21920759060296538
tbi_ma8,short,9,0.00884038084554492,inf,876,-0.23756737095246552,-0.16725846288510376,0.4166666666666667,527,-0.17842685636044323
dq_cum24,short,9,0.2675339650052798,inf,875,-0.24004552295975193,-0.16973661489239017,0.4137142857142857,529,-0.2213222247746572
since_hi480,long,6,280.0,355.0,826,-0.24011268515351883,-0.158371346681137,0.4225181598062954,268,0.04688307201702504
to_hi24,long,9,4.790134118284894,inf,875,-0.2461566312162077,-0.16441529274382588,0.41485714285714287,386,-0.25484294864242407
pos480,short,7,0.796112505193789,0.8739881025689143,828,-0.253414269547529,-0.18310536148016723,0.40942028985507245,365,-0.26991106854142843
