feature,side,bin,lo,hi,n,exp_r,lift,wr,n_test,exp_r_test
atr_pct,short,9,0.007703177950556308,inf,14018,-0.024796770797006106,0.16196129326294745,0.5134826651448138,1303,-0.0776142725141134
atr_pct,long,8,0.006008485037490183,0.007703242151588259,14017,-0.04833574944488257,0.13620115694725332,0.5208675180138403,2012,-0.2004831586210575
kyle,short,9,5.761188310932053e-07,inf,14016,-0.07202706451183521,0.11473099954811833,0.4977882420091324,680,-0.03792030365625596
vol_of_vol,short,9,1.3811892990951102,inf,13967,-0.07315030091302192,0.11360776314693162,0.516646380754636,5421,-0.13745140463304045
to_lo480,short,0,-inf,3.45693841204793,13970,-0.07500663962572153,0.11175142443423201,0.5189692197566214,6071,-0.1185978312421947
disp24,short,0,-inf,-3.2957975406006557,14015,-0.07597195679319367,0.11078610726675987,0.5328576525151624,6496,-0.1453951689098576
kyle,long,9,5.761241221640505e-07,inf,14016,-0.07924166660250431,0.1052952397896316,0.5006421232876712,681,-0.15735788579469928
tbi_ma96,long,9,0.007108117667567117,inf,13959,-0.0849169225443066,0.0996199838478293,0.5481768034959524,7006,-0.268808606417544
disp24,long,9,3.604810763481634,inf,14015,-0.08500955352146486,0.09952735287067105,0.5382090617195862,5645,-0.2299373376614854
since_lo480,short,0,-inf,31.0,13927,-0.08508482658121792,0.10167323747873562,0.512242406835643,5860,-0.08902610704865524
atr_rank,short,9,0.9125,inf,14165,-0.08905953976436959,0.09769852429558396,0.4986233674549947,5559,-0.08737672128467382
to_hi24,short,9,4.566159921154816,inf,14015,-0.09018249074469314,0.0965755733152604,0.5313592579379236,6162,-0.14408188185881976
flow_eff,short,9,0.13415171908156034,inf,14016,-0.09105496360663769,0.09570310045331586,0.5031392694063926,2896,-0.1297267722582129
to_hi480,long,0,-inf,2.8325712639019724,13969,-0.09249749929314512,0.09203940709899079,0.522156203020975,5306,-0.20162767640059664
atr_pct,long,9,0.007703242151588259,inf,14017,-0.09496741222222414,0.08956949416991176,0.4841264179210958,1303,-0.04720844456232578
range_per_trade,short,9,2.0258508328249888e-07,inf,14016,-0.0953622667384894,0.09139579732146415,0.5038527397260274,305,-0.2515061696473042
persist96,long,9,0.2259273339515485,inf,14008,-0.09562931146140963,0.08890759493072628,0.5200599657338664,4469,-0.22517729181329518
pos480,long,9,0.8871186677235331,inf,13969,-0.0974698101465043,0.08706709624563161,0.5275968215333954,5271,-0.24030276493299027
pos96,short,1,0.170453552644743,0.25867974247971603,14008,-0.09964570836745316,0.08711235569250038,0.5361222158766419,4941,-0.20215046103414586
to_lo96,short,0,-inf,1.6459463942726245,14008,-0.10059997967113814,0.0861580843888154,0.5185608223872074,6707,-0.13698511710441738
atr_rank,long,9,0.9125,inf,14165,-0.10257503021478104,0.08196187617735487,0.49424638192728554,5558,-0.15705694432072417
atr_pct,long,7,0.005088161963122361,0.006008485037490183,14017,-0.10357452392803754,0.08096238246409837,0.5013198259256617,2467,-0.12227358360804218
avg_trade_usd,short,9,5173.004160554368,inf,14016,-0.10364405794450235,0.0831140061154512,0.5185502283105022,11439,-0.24788320143229164
gap,short,2,-0.00024043538195379533,0.0,8259,-0.10450849304500222,0.08224957101495133,0.49957621988134154,1837,-0.037818670376521056
kyle,short,8,4.6466145567354087e-07,5.761188310932053e-07,14016,-0.10475911202797528,0.08199895203197827,0.5006421232876712,1995,-0.10762785323412734
to_lo24,long,9,4.9039307166175625,inf,14015,-0.10825965714597661,0.07627724924615929,0.5252943275062433,5371,-0.24545717006912265
persist96,short,7,0.13718082742275456,0.17301070203001506,14007,-0.10969074096372623,0.07706732309622731,0.5238809166845149,5647,-0.18587281243579062
atr_pct,short,7,0.00508814513165529,0.006008430146986106,14017,-0.11000698096446664,0.07675108309548691,0.4961832061068702,2467,-0.09718907511769492
pos480,short,0,-inf,0.15617465845164857,13969,-0.11130290386624332,0.07545516019371022,0.5130646431383779,6217,-0.14117991997251747
gap,long,2,-0.00024040557388682856,0.0,8258,-0.11210499352147825,0.07243191287065766,0.49975781060789537,1836,-0.17734419178446129
atr_rank,long,8,0.8083333333333333,0.9125,13940,-0.11330793606660677,0.07122897032552913,0.5027977044476327,5082,-0.15244973930670125
disp96,short,0,-inf,-7.1608095071807565,14008,-0.11367223204970092,0.07308583201025262,0.5214163335237008,6475,-0.1308354497154916
range_rank,short,9,0.90625,inf,13852,-0.1146414949646804,0.07211656909527314,0.4999278082587352,5225,-0.15037432514962992
pos96,long,9,0.8664323498224351,inf,14008,-0.11475582972396861,0.0697810766681673,0.519131924614506,5922,-0.28343964082369466
to_hi96,long,0,-inf,1.4203547625091717,14008,-0.11500633774051754,0.06953056865161837,0.51956025128498,6022,-0.2757810223573458
disp96,short,1,-7.1608095071807565,-4.665546901705886,14007,-0.11507414093575592,0.07168392312419762,0.5194545584350682,5269,-0.1434095846779298
kyle,long,8,4.646567438834581e-07,5.761241221640505e-07,14015,-0.11564316828297044,0.06889373810916546,0.49839457723867286,1995,-0.14015013893515646
disp96,long,9,8.33557704950957,inf,14008,-0.11598705076061999,0.06854985563151592,0.5254140491147915,5047,-0.2908923351784915
flow_eff,long,8,0.07121001325558668,0.13415051975858824,14015,-0.11681613582127373,0.06772077057086218,0.5028897609703888,3024,-0.18011399661709135
pos96,long,8,0.7851523444237697,0.8664323498224351,14007,-0.11767327233296791,0.066863634059168,0.529663739558792,5021,-0.24476921189699913
persist96,short,8,0.17301070203001506,0.22591595530597636,14008,-0.11917657991430974,0.0675814841456438,0.5143489434608794,5180,-0.10502648752610648
flow_eff,long,9,0.13415051975858824,inf,14016,-0.11951016601979655,0.06502674037233935,0.4944349315068493,2895,-0.17956719504260918
pos96,short,0,-inf,0.170453552644743,14008,-0.11986966305821821,0.06688840100173533,0.509351798972016,7299,-0.15175537631982447
range_per_trade,long,9,2.0258593570381737e-07,inf,14016,-0.12102378254797243,0.06351312384416348,0.4956478310502283,305,-0.30940653662187567
since_lo96,short,0,-inf,7.0,13343,-0.12128351475485914,0.0654745493050944,0.506782582627595,5761,-0.1468569096294327
atr_pct,short,5,0.003875763295783476,0.004428702009019313,14017,-0.12141128846850706,0.06534677559144648,0.5104515944924021,4066,-0.13151373989709472
pos480,long,7,0.7329176327427636,0.815285409781002,13969,-0.12155142385560058,0.06298548253653533,0.5400529744434104,3871,-0.3032325141475372
atr_pct,short,6,0.004428702009019313,0.00508814513165529,14017,-0.12184400206508812,0.06491406199486542,0.4996076193193979,3101,-0.08986746174787076
kyle,short,7,4.0453588707667184e-07,4.6466145567354087e-07,14015,-0.12323442330755704,0.0635236407523965,0.5017481270067784,2812,-0.1208212315571287
flow_eff,short,8,0.07122256815989302,0.13415171908156034,14015,-0.1250177466807111,0.06174031737924243,0.49611130931145203,3023,-0.15033461699773926
since_hi480,long,0,-inf,24.0,13941,-0.12594292170892218,0.05859398468321372,0.5042679865145973,5024,-0.27402030678467865
dow,short,3,3.0,4.0,19952,-0.12717166173363598,0.05958640232631757,0.5141840417000801,7390,-0.09407744881826251
atr_rank,short,8,0.8083333333333333,0.9125,13939,-0.12741930298537987,0.05933876107457367,0.4946552837362795,5083,-0.14983699774438625
persist24,long,9,0.4017040595748249,inf,14015,-0.12760903022980866,0.05692787616232725,0.5080271138066358,5150,-0.2298211936022795
range_z,short,9,1.200216678338836,inf,13959,-0.12854845700324252,0.05820960705671102,0.5091338921126155,5847,-0.19848003553972302
atr_pct,long,6,0.004428737613134146,0.005088161963122361,14017,-0.12911203426875348,0.05542487212338243,0.4988941999001213,3099,-0.15789692420933926
atr_pct,short,8,0.006008430146986106,0.007703177950556308,14017,-0.12950933583065466,0.057248728229298884,0.47720624955411284,2012,0.022747926253608945
disp6,long,9,1.7044710220002166,inf,14017,-0.1307231979202056,0.053813708471930316,0.5231504601555255,5762,-0.2320765195606429
since_lo96,short,2,18.0,30.0,13740,-0.1310106671014737,0.055747396958479856,0.5181950509461426,4836,-0.18797191427357016
since_hi96,short,1,6.0,16.0,14944,-0.13106518555770172,0.055692878502251825,0.5118442184154176,5550,-0.15927512160076865
to_hi480,long,2,4.785669513946643,6.73332530364755,13969,-0.1315325584301394,0.05300434796199652,0.5177178037082111,4564,-0.23063014211816332
atr_rank,short,7,0.7,0.8083333333333333,13910,-0.1325717385009257,0.05418632555902783,0.5020129403306973,5229,-0.1534214846841824
to_lo480,short,1,3.45693841204793,5.758336747603367,13969,-0.1328378093337554,0.05392025472619813,0.5071229150261293,4951,-0.18026450798764623
range_rank,short,8,0.8083333333333333,0.90625,13632,-0.13328587515357607,0.05347218890637748,0.5007335680751174,5181,-0.14776248486351262
disp6,short,0,-inf,-1.6722081824929957,14017,-0.1332949301388088,0.05346313392114474,0.5111650139116787,6139,-0.17337150886501004
range_rank,long,9,0.90625,inf,13852,-0.1335960237603068,0.05094088263182911,0.49639041293676006,5224,-0.16924577952209166
dow,long,2,2.0,3.0,19949,-0.13416154945332906,0.05037535693880685,0.5119554864905509,7384,-0.1673449711919737
trade_intensity,short,9,1.8618958210522212,inf,14008,-0.13485620670639167,0.05190185735356187,0.5038549400342661,5898,-0.17057408007716646
avg_trade_usd,short,7,4248.375781030122,4628.777909885668,14015,-0.13517568775530314,0.0515823763046504,0.5019621833749554,4394,-0.21284096071478723
kyle,long,7,4.0453642716700086e-07,4.646567438834581e-07,14015,-0.1352321175853151,0.04930478880682082,0.4968961826614342,2812,-0.162083702505639
to_hi96,long,1,1.4203547625091717,2.260823299643053,14007,-0.1357274628956662,0.04880944349646971,0.5177411294352824,5234,-0.2379379849398177
dow,long,4,4.0,5.0,20042,-0.13586604545077935,0.04867086094135656,0.5095798822472807,7383,-0.20975600766532435
since_hi96,short,0,-inf,6.0,12925,-0.13623342517218825,0.05052463888776529,0.5018955512572534,5117,-0.15240145299122276
avg_trade_usd,short,8,4628.777909885668,5173.004160554368,14016,-0.13741622455223854,0.04934183950771501,0.5003567351598174,5536,-0.23354693248172914
pos24,short,1,0.16532486601338708,0.26048644515682623,14015,-0.13757008197183762,0.04918798208811592,0.5205137352836247,5190,-0.1478729837888843
minofday,long,8,1140.0,1290.0,14605,-0.13769627726678305,0.04684062912535286,0.5114002054091065,5368,-0.25090640694502025
vol_of_vol,long,5,-0.2810006857972501,-0.059525385692318404,13967,-0.13791809091362522,0.04661881547851068,0.5158588100522661,4664,-0.27044785663708754
flow_eff,short,7,0.04533323830426446,0.07122256815989302,14016,-0.13797906665701143,0.048778997402942115,0.4980736301369863,3510,-0.1350675912409717
hour,long,8,19.0,21.0,11686,-0.1381568244251586,0.04638008196697732,0.5110388499058702,4295,-0.24444224824878202
kyle,short,6,3.61715819995674e-07,4.0453588707667184e-07,14016,-0.13862445183742908,0.04813361222252446,0.4999286529680365,3274,-0.14646732167475413
to_hi480,short,1,2.832603442478975,4.785965920342696,13969,-0.13876426901640274,0.04799379504355081,0.5057627603980241,4642,-0.1310794251586479
since_hi480,short,0,-inf,24.0,13941,-0.13941881733602315,0.04733924672393039,0.49515816655907036,5025,-0.11972602250071718
tbi_ma24,short,1,-0.019114789514410906,-0.013240728888493822,14002,-0.13995516341782913,0.04680290064212442,0.522211112698186,4917,-0.18219627625485582
since_lo96,short,1,7.0,18.0,14624,-0.1401765730490521,0.04658149101090145,0.5046498905908097,5539,-0.18877347172022926
flow_eff,short,0,-inf,-0.026518894281153622,14016,-0.14059223996000653,0.04616582409994702,0.501355593607306,4898,-0.15153268580137902
dq_cum24,long,9,0.6713402190416411,inf,14002,-0.1406716575763276,0.043865248815808305,0.5389944293672333,8745,-0.2941484238615044
tbi_ma8,long,8,0.016112709855067516,0.0262646979475462,14011,-0.14075249360088457,0.04378441279125134,0.5208050817215045,4788,-0.30865748281262567
dq_cum24,short,1,-0.9156657352158338,-0.6335581745875737,14002,-0.1407573551812549,0.04600070887869864,0.5218540208541637,4917,-0.18061323430260068
tbi_ma24,long,9,0.013942366699529099,inf,14002,-0.14117917702305022,0.04335772936908569,0.5389230109984288,8759,-0.2941586268296218
to_hi480,short,7,15.772547279172677,19.699556560770993,13969,-0.1413253055352031,0.045432758524750455,0.5197938291932136,5763,-0.20225171850516438
atr_rank,short,6,0.5916666666666667,0.7,14074,-0.1414240237974302,0.045334040262523356,0.5050447633934916,5389,-0.17773308304242924
since_hi24,long,7,20.0,22.0,11203,-0.14188067942055232,0.04265622697158358,0.5223600821208605,4066,-0.273844975902053
persist24,short,7,0.2478807141106758,0.3099424225861105,14015,-0.1419318982581153,0.044826165801838236,0.5144488048519443,5526,-0.21166428646972654
vol_of_vol,long,8,0.6363819964826258,1.381197415980287,13967,-0.14194966470263304,0.04258724168950287,0.5025417054485574,5642,-0.19047599316404548
range_z,short,8,0.5189007901021617,1.200216678338836,13959,-0.14395834377714814,0.042799720282805404,0.5054803352675693,5466,-0.18406583462299655
trade_intensity,short,8,1.3134826522064658,1.8618958210522212,14008,-0.14399191473501796,0.04276614932493558,0.5049971444888635,5109,-0.20243407666475255
to_lo480,short,2,5.758336747603367,8.111857700708292,13969,-0.14413670689303384,0.0426213571669197,0.5079819600544062,4974,-0.22641187152916292
to_hi480,short,6,13.04103409008405,15.772547279172677,13969,-0.144248008558987,0.04251005550096654,0.5180041520509701,5189,-0.21108765967171128
flow_eff,long,7,0.045333120193358986,0.07121001325558668,14015,-0.14447848072917674,0.04005842566295917,0.5004637887977167,3510,-0.2200832424840104
tbi_ma8,short,3,-0.013900554559704997,-0.007960022451550567,14011,-0.14502653096819007,0.04173153309176347,0.5105988152166155,3874,-0.2142522112607229
range_per_trade,long,8,1.6481208927107845e-07,2.0258593570381737e-07,14015,-0.1463146737471192,0.0382222326450167,0.5031751694612915,1496,-0.3259500847409854
since_hi96,long,9,94.0,inf,14772,-0.14639835352312972,0.03813855286900619,0.517939344706201,5902,-0.274130413667575
absorb,short,4,-0.05856079157445627,-0.008909099223284889,14004,-0.14702800253549317,0.039730061524460375,0.5017852042273636,4618,-0.20241066730241158
atr_rank,long,7,0.7,0.8083333333333333,13910,-0.14712075580406891,0.03741615058806699,0.4958303378864127,5229,-0.18856101083193297
range_rank,short,7,0.7041666666666667,0.8083333333333333,13960,-0.14751321090339858,0.03924485315655496,0.5002865329512894,5360,-0.16561948124758116
avg_trade_usd,long,5,3636.5230246315755,3932.595111127872,14015,-0.14762560916463885,0.03691129722749706,0.5086692829111666,3672,-0.2823432559119787
trade_intensity,short,7,1.0506661775512625,1.3134826522064658,14007,-0.14764424893445235,0.03911381512550119,0.5085314485614336,4893,-0.189550095232101
to_hi480,long,4,8.742928260387542,10.758982027957057,13969,-0.14770503313485187,0.03683187325728404,0.514138449423724,4671,-0.2812895704192201
avg_trade_usd,short,6,3932.57999030494,4248.375781030122,14016,-0.1478163922709918,0.03894167178896174,0.4989297945205479,3841,-0.21906799345490457
to_lo96,long,9,11.301320819501887,inf,14008,-0.14788445060352623,0.03665245578860968,0.5279126213592233,5330,-0.3054344559851725
since_hi24,short,2,4.0,7.0,14627,-0.14788878329300004,0.03886928076695351,0.5142544609284201,5287,-0.21952116754333356
tbi_ma96,short,4,-0.004398177475235968,-0.002561957642083866,13958,-0.1481822127253018,0.038575851334651745,0.5157615704255624,4161,-0.23272058281798927
accel,long,9,1.578681401086542,inf,14015,-0.14862219052270223,0.03591471586943368,0.508597930788441,5636,-0.24047880873318775
since_lo96,long,0,-inf,7.0,13343,-0.1486830776462055,0.035853828745930405,0.49044442778985237,5762,-0.2155188122906519
disp96,long,2,-4.665746247648812,-2.8508364523402383,14007,-0.14880876053824596,0.03572814585388995,0.5146712358106661,4924,-0.2268128061681064
vol_of_vol,short,6,-0.05957524152441164,0.22843767007439147,13967,-0.1488346155644457,0.037923448495507855,0.5064079616238276,5139,-0.11648841562198335
since_hi24,long,8,22.0,24.0,15051,-0.14884697751226247,0.035689928879873434,0.5179722277589529,5479,-0.27436009226742764
accel,short,0,-inf,-1.5784253183335486,14015,-0.1488952414742569,0.03786282258569665,0.5030324652158402,5729,-0.1882107367736318
to_lo96,short,1,1.6459463942726245,2.5439864986045486,14008,-0.14902820690220528,0.037729857157748264,0.5070673900628212,5107,-0.24048165066993554
persist96,short,6,0.10972227916845365,0.13718082742275456,14007,-0.14912919808830918,0.03762886597164436,0.5099593060612551,5607,-0.1779856123565731
since_hi480,long,7,382.0,431.0,14025,-0.14913214471806596,0.035404761674069946,0.5214260249554368,5220,-0.14882039444642817
vol_of_vol,short,7,0.22843767007439147,0.636211810485004,13967,-0.1495273044869542,0.037230759572999345,0.5021837187656619,5294,-0.159003987022533
avg_trade_usd,long,7,4248.39872100998,4628.788950688069,14015,-0.14965987302210856,0.034877033370027344,0.4967534784159829,4393,-0.283510212155549
gap,long,4,0.0002631369740808689,0.0011250901877447347,14017,-0.14970473250092556,0.03483217389121035,0.5086680459442106,9723,-0.2604093030636412
kyle,long,6,3.6172093974639406e-07,4.0453642716700086e-07,14016,-0.14991588718546456,0.03462101920667135,0.4982163242009132,3273,-0.16712628083392667
persist24,short,8,0.3099424225861105,0.4016743335100437,14015,-0.14999460216901825,0.036763461890935295,0.5013913663931502,5523,-0.1865887310389897
avg_trade_usd,long,6,3932.595111127872,4248.39872100998,14016,-0.1500106583026777,0.0345262480894582,0.4997146118721461,3842,-0.27187505790249483
since_lo24,long,3,8.0,11.0,12584,-0.1500319264733809,0.03450497991875501,0.5155753337571519,4564,-0.24824864618176296
range_rank,long,8,0.8083333333333333,0.90625,13635,-0.15007112684802426,0.03446577954411165,0.4968096809680968,5179,-0.1974545310828653
disp24,long,1,-3.29581443719718,-2.125271327745692,14014,-0.1501016489503766,0.03443525744175932,0.5135578707007279,5249,-0.3047637748854619
minofday,short,6,855.0,1005.0,14601,-0.15010860229858422,0.03664946176136932,0.5043490171906034,5369,-0.20307562456370803
hour,short,0,-inf,2.0,11685,-0.15018014897870707,0.03657791508124647,0.5113393239195549,4296,-0.18322428193172713
flow_eff,long,6,0.030544962743141137,0.045333120193358986,14015,-0.15052100982369518,0.03401589656844073,0.5033178737067427,4054,-0.20047062526834142
minofday,long,7,1005.0,1140.0,13143,-0.15099036677337616,0.03354653961875975,0.5053640721296507,4829,-0.20054716976805587
range_rank,short,6,0.6020833333333333,0.7041666666666667,13621,-0.15099536929288146,0.035762694767072084,0.504294838851773,5045,-0.17854934166574027
disp24,short,8,2.312868744634049,3.6048066128189653,14015,-0.151241073070432,0.035516990989521546,0.5130217623974314,5609,-0.23166306211354934
since_hi480,long,1,24.0,66.0,13963,-0.1517855541498038,0.03275135224233211,0.5051922939196448,4983,-0.31547836628840187
persist24,short,9,0.4016743335100437,inf,14015,-0.15180506408888106,0.034952999971072485,0.4881198715661791,5152,-0.15471959037917543
hour,short,6,14.0,16.0,11681,-0.15195178106056742,0.03480628299938612,0.5059498330622378,4295,-0.21896707303848958
tbi_ma24,long,8,0.008202192823017061,0.013942366699529099,14002,-0.15195499965872244,0.03258190673341346,0.5169261534066562,4457,-0.253438407008319
vol_of_vol,short,8,0.636211810485004,1.3811892990951102,13967,-0.15198216990731966,0.03477589415263388,0.49502398510775397,5646,-0.16992318640038592
kyle,long,5,3.2658324311315954e-07,3.6172093974639406e-07,14015,-0.15199244243750606,0.03254446395462984,0.504102747056725,3805,-0.2005405232651616
minofday,short,0,-inf,135.0,13145,-0.15204563814189417,0.03471242591805937,0.5103081019399011,4833,-0.18593070498783398
vol_of_vol,long,9,1.381197415980287,inf,13967,-0.15220533208704273,0.032331574305093175,0.4773394429727214,5419,-0.1479122651964632
kyle_z,short,9,1.3213500402477825,inf,13959,-0.15232156403479508,0.03443650002515847,0.49867469016405186,5599,-0.18594355419519668
to_lo480,long,7,19.01265555654762,23.148281888475143,13969,-0.1523273105327125,0.0322095958594234,0.5190779583363161,4519,-0.26257907689389826
dq_cum24,long,8,0.3957754712503716,0.6713402190416411,14002,-0.1523522169070426,0.032184689485093315,0.5166404799314384,4447,-0.2535450816526597
avg_trade_usd,long,8,4628.788950688069,5173.006119003207,14015,-0.15300406704075106,0.031532839351384845,0.4981091687477702,5536,-0.26255319479095074
hour,long,7,16.0,19.0,17524,-0.15315268543436023,0.03138422095777568,0.5035950696188085,6440,-0.20350985567193028
updn_ratio,short,4,0.4666666666666667,0.5,25467,-0.15335965379563155,0.033398410264322,0.5008442297875683,8563,-0.16912883713806517
since_lo480,long,0,-inf,31.0,13927,-0.15342628637972774,0.031110620012408163,0.4815107345444101,5860,-0.20693851115765238
range_per_trade,short,8,1.6481745278977591e-07,2.0258508328249888e-07,14016,-0.15406988327661345,0.0326881807833401,0.4958618721461187,1496,-0.22729032316784434
avg_trade_usd,long,4,3335.6825322192667,3636.5230246315755,14015,-0.1540873122799438,0.030449594112192113,0.5130931145201569,3756,-0.26849650107544826
tbi_ma8,short,4,-0.007960022451550567,-0.0024176164760268265,14011,-0.15412101327883657,0.03263705078111698,0.5038898008707444,3665,-0.20313061615454348
dq,short,4,-0.041855029529131435,-0.004927288910758609,14015,-0.15430134207760118,0.03245672198235236,0.5017481270067784,4227,-0.19586046496775358
wick_skew,long,8,0.2788309446459836,0.43856379867338113,14015,-0.15454666181289467,0.029990244579241238,0.5193007491972886,5124,-0.27427315211295655
tbi,short,4,-0.020980005987130568,-0.002532002813804557,14015,-0.15456200637454756,0.03219605768540598,0.5016767748840528,4230,-0.19620572361536467
range_per_trade,long,7,1.428217525491865e-07,1.6481208927107845e-07,14015,-0.15502157324391105,0.029515333148224854,0.5058151980021406,2851,-0.30572190065495786
since_lo24,long,2,5.0,8.0,13317,-0.15528612287799623,0.029250783514139678,0.5104753322820456,4955,-0.25495913437922935
tbi_ma8,short,2,-0.02111552991313252,-0.013900554559704997,14012,-0.15539915270166804,0.0313589113582855,0.5084213531258921,4324,-0.18131650746375158
is_weekend,long,0,-inf,1.0,100056,-0.1554828972490076,0.029054009143128307,0.502038858239386,36745,-0.22846990355372523
pos480,short,4,0.4382179178500355,0.5288322487346329,13969,-0.1555252811708656,0.031232782889087957,0.5261650798196006,5165,-0.29489658783325995
flow_eff,long,0,-inf,-0.02651938072159391,14016,-0.15563082987329951,0.028906076518836393,0.4961472602739726,4898,-0.23298174589219925
tbi,short,5,-0.002532002813804557,0.015606140029848661,14016,-0.15577756818755603,0.030980495872397512,0.5017836757990868,4127,-0.18611433549662618
ats_rank480,short,9,0.9083333333333333,inf,13876,-0.15584336013708183,0.03091470392287171,0.4993513980974344,5063,-0.2019258336258155
pos480,long,6,0.6337759773955735,0.7329176327427636,13969,-0.15601035498211768,0.028526551410018225,0.5227288997064929,5145,-0.38371900251806895
dq,short,2,-0.12504701798614723,-0.08043273401971679,14015,-0.15607073675620695,0.030687327303746598,0.5063860149839458,4354,-0.1948160430460301
tbi_ma8,short,6,0.0031141302552175547,0.009026253550631476,14011,-0.15611384632781364,0.030644217732139906,0.5036043108985797,3786,-0.20203937860290408
dq,short,5,-0.004927288910758609,0.03132961052288287,14016,-0.1562084547110079,0.030549609348945655,0.5015696347031964,4127,-0.1856822416811656
tbi,short,2,-0.06255989102356668,-0.04026879712226872,14015,-0.15640279557686643,0.030355268483087117,0.5061719586157688,4348,-0.19479257020835844
dow,long,1,1.0,2.0,20054,-0.15663475971730276,0.02790214667483315,0.5007479804527775,7294,-0.27117857109516097
to_hi96,short,9,9.994607573316712,inf,14008,-0.15669461660316744,0.030063447456786102,0.5249857224443175,6386,-0.20769757016771337
gap,short,1,-0.001097254337609464,-0.00024043538195379533,14017,-0.15684393221367787,0.02991413184627567,0.49875151601626594,10056,-0.20959013203710938
absorb,long,5,-0.008914119978292775,0.04534613084490845,14004,-0.15694975744004777,0.027587148952088136,0.501713796058269,4716,-0.24090240505061908
gap,long,1,-0.0010971933622907252,-0.00024040557388682856,14017,-0.15717240423383635,0.027364502158299553,0.4988941999001213,10057,-0.2824262622251387
to_lo480,short,3,8.111857700708292,10.498686673315737,13969,-0.15723087123719098,0.02952719282276256,0.5061206958264729,5487,-0.18527710960659255
tbi,short,3,-0.04026879712226872,-0.020980005987130568,14016,-0.15747424821520908,0.02928381584474446,0.5024971461187214,4158,-0.19286682458152518
absorb_z,long,3,-0.11126762662884616,-0.04711036785979998,12945,-0.15747851961222487,0.027058386779911042,0.5096948628814214,5677,-0.24157184199757223
dn_wick,short,9,0.5902373725770416,inf,14016,-0.1575646792517809,0.029193384808172657,0.5189783105022832,4736,-0.19632987091147505
since_hi480,short,5,254.0,322.0,13989,-0.1576226208948008,0.029135443165152736,0.5194081063692901,4884,-0.2802495197811643
dq,short,3,-0.08043273401971679,-0.041855029529131435,14016,-0.15777718459637843,0.02898087946357511,0.502425799086758,4161,-0.19354470140890775
dn_wick,long,2,0.07529311958079485,0.1303534552094353,14015,-0.15786378107710536,0.02667312531503055,0.5123795932929005,5325,-0.255235887155818
flow_eff,short,6,0.030543663182850015,0.04533323830426446,14015,-0.1583081924257958,0.028449871634157742,0.49532643596146986,4054,-0.17804266596843465
dow,short,1,1.0,2.0,20054,-0.15841299542089995,0.02834506863905359,0.4977560586416675,7294,-0.11618112950454
range_rank,long,7,0.7041666666666667,0.8083333333333333,13958,-0.15904896506917218,0.025487941322963725,0.4972059034245594,5360,-0.21333592714101776
tbi_ma24,short,6,0.0008071772177492822,0.004226705368932308,14002,-0.15905637513751564,0.027701688922437906,0.5044279388658763,3762,-0.1963783465903833
since_hi24,short,3,7.0,11.0,17328,-0.15910063716896788,0.02765742689098566,0.5113688827331486,6100,-0.20896200533856155
since_hi480,short,9,466.0,inf,14182,-0.1595671267501318,0.02719093730982175,0.5066281201523057,5945,-0.11218080619434105
dn_wick,long,5,0.2464454976303872,0.3109541838172646,14015,-0.15960885251085416,0.024928053881281748,0.5073135925793792,4916,-0.25529921617326545
dq_cum24,short,6,0.04072363116669612,0.20490078472380627,14002,-0.1600003477740744,0.02675771628587914,0.503928010284245,3758,-0.19843560181838527
absorb,short,5,-0.008909099223284889,0.04535085003269972,14003,-0.16012383917556808,0.026634224884385466,0.49632221666785686,4717,-0.18179349418103224
tbi_ma8,short,1,-0.03147368634268563,-0.02111552991313252,14011,-0.16023250461687394,0.026525559443079605,0.510812932695739,5048,-0.1903736358534639
dow,long,0,-inf,1.0,20059,-0.1604479912816835,0.024088915110452414,0.5026172790268707,7295,-0.1872602420047022
persist96,long,5,0.08614662774818138,0.10972919092405987,14008,-0.16046178165283081,0.024075124739305093,0.5107795545402627,5550,-0.3160725588463392
absorb,long,7,0.09138065723102115,0.1535750000256146,14003,-0.16050606953400112,0.024030836858134785,0.5098193244304792,4705,-0.2665424140866385
tbi_ma8,long,9,0.0262646979475462,inf,14012,-0.1605081857007365,0.024028720691399413,0.536540108478447,8923,-0.2703449007182609
to_lo480,long,0,-inf,3.4568670370602175,13969,-0.1605128668977021,0.024024039494433796,0.4787744290929916,6072,-0.19289102617351267
dq,long,6,0.03132394820968349,0.07007553058348848,14016,-0.1607265950972908,0.02381031129484512,0.5005707762557078,4239,-0.27764287550895933
updn_ratio,short,6,0.5333333333333333,0.5454545454545454,25735,-0.16085830329980436,0.025899760760149187,0.5007577229454051,9135,-0.19267406760291028
kyle_z,long,9,1.3213764534268881,inf,13959,-0.16086124408527763,0.023675662306858275,0.4990328820116054,5598,-0.22002674826384297
since_lo96,short,9,94.0,inf,16237,-0.16096347390996696,0.025794590149986585,0.5124715156740777,5871,-0.21517272043455143
to_lo480,short,4,10.498686673315737,13.047767636206613,13969,-0.1609904375184523,0.02576762654150125,0.507767198797337,5485,-0.18321466073754247
body_frac,long,2,-0.5182250778234373,-0.36132976628152796,14015,-0.16108028620560746,0.023456620186528443,0.5105957902247592,4764,-0.23954292251596374
tbi_ma96,short,1,-0.011975632595498135,-0.008730125850677667,13959,-0.16111425005320038,0.02564381400675317,0.5090622537431048,5127,-0.17578754880353714
tbi,long,6,0.015604455794907674,0.03499179491803325,14016,-0.1611840311278098,0.02335287526432611,0.5004280821917808,4234,-0.27575747627037855
pos24,long,9,0.8623494601445767,inf,14015,-0.161306496669999,0.023230409722136913,0.5073849447021049,6272,-0.2849961253671228
up_wick,short,3,0.12389727232539358,0.1767673684895943,14016,-0.1614743240156073,0.025283740044346248,0.5070633561643836,4975,-0.23338201592106128
rv_vs_range,short,2,0.5158593049992013,0.5612822869232793,14015,-0.1616349349813969,0.025123129078556655,0.5057438458794149,4731,-0.2222236044088004
pos480,short,2,0.24519031097423494,0.34038931970302944,13969,-0.16173214036179565,0.025025923698157898,0.5177178037082111,5366,-0.2105992081697486
up_wick,long,8,0.4562716854849133,0.5782804079130148,14015,-0.16179719451422336,0.022739711877912544,0.5124509454156261,4893,-0.2557618418992933
atr_pct,short,4,0.0033989375342787747,0.003875763295783476,14017,-0.16193719432379894,0.024820869736154605,0.4990368837839766,4895,-0.1545445980208494
since_lo24,short,0,-inf,2.0,10689,-0.16205359549312318,0.024704468566830368,0.5033211712975957,4731,-0.19249720834184106
atr_rank,long,5,0.48125,0.5916666666666667,13973,-0.16216031296511416,0.02237659342702175,0.5049738781936592,5171,-0.2535453120473622
m1_jump,long,2,0.22568414987351845,0.25359325046536646,14017,-0.16233412043015857,0.022202785961977334,0.5056716843832489,4508,-0.27086667687726323
hi_pos,long,2,0.14285714285714285,0.21428571428571427,8651,-0.16240289264987617,0.022134013742259734,0.5102300312102647,3081,-0.23955604922447954
pos96,short,2,0.25867974247971603,0.3442620338998696,14007,-0.1624818051921745,0.024276258867779038,0.5141000928107375,4462,-0.21117382445548288
up_wick,long,7,0.36864505135110154,0.4562716854849133,14015,-0.16258860117580834,0.021948305216327568,0.5102390296111309,4793,-0.256911382756751
pos480,short,5,0.5288322487346329,0.6337510430611366,13970,-0.16267938078734742,0.02407868327260612,0.5146027201145311,5834,-0.22477868631484688
since_hi96,long,0,-inf,6.0,12925,-0.1629766793382896,0.021560227053846304,0.49609284332688586,5115,-0.2760065187188065
disp96,long,3,-2.8508364523402383,-1.2881362878959335,14007,-0.1631465405915937,0.02139036580054221,0.5217391304347826,4679,-0.22315510898002808
is_weekend,short,0,-inf,1.0,100055,-0.16322479329057357,0.02353327076937997,0.4958173004847334,36749,-0.163519173549215
atr_rank,short,4,0.375,0.48125,13871,-0.16323554764605255,0.02352251641390099,0.5098406747891284,5115,-0.1903445841253931
wick_skew,long,7,0.16409711049127756,0.2788309446459836,14015,-0.16328698396653887,0.021249922425597034,0.5115947199429183,5254,-0.2564935779713827
range_z,long,7,0.15510225671250003,0.5189076451834063,13958,-0.16328716671243457,0.02124973967970134,0.50114629603095,5105,-0.22597263810678853
absorb,short,6,0.04535085003269972,0.0913808972923427,14004,-0.16335429235934903,0.02340377170060451,0.49921451013996,4269,-0.18840349010391846
to_hi96,short,8,7.868765383960684,9.994607573316712,14008,-0.1634184645226604,0.023339599537293143,0.5077812678469446,5649,-0.17326892001370683
tbi_ma96,short,3,-0.006364257717121974,-0.004398177475235968,13959,-0.16363865740198114,0.023119406657972408,0.5095637223296797,4227,-0.2019147860445323
since_hi24,short,1,2.0,4.0,12207,-0.16383537454847744,0.022922689511476108,0.5054476939460965,4643,-0.2378179152273168
absorb,short,3,-0.10685673893708278,-0.05856079157445627,14003,-0.1639197816843892,0.022838282375564345,0.4996072270227808,4321,-0.19853415835870955
ats_rank480,short,6,0.6041666666666666,0.7070833333333516,13839,-0.16405130204811283,0.022706762011840714,0.5054555965026375,5240,-0.2193533455515169
tbi_ma8,long,7,0.009025026852332432,0.016112709855067516,14011,-0.16425682995343163,0.020280076438704275,0.5043894083220327,3986,-0.2758953496562415
tbi_z8,long,0,-inf,-1.3275442625465028,14012,-0.1642734616458034,0.020263444746332515,0.5114187838995147,5342,-0.2525934426350559
updn_ratio,short,2,0.4,0.42857142857142855,19933,-0.16428469552091662,0.02247336853903692,0.499724075653439,6766,-0.19315977446161303
absorb_z,long,8,0.23278758813892772,0.43851050616117193,12945,-0.16429137646193434,0.020245529930201567,0.5079953650057938,4393,-0.29972920374589673
wick_skew,short,4,-0.09223494243691802,-0.008502202643173085,14015,-0.16442091265616696,0.022337151403786587,0.5060292543703175,5249,-0.18433497228526036
tbi_ma8,long,5,-0.002417315941479061,0.00311352214212833,14011,-0.16445473717020784,0.02008216922192807,0.5019627435586325,3756,-0.23188320437492593
kyle_z,short,8,0.7762371249054784,1.3213500402477825,13959,-0.16447724716066486,0.02228081689928868,0.499391073859159,5508,-0.19476542901150928
kyle_z,short,7,0.4111950976283861,0.7762371249054784,13958,-0.1645006037340062,0.02225746032594733,0.5019343745522281,5127,-0.2129074106081457
tbi,short,6,0.015606140029848661,0.03499255095814298,14016,-0.1646442061029899,0.022113857956963634,0.4977882420091324,4234,-0.1581569570538219
to_lo24,short,7,3.2730351305531435,3.9075062295132326,14015,-0.16465852287279004,0.022099541187163507,0.5109525508383874,5103,-0.24479791490004515
dq,short,6,0.03132961052288287,0.07007641610608356,14016,-0.16471271315273298,0.022045350907220568,0.4976455479452055,4238,-0.1572290099856119
to_lo96,short,2,2.5439864986045486,3.3948137499015485,14007,-0.16475040486960726,0.02200765919034628,0.5067466266866567,4766,-0.2031441112519137
to_hi480,short,3,6.73333988685163,8.74300040192572,13969,-0.16479885310620532,0.021959210953748226,0.5001789677142243,4797,-0.19799078024940966
persist24,long,8,0.3099507188750374,0.4017040595748249,14014,-0.16490356801715705,0.019633338374978854,0.4965748537177109,5523,-0.2501230364973593
up_wick,short,1,0.019422875025237835,0.07093735535535926,14016,-0.16503483488404638,0.02172322917590716,0.5090610730593608,5381,-0.17309542403473946
rpt_rank,long,8,0.8020833333333334,0.9041666666666667,13818,-0.1651922350621717,0.019344671329964203,0.512737009697496,5304,-0.2971854259270799
dq_cum24,short,2,-0.6335581745875737,-0.43532987544236085,14002,-0.1652245937579598,0.021533470301993735,0.5054277960291387,4391,-0.20330169838994594
ats_rank480,long,9,0.9083333333333333,inf,13876,-0.16544189367172685,0.01909501272040906,0.4984865955606803,5063,-0.27806963440545107
updn_ratio,long,4,0.4666666666666667,0.5,25466,-0.16556346788996362,0.018973438502172285,0.4976439173800361,8563,-0.24841636625621777
since_lo96,long,1,7.0,18.0,14624,-0.16565941406075324,0.018877492331382667,0.49158916849015316,5539,-0.2012203034739747
tbi_ma24,short,2,-0.013240728888493822,-0.009110149776289189,14002,-0.16569938318734054,0.021058680872613006,0.5049992858163119,4393,-0.20483752779534406
body_frac,short,6,0.1994255200461843,0.36764420953656746,14016,-0.16576084918725695,0.020997214872696596,0.5046375570776256,4840,-0.17584094769668318
atr_pct,long,4,0.0033989483334446826,0.0038757635939095404,14016,-0.16576622710788047,0.018770679284255437,0.4993578767123288,4895,-0.1707043541631789
vol_per_trade_z,short,8,0.851972725798292,1.3753741644673332,13959,-0.16591432926268723,0.02084373479726631,0.5011820330969267,4516,-0.21443362657657694
vol_of_vol,long,7,0.22856290083196046,0.6363819964826258,13966,-0.16602556022745577,0.018511346164680142,0.49548904482314193,5293,-0.22686557835860738
absorb_z,long,6,0.08955315186996186,0.14198587685847416,12945,-0.1660791651313126,0.018457741260823307,0.5038238702201622,4998,-0.2627224137292862
dn_wick,short,4,0.18674067999745736,0.24645390070919068,14015,-0.1661362670786625,0.020621796981291046,0.5039600428112736,5121,-0.1937289224973883
atr_pct,long,5,0.0038757635939095404,0.004428737613134146,14017,-0.16617205230838894,0.018364854083746968,0.48805022472711707,4068,-0.15357745779987206
dow,short,0,-inf,1.0,20059,-0.16621731306985107,0.02054075099010247,0.49738272097312924,7295,-0.18418901530334136
since_lo96,long,8,88.0,94.0,13282,-0.1662771341101968,0.01825977228193912,0.5113687697635898,4846,-0.3315130982605384
to_hi24,short,0,-inf,0.6860379395486321,14015,-0.16631471890496943,0.02044334515498411,0.5060292543703175,6270,-0.2101171833112554
minofday,short,9,1290.0,inf,14605,-0.1663911177094346,0.020366946350518944,0.5004450530640192,5365,-0.15892270225145302
disp96,long,8,5.458162100394686,8.33557704950957,14007,-0.16641168931019026,0.018125217081945644,0.5030341971871207,5353,-0.3158776994101241
to_lo24,long,4,1.9687415504563828,2.3574828219108417,14015,-0.16646878958603253,0.018068116806103374,0.5124509454156261,4640,-0.2668112002062167
to_hi480,long,1,2.8325712639019724,4.785669513946643,13969,-0.1664721423935444,0.0180647639985915,0.49344978165938863,4641,-0.28674086517097686
since_hi96,long,3,27.0,40.0,14356,-0.16648966703983276,0.01804723935230315,0.5101003064920591,5102,-0.2520539804781408
lo_pos,short,3,0.2857142857142857,0.35714285714285715,7260,-0.16659651546981044,0.020161548590143102,0.5068870523415978,2535,-0.1874027870148308
close_loc,short,8,0.8192630180883017,0.9146341463414094,14016,-0.166686320444733,0.020071743615220544,0.5066352739726028,5138,-0.21431212162782146
vol_per_trade_z,short,9,1.3753741644673332,inf,13959,-0.1667593521486621,0.019998711911291434,0.49996418081524463,5116,-0.1977482191057273
kyle,short,5,3.265820480304506e-07,3.61715819995674e-07,14016,-0.16677400552736255,0.019984058532590998,0.4946489726027397,3804,-0.15084091242867265
range_z,short,6,-0.08914232596224203,0.15503466942021266,13959,-0.1668099615668861,0.019948102493067443,0.5012536714664374,4837,-0.20817561405581136
persist6,long,9,0.7699523561190136,inf,14017,-0.167078504595142,0.0174584017969939,0.5054576585574659,5459,-0.2682481326534442
close_loc,short,7,0.7213278514301659,0.8192630180883017,14015,-0.16712637346591008,0.01963169059404346,0.502247591865858,4963,-0.1959125998911864
dq,short,7,0.07007641610608356,0.11532143034152795,14015,-0.16713402815498474,0.019624035904968806,0.5011773100249732,4421,-0.19273619479760068
disp24,long,2,-2.125271327745692,-1.2878655689290224,14015,-0.16716483951101332,0.017372066881122583,0.5123082411701748,4895,-0.28085626155533694
tbi,short,7,0.03499255095814298,0.057609870677033936,14015,-0.16726596691748546,0.01949209714246808,0.5009632536567963,4430,-0.19064921494465564
hour,short,7,16.0,19.0,17523,-0.16729853463284972,0.019459529427103828,0.49397934143696853,6442,-0.18698012777747822
tbi_z96,short,4,-0.27972010923656276,-0.001874556551886972,13958,-0.16734112876108903,0.019416935298864513,0.5048001146296031,5374,-0.21490329323561244
sess_us,long,1,1.0,inf,46718,-0.16734878853995153,0.01718811785218438,0.5003638854403014,17172,-0.22996276054220574
extreme_late,long,2,0.42857142857142855,0.5714285714285714,14173,-0.16736049246015444,0.017176413931981466,0.5086431948070275,5576,-0.24596330875847017
absorb,long,6,0.04534613084490845,0.09138065723102115,14003,-0.16743668929195524,0.01710021710018067,0.4993929872170249,4268,-0.2615193742745494
atr_pct,short,3,0.0029092476135484688,0.0033989375342787747,14017,-0.16746503961496692,0.019293024444986623,0.5080259684668617,6423,-0.14596882340740844
to_lo24,short,1,0.7891721646880592,1.220016314193798,14015,-0.16747118113143664,0.019286882928516907,0.5091687477702461,5163,-0.1489865598371301
vol_per_trade_z,long,0,-inf,-1.2705405460583419,13959,-0.16759557191404845,0.01694133447808746,0.5129307256966832,4019,-0.25951509877867
ats_z96,long,8,0.8541642274915368,1.3823653270121932,13958,-0.167615871407064,0.016921034985071914,0.5031523140851125,4547,-0.24289972527857864
atr_rank,long,6,0.5916666666666667,0.7,14074,-0.16764244116951596,0.016894465222619948,0.49374733551229216,5390,-0.2056293617672977
ats_rank480,short,8,0.8104166666666667,0.9083333333333333,13593,-0.16771317632333937,0.01904488773661417,0.498418303538586,5062,-0.22006623509333315
rv_vs_range,long,5,0.6466689069691154,0.6924961816900739,14015,-0.16787597770599955,0.01666092868613636,0.5049589725294328,5041,-0.2524054180161559
pos24,short,0,-inf,0.16532486601338708,14015,-0.1678766700390075,0.018881394020946046,0.49910809846592935,7007,-0.187214079502292
pos480,short,8,0.8152824000363919,0.8871174786982304,13969,-0.1678924175625861,0.01886564649736744,0.5018254706850884,4409,-0.261707910632907
rv_vs_range,long,0,-inf,0.4604427753976464,14016,-0.16790110676188885,0.016635799630247056,0.502283105022831,4352,-0.23959458398622083
kyle_z,short,6,0.12273765978051261,0.4111950976283861,13959,-0.1680327123500967,0.01872535170985684,0.5024715237481195,4998,-0.18967517326188998
ats_z96,short,5,-0.0843252746513933,0.18664916755623515,13959,-0.16821627734211345,0.018541786717840097,0.5066981875492513,5278,-0.21442729109798137
wick_skew,short,1,-0.456521739130247,-0.29811045990420104,14016,-0.16829227194252894,0.018465792117424606,0.5101312785388128,4822,-0.19216486372684283
kyle_z,long,8,0.7762541945367553,1.3213764534268881,13958,-0.16832325421981567,0.016213652172320236,0.49871041696518126,5507,-0.23468260654696468
sess_us,short,1,1.0,inf,46718,-0.16835789550977487,0.018400168550178675,0.4974528019178903,17174,-0.19116691793688828
pos24,long,8,0.7756343671167817,0.8623494601445767,14015,-0.16839365458357367,0.016143251808562242,0.5061719586157688,5179,-0.24196619630460112
close_loc,long,3,0.29475958624661086,0.39960077118183956,14016,-0.16854261717428884,0.01599428921784707,0.504708904109589,4801,-0.23723853361923497
dq_z96,short,4,-0.27961388430120904,-0.0015755310340983715,13958,-0.1685564966673056,0.018201567392647944,0.5041553231121937,5373,-0.21448454323958335
to_hi24,long,2,1.080456897800743,1.4337631390618868,14015,-0.16857669743122208,0.015960208960913824,0.5117374241883696,4905,-0.23757042605470496
pos96,long,0,-inf,0.17043528442228295,14008,-0.16864411340327692,0.015892792988858984,0.49000571102227297,7299,-0.2478975751831932
kyle,long,4,2.948306102404962e-07,3.2658324311315954e-07,14015,-0.16873270934848605,0.015804197043649854,0.5028184088476633,4471,-0.21814357597778425
to_lo480,long,6,15.834771914909656,19.01265555654762,13969,-0.16877306377696052,0.015763842615175383,0.5104875080535471,4675,-0.28455519373488564
hour,long,9,21.0,inf,17523,-0.1689200815762759,0.01561682481586002,0.49940078753638073,6440,-0.2870114364997423
vol_per_trade_z,short,5,-0.08164779957956056,0.18565518172122275,13959,-0.16907590299603273,0.017682161063920815,0.5059101654846335,5261,-0.20911192454056668
absorb_z,short,9,0.43850573154978184,inf,12946,-0.1690861905061533,0.017671873553800233,0.5058705391626758,4431,-0.1882716017749005
wick_skew,short,2,-0.29811045990420104,-0.18571428571429463,14015,-0.16911326408744656,0.01764479997250698,0.5052443810203353,5024,-0.21404795282526345
since_hi96,long,2,16.0,27.0,13593,-0.16917776247713748,0.01535914391499843,0.5029794747296402,4801,-0.2691185144703758
body_frac,long,3,-0.36132976628152796,-0.19203747072600907,14015,-0.16923698189087502,0.015299924501260886,0.505101676774884,4751,-0.22965457492794505
dn_wick,short,7,0.38340021865276175,0.4696969696969989,14014,-0.16927933105876633,0.017478733001187213,0.5049236477807907,4676,-0.20070407699408235
pos480,long,3,0.3403672405323583,0.4382124037716664,13969,-0.16935229412710018,0.01518461226503573,0.5110602047390651,5158,-0.20378788513268822
range_z,short,7,0.15503466942021266,0.5189007901021617,13958,-0.16936892050579472,0.017389143554158826,0.4962745378994125,5106,-0.20045495044825762
tbi_z24,long,0,-inf,-1.3075631805054522,14002,-0.16944013760311125,0.015096768789024662,0.5104270818454506,5261,-0.24398225046117583
wick_skew,long,6,0.07023672587546362,0.16409711049127756,14016,-0.169477817591642,0.01505908880049392,0.505779109589041,5382,-0.2412088230866565
ats_rank480,short,7,0.7070833333333516,0.8104166666666667,13716,-0.16949448142047238,0.017263582639481162,0.5005103528725576,5202,-0.24080064682770724
range_rank,long,5,0.49583333333333335,0.6020833333333333,13807,-0.16950486514994742,0.015032041242188487,0.5001086405446513,5284,-0.26125052527176884
tbi,long,4,-0.020983281308638514,-0.0025323051322727885,14015,-0.16953761366206946,0.01499929273006645,0.49603995718872634,4229,-0.23137751585915103
dq_cum24,long,4,-0.26886452984979486,-0.11284477987354317,14002,-0.1696355581589725,0.014901348233163414,0.503928010284245,4033,-0.2453596476409855
tbi_z24,long,9,1.32003872335956,inf,14002,-0.16968470039626743,0.014852205995868478,0.5054277960291387,5163,-0.268723804863119
dq,long,4,-0.041859921829027175,-0.004939709114823072,14015,-0.16970382982235827,0.014833076569777642,0.4959686050660007,4226,-0.2312373789199138
dq,long,5,-0.004939709114823072,0.03132394820968349,14015,-0.1698332364305717,0.01470366996156422,0.4968248305387085,4128,-0.24310281876763132
dq_z96,long,3,-0.5653120737845011,-0.27962597126903066,13959,-0.16984149628663428,0.014695410105501627,0.5051937817895265,5124,-0.26327325139536306
tbi_z96,long,3,-0.5652804019557645,-0.27976144208408094,13959,-0.169885645562027,0.014651260830108898,0.5051937817895265,5120,-0.26332741517955804
vol_per_trade_z,short,7,0.4905800513017768,0.851972725798292,13958,-0.1698904443765426,0.01686761968341094,0.5004298610116062,4721,-0.21679051493551854
rpt_rank,short,2,0.19583333333333333,0.29583333333333334,13589,-0.16997379752521238,0.01678426653474116,0.5034954742806682,5100,-0.19474233791836937
tbi,long,8,0.057609416399169285,0.08882195404546478,14015,-0.17006453594305118,0.014472370449084726,0.5087406350338922,5014,-0.27730480485791936
updn_ratio,long,6,0.5333333333333333,0.5454545454545454,25735,-0.17015845586081668,0.014378450531319226,0.4978434039246163,9133,-0.24532095193152878
dq_z96,short,2,-0.8816747794220923,-0.5652509710302882,13958,-0.17016411898212863,0.016593945077824912,0.5058747671586187,4924,-0.22741725962182743
tbi_ma24,long,4,-0.005643214316530032,-0.0023918376664974336,14002,-0.1701700191049557,0.014366887287180219,0.5037137551778318,4022,-0.24275029215852373
tbi,long,5,-0.0025323051322727885,0.015604455794907674,14015,-0.1701956186846914,0.0143412877074445,0.49661077417053157,4128,-0.24289716615611615
absorb_z,long,4,-0.04711036785979998,0.025580475799120747,12945,-0.17021241776641396,0.014324488625721943,0.5052143684820394,5133,-0.25613909343571806
to_hi24,long,1,0.6861731328401602,1.080456897800743,14014,-0.1702564394943484,0.014280466897787503,0.5094191522762951,5201,-0.27949221778944083
lo_pos,long,7,0.8571428571428571,1.0,16184,-0.17029025329664232,0.014246653095493583,0.5069822046465645,6006,-0.24029835039595068
tbi_z96,short,2,-0.8814556807638122,-0.565175314789668,13958,-0.17033687129794,0.016421192762013537,0.5058031236566843,4919,-0.22786254044920135
since_lo480,long,9,470.0,inf,14515,-0.17043247999219444,0.014104426399941472,0.5054770926627626,4979,-0.2787616151859658
dq,long,8,0.11531939539763977,0.17768260165128397,14015,-0.1704550467290381,0.014081859663097801,0.5084552265429897,5010,-0.27830474517390513
rpt_z,long,1,-1.230512851409405,-0.8791910749727797,13958,-0.17054748363352226,0.013989422758613645,0.5084539332282562,5466,-0.2644505403796768
trade_intensity,long,3,0.5854464995196097,0.6681920000397111,14008,-0.17055406776680004,0.013982838625335864,0.5102798400913764,4578,-0.27396602679277154
tbi_ma8,short,5,-0.0024176164760268265,0.0031141302552175547,14012,-0.17056540826125371,0.01619265579869983,0.4961461604339138,3756,-0.1955013700365352
close_loc,long,2,0.19557257606756892,0.29475958624661086,14015,-0.17058103381949147,0.01395587257264444,0.5039600428112736,5010,-0.2387960543041151
vol_of_vol,long,4,-0.4637462790006785,-0.2810006857972501,13966,-0.1706089194293757,0.013927986962760208,0.5025060862093657,4347,-0.2462768141064857
absorb_z,short,5,0.025583700912901224,0.08955169460333155,12946,-0.17099544239471481,0.01576262166523873,0.49945929244554305,4887,-0.2014280753264324
tbi_ma24,long,3,-0.00911019531544062,-0.005643214316530032,14001,-0.1710309702683343,0.013505936123801604,0.5034640382829798,3983,-0.21694210288573187
tbi_ma96,short,2,-0.008730125850677667,-0.006364257717121974,13958,-0.1710590521579333,0.01569901190202025,0.5055881931508812,4445,-0.15254323872583
ats_rank480,long,8,0.8104166666666667,0.9083333333333333,13591,-0.1711222299080071,0.013414676484128807,0.49959532043263927,5059,-0.2456116546177531
to_lo480,long,1,3.4568670370602175,5.7578065854074945,13969,-0.1711331235791812,0.013403782812954707,0.4880091631469683,4950,-0.19408957619237924
trade_intensity,long,8,1.3135654095021385,1.8619224898462379,14007,-0.17114181928101746,0.013395087111118448,0.49261083743842365,5109,-0.20043169070103545
dq_cum24,long,3,-0.4353365070353155,-0.26886452984979486,14001,-0.17121864260302294,0.013318263789112966,0.5033926148132276,3985,-0.21319384140013933
hour,short,9,21.0,inf,17524,-0.17128600599928767,0.015472058060665872,0.4975462223236704,6438,-0.15847754643768114
since_lo480,long,3,145.0,214.0,14027,-0.17136886461688533,0.013168041775250577,0.5155058102231411,5195,-0.21806037695504624
rv_vs_range,long,4,0.60426635554852,0.6466689069691154,14015,-0.17140571483577602,0.013131191556359889,0.505101676774884,4843,-0.25629104392568736
rv_vs_range,short,1,0.460435854327181,0.5158593049992013,14016,-0.17148073354771615,0.015277330512237397,0.4980736301369863,4680,-0.21472976259197657
pos96,long,7,0.7008223830244679,0.7851523444237697,14007,-0.17154142505912176,0.012995481333014147,0.5107446276861569,5273,-0.2828839651805117
to_hi96,short,2,2.260817133550054,3.063482942959137,14007,-0.17157902104037318,0.015179043019580368,0.5021060898122367,5051,-0.24357039258885516
to_lo24,short,2,1.220016314193798,1.6007192503213006,14015,-0.17158331542979444,0.015174748630159107,0.5099536211202284,4919,-0.1711070138625303
wick_skew,short,0,-inf,-0.456521739130247,14016,-0.17160173761083558,0.015156326449117963,0.5162671232876712,4787,-0.20349602326010807
since_hi24,long,9,24.0,inf,18247,-0.17176752960385996,0.012769376788275943,0.5011782758809668,6942,-0.28000230286704414
tbi_z8,short,2,-0.9351555869071664,-0.6113623074768096,14012,-0.17179209397405912,0.014965970085894426,0.5057807593491294,4963,-0.22475910355415796
close_loc,long,1,0.09578665053437485,0.19557257606756892,14015,-0.17183449051988986,0.012702415872246048,0.5095968605066,5194,-0.24774345514808563
body_frac,long,9,0.6955954050180572,inf,14016,-0.17184950655401315,0.012687399838122754,0.5115582191780822,6083,-0.24432105650566918
up_wick,long,5,0.23355920940757882,0.2966101694915287,14015,-0.17203862076013485,0.01249828563200106,0.5031751694612915,4866,-0.25169213592409767
since_lo24,long,4,11.0,15.0,16751,-0.1720512972223216,0.01248560916981431,0.5073726941675124,6065,-0.26047944643320353
dq_cum24,short,7,0.20490078472380627,0.3957777517306372,14002,-0.17205709719952908,0.014700966860424464,0.49857163262391085,3871,-0.19043759933004936
sess_eu,long,0,-inf,1.0,93475,-0.1721517371389621,0.012385169253173817,0.5009895694035839,34355,-0.24744604119624902
pos480,short,1,0.15617465845164857,0.24519031097423494,13970,-0.1722662374558882,0.014491826604065339,0.5116678596993558,5006,-0.16782693591439646
trade_intensity,long,9,1.8619224898462379,inf,14008,-0.1723849386110277,0.01215196778110822,0.4935037121644774,5897,-0.21255662257103752
tbi_ma96,long,7,0.0012951513877009035,0.0037655560294794434,13958,-0.17239616593821355,0.012140740453922355,0.5078807852127812,4671,-0.2607224596566417
rpt_z,long,7,0.47025248632215627,0.8393210080511517,13958,-0.17243521088993027,0.012101695502205634,0.5068777761857,4855,-0.28171356924692065
absorb,long,3,-0.10685931684262207,-0.058561522007614816,14003,-0.17243696415952978,0.012099942232606131,0.4991073341426837,4321,-0.24308429846015148
rv_vs_range,short,3,0.5612822869232793,0.6042673687340264,14016,-0.17243917034533923,0.014318893714614311,0.5002853881278538,4884,-0.18602672130185918
to_lo24,short,6,2.7774646329302555,3.2730351305531435,14015,-0.17244042638747828,0.014317637672475264,0.508383874420264,4799,-0.22436226585553684
since_lo96,long,4,43.0,56.0,13642,-0.17249013856406126,0.01204676782807465,0.5189121829643747,4956,-0.2906662023005175
minofday,short,7,1005.0,1140.0,13142,-0.1725267356505661,0.014231328409387456,0.4917820727438746,4831,-0.1912437640328166
tbi_ma24,short,7,0.004226705368932308,0.008202206667533771,14002,-0.1726465163810236,0.014111547678929942,0.4983573775174975,3873,-0.1907874896833254
dq_cum24,short,5,-0.11284256666467725,0.04072363116669612,14002,-0.172674683673386,0.014083380386567534,0.49928581631195545,3803,-0.1965618113673894
rv_vs_range,short,0,-inf,0.460435854327181,14016,-0.17271348539053194,0.014044578669421603,0.4962899543378995,4350,-0.19402657890765218
to_hi96,long,5,4.653679211118182,5.538537866629869,14007,-0.1727301903739379,0.011806716018198021,0.5114585564360676,4416,-0.29167348120448944
since_lo24,short,5,15.0,18.0,13440,-0.17273273255247448,0.01402533150747906,0.5070684523809523,4841,-0.19858247980691388
dn_wick,short,8,0.4696969696969989,0.5902373725770416,14017,-0.1727440639324998,0.01401400012745374,0.5050296069058999,4706,-0.2020406416674087
persist6,long,8,0.6224499491726717,0.7699523561190136,14016,-0.17275465873272686,0.01178224765940905,0.501355593607306,5283,-0.27842669655335095
minofday,short,5,705.0,855.0,14567,-0.17280070337131123,0.013957360688642312,0.5115672410242329,5355,-0.20407738679076418
absorb_z,short,6,0.08955169460333155,0.1419994091864693,12945,-0.17280399369907484,0.013954070360878701,0.494090382387022,5001,-0.1952532296492299
trade_intensity,long,6,0.8870601887256816,1.0507349069195788,14008,-0.17281577249070287,0.011721133901433034,0.5007138777841234,4710,-0.2396693654996053
range_rank,long,6,0.6020833333333333,0.7041666666666667,13620,-0.17282018279286934,0.011716723599266565,0.49419970631424376,5045,-0.2182672052005357
absorb_z,short,2,-0.20421026472706905,-0.11125478304337356,12945,-0.17284826313706883,0.013909800922884713,0.4993433758207802,5697,-0.21996057714918846
atr_rank,short,3,0.2604166666666667,0.375,14095,-0.17292197963457134,0.0138360844253822,0.5106775452288045,5244,-0.14899213459236788
since_lo480,long,1,31.0,82.0,13928,-0.17292919559052428,0.011607710801611631,0.5053848363009764,5244,-0.27198710000897797
disp24,short,7,1.4366321547428968,2.312868744634049,14015,-0.1729783801129196,0.013779683947033938,0.5111666072065644,4906,-0.18889525106573107
to_hi24,long,5,2.155726883821766,2.5594079925113324,14015,-0.17299797706166883,0.011538929330467074,0.5123082411701748,4616,-0.25014481700334656
ats_z96,short,7,0.4890348517526774,0.854262494168686,13958,-0.17305389794313822,0.013704166116815325,0.4997850694941969,4801,-0.21221112847079066
efficiency,short,0,-inf,0.04468191272337481,14016,-0.17307481047181303,0.013683253588140515,0.5042808219178082,5017,-0.20263423181989748
pos480,long,0,-inf,0.1561615525293577,13969,-0.17310071373988542,0.011436192652250488,0.48636266017610424,6216,-0.23269838520192648
absorb_z,short,0,-inf,-0.4313505494005916,12946,-0.17312175376600505,0.01363631029394849,0.5026262938359338,4499,-0.22914611382444358
to_lo24,short,8,3.9075062295132326,4.903785850667994,14015,-0.1731662691971653,0.013591794862788248,0.5011773100249732,5445,-0.2304218204587865
pos96,long,4,0.4340695005921038,0.524201796016478,14007,-0.17318484961593272,0.011352056776203184,0.5225244520596845,4447,-0.2659527552424635
tbi_ma24,short,5,-0.002391736375073651,0.0008071772177492822,14002,-0.17330081268975409,0.013457251370199458,0.4991429795743465,3804,-0.19676448806893848
to_hi480,long,5,10.758982027957057,13.040970159484962,13969,-0.17339077304716966,0.011146133344966253,0.5005369031426731,4610,-0.24500000297503802
extreme_late,short,1,0.21428571428571427,0.42857142857142855,16776,-0.17342930577158552,0.01332875828836802,0.5035169289461134,6041,-0.21640346303963165
updn_ratio,long,2,0.4,0.42857142857142855,19934,-0.1734813621469011,0.011055544245234805,0.49874586134243004,6764,-0.23608385436350574
range_rank,short,5,0.49583333333333335,0.6020833333333333,13807,-0.17360084156453728,0.01315722249541626,0.498225537770696,5284,-0.17352105541923274
dn_wick,long,3,0.1303534552094353,0.1867385773460312,14016,-0.17360458063425005,0.010932325757885858,0.5065639269406392,5265,-0.2517977316181915
to_hi480,long,3,6.73332530364755,8.742928260387542,13969,-0.17362250005256366,0.010914406339572247,0.49581215548715013,4797,-0.25744942753020206
absorb,long,4,-0.058561522007614816,-0.008914119978292775,14003,-0.17362671515518066,0.010910191236955247,0.49632221666785686,4619,-0.22596541680807852
since_hi24,short,4,11.0,14.0,12690,-0.1737471132195255,0.013010950840428054,0.5059889676910954,4549,-0.21138197474822223
m1_jump,long,1,0.19187271215499263,0.22568414987351845,14017,-0.1737652836416187,0.010771622750517212,0.5007490903902404,4496,-0.2630237826394596
rpt_z,long,8,0.8393210080511517,1.377106303115343,13958,-0.17379001676034825,0.01074688963178766,0.5046568276257344,4916,-0.26512320478449686
to_lo96,long,7,7.403246823517039,8.947781461778554,14007,-0.17386994658958946,0.01066695980254645,0.5119583065610052,5123,-0.27478238288255824
since_hi480,long,2,66.0,121.0,14001,-0.1739269496661737,0.01060995672596221,0.50446396685951,5042,-0.1900983919662345
efficiency,long,7,0.3258081114811507,0.3962855733162253,14015,-0.17395815501725923,0.010578751374876683,0.5065287192293971,5159,-0.27386847055475805
tbi_ma24,long,5,-0.0023918376664974336,0.0008071364907438394,14002,-0.17396330627266926,0.010573600119466647,0.49957148978717325,3804,-0.22996592911413222
lo_pos,short,2,0.14285714285714285,0.2857142857142857,16686,-0.1739768189798292,0.012781245080124348,0.5028167325901953,6207,-0.1781737035523636
dq_cum24,long,5,-0.11284477987354317,0.04071138113166717,14002,-0.17399073089670672,0.010546175495429189,0.49950007141836883,3803,-0.22916939782303794
ats_z96,short,9,1.3823715770347678,inf,13959,-0.17403491878025107,0.012723145279702475,0.49702700766530555,5075,-0.1936337654671091
updn_ratio,long,8,0.6,0.6666666666666666,21025,-0.17414957123610667,0.010387335156029243,0.502449464922711,7610,-0.28594487124982126
rpt_rank,short,6,0.6,0.7020833333333333,13572,-0.17425921271477327,0.012498851345180279,0.5044945475979958,5092,-0.22030349736025148
to_hi24,short,8,3.6329254343406063,4.566159921154816,14015,-0.1742592303288212,0.012498833731132336,0.5008919015340706,5306,-0.17466003457338256
persist96,short,9,0.22591595530597636,inf,14008,-0.17429891188697486,0.012459152172978688,0.47672758423757855,4472,-0.12009529812069422
rv_vs_range,long,1,0.4604427753976464,0.5158595967057135,14015,-0.17434709593278647,0.010189810459349441,0.49996432393863716,4677,-0.2262346705854417
ats_z96,long,9,1.3823653270121932,inf,13959,-0.17439085626834258,0.010146050123793326,0.5013969482054589,5075,-0.28291893368550736
dq,long,3,-0.08044186966186234,-0.041859921829027175,14016,-0.1744299668527004,0.010106939539435505,0.4960045662100457,4160,-0.2427837480498897
to_hi24,long,3,1.4337631390618868,1.7863027097386686,14014,-0.17444554454661115,0.010091361845524754,0.5113457970600828,4805,-0.2227491295419918
disp6,short,1,-1.6722081824929957,-1.0555504423537134,14016,-0.1744480567114876,0.012310007348465934,0.5032819634703196,5263,-0.20899816904068189
efficiency,long,5,0.21943427935351906,0.26963877707373757,14015,-0.1744837938598605,0.010053112532275421,0.5036032821976454,4949,-0.23946916236687282
range_per_trade,long,6,1.2729349914014148e-07,1.428217525491865e-07,14016,-0.174514336828292,0.010022569563843897,0.5018550228310502,3737,-0.295712750572672
range_rank,short,4,0.39166666666666666,0.49583333333333335,13514,-0.1745156307730961,0.012242433286857451,0.5023679147550688,5049,-0.21154434638786654
body_frac,short,4,-0.19200532741394577,0.00321543408355427,14015,-0.17456702326150447,0.012191040798449071,0.5052443810203353,4812,-0.2078942044230583
m1_jump,long,4,0.281249262099615,0.31104921049651885,14016,-0.17457047353699068,0.00996643285514523,0.5042808219178082,5123,-0.25328927821463165
tbi_z8,long,4,-0.30966661438605597,-0.004642608817948089,14011,-0.17466763623355672,0.009869270158579191,0.5044607808150738,5289,-0.2605049810342758
persist6,short,8,0.6224448996348548,0.7699454301146194,14017,-0.17472562803937958,0.012032436020573967,0.49703930941000213,5282,-0.17820495624096855
absorb_z,short,7,0.1419994091864693,0.23278124572234518,12945,-0.17474727659469233,0.012010787465261213,0.49903437620702973,4601,-0.2111016627074319
range_per_trade,short,7,1.4282275369890733e-07,1.6481745278977591e-07,14015,-0.17479260283943565,0.011965461220517892,0.4929718159115234,2851,-0.2479032662379245
tbi,long,3,-0.040271743781442736,-0.020983281308638514,14016,-0.1748087578289534,0.00972814856318252,0.4958618721461187,4158,-0.24326005683955637
extreme_late,long,0,-inf,0.21428571428571427,10743,-0.17483489506606875,0.009702011326067156,0.5048869030996929,3633,-0.2675774285841326
accel,short,1,-1.5784253183335486,-1.0522084604917061,14015,-0.17489351505401174,0.011864549005941805,0.49925080271138067,5090,-0.20294645734803474
to_hi96,short,7,6.550420417044408,7.868765383960684,14007,-0.17491511927413336,0.01184294478582018,0.5050331976868708,4965,-0.2008081214485385
flow_eff,short,5,0.020491110374639424,0.030543663182850015,14016,-0.1749885701619235,0.011769493898030031,0.4992151826484018,4992,-0.15915544131826742
dq_z96,short,5,-0.0015755310340983715,0.2718894545165675,13959,-0.1749903425868326,0.01176772147312094,0.49888960527258397,5246,-0.18358316502567204
persist6,short,7,0.5152954414927831,0.6224448996348548,14016,-0.1750948035874751,0.011663260472478454,0.4992151826484018,5118,-0.20927571809805492
dn_wick,long,1,0.02111914941379359,0.07529311958079485,14015,-0.17513625881308512,0.009400647579050792,0.5070995362112023,5491,-0.2614381608825787
body_frac,short,5,0.00321543408355427,0.1994255200461843,14016,-0.1752676554938936,0.011490408566059956,0.4997146118721461,4747,-0.19102614699846204
disp24,long,3,-1.2878655689290224,-0.5810070933082018,14014,-0.1754153263183192,0.00912158007381672,0.5104895104895105,4807,-0.2582293572658454
to_hi480,short,0,-inf,2.832603442478975,13970,-0.17547502779216978,0.011283036267783764,0.4770937723693629,5307,-0.1981122769401897
minofday,long,9,1290.0,inf,14604,-0.1755295200090467,0.009007386383089205,0.49671322925225964,5367,-0.28905673836519286
to_hi24,long,6,2.5594079925113324,3.03433114589894,14014,-0.1756585896275043,0.008878316764631605,0.5093477950620807,4728,-0.27433916940035474
gap,short,4,0.0002630810405402991,0.0011250602418527971,14017,-0.17570113751461075,0.011056926545342793,0.48954840550759793,9729,-0.2436727336372477
tbi_z96,short,6,0.27180876244131164,0.556171719369237,13959,-0.17572439990781075,0.011033664152142797,0.5007522028798624,5301,-0.1806137026663723
ats_z96,short,6,0.18664916755623515,0.4890348517526774,13959,-0.17574419115851117,0.011013872901442373,0.5006805645103517,5032,-0.2209510206440558
persist6,short,9,0.7699454301146194,inf,14017,-0.175749589014097,0.01100847504585653,0.4927587928943426,5459,-0.17953594786671306
up_wick,long,2,0.07094133697136125,0.12389310700171088,14016,-0.1758104218711655,0.008726484520970412,0.5000713470319634,5186,-0.2568003142131956
ats_z96,long,0,-inf,-1.2676698822717698,13959,-0.17586609793266636,0.008670808459469548,0.5087040618955513,4101,-0.2530545973354529
close_loc,long,5,0.5077859380544882,0.6172839506173721,14015,-0.17592055095641213,0.008616355435723783,0.5029611130931145,4886,-0.2686553998495294
range_z,short,5,-0.2779550648452671,-0.08914232596224203,13959,-0.17593177653349834,0.010826287526455203,0.4991761587506268,4706,-0.19185146041515638
m1_jump,long,3,0.25359325046536646,0.281249262099615,14017,-0.17595952514773458,0.008577381244401328,0.5009631162160234,4764,-0.24005308240530338
tbi_z96,short,5,-0.001874556551886972,0.27180876244131164,13959,-0.17604418492050947,0.010713879139444077,0.4983164983164983,5246,-0.18319360693200734
since_lo480,short,1,31.0,82.0,13926,-0.1760684273496573,0.01068963671029624,0.49447077409162715,5246,-0.1499115020533536
up_wick,long,9,0.5782804079130148,inf,14016,-0.176073767641314,0.008463138750821914,0.509417808219178,5088,-0.26539051673992536
hi_pos,short,7,0.8571428571428571,1.0,16255,-0.17615823322731955,0.010599830832633994,0.5029221777914488,6080,-0.1857308433641985
dq_z96,short,6,0.2718894545165675,0.5562882776586874,13959,-0.17616780456933584,0.010590259490617704,0.5005372877713303,5301,-0.18083862167414766
m1_jump,short,1,0.19187589627753648,0.22568341157323019,14017,-0.17616825806783484,0.0105898059921187,0.4976813868873511,4496,-0.1738307598013872
to_lo96,long,1,1.6458287343000304,2.543857635090043,14007,-0.17634995926094596,0.008186947131189948,0.4911829799386021,5106,-0.19002429237300472
absorb,short,2,-0.1767114563138656,-0.10685673893708278,14004,-0.17636728547008282,0.010390778589870725,0.5004998571836619,4975,-0.22388050191662412
up_wick,short,6,0.29660885746838506,0.36864002111877264,14016,-0.176381791880451,0.010376272179502544,0.4970747716894977,5064,-0.19993568950516008
tbi_ma24,long,7,0.004226239011068586,0.008202192823017061,14001,-0.1765636006856799,0.007973305706456019,0.4999642882651239,3874,-0.26010159546836714
close_loc,short,4,0.3996196110970619,0.5078031212484951,14015,-0.17662469108523343,0.010133372974720112,0.4997502675704602,4723,-0.18700316528101038
trade_intensity,short,5,0.7658895772276476,0.8870543384486463,14008,-0.17670915371666127,0.010048910343292278,0.500642490005711,4595,-0.2102627793068142
trade_intensity,short,6,0.8870543384486463,1.0506661775512625,14008,-0.1767549968043898,0.010003067255563741,0.49771559109080526,4709,-0.21336800491240276
tbi_z24,long,6,0.2796894232568751,0.572575985734369,14001,-0.17676892189752527,0.007767984494610636,0.502678380115706,5216,-0.2841811560854137
kyle_z,short,5,-0.12965602892487887,0.12273765978051261,13959,-0.17686345269920561,0.009894611360747929,0.49989254244573395,4887,-0.21165033310747774
sess_eu,short,0,-inf,1.0,93475,-0.1768791211951306,0.009878942864822937,0.4972238566461621,34355,-0.1967307847185574
accel,long,7,0.6514721539344382,1.0413302943117957,14015,-0.17691403239112205,0.007622874001013857,0.5056011416339636,4940,-0.2672338241878504
range_per_trade,short,6,1.272940637743521e-07,1.4282275369890733e-07,14016,-0.1769229565074344,0.009835107552519151,0.4968607305936073,3737,-0.2383690243023128
since_hi24,long,0,-inf,2.0,11364,-0.17695510874100828,0.007581797651127625,0.5022879267863428,4612,-0.2450884810959711
range_z,long,6,-0.08913966112275452,0.15510225671250003,13959,-0.17700784762422678,0.00752905876790913,0.49638226233970917,4837,-0.2290611904225975
tbi_ma96,long,8,0.0037655560294794434,0.007108117667567117,13958,-0.17701253446049434,0.007524371931641571,0.5036538185986531,4720,-0.23742482253758063
atr_rank,long,2,0.14583333333333334,0.2625,14099,-0.17703328717690298,0.007503619215232932,0.5176962905170579,4443,-0.27915484142676694
dq_cum24,long,7,0.20483955802914502,0.3957754712503716,14001,-0.17705250708493467,0.007484399307201239,0.4997500178558674,3873,-0.2602704194248466
rpt_z,short,2,-0.8791674288987956,-0.6028311595360683,13958,-0.17707016078492988,0.009687903275023668,0.5023642355638344,5358,-0.19520693993355917
disp6,long,7,0.6823633205901157,1.0897004199406322,14016,-0.17712503622446069,0.007411870167675222,0.5045662100456622,4938,-0.2722232904662529
disp96,short,8,5.458212292340027,8.335555717509697,14008,-0.17724999224079144,0.009508071819162106,0.49678754997144486,5354,-0.18039944007790815
minofday,long,1,135.0,285.0,14608,-0.1772650821447091,0.007271824247426811,0.5034227820372399,5368,-0.24497281410254543
to_lo24,long,3,1.6006265953745666,1.9687415504563828,14014,-0.17730704720029974,0.007229859191836163,0.5058512915655773,4565,-0.2614219110119806
ats_z96,short,8,0.854262494168686,1.3823715770347678,13959,-0.17730872664527647,0.009449337414677073,0.4953076867970485,4548,-0.2268337874238243
pos24,long,3,0.3483674332636929,0.43485408960131355,14014,-0.17732013485452044,0.007216771537615463,0.5060653632082204,4368,-0.26346370466988633
range_z,long,9,1.2001928298453926,inf,13959,-0.17741749751522676,0.00711940887690915,0.48921842538863813,5846,-0.207656396391729
efficiency,short,2,0.0871516235924731,0.1299757186098374,14015,-0.17746082076861583,0.009297243291337715,0.5005351409204424,5047,-0.18514081508524266
dn_wick,short,6,0.31097161789955136,0.38340021865276175,14016,-0.17747147594755242,0.009286588112401128,0.5003567351598174,4793,-0.225215342802588
tbi_z8,short,9,1.3362472664784835,inf,14012,-0.17747512537369184,0.009282938686261705,0.502141021981159,5326,-0.19893554192345392
dow,short,2,2.0,3.0,19948,-0.17750612823309087,0.009251935826862678,0.48801884900741926,7385,-0.23022859249005811
flow_eff,long,5,0.020493031718491928,0.030544962743141137,14015,-0.17755345822033988,0.006983448171796025,0.4990367463432037,4990,-0.2609296602158031
since_hi24,long,6,17.0,20.0,14301,-0.177606495031347,0.006930411360788896,0.50814628347668,5144,-0.2648548312810274
tbi_ma8,long,4,-0.007959652169838245,-0.002417315941479061,14011,-0.1776100333263567,0.0069268730657792155,0.4941117693241025,3666,-0.22404096038695162
tbi_z96,long,5,-0.0019083024771406813,0.2717736746935751,13958,-0.17764220016042315,0.0068947062317127605,0.499426851984525,5245,-0.2665701026456809
absorb_z,long,7,0.14198587685847416,0.23278758813892772,12945,-0.17765540457283718,0.006881501819298724,0.49880262649671686,4602,-0.2588406888926454
minofday,long,6,855.0,1005.0,14602,-0.17777432940905075,0.006762576983085161,0.4947267497603068,5369,-0.20841830320274088
up_wick,long,6,0.2966101694915287,0.36864505135110154,14016,-0.17787525890753036,0.006661647484605543,0.5014269406392694,5064,-0.2526718425048975
tbi_ma8,long,6,0.00311352214212833,0.009025026852332432,14011,-0.17795367065113593,0.0065832357409999764,0.49539647419884375,3785,-0.2379515552218824
lo_pos,long,8,1.0,inf,15469,-0.1779571905472321,0.0065797158449038,0.5099230719503524,5524,-0.23968065009068507
since_hi480,long,6,322.0,382.0,13878,-0.17796364673675077,0.006573259655385133,0.514483354950281,4746,-0.24513735386626143
close_loc,short,6,0.617309601848405,0.7213278514301659,14016,-0.17806302041815078,0.008695043641802763,0.4986444063926941,4938,-0.19079837439419556
up_wick,short,5,0.23355869698832277,0.29660885746838506,14016,-0.1780976698497399,0.00866039421021364,0.495148401826484,4866,-0.20807529342462233
tbi,long,7,0.03499179491803325,0.057609416399169285,14015,-0.17815656288319417,0.006380343508941733,0.49746699964323937,4430,-0.2554851966186371
absorb_z,long,2,-0.2042110439328441,-0.11126762662884616,12945,-0.1782264458006129,0.006310460591523015,0.4998841251448436,5698,-0.24646005638579865
body_frac,long,7,0.36761180102122676,0.5254837690032733,14015,-0.17824598478713788,0.006290921604998029,0.5012486621476989,4825,-0.2913690278743786
rpt_rank,long,3,0.29583333333333334,0.39791666666666664,13781,-0.17825312705234708,0.006283779339788825,0.5021406284014223,5213,-0.23872971109545804
vol_per_trade_z,short,6,0.18565518172122275,0.4905800513017768,13959,-0.17827863545420908,0.008479428605744466,0.499391073859159,5139,-0.2205339144470218
rv_vs_range,short,7,0.745273498395387,0.8116656527278282,14015,-0.17828847898903052,0.00846958507092302,0.5046735640385301,5430,-0.21435131904766913
since_lo24,long,1,2.0,5.0,16709,-0.17832273102017282,0.006214175371963088,0.49817463642348436,6420,-0.26594405630879525
efficiency,long,1,0.04468131098049181,0.08714818621252439,14015,-0.1783231440981855,0.006213762293950403,0.5016054227613271,4867,-0.2624895250175221
atr_rank,short,5,0.48125,0.5916666666666667,13974,-0.17833178735335647,0.008426276706597069,0.4945613281809074,5171,-0.16438017143744263
vol_of_vol,short,4,-0.463764815386144,-0.2810234708248263,13967,-0.17838437725557268,0.008373686804380859,0.49624113982959833,4347,-0.21846731186894888
hi_pos,short,5,0.5714285714285714,0.7142857142857143,11985,-0.17844786136794233,0.008310202692011215,0.5031289111389237,4633,-0.17877956662297215
tbi_ma96,short,0,-inf,-0.011975632595498135,13959,-0.17856210009420126,0.008195963965752284,0.5049072283114836,8706,-0.234424816475451
absorb_z,long,5,0.025580475799120747,0.08955315186996186,12945,-0.17857917245903399,0.005957733933101922,0.49903437620702973,4887,-0.2543955478070249
rpt_z,short,4,-0.3507242247399686,-0.09721208518905572,13958,-0.1786022371227537,0.00815582693719985,0.5015045135406219,5236,-0.23022286514897386
hi_pos,long,1,0.0,0.14285714285714285,40968,-0.17860570132472348,0.005931205067412432,0.5052479984378051,14589,-0.25101784895484425
dq_z96,long,5,-0.0016315315861034525,0.2718752189337247,13958,-0.17862692572524821,0.005909980666887693,0.4989253474709844,5247,-0.2665621758441063
tbi_z24,short,7,0.5726114374828231,0.8994226893537893,14002,-0.17864142174793368,0.008116642312019862,0.5018568775889158,5191,-0.2066830623125527
kyle_z,long,7,0.41120891888417643,0.7762541945367553,13958,-0.17864319547113816,0.005893710920997747,0.4957013898839375,5126,-0.22911056149967285
persist6,short,1,0.06564204677227863,0.13213236647059018,14016,-0.1787050737840461,0.008052990275907446,0.5052083333333334,4921,-0.19331470471433496
since_lo24,short,9,24.0,inf,19219,-0.1787340574718356,0.008024006588117943,0.49924553826942086,6823,-0.23868341373066354
dq,long,7,0.07007553058348848,0.11531939539763977,14015,-0.17873939810370723,0.005797508288428677,0.4972529432750624,4421,-0.253045504110432
disp6,short,8,1.0897102446703804,1.7044647631534577,14017,-0.17876781122759275,0.007990252832360795,0.5021759292287936,5426,-0.2022641089972743
hour,long,1,2.0,4.0,11686,-0.1788279631694199,0.005708943222716006,0.5008557247989047,4295,-0.2474743390826081
tbi_z96,short,1,-1.2985710247812072,-0.8814556807638122,13959,-0.17883624054297032,0.007921823516983229,0.5031162690737159,4971,-0.21169898331989326
hi_pos,short,8,1.0,inf,15725,-0.1788534564732585,0.007904607586695034,0.5041017488076311,5246,-0.19427523777842454
dq_z96,short,1,-1.2988070767675037,-0.8816747794220923,13959,-0.17888047388116524,0.007877590178788307,0.5031162690737159,4967,-0.21177779246862374
vol_per_trade_z,long,9,1.3753424553788665,inf,13959,-0.1789788346023629,0.005558071789772995,0.4983164983164983,5116,-0.27931401951360485
since_lo24,short,6,18.0,20.0,10077,-0.17905709804767236,0.00770096601228118,0.5032251662201052,3514,-0.22073844414381122
avg_trade_usd,short,5,3636.4510622334024,3932.57999030494,14016,-0.17917053623890122,0.00758752782105232,0.4900827625570776,3674,-0.20864830569505047
to_hi480,short,5,10.759080852463931,13.04103409008405,13970,-0.17924813450182095,0.007509929558132594,0.49642090193271293,4610,-0.17835620365544563
up_wick,long,4,0.17677135751565867,0.23355920940757882,14015,-0.17935568947627128,0.005181216915864623,0.5026757046022119,4967,-0.2556585792162622
body_frac,short,0,-inf,-0.6839397022141608,14016,-0.17942031535605316,0.0073377487039003875,0.5050656392694064,6404,-0.21685093073019746
tbi_z8,short,5,-0.00462140485820722,0.29982289527005357,14012,-0.1794287115745357,0.007329352485417856,0.5009277761918356,5184,-0.22424030027634897
tbi_z24,short,2,-0.8991083304452727,-0.5798332095678758,14002,-0.1794454619443959,0.007312602115557648,0.5024282245393515,5033,-0.20819596970442186
m1_jump,short,0,-inf,0.19187589627753648,14018,-0.1794924010955356,0.0072656629644179405,0.4990726209159652,4173,-0.18835209037719647
efficiency,short,3,0.1299757186098374,0.17336269554177158,14016,-0.17952713738170098,0.007230926678252564,0.4997859589041096,4901,-0.22353487310159537
dq_cum24,short,3,-0.43532987544236085,-0.26885546746378197,14002,-0.1795513679470099,0.007206696112943639,0.4957148978717326,3984,-0.22794192450414041
rpt_z,short,0,-inf,-1.230510185290028,13959,-0.17955369576249447,0.007204368297459074,0.5002507342932875,4664,-0.18763537693382473
rpt_rank,short,1,0.09791666666666667,0.19583333333333333,13642,-0.17957807125273018,0.007179992807223368,0.4982407271661047,5082,-0.17498683547217148
tbi_ma96,short,5,-0.002561957642083866,-0.0007377628229574943,13959,-0.1795979507872446,0.0071601132727089345,0.4996776273372018,4200,-0.21025900425664842
persist96,long,8,0.1730158954109544,0.2259273339515485,14007,-0.1796130900983112,0.004923816293824712,0.48511458556436066,5184,-0.30828795911283297
range_z,long,8,0.5189076451834063,1.2001928298453926,13958,-0.17964507808017202,0.004891828311963886,0.4926923628026938,5466,-0.2242985558619978
to_lo96,long,8,8.947781461778554,11.301320819501887,14007,-0.17964712992407322,0.004889776468062684,0.5041764831869779,5330,-0.29749407060832533
rpt_z,short,6,0.17390185592219187,0.47025661851165695,13959,-0.17967478054307326,0.007083283516880284,0.5018984167920338,5134,-0.23059274375865613
vol_per_trade_z,long,8,0.8518806300801575,1.3753424553788665,13958,-0.1797845524519143,0.00475235394022161,0.4972059034245594,4514,-0.25212828480940597
to_lo24,long,0,-inf,0.7891182721710526,14015,-0.1798558610647582,0.004681045327377703,0.5090260435247949,6875,-0.25807413318347355
up_wick,short,4,0.1767673684895943,0.23355869698832277,14015,-0.1798626869967337,0.006895377063219854,0.4954691402069212,4969,-0.20996430566181937
efficiency,long,6,0.26963877707373757,0.3258081114811507,14016,-0.17991356835622807,0.004623338035907837,0.5043521689497716,4982,-0.25769016346263385
kyle_z,short,4,-0.36289017764779685,-0.12965602892487887,13958,-0.17996784309936067,0.006790220960592869,0.5004298610116062,4850,-0.21130775686473963
persist6,long,7,0.5153037536875484,0.6224499491726717,14016,-0.18009004136925533,0.004446865022880581,0.4992151826484018,5117,-0.2658631210152145
since_lo96,long,6,69.0,80.0,14251,-0.18009005611256784,0.004446850279568065,0.5161041330432952,5003,-0.27937056038796804
m1_jump,short,3,0.2535931710874878,0.2812463235878291,14017,-0.18028369923340648,0.006474364826547063,0.49689662552614683,4764,-0.20957465297782832
flow_div,short,2,1.0,inf,26813,-0.18029207811089462,0.006465985949058922,0.5005407824562712,11855,-0.1889218688409422
tbi_ma24,short,3,-0.009110149776289189,-0.005642428588376409,14002,-0.1803979946710681,0.006360069388885448,0.49542922439651477,3982,-0.22378023467302782
sess_asia,long,0,-inf,1.0,93427,-0.1804113577348337,0.004125548657302219,0.501675104627142,34340,-0.26628111829143786
hour,short,1,2.0,4.0,11686,-0.18048256445220373,0.006275499607749813,0.4983741228820811,4294,-0.20526968650821775
tbi_z96,long,9,1.3092533343481796,inf,13959,-0.1805270470698384,0.004009859322297499,0.5066265491797407,5115,-0.2807799986841921
absorb_z,short,1,-0.4313505494005916,-0.20421026472706905,12945,-0.18058999275314544,0.006168071306808104,0.4982618771726535,4514,-0.2050444034873965
persist24,long,6,0.19951666989350927,0.2478903985693602,14014,-0.1806428216875265,0.0038940847046094185,0.5025688597117168,5443,-0.27819752584076124
dq_z96,long,9,1.309019212543674,inf,13959,-0.18076941931151,0.0037674870806259086,0.50655491081023,5114,-0.28059910673588867
tbi_z24,short,4,-0.29154857833731096,-0.0037230467240484087,14001,-0.18099360541288909,0.005764458647064458,0.4994643239768588,5227,-0.19808643466641082
persist6,long,6,0.4261460326108032,0.5153037536875484,14016,-0.18103530206118834,0.0035016043309475664,0.5032819634703196,5014,-0.24509849889784274
since_hi480,short,4,185.0,254.0,13962,-0.1810452021009791,0.005712861958974441,0.5048703624122619,5296,-0.19752374755184812
range_z,long,5,-0.27794597795563825,-0.08913966112275452,13958,-0.18106581722917822,0.0034710891629576857,0.498280555953575,4705,-0.25933242259383504
dq_z96,long,8,0.8814003522998698,1.309019212543674,13958,-0.18110368022263096,0.0034332261695049493,0.5042269666141281,5140,-0.27130557590559984
tbi_z8,long,8,0.9384218242691065,1.336275268000092,14011,-0.18110715079852038,0.0034297555936155244,0.5026764684890443,5086,-0.24770448472591128
wick_skew,long,9,0.43856379867338113,inf,14016,-0.18111464641965294,0.003422259972482966,0.5124143835616438,5130,-0.2692926469854348
tbi_z96,long,0,-inf,-1.2985814193145209,13959,-0.18119958227319033,0.0033373241189455782,0.5094920839601691,5286,-0.251026505236994
up_wick,short,2,0.07093735535535926,0.12389727232539358,14015,-0.18120148654947044,0.005556577510483107,0.4981091687477702,5188,-0.2021036489167176
accel,long,2,-1.0522464393797755,-0.6675080115064056,14015,-0.18120731176221846,0.003329594629917443,0.5050303246521584,4863,-0.2820886173459684
absorb_z,long,1,-0.4313514908406437,-0.2042110439328441,12945,-0.1813168377956712,0.0032200685964647036,0.4998841251448436,4514,-0.26687446551810867
dn_wick,long,6,0.3109541838172646,0.3833902153925304,14016,-0.181323454067114,0.003213452325021904,0.4970034246575342,4794,-0.234839938555527
persist6,long,3,0.2018083310133649,0.27190295231164374,14016,-0.1813348268358986,0.0032020795562373028,0.5037100456621004,5112,-0.2527265194152524
to_hi96,long,4,3.842231843977253,4.653679211118182,14007,-0.18138084341989655,0.0031560629722393596,0.5068180195616477,4530,-0.26005958573931093
dq_z96,long,0,-inf,-1.2988156705620795,13959,-0.18140550574124753,0.0031314006508883774,0.5094204455906584,5282,-0.2510057764524505
since_hi24,short,0,-inf,2.0,11365,-0.18143817055971062,0.005319893500242923,0.49661240651121863,4614,-0.23942168679109105
since_lo24,short,1,2.0,5.0,16710,-0.18147041757293092,0.005287646487022624,0.49940155595451824,6420,-0.1831867998661106
tbi_z24,short,8,0.8994226893537893,1.3200335171910196,14002,-0.1814929862637458,0.0052650777962077455,0.5019282959577204,5086,-0.20176785754320792
close_loc,long,4,0.39960077118183956,0.5077859380544882,14015,-0.18150688106779678,0.0030300253243391306,0.4981091687477702,4723,-0.27052985047070716
since_hi24,long,5,14.0,17.0,13130,-0.18150695061148497,0.0030299557806509336,0.504950495049505,4698,-0.27325211190526966
to_lo96,long,0,-inf,1.6458287343000304,14008,-0.1815248232792471,0.003012083112888808,0.48093946316390634,6707,-0.2526234189609594
m1_jump,long,0,-inf,0.19187271215499263,14017,-0.1815960145584337,0.0029408918337022194,0.49796675465506174,4174,-0.25265584790920037
to_lo480,short,5,13.047767636206613,15.835359682968612,13970,-0.18160139557824692,0.005156668481706622,0.5015748031496063,5542,-0.1752293838952737
pos480,long,8,0.815285409781002,0.8871186677235331,13969,-0.18161744154229392,0.002919464849841985,0.49774500680077316,4409,-0.23887432103392406
tbi_z8,long,6,0.2997915292045913,0.6123120131942761,14011,-0.18162595729648126,0.002910949095654647,0.5021054885447148,5220,-0.28960637348309803
kyle,short,4,2.9483042974702686e-07,3.265820480304506e-07,14015,-0.18165276033183844,0.0051053037281151015,0.4952550838387442,4471,-0.152650067357508
tbi_z96,long,8,0.8812865316672701,1.3092533343481796,13958,-0.1816668187433007,0.002870087648835201,0.504012036108325,5140,-0.27054169740977063
accel,long,8,1.0413302943117957,1.578681401086542,14014,-0.1816845212928494,0.0028523850992865085,0.49835878407306977,5230,-0.2576750346160059
accel,short,8,1.0413630294678904,1.5787147777209503,14015,-0.18173368921930252,0.005024374840651019,0.4989653942204781,5231,-0.21475016799172575
hi_pos,short,3,0.21428571428571427,0.35714285714285715,14370,-0.18184467749200678,0.004913386567946765,0.4978427279053584,5284,-0.23379165829207887
pos24,long,4,0.43485408960131355,0.5223159702286592,14015,-0.18187002146542275,0.002666884926713159,0.5064573671066714,4495,-0.2816861635109432
to_lo24,long,5,2.3574828219108417,2.7774163183889753,14014,-0.1819342963948376,0.0026026099972983052,0.5049236477807907,4642,-0.2358518423089069
vol_of_vol,long,6,-0.059525385692318404,0.22856290083196046,13967,-0.18195230028029533,0.0025846061118405816,0.4922316889811699,5142,-0.2899601014954979
pos96,short,9,0.8664350797564409,inf,14008,-0.181957469787964,0.004800594271989533,0.47979725870930895,5924,-0.1727924717837413
m1_jump,short,6,0.3456193561810111,0.38882379996027294,14017,-0.1819613207299849,0.004796743329968656,0.5016051936933723,5440,-0.23352456692574472
efficiency,short,8,0.39629129833023363,0.4970243460935335,14016,-0.18197444960383305,0.004783614456120494,0.5004280821917808,5468,-0.2082671009382249
gap,long,3,0.0,0.0002631369740808689,75842,-0.18200857636355044,0.0025283300285854626,0.5019118694127265,28720,-0.2562710663629194
rpt_z,long,9,1.377106303115343,inf,13959,-0.1821259158683104,0.0024109905238255125,0.4995343505981804,5184,-0.286615944502181
hi_pos,long,6,0.7142857142857143,0.8571428571428571,13203,-0.18221721820581638,0.0023196881863195296,0.5035219268348102,5101,-0.28061591265271996
ats_rank480,long,4,0.3958333333333333,0.5,13833,-0.18228175716428913,0.002255149227846781,0.5028554904937468,5344,-0.2715453192111552
close_loc,long,6,0.6172839506173721,0.7213012720223134,14016,-0.18228276982222957,0.0022541365699063343,0.4997859589041096,4939,-0.2706641838450083
efficiency,long,4,0.17336367030322322,0.21943427935351906,14015,-0.18229759103028367,0.0022393153618522343,0.5011773100249732,5027,-0.28276717236779997
trade_intensity,long,2,0.5049147423635931,0.5854464995196097,14007,-0.1823220463025641,0.0022148600895718074,0.5081030913114871,4685,-0.2832698237884947
dq_z96,short,7,0.5562882776586874,0.8814373070672452,13958,-0.1823335872620566,0.0044244767978969535,0.4982089124516406,5054,-0.21064167129516279
wick_skew,short,3,-0.18571428571429463,-0.09223494243691802,14016,-0.18234735205173117,0.004410712008222378,0.5003567351598174,5160,-0.20707570517303106
since_lo24,short,7,20.0,22.0,11691,-0.18234958742171337,0.0044084766382401774,0.5024377726456248,4113,-0.2042883511054532
hi_pos,long,3,0.21428571428571427,0.35714285714285715,14368,-0.18237620143948743,0.0021607049526484734,0.5004175946547884,5285,-0.23906909789690228
body_frac,short,1,-0.6839397022141608,-0.5181826018422363,14016,-0.1824397504438255,0.0043183136161280555,0.4965753424657534,5138,-0.22827925770450852
extreme_late,short,7,0.9285714285714286,1.0,16460,-0.1824994528588343,0.004258611201119256,0.49927095990279463,5998,-0.20542556821953936
rpt_z,short,9,1.3771376606383035,inf,13959,-0.18257377696566654,0.004184287094287004,0.49888960527258397,5184,-0.19812031123566554
rpt_rank,short,0,-inf,0.09791666666666667,13723,-0.18262182531158355,0.004136238748369991,0.49785032427311815,5096,-0.16162541960001972
vol_per_trade_z,long,6,0.18563513810327173,0.4904842520846981,13959,-0.1826720985337915,0.0018648078583444194,0.49910452038111613,5138,-0.259054320324073
tbi_ma96,long,6,-0.0007382402527540437,0.0012951513877009035,13959,-0.18268022889374266,0.0018566774983932444,0.5016835016835017,4258,-0.290553520065818
dq_z96,long,6,0.2718752189337247,0.5562665365188819,13959,-0.18268674834516996,0.0018501580469659495,0.4981015832079662,5302,-0.2803299104645217
tbi_z96,short,7,0.556171719369237,0.8813185927170226,13958,-0.1828547596564341,0.0039033044035194364,0.49792233844390316,5053,-0.20986817231900992
body_frac,short,7,0.36764420953656746,0.5254898310002014,14015,-0.18290475265231415,0.0038533114076393926,0.4963967178023546,4823,-0.16874450045416622
tbi_z8,short,7,0.6123764432507792,0.9384965556299195,14012,-0.1829109645120521,0.003847099547901439,0.5007850413930917,5092,-0.17971424621508714
tbi_ma8,short,7,0.009026253550631476,0.016113363336638084,14012,-0.18296187677805037,0.003796187281903174,0.49407650585212676,3986,-0.16286252474967744
extreme_late,long,5,0.7857142857142857,0.8571428571428571,11114,-0.18298401896621738,0.0015528874259185255,0.502159438545978,4411,-0.2703777929432326
persist24,long,1,0.028807660386969913,0.05837412070427148,14014,-0.18302258773378655,0.0015143186583493617,0.5117025831311546,4942,-0.2736408622755887
ats_z96,long,1,-1.2676698822717698,-0.8953027029922213,13958,-0.18307314993173945,0.0014637564603964537,0.5072359936953719,5528,-0.2631285887446534
ats_rank480,long,7,0.7083333333333334,0.8104166666666667,13718,-0.18314982589621812,0.0013870804959177918,0.4978130922875055,5202,-0.23128947536898503
tbi_z24,short,1,-1.30755791317571,-0.8991083304452727,14002,-0.18316553653139056,0.003592527528562983,0.5,4990,-0.22098835647405554
tbi_ma24,short,4,-0.005642428588376409,-0.002391736375073651,14001,-0.18317290037028836,0.0035851636896651884,0.495107492321977,4022,-0.19533838376491441
body_frac,long,1,-0.6839454608631759,-0.5182250778234373,14015,-0.18325712606280806,0.001279780329327851,0.5016767748840528,5138,-0.23634674868232416
trade_intensity,long,4,0.6681920000397111,0.7659108992846131,14007,-0.18328139095883617,0.001255515433299742,0.5010351966873706,4567,-0.2541476787298188
pos24,long,7,0.6929478160592323,0.7756343671167817,14014,-0.183383744366288,0.0011531620258479203,0.5035678607107179,4897,-0.2360784830616868
flow_div,long,0,-inf,0.0,113220,-0.18339002624010906,0.0011468801520268523,0.5017929694400283,39637,-0.2581521043366584
disp6,long,6,0.3415807352319074,0.6823633205901157,14016,-0.1834080386662796,0.0011288677258562974,0.5019263698630136,4812,-0.25355638228954314
extreme_late,long,8,1.0,inf,30577,-0.1834317738950266,0.0011051324971093068,0.5021094286555254,10558,-0.259300189044654
ats_rank480,long,5,0.5,0.6041666666666666,13727,-0.1834398232911575,0.0010970831009784188,0.49974502804691484,5087,-0.2541254894128822
rv_vs_range,long,6,0.6924961816900739,0.7452724261305308,14016,-0.1834420393413269,0.0010948670508089953,0.5009988584474886,5287,-0.28016759264859625
tbi_z96,long,6,0.2717736746935751,0.5561605844123138,13959,-0.18346083960569945,0.0010760667864364581,0.4977433913604126,5302,-0.28041057499964833
updn_ratio,long,9,0.6666666666666666,inf,18484,-0.1834632221910473,0.0010736842010886094,0.5017312270071413,7153,-0.25469863547603205
ats_rank480,short,5,0.5,0.6041666666666666,13728,-0.18347100244813522,0.003287061611818326,0.4978146853146853,5088,-0.2146339374324045
extreme_late,short,4,0.6428571428571429,0.7857142857142857,19230,-0.1834958654867553,0.003262198573198233,0.4998439937597504,7220,-0.20068683023631523
rpt_rank,long,9,0.9041666666666667,inf,13858,-0.1837009268681755,0.0008359795239604173,0.5029585798816568,5248,-0.31049422679254063
since_lo96,long,7,80.0,88.0,12728,-0.183731297054082,0.0008056093380539031,0.5106851037083595,4519,-0.27571659255446346
absorb_z,short,4,-0.04710273349141747,0.025583700912901224,12945,-0.18376852637559518,0.002989537684358362,0.4936268829663963,5134,-0.20719067673770544
efficiency,long,3,0.12997778374457117,0.17336367030322322,14016,-0.18377040099583053,0.0007665053963053781,0.4987157534246575,4901,-0.24820232305754147
pos24,short,9,0.8623614572837671,inf,14015,-0.18377079635980967,0.002987267700143875,0.4914734213342847,6273,-0.1904292214945098
since_lo24,short,8,22.0,24.0,15671,-0.1837757179006359,0.0029823461593176392,0.500670027439219,5494,-0.2158165171062118
tbi_z24,long,4,-0.2916310454587279,-0.0037256417794735218,14002,-0.1838208269976161,0.0007160793945198141,0.49878588773032423,5229,-0.2616721669827417
lo_pos,short,4,0.35714285714285715,0.5714285714285714,19622,-0.18391443261132565,0.002843631448627898,0.4998471103863011,7381,-0.21397310820096502
to_hi96,short,0,-inf,1.4202066763537726,14008,-0.18392846755201417,0.002829596507939375,0.4790119931467733,6023,-0.16745085968468512
since_lo480,long,2,82.0,145.0,13973,-0.18399631098754976,0.0005405954045861472,0.5008945824089315,5006,-0.22082152497618554
pos24,long,5,0.5223159702286592,0.6092796092796163,14015,-0.18406059881930464,0.0004763075728312638,0.5047449161612558,4661,-0.2230504135425594
rpt_z,short,5,-0.09721208518905572,0.17390185592219187,13959,-0.18408664552238688,0.0026714185375666666,0.5001790959237767,5300,-0.21354933209872531
kyle_z,long,6,0.12274147750610508,0.41120891888417643,13959,-0.18422235881731505,0.00031454757482085594,0.4953076867970485,4999,-0.25887100421492004
to_hi24,short,7,3.034286958238968,3.6329254343406063,14015,-0.18422915570567625,0.0025289083542772983,0.5000356760613628,4900,-0.20145302839096396
wick_skew,short,6,0.07023908324701479,0.1640973046829683,14016,-0.18423707849439827,0.0025209855655552726,0.4922231735159817,5383,-0.22578615311881264
dq_cum24,short,4,-0.26885546746378197,-0.11284256666467725,14001,-0.18424391282596844,0.0025141512339851013,0.4947503749732162,4033,-0.1930557227917159
disp6,long,3,-0.6426749136931783,-0.29532858533689993,14016,-0.1842652351314606,0.0002716712606753158,0.5044235159817352,4777,-0.2515770341036911
dn_wick,short,1,0.02111123155054986,0.07529104181321014,14016,-0.1842819509177451,0.0024761131422084415,0.4910102739726027,5491,-0.18627517838740112
vol_per_trade_z,short,3,-0.6063775443182433,-0.3422941717819684,13959,-0.18428474111271145,0.0024733229472420903,0.5018984167920338,5761,-0.2075590134360491
extreme_late,long,6,0.8571428571428571,0.9285714285714286,13177,-0.1843038883279634,0.00023301806417250215,0.5007209531759884,5023,-0.25476905743997125
pos96,short,6,0.6134218493580574,0.7008267644358858,14008,-0.18436807173249817,0.002389992327455376,0.5080668189605939,4942,-0.22339832519274794
m1_jump,long,5,0.31104921049651885,0.3456201367329653,14017,-0.184411996789963,0.00012490960217290126,0.5026039808803595,5368,-0.2590256416295616
tbi_z8,long,3,-0.6114577194146119,-0.30966661438605597,14011,-0.1844136682349336,0.00012323815720230447,0.5036043108985797,4904,-0.26434989409503823
disp96,short,7,3.3430878765984735,5.458212292340027,14007,-0.1844142538891502,0.0023438101708033454,0.5006782323124153,5628,-0.1968755625015011
hi_pos,long,4,0.35714285714285715,0.5714285714285714,19017,-0.18442045714263813,0.00011644924949777424,0.5010779828574433,7507,-0.2544069661964989
efficiency,short,4,0.17336269554177158,0.21942790584447355,14015,-0.18449656236057965,0.0022615016993738912,0.4976810560114163,5027,-0.18025808753594774
since_hi96,short,2,16.0,27.0,13593,-0.18451174436120252,0.002246319698751026,0.49451923784300744,4801,-0.19169603718992417
rv_vs_range,long,8,0.8116649157719352,0.9127971789453196,14015,-0.18451253605914056,2.4370332995349298e-05,0.5075276489475562,5812,-0.2787974309297141
rpt_rank,long,0,-inf,0.09791666666666667,13722,-0.18451858960651762,1.8316785618283093e-05,0.4996356216295001,5097,-0.24500589394729208
rpt_rank,long,5,0.4979166666666667,0.6,13883,-0.18458621607127843,-4.930967914251738e-05,0.5015486566304113,5164,-0.26711486868883183
wick_skew,long,3,-0.18571428571429016,-0.09222845661285473,14016,-0.1845940231761199,-5.711678398398479e-05,0.497574200913242,5160,-0.25332621063065536
rpt_rank,long,4,0.39791666666666664,0.4979166666666667,13728,-0.18471305553804326,-0.00017614914590735609,0.5013111888111889,5071,-0.23913061712072026
pos24,long,0,-inf,0.1653241218051386,14015,-0.1847240770939151,-0.00018717070177920458,0.5002497324295397,7008,-0.2589650856363249
m1_jump,short,2,0.22568341157323019,0.2535931710874878,14017,-0.18476467704282104,0.001993387017132503,0.49268745095241495,4508,-0.16786029363413332
to_lo480,long,8,23.148281888475143,29.73476794213733,13969,-0.18483570370316027,-0.00029879731102436247,0.5117760755959625,4683,-0.3050280377628743
wick_skew,long,5,-0.008493337368199863,0.07023672587546362,14015,-0.18485726476342743,-0.0003203583712915181,0.5070995362112023,5590,-0.24433434295388842
to_hi24,long,8,3.63296191484043,4.566287531990302,14015,-0.18486940558514806,-0.0003324991930121479,0.4967534784159829,5307,-0.28138866889518893
hi_pos,short,4,0.35714285714285715,0.5714285714285714,19016,-0.18499582575468373,0.0017622383052698087,0.4972654606647034,7508,-0.2121610149158803
close_loc,long,7,0.7213012720223134,0.8192266992267047,14015,-0.18502177743942597,-0.0004848710472900586,0.4959686050660007,4962,-0.27130741687349197
trade_intensity,short,4,0.668188226678215,0.7658895772276476,14007,-0.18514631703676607,0.0016117470231874764,0.49789391018776324,4567,-0.22714845510020376
efficiency,long,2,0.08714818621252439,0.12997778374457117,14015,-0.18516610369843395,-0.0006291973062980405,0.49782376025686764,5047,-0.27477873350586574
to_hi96,long,6,5.538537866629869,6.550551373679751,14008,-0.18516767763320766,-0.0006307712410717481,0.5052113078241005,4487,-0.24908340409238702
pos96,long,3,0.34424646114516083,0.4340695005921038,14008,-0.18519084107815426,-0.0006539346860183481,0.5062107367218732,4443,-0.2988557904041357
tbi_z24,long,3,-0.5799681271421596,-0.2916310454587279,14001,-0.18523374041511417,-0.0006968340229782655,0.5020355688879365,5047,-0.26039069855160213
trade_intensity,long,5,0.7659108992846131,0.8870601887256816,14007,-0.18526915610585573,-0.0007322497137198236,0.49789391018776324,4594,-0.2620426013038282
rpt_rank,short,4,0.39791666666666664,0.4979166666666667,13728,-0.1853561090615723,0.0014019549983812496,0.4970862470862471,5072,-0.22422651638826063
pos24,short,2,0.26048644515682623,0.34837941264661915,14015,-0.18539231433774703,0.0013657497222065162,0.500820549411345,4703,-0.1734735807980678
to_hi96,short,3,3.063482942959137,3.842206393394881,14008,-0.18541833250781833,0.0013397315521352093,0.5022130211307824,4780,-0.2466541736844097
rpt_z,short,3,-0.6028311595360683,-0.3507242247399686,13959,-0.1854188471011219,0.0013392169588316571,0.4989612436420947,5406,-0.2192226445451317
updn_ratio,short,8,0.6,0.6666666666666666,21025,-0.18544646370354084,0.001311600356412701,0.4956956004756243,7608,-0.17284850661671625
since_hi480,short,3,121.0,185.0,13920,-0.18544703418824302,0.0013110298717105284,0.509698275862069,5059,-0.2056428852582889
lo_pos,long,1,0.0,0.14285714285714285,39160,-0.18546321523541892,-0.0009263088432830135,0.5006639427987742,14253,-0.27180900307017253
kyle_z,long,3,-0.6030655750494895,-0.3628831522506454,13959,-0.18547757121405758,-0.0009406648219216773,0.5030446307042051,4858,-0.2665391711674974
lo_pos,long,6,0.7142857142857143,0.8571428571428571,13273,-0.18548169883617793,-0.0009447924440420252,0.500188352294131,5142,-0.2582425667419819
tbi_z96,long,7,0.5561605844123138,0.8812865316672701,13958,-0.1854910732731767,-0.0009541668810408022,0.500573148015475,5053,-0.25901963670291783
tbi_z24,short,5,-0.0037230467240484087,0.27971448329735626,14002,-0.18549678031301098,0.0012612837469425653,0.4983573775174975,5309,-0.2123859469240095
close_loc,short,2,0.19558346415490108,0.29477259885860085,14015,-0.18550012167496369,0.0012579423849898574,0.494684266856939,5010,-0.2191509978760596
range_z,long,4,-0.43396124853993556,-0.27794597795563825,13958,-0.1855185207891499,-0.0009816143970139968,0.5008597220232125,4595,-0.25846487725740613
tbi_z24,short,3,-0.5798332095678758,-0.29154857833731096,14002,-0.18552478179836154,0.0012332822615920003,0.49657191829738606,5049,-0.21582935020509122
persist6,long,2,0.1321471748411703,0.2018083310133649,14016,-0.1855273622034301,-0.0009904558112941997,0.5040667808219178,5209,-0.24119756825574937
dq_cum24,long,6,0.04071138113166717,0.20483955802914502,14001,-0.18554066890087695,-0.0010037625087410407,0.49425041068495107,3757,-0.2448730376174742
sess_asia,short,0,-inf,1.0,93429,-0.18555522571577612,0.0012028383441774204,0.4961521583234328,34342,-0.19880503451343376
body_frac,short,8,0.5254898310002014,0.6955995096978156,14016,-0.1855969963503742,0.0011610677095793553,0.4982163242009132,5161,-0.1800984970915839
since_hi24,short,9,24.0,inf,18247,-0.18566345824566186,0.0010946058142916881,0.495369101770154,6942,-0.16762215926997526
persist6,short,5,0.3451096030532935,0.42614485543057584,14016,-0.1857069249470142,0.001051139112939331,0.4987157534246575,5300,-0.21311654691258608
tbi_z24,long,5,-0.0037256417794735218,0.2796894232568751,14002,-0.18576132450432245,-0.0012244181121865427,0.49971432652478215,5308,-0.25687685759500245
vol_per_trade_z,long,4,-0.34229457554392506,-0.0816375472660981,13958,-0.1857762962126156,-0.0012393898204796916,0.5022209485599656,5521,-0.2492806685613631
range_z,long,1,-0.9189604585395034,-0.7298088323347593,13958,-0.18580515332156616,-0.0012682469294302556,0.5159765009313655,5441,-0.3109218934809096
dn_wick,long,4,0.1867385773460312,0.2464454976303872,14015,-0.18582356013149665,-0.001286653739360738,0.494684266856939,5121,-0.2629971801667288
m1_jump,short,8,0.45157603956882486,0.5677704696865111,14017,-0.18584114378967537,0.0009169202702781765,0.5031747164157808,5965,-0.23223935459362
persist24,long,3,0.08962533061206991,0.12287525197961363,14014,-0.185847634905397,-0.0013107285132610835,0.5071357214214357,5066,-0.26844287677982326
lo_pos,long,4,0.35714285714285715,0.5714285714285714,19622,-0.18585894717872944,-0.0013220407865935369,0.4981653246356131,7383,-0.2552073875336034
ats_rank480,long,3,0.29375,0.3958333333333333,13618,-0.1858676748938512,-0.0013307685017152904,0.5014686444411808,5089,-0.2720497601812776
wick_skew,long,2,-0.2980829352055838,-0.18571428571429016,14015,-0.18604751760147467,-0.0015106112093387636,0.49311452015697466,5024,-0.24799627630317062
tbi_z24,short,6,0.27971448329735626,0.5726114374828231,14002,-0.1860712528144155,0.0006868112455380437,0.4957148978717326,5215,-0.19188850888614573
tbi_z8,long,1,-1.3275442625465028,-0.9351680027643068,14011,-0.1861023735554079,-0.001565467163271994,0.5015345086003854,5120,-0.25412481588041846
tbi,long,2,-0.0625651350679518,-0.040271743781442736,14015,-0.18623399695228518,-0.0016970905601492725,0.4924723510524438,4348,-0.258786654621319
dq_z96,long,7,0.5562665365188819,0.8814003522998698,13958,-0.1862806166642345,-0.001743710272098603,0.5002149305058031,5052,-0.2582077946569087
tbi_z8,short,6,0.29982289527005357,0.6123764432507792,14011,-0.18629709106934703,0.0004609729906065174,0.4963243166083791,5220,-0.18613510066126593
since_lo480,short,6,345.0,401.0,14046,-0.18630326862940094,0.0004547954305526014,0.505837960985334,5131,-0.2006978796022211
since_lo96,short,3,30.0,43.0,13774,-0.18631210681696667,0.00044595724298687744,0.5023232176564542,4983,-0.21241174547764663
range_per_trade,long,4,1.0324493777952816e-07,1.1458739311492805e-07,14015,-0.1863674333302027,-0.00183052693806679,0.5043881555476275,5491,-0.25257511459957394
accel,long,0,-inf,-1.578444330762708,14015,-0.18643342040076522,-0.0018965140086293075,0.4946129147342133,5730,-0.26091183800559387
tbi_ma24,long,6,0.0008071364907438394,0.004226239011068586,14001,-0.18644050752823485,-0.0019036011360989424,0.49389329333619025,3762,-0.24606261835936488
tbi_ma24,short,0,-inf,-0.019114789514410906,14002,-0.18648085562017086,0.0002772084397826835,0.5159977146121982,9552,-0.23402634591249355
vol_per_trade_z,long,7,0.4904842520846981,0.8518806300801575,13958,-0.18658444113887346,-0.0020475347467375504,0.4972775469264938,4721,-0.25175483535691723
range_per_trade,short,5,1.1458675502453218e-07,1.272940637743521e-07,14016,-0.18660931551908788,0.00014874854086566192,0.4990724885844749,4609,-0.217167684565265
rv_vs_range,short,6,0.6924966618227585,0.745273498395387,14016,-0.18661078544104193,0.0001472786189116171,0.4973601598173516,5289,-0.18858109176878504
vol_of_vol,short,3,-0.6335448692586849,-0.463764815386144,13967,-0.1866672123425628,9.085171739073306e-05,0.500393785351185,4548,-0.21241754228127646
dow,short,4,4.0,5.0,20042,-0.18672129322154798,3.6770838405558726e-05,0.48178824468615905,7385,-0.19263528520109321
rv_vs_range,long,3,0.561285146548366,0.60426635554852,14016,-0.18673032783707022,-0.0021934214449343126,0.4977168949771689,4882,-0.2674999138403145
extreme_late,short,8,1.0,inf,30576,-0.18674407273192775,1.399132802579195e-05,0.4960099424385139,10559,-0.20965117129040203
efficiency,short,1,0.04468191272337481,0.0871516235924731,14016,-0.18674741326186806,1.0650798085487523e-05,0.49650399543379,4866,-0.19880501828032504
body_frac,long,8,0.5254837690032733,0.6955954050180572,14015,-0.18677154703715082,-0.0022346406450149126,0.49925080271138067,5160,-0.29976022018141785
dq,long,2,-0.12505945700562648,-0.08044186966186234,14015,-0.18677978822734126,-0.0022428818352053514,0.49225829468426685,4354,-0.25875289143524915
kyle_z,long,5,-0.12965138906598778,0.12274147750610508,13958,-0.18685699622651594,-0.0023200898343800347,0.49842384295744374,4887,-0.2457950967878827
lo_pos,short,1,0.0,0.14285714285714285,39162,-0.18687486146456014,-0.00011679740460660004,0.49739543434962463,14255,-0.20787623793863835
tbi_ma96,long,5,-0.002562146759661296,-0.0007382402527540437,13958,-0.18689602244377584,-0.0023591160516399368,0.49863877346324686,4200,-0.24639107929641643
dn_wick,long,7,0.3833902153925304,0.46969070110215877,14015,-0.18704737980321617,-0.0025104734110802662,0.4933999286478773,4678,-0.26604765449253276
ats_z96,long,7,0.4890299469955447,0.8541642274915368,13958,-0.18704983252868268,-0.0025129261365467725,0.4980656254477719,4799,-0.25737015243124683
to_lo96,short,3,3.3948137499015485,4.263236233236001,14008,-0.18709447121214978,-0.0003364071521962386,0.5017133066818961,4670,-0.2289568065950912
dq_cum24,short,0,-inf,-0.9156657352158338,14002,-0.18713402601050547,-0.00037596195055192294,0.5158548778745894,9572,-0.23431387552234764
hour,short,5,11.0,14.0,17488,-0.18714994089906897,-0.00039187683911542925,0.5069762122598354,6429,-0.2091925971695398
hour,long,6,14.0,16.0,11681,-0.18722734643454275,-0.002690440042406844,0.49310846674086123,4295,-0.2071397877117341
to_hi96,long,2,2.260823299643053,3.0634925272858107,14007,-0.18723998625231172,-0.0027030798601758166,0.4963232669379596,5051,-0.237162646574878
vol_per_trade_z,long,1,-1.2705405460583419,-0.8950399093718938,13958,-0.18724600353184945,-0.00270909713971354,0.5065912021779625,5615,-0.25695732123708465
accel,short,6,0.3118110215996703,0.65147929996058,14014,-0.18725000265471098,-0.0004919385947574351,0.5011417154274297,4977,-0.2235810048603459
range_rank,long,3,0.28541666666666665,0.39166666666666666,13835,-0.18732969023086418,-0.0027927838387282744,0.503433321286592,5032,-0.2979497265288185
to_lo480,long,2,5.7578065854074945,8.111099828214481,13969,-0.18742218840815442,-0.002885282016018509,0.488367098575417,4968,-0.19502314719990016
pos24,short,8,0.7756508507864474,0.8623614572837671,14015,-0.187457379262791,-0.0006993152028374472,0.4926150552978951,5180,-0.22695498557999153
persist6,long,4,0.27190295231164374,0.34512160591140467,14016,-0.18747086630367682,-0.002933959911540912,0.5012842465753424,4974,-0.25743627715404394
close_loc,short,5,0.5078031212484951,0.617309601848405,14016,-0.18757643056758846,-0.0008183665076349211,0.4955051369863014,4887,-0.1957368710936788
disp6,short,5,0.02308495667088753,0.3416859973281156,14017,-0.18768371120015312,-0.0009256471401995758,0.5013911678675893,4646,-0.21601774683553118
lo_pos,long,5,0.5714285714285714,0.7142857142857143,12517,-0.18775077117173644,-0.0032138647796005337,0.5008388591515539,4471,-0.2595601138610509
since_lo480,long,7,401.0,443.0,13717,-0.18777320864243163,-0.003236302250295725,0.5069621637384267,4856,-0.2804720779440743
absorb,long,2,-0.17671102425221877,-0.10685931684262207,14003,-0.18790288357310728,-0.003365977180971369,0.49775048203956296,4975,-0.24291546293594515
body_frac,long,5,0.003168308072133414,0.19938591779853412,14015,-0.18796591316949496,-0.0034290067773590505,0.49867998572957545,4745,-0.269393521582684
rpt_rank,short,3,0.29583333333333334,0.39791666666666664,13782,-0.18797209061681944,-0.0012140265568658937,0.49637207952401685,5213,-0.21066730347739374
flow_div,short,0,-inf,0.0,113222,-0.18803177814658145,-0.0012737140866279084,0.49663492960732014,39640,-0.21534854374660875
range_per_trade,long,5,1.1458739311492805e-07,1.2729349914014148e-07,14015,-0.18804364777360327,-0.0035067413814673654,0.4993221548341063,4609,-0.28842070741461184
since_hi96,long,7,77.0,87.0,14470,-0.1880731737822803,-0.0035362673901443986,0.5049067035245335,5254,-0.26972404561547386
accel,long,1,-1.578444330762708,-1.0522464393797755,14014,-0.18808646732628362,-0.003549560934147711,0.4997859283573569,5088,-0.2704805704483417
tbi_z8,short,1,-1.3275298288880395,-0.9351555869071664,14011,-0.18812774483934452,-0.0013696807793909804,0.49703804153879094,5121,-0.22279712759661882
ats_z96,short,4,-0.3428662280452542,-0.0843252746513933,13958,-0.1881354787644743,-0.0013774147045207685,0.49957013898839375,5522,-0.23286291561316932
rv_vs_range,short,5,0.6466693968329329,0.6924966618227585,14016,-0.18822689666602654,-0.0014688326060730006,0.4932220319634703,5041,-0.20967823872057606
extreme_late,short,3,0.5714285714285714,0.6428571428571429,7922,-0.18822861494978843,-0.0014705508898348874,0.5,3062,-0.18273253388870817
dn_wick,long,8,0.46969070110215877,0.5902406375080862,14015,-0.1883071029827709,-0.003770196590634989,0.49354263289332856,4706,-0.25754385056739326
range_per_trade,long,3,9.236254029671885e-08,1.0324493777952816e-07,14016,-0.18835187551253554,-0.003814969120399636,0.5058504566210046,6338,-0.24717243249141488
pos24,short,7,0.6929712734636477,0.7756508507864474,14015,-0.18836084486425253,-0.0016027808042989866,0.4955404923296468,4897,-0.24162239651075842
rv_vs_range,short,4,0.6042673687340264,0.6466693968329329,14015,-0.18836114486251268,-0.001603080802559137,0.49361398501605425,4842,-0.20167261110685972
kyle_z,long,4,-0.3628831522506454,-0.12965138906598778,13958,-0.18836816536577314,-0.0038312589736372304,0.4983521994555094,4849,-0.26010653633149877
vol_per_trade_z,long,2,-0.8950399093718938,-0.606486065822266,13958,-0.18852320629818084,-0.003986299906044932,0.5031523140851125,5847,-0.2883400212323911
flow_div,long,2,1.0,inf,26812,-0.1885330254033149,-0.003996119011178995,0.497463822169178,11856,-0.27868873932571414
ats_z96,long,6,0.18663337168919103,0.4890299469955447,13959,-0.1885816335737508,-0.004044727181614888,0.49767175299090194,5032,-0.26131408889982605
extreme_late,short,6,0.8571428571428571,0.9285714285714286,13177,-0.18861258479258697,-0.0018545207326334245,0.49745769143204066,5024,-0.2125139262147663
accel,short,9,1.5787147777209503,inf,14015,-0.18863594706481132,-0.0018778830048577777,0.4878344630752765,5636,-0.20730667964389712
since_lo480,short,2,82.0,145.0,13972,-0.1886630128130066,-0.001904948753053054,0.49670770111651874,5006,-0.23582029427403392
to_hi24,long,7,3.03433114589894,3.63296191484043,14014,-0.18867356918276237,-0.004136662790626466,0.498001998001998,4897,-0.29655117549638954
rpt_rank,long,1,0.09791666666666667,0.19583333333333333,13642,-0.18869417349451978,-0.004157267102383871,0.500219909104237,5081,-0.25229205025946155
m1_jump,long,7,0.38881978772605624,0.4515785838589871,14017,-0.18871761087480446,-0.004180704482668551,0.5021045872868659,5754,-0.2765094848734415
absorb_z,long,0,-inf,-0.4313514908406437,12946,-0.18873864068125598,-0.004201734289120074,0.4959833153097482,4499,-0.2498046726759868
efficiency,short,5,0.21942790584447355,0.26963481248345744,14016,-0.188889495212254,-0.002131431152300467,0.4944349315068493,4949,-0.22564743961558278
since_lo24,long,9,24.0,inf,19219,-0.18895877854884047,-0.004421872156704559,0.5000260159217441,6822,-0.2438171566755433
tbi_z96,short,3,-0.565175314789668,-0.27972010923656276,13959,-0.18901850303484205,-0.0022604389748885068,0.4933018124507486,5117,-0.19764376547583967
dq_z96,short,3,-0.5652509710302882,-0.27961388430120904,13959,-0.18903726301245655,-0.002279198952503003,0.4933018124507486,5122,-0.1978544904626306
ats_rank480,short,3,0.29375,0.3958333333333333,13619,-0.1890533570904614,-0.00229529303050785,0.49673250605771346,5089,-0.19952761718080686
gap,short,3,0.0,0.0002630810405402991,75843,-0.18908975578636245,-0.002331691726408902,0.496499347335944,28717,-0.19958294504855953
sess_asia,short,1,1.0,inf,46743,-0.18916227396642407,-0.002404209906470528,0.49981815458999207,17181,-0.23045030812393041
extreme_late,long,7,0.9285714285714286,1.0,16458,-0.18920024341452468,-0.004663337022388775,0.49914934986025034,5998,-0.26262932444529685
disp96,short,6,1.6801144263816876,3.3430878765984735,14007,-0.18920268517943242,-0.002444621119478879,0.5048190190618976,4946,-0.2697302724617976
flow_eff,long,4,0.01307954937837107,0.020493031718491928,14015,-0.18920584351781086,-0.0046689371256749546,0.5060292543703175,5822,-0.25930286947436054
tbi,short,1,-0.09366059464329217,-0.06255989102356668,14016,-0.18920824053107194,-0.0024501764711183927,0.4967180365296804,5140,-0.2085003759152094
tbi_ma24,long,2,-0.013240878467658977,-0.00911019531544062,14002,-0.18931899443075106,-0.0047820880386151565,0.494215112126839,4393,-0.23665214327047765
disp6,long,2,-1.0556722119863837,-0.6426749136931783,14016,-0.18936376918553283,-0.004826862793396919,0.5030679223744292,4988,-0.2680068294892303
m1_jump,short,4,0.2812463235878291,0.3110488675305517,14017,-0.18942081246918943,-0.0026627484092358877,0.4942569736748234,5123,-0.1992913978541457
ats_z96,short,3,-0.608924458107874,-0.3428662280452542,13959,-0.18944653164732125,-0.00268846758736771,0.4996059889676911,5795,-0.19341040197632223
rpt_rank,short,7,0.7020833333333333,0.8020833333333334,13686,-0.18957181175331633,-0.002813747693362789,0.4983925179015052,5072,-0.24066649323587608
extreme_late,short,5,0.7857142857142857,0.8571428571428571,11115,-0.18967974460567946,-0.0029216805457259187,0.49626630679262257,4411,-0.19491691212814086
range_rank,long,4,0.39166666666666666,0.49583333333333335,13514,-0.1896860407562531,-0.0051491343641171805,0.4962261358591091,5050,-0.24659612712409237
updn_ratio,long,1,0.3333333333333333,0.4,13454,-0.18968849927269255,-0.005151592880556638,0.5032704028541698,4921,-0.2602833600770807
range_rank,long,2,0.18125,0.28541666666666665,13724,-0.1897571259941308,-0.0052202196019948965,0.5110026231419411,4853,-0.3067325228632337
persist6,short,6,0.42614485543057584,0.5152954414927831,14017,-0.18981482359541685,-0.003056759535463305,0.49489905115217236,5014,-0.2285246548931803
disp6,short,4,-0.29522091418923097,0.02308495667088753,14017,-0.1898281718337408,-0.003070107773787245,0.5001070129128915,4771,-0.18991432551923731
tbi_z8,long,5,-0.004642608817948089,0.2997915292045913,14011,-0.18989570460041305,-0.0053587982082771435,0.4972521590179145,5185,-0.2479369439151604
tbi_z8,long,9,1.336275268000092,inf,14012,-0.18990236638374233,-0.005365459991606425,0.495717956037682,5325,-0.2685302693868276
efficiency,short,6,0.26963481248345744,0.3258091626661196,14016,-0.18993728405372662,-0.0031792199937730747,0.493935502283105,4983,-0.2082028362284475
persist6,long,5,0.34512160591140467,0.4261460326108032,14017,-0.18996079556891773,-0.0054238891767818265,0.49946493543554255,5300,-0.26503452095199487
minofday,short,1,135.0,285.0,14608,-0.18998195918155347,-0.003223895121599929,0.49575575027382257,5368,-0.22001047353367484
hi_pos,short,6,0.7142857142857143,0.8571428571428571,13204,-0.18999153655339687,-0.003233472493443329,0.49485004544077554,5101,-0.18572279898457472
persist96,long,4,0.06593879813668473,0.08614662774818138,14007,-0.1900438500336996,-0.005506943641563705,0.5026772328121654,5260,-0.2735330275824933
extreme_late,long,4,0.6428571428571429,0.7857142857142857,19230,-0.19005589842953996,-0.005518992037404052,0.49885595423816953,7219,-0.2714267553575782
dq,short,1,-0.18721913061730625,-0.12504701798614723,14016,-0.19007614500948886,-0.0033180809495353125,0.4962899543378995,5141,-0.20836330327613137
since_hi480,long,8,431.0,466.0,13830,-0.19008073672616504,-0.005543830334029137,0.5038322487346348,5243,-0.2524715943302735
since_hi96,long,1,6.0,16.0,14943,-0.19009654601148,-0.005559639619344081,0.4867161881817573,5550,-0.27846834625576206
close_loc,short,3,0.29477259885860085,0.3996196110970619,14016,-0.19011875708230647,-0.003360693022352923,0.493935502283105,4801,-0.22370571694648503
ats_rank480,long,6,0.6041666666666666,0.7083333333333334,13838,-0.19015870379246355,-0.005621797400327644,0.4929903165197283,5241,-0.24783424122752848
rpt_z,long,3,-0.6028368648600727,-0.3507347352066316,13959,-0.1902068537500674,-0.0056699473579314985,0.4996059889676911,5404,-0.24145490848601625
tbi_ma96,short,6,-0.0007377628229574943,0.0012951752407696345,13959,-0.19023335964032617,-0.003475295580372628,0.49666881581775196,4258,-0.17951932948671537
m1_jump,short,5,0.3110488675305517,0.3456193561810111,14017,-0.19026343579126345,-0.0035053717313099086,0.4960405222230149,5368,-0.21301420417495864
to_lo96,long,5,5.193998770687035,6.19869336567999,14007,-0.1903110650584261,-0.005774158666290191,0.5066752338116656,4664,-0.3091041365258437
to_hi24,long,4,1.7863027097386686,2.155726883821766,14015,-0.19032201261306253,-0.005785106220926622,0.5041740991794506,4627,-0.253106133770121
dow,long,3,3.0,4.0,19952,-0.19035690686084816,-0.005820000468712255,0.4852646351242983,7389,-0.30677801748742767
trade_intensity,long,7,1.0507349069195788,1.3135654095021385,14007,-0.19038795984487505,-0.005851053452739147,0.4896837295637895,4892,-0.24327777164733477
hour,short,8,19.0,21.0,11687,-0.19042791455211397,-0.003669850492160426,0.48524001026781893,4295,-0.17250727189289475
rpt_rank,short,5,0.4979166666666667,0.6,13883,-0.19049480149872777,-0.003736737438774229,0.49665057984585465,5164,-0.21010408701720334
hi_pos,long,8,1.0,inf,15724,-0.19049595667171193,-0.0059590502795760225,0.4933223098448232,5245,-0.27810083883289666
efficiency,long,8,0.3962855733162253,0.49702325975685835,14015,-0.1905596185538842,-0.006022712161748295,0.4978951123795933,5467,-0.26652664807871007
dq_cum24,long,2,-0.6335605944378102,-0.4353365070353155,14002,-0.1906154077334683,-0.006078501341332393,0.4937151835452078,4391,-0.2377764153931509
range_z,short,4,-0.4339580584639609,-0.2779550648452671,13958,-0.19063128395645126,-0.0038732198964977205,0.49706261642069066,4594,-0.21262503548367634
to_lo96,short,8,8.947805058700894,11.301275772520007,14008,-0.19064319370333596,-0.003885129643382418,0.4950028555111365,5331,-0.2057724823502119
lo_pos,short,6,0.7142857142857143,0.8571428571428571,13273,-0.19067486888658577,-0.003916804826632231,0.4983801702704739,5143,-0.21125764830620805
rpt_rank,long,7,0.7020833333333333,0.8020833333333334,13686,-0.19071371269519583,-0.006176806303059917,0.4997077305275464,5073,-0.26491661824725476
since_hi480,short,2,66.0,121.0,14002,-0.1907458857359677,-0.003987821676014164,0.49464362233966575,5042,-0.29821104617702016
rpt_z,long,5,-0.09721686596894398,0.17389045493129565,13958,-0.19074740344114516,-0.00621049704900925,0.49777905144003437,5301,-0.2620256016208137
persist96,long,3,0.047767154898575526,0.06593879813668473,14007,-0.1908871885010506,-0.0063502821089146955,0.5078889126865139,5068,-0.24221259688264155
body_frac,long,4,-0.19203747072600907,0.003168308072133414,14016,-0.1908930669530998,-0.006356160560963886,0.4932933789954338,4812,-0.25788334013938724
avg_trade_usd,long,9,5173.006119003207,inf,14016,-0.1909155885722273,-0.006378682180091383,0.4802368721461187,11436,-0.2699331719870965
since_lo480,long,4,214.0,283.0,13984,-0.19092148481866025,-0.0063845784265243455,0.504433638443936,5424,-0.25147535355309647
pos24,long,6,0.6092796092796163,0.6929478160592323,14014,-0.1911558996396689,-0.006618993247532984,0.5022834308548594,4748,-0.22841246282583122
tbi_z24,long,1,-1.3075631805054522,-0.8991322082481358,14001,-0.19121428121045547,-0.006677374818319565,0.49903578315834585,4987,-0.2553395392546725
dq_z96,long,4,-0.27962597126903066,-0.0016315315861034525,13958,-0.19125927407358104,-0.006722367681445129,0.4936237283278407,5371,-0.2409412218228562
since_lo480,short,5,283.0,345.0,13898,-0.19126749839393833,-0.004509434333984791,0.5020866311699526,5133,-0.15013124886817875
absorb_z,short,3,-0.11125478304337356,-0.04710273349141747,12945,-0.19129389090855134,-0.004535826848597796,0.48891463885670144,5678,-0.21765942210307168
since_hi96,long,8,87.0,94.0,13698,-0.19130053090212917,-0.006763624509993266,0.5051102350708132,5352,-0.23953882442149496
dn_wick,short,3,0.13034940207788265,0.18674067999745736,14016,-0.19132712244915656,-0.004569058389203018,0.4917950913242009,5265,-0.19357413766504314
disp96,long,7,3.3430648596541293,5.458162100394686,14007,-0.19137957247455945,-0.0068426660824235375,0.4989648033126294,5628,-0.3066058334837683
avg_trade_usd,long,3,3031.9469175715826,3335.6825322192667,14016,-0.19138181052109957,-0.006844904128963658,0.5030679223744292,3846,-0.28249212630102244
since_hi480,short,1,24.0,66.0,13963,-0.19144910191158795,-0.004691037851634411,0.4916565208049846,4984,-0.16206156094023588
minofday,short,8,1140.0,1290.0,14606,-0.191496969215102,-0.004738905155148465,0.48480076680816103,5368,-0.16925798792226687
lo_pos,long,2,0.14285714285714285,0.2857142857142857,16685,-0.19151150530758307,-0.006974598915447161,0.49577464788732395,6207,-0.2931354214154146
lo_pos,short,5,0.5714285714285714,0.7142857142857143,12518,-0.1916153600461858,-0.004857295986232246,0.49784310592746445,4471,-0.2221422945702906
rpt_z,long,2,-0.8791910749727797,-0.6028368648600727,13958,-0.1919318155466922,-0.0073949091545562895,0.4957013898839375,5361,-0.2730993069095282
tbi_z8,short,3,-0.6113623074768096,-0.309606523537271,14011,-0.1919880406000303,-0.005229976540076758,0.4946827492684319,4904,-0.2094344797365833
since_hi96,short,8,87.0,94.0,13698,-0.19203228241595058,-0.005274218355997035,0.4942327347057965,5352,-0.22921380782966322
ats_rank480,long,2,0.18958333333333333,0.29375,13812,-0.19203267782029548,-0.0074957714281595755,0.5019548218940052,5293,-0.2989974390173442
rpt_rank,long,2,0.19583333333333333,0.29583333333333334,13589,-0.1920349139482234,-0.007498007556087483,0.49473839134594155,5099,-0.24671727386009504
persist6,short,0,-inf,0.06564204677227863,14017,-0.19204715198595432,-0.005289087926000774,0.49982164514518085,5130,-0.20962666518588138
wick_skew,long,4,-0.09222845661285473,-0.008493337368199863,14015,-0.1920956529944458,-0.0075587466023099015,0.49275775954334644,5248,-0.2687811373337866
persist24,short,6,0.1995092040439495,0.2478807141106758,14014,-0.19211489737452644,-0.005356833314572901,0.495004995004995,5443,-0.19953762266251726
persist6,short,4,0.27188191987466837,0.3451096030532935,14017,-0.1921249918436169,-0.00536692778366335,0.4976813868873511,4976,-0.22228867109765696
disp6,long,8,1.0897004199406322,1.7044710220002166,14016,-0.1921874042124673,-0.007650497820331392,0.4954337899543379,5426,-0.2708135598525526
dn_wick,short,5,0.24645390070919068,0.31097161789955136,14016,-0.19219758108557664,-0.005439517025623092,0.491509703196347,4918,-0.19888262279236027
extreme_late,short,0,-inf,0.21428571428571427,10743,-0.1922144889444853,-0.005456424884531769,0.49399609047752024,3633,-0.2243782622496067
tbi_z96,long,4,-0.27976144208408094,-0.0019083024771406813,13958,-0.1922206261937581,-0.007683719801622191,0.49312222381430004,5374,-0.241146833730592
tbi_z8,short,8,0.9384965556299195,1.3362472664784835,14011,-0.19231129146662518,-0.005553227406671635,0.4955392191849261,5083,-0.22962239443448482
dq,long,1,-0.18722704477530205,-0.12505945700562648,14015,-0.19232401144907435,-0.007787105056938443,0.5021048876204067,5141,-0.25285767648893775
rv_vs_range,long,2,0.5158595967057135,0.561285146548366,14015,-0.19233270816561085,-0.007795801773474942,0.49254370317516943,4732,-0.22862027124962636
lo_pos,short,8,1.0,inf,15467,-0.19235749438545197,-0.005599430325498422,0.48891187689920473,5525,-0.22754643746617312
tbi_z8,short,4,-0.309606523537271,-0.00462140485820722,14011,-0.19239134285079168,-0.0056332787908381365,0.49425451431018486,5289,-0.19964116544628463
to_lo24,long,8,3.907503853607555,4.9039307166175625,14015,-0.19248344448252866,-0.007946538090392752,0.49653942204780593,5445,-0.2375087016424342
vol_of_vol,long,3,-0.6335154057001446,-0.4637462790006785,13967,-0.19254232125497692,-0.00800541486284101,0.49931982530249874,4548,-0.2860270298767135
tbi_ma96,short,8,0.0037657705700364346,0.0071083224734139515,13959,-0.19257071056580685,-0.005812646505853308,0.4953793251665592,4719,-0.2412570229909461
to_lo480,long,3,8.111099828214481,10.498405279425759,13969,-0.19264730301720778,-0.008110396625071875,0.49259073663111175,5491,-0.24969687602550353
ats_rank480,short,4,0.3958333333333333,0.5,13833,-0.19271073447506634,-0.0059526704151127985,0.4956986915347358,5343,-0.19879290606925593
m1_jump,long,6,0.3456201367329653,0.38881978772605624,14017,-0.1927294836165478,-0.008192577224411884,0.49689662552614683,5439,-0.25223909864712685
rpt_z,long,6,0.17389045493129565,0.47025248632215627,13959,-0.1927521758365518,-0.00821526944441589,0.49724192277383766,5133,-0.2593125143514564
sess_asia,long,1,1.0,inf,46742,-0.19278297276511475,-0.008246066372978839,0.49957211929314105,17181,-0.25605147541085826
persist24,long,4,0.12287525197961363,0.159421245799349,14014,-0.19281448339042692,-0.008277576998291014,0.5012844298558584,5025,-0.2861775996235511
extreme_late,long,1,0.21428571428571427,0.42857142857142855,16775,-0.19282073016052442,-0.008283823768388515,0.4948435171385991,6041,-0.2619595477881886
ats_z96,long,2,-0.8953027029922213,-0.6089294924600605,13958,-0.19284337650477232,-0.00830647011263641,0.5002865740077375,5843,-0.27524803976057965
tbi,long,1,-0.09366210508745729,-0.0625651350679518,14015,-0.19290672517950824,-0.008369818787372335,0.5017481270067784,5140,-0.25259452737541926
tbi_ma8,long,3,-0.013899765234444247,-0.007959652169838245,14011,-0.1930231896683449,-0.008486283276208983,0.4881164799086432,3874,-0.22273457365567087
sess_us,long,0,-inf,1.0,93451,-0.19312958586927742,-0.008592679477141513,0.5012787450107543,34349,-0.27932089659469495
accel,short,3,-0.6674117977300799,-0.3296872862126683,14014,-0.1932181186211086,-0.00646005456115506,0.49878692735835595,5092,-0.21402631666235367
ats_z96,long,4,-0.34286698932592685,-0.0843229901751315,13958,-0.19328043470456124,-0.008743528312425336,0.49842384295744374,5522,-0.24481731131093123
minofday,long,0,-inf,135.0,13145,-0.19328470758595548,-0.008747801193819571,0.4894636744009129,4833,-0.2660693018142295
pos24,long,2,0.26048254860623177,0.3483674332636929,14015,-0.19332709051235947,-0.00879018412022356,0.49603995718872634,4703,-0.2939106563575815
tbi_z8,long,7,0.6123120131942761,0.9384218242691065,14011,-0.19360147117761042,-0.009064564785474516,0.49753764899007924,5088,-0.2905849169333356
to_hi24,long,0,-inf,0.6861731328401602,14015,-0.19360352338206488,-0.009066616989928972,0.49318587227970034,6271,-0.2774522346713592
persist24,short,5,0.1594171793608751,0.1995092040439495,14015,-0.1937046391360638,-0.006946575076110267,0.49925080271138067,5090,-0.2101186810535972
to_lo24,short,0,-inf,0.7891721646880592,14015,-0.19382554627473564,-0.007067482214782095,0.49061719586157687,6875,-0.20562595805062156
persist96,long,6,0.10972919092405987,0.13718600452578042,14007,-0.19383146782896468,-0.009294561436828774,0.48875562218890556,5605,-0.2846018321694621
up_wick,long,1,0.01942422572571483,0.07094133697136125,14014,-0.19388108000257342,-0.009344173610437517,0.48886827458256027,5380,-0.27939683772314805
efficiency,long,0,-inf,0.04468131098049181,14016,-0.19392562749799572,-0.00938872110585981,0.4945776255707763,5017,-0.2649254559863081
tbi_z24,long,7,0.572575985734369,0.8993818057574918,14001,-0.19395290762151315,-0.009416001229377247,0.49675023212627667,5190,-0.2554300969680221
accel,long,3,-0.6675080115064056,-0.32978900274514406,14014,-0.19396349514510078,-0.00942658875296487,0.5002854288568575,5092,-0.26705459461338055
rpt_z,short,8,0.8393463774848583,1.3771376606383035,13959,-0.1939878794908995,-0.007229815430945946,0.49358836592879146,4916,-0.22541070119636455
efficiency,short,7,0.3258091626661196,0.39629129833023363,14015,-0.1940443145883591,-0.007286250528405563,0.491616125579736,5159,-0.20138171819945727
kyle_z,long,2,-0.8662471573146788,-0.6030655750494895,13958,-0.19415227466440796,-0.009615368272272051,0.5010030090270813,5069,-0.3017069096631812
body_frac,short,3,-0.3612885690779638,-0.19200532741394577,14016,-0.19425788874650393,-0.007499824686550388,0.4933647260273973,4750,-0.2339193486363192
up_wick,long,3,0.12389310700171088,0.17677135751565867,14016,-0.19426112880607585,-0.009724222413939942,0.4912243150684932,4977,-0.22732872834175866
body_frac,long,6,0.19938591779853412,0.36761180102122676,14016,-0.194298524070431,-0.009761617678295087,0.4943635844748858,4841,-0.2791184851029693
rpt_z,long,4,-0.3507347352066316,-0.09721686596894398,13958,-0.19431272828099366,-0.009775821888857755,0.49677604241295314,5236,-0.24030933871403326
disp6,short,6,0.3416859973281156,0.6823649026090852,14016,-0.19432259441956826,-0.007564530359614713,0.4960759132420091,4810,-0.22855535592672743
to_lo96,long,2,2.543857635090043,3.394650857298088,14007,-0.19435182773580598,-0.009814921343670069,0.4909688013136289,4768,-0.2395807911172194
close_loc,short,1,0.09578786045572643,0.19558346415490108,14016,-0.19441723101387454,-0.007659166953920993,0.4891552511415525,5194,-0.20677626830297746
disp24,long,4,-0.5810070933082018,0.058831707993853705,14014,-0.19442075437961645,-0.009883847987480543,0.504995004995005,4522,-0.27772860869959726
disp6,long,4,-0.29532858533689993,0.023046643945064584,14016,-0.19453014517738043,-0.009993238785244524,0.498787100456621,4771,-0.28945276878008036
since_hi480,long,9,466.0,inf,14182,-0.19458446623006476,-0.010047559837928849,0.492878296432097,5946,-0.3124310716545788
ats_z96,short,2,-0.8952810929430602,-0.608924458107874,13958,-0.19459947921271437,-0.007841415152760822,0.4983521994555094,5843,-0.19460197909268764
extreme_late,long,3,0.5714285714285714,0.6428571428571429,7922,-0.19462910120061996,-0.010092194808484056,0.49823276950265083,3062,-0.2849454324669568
to_lo480,long,5,13.047405244081887,15.834771914909656,13969,-0.19478757239173997,-0.010250665999604058,0.4974586584580142,5540,-0.3130165312976282
close_loc,long,8,0.8192266992267047,0.914622188437612,14015,-0.19490525070342488,-0.010368344311288968,0.49140206921155904,5137,-0.2517734628134424
hour,long,0,-inf,2.0,11685,-0.1949162635864217,-0.010379357194285788,0.48840393667094567,4296,-0.2700958911972375
since_lo480,short,9,470.0,inf,14516,-0.19491767815015493,-0.008159614090201384,0.49345549738219896,4979,-0.23027038200113403
since_hi96,short,5,53.0,66.0,14279,-0.19504479511327558,-0.008286731053322033,0.5067581763428811,4944,-0.26518297279695596
minofday,long,4,570.0,705.0,13144,-0.19508355290714322,-0.010546646515007307,0.5108794887401096,4832,-0.299899937750934
to_hi480,long,8,19.69953405527554,26.53783520907761,13969,-0.19508963696866893,-0.010552730576533026,0.5102727467964779,5895,-0.2413248164835141
up_wick,short,7,0.36864002111877264,0.4562675403332057,14015,-0.1951205580292078,-0.008362493969254259,0.4881198715661791,4793,-0.2074526371510116
accel,long,6,0.31180160279495195,0.6514721539344382,14014,-0.19517188829179638,-0.010634981899660473,0.49728842585985444,4976,-0.25729029257492614
updn_ratio,short,9,0.6666666666666666,inf,18487,-0.1952307307649829,-0.008472666705029358,0.49580786498620655,7154,-0.21510993327747724
pos24,short,6,0.6092881267896129,0.6929712734636477,14015,-0.19529027190212692,-0.008532207842173373,0.4966821262932572,4749,-0.2516392138958872
persist24,long,2,0.05837412070427148,0.08962533061206991,14015,-0.19537773073865097,-0.010840824346515066,0.5018908312522298,4960,-0.2720864847293307
m1_jump,short,7,0.38882379996027294,0.45157603956882486,14017,-0.1953847119799358,-0.008626647919982244,0.49675394164229153,5754,-0.2152880121868968
ats_rank480,long,1,0.09166666666666666,0.18958333333333333,13623,-0.19541126649398333,-0.010874360101847419,0.5037069661601703,5017,-0.27303934565047916
persist6,long,0,-inf,0.06564649645191144,14017,-0.19541339138970196,-0.01087648499756605,0.49910822572590424,5130,-0.27569047464199486
absorb_z,long,9,0.43851050616117193,inf,12946,-0.19548999923317625,-0.010953092841040346,0.4928163139193573,4432,-0.2841192424153133
ats_z96,long,3,-0.6089294924600605,-0.34286698932592685,13959,-0.1954919998925117,-0.010955093500375795,0.4981015832079662,5795,-0.284756849518023
since_lo24,long,0,-inf,2.0,10689,-0.1955107717661822,-0.010973865374046293,0.495743287491814,4733,-0.25622540157283547
to_lo24,short,9,4.903785850667994,inf,14015,-0.19551929396647705,-0.008761229906523504,0.4719229397074563,5374,-0.19072408949280548
since_hi96,short,4,40.0,53.0,13715,-0.1955443395062206,-0.008786275446267061,0.5054320087495443,4891,-0.23978911236795253
accel,long,5,-0.006778658880697508,0.31180160279495195,14015,-0.19555986269201495,-0.011022956299879039,0.4998216196931859,4899,-0.27585248557358905
persist96,long,2,0.03108564679209654,0.047767154898575526,14007,-0.19556626300527538,-0.011029356613139474,0.5108160205611479,4916,-0.23976642104817597
disp24,short,6,0.7112039041987341,1.4366321547428968,14014,-0.1955729916958101,-0.008814927635856562,0.5015698587127159,4728,-0.2552264997093868
absorb,short,8,0.15357526603077548,0.28430886645566905,14004,-0.19559252316102657,-0.008834459101073028,0.5026421022564982,5506,-0.2088022861473664
to_hi96,short,1,1.4202066763537726,2.260817133550054,14008,-0.19563873437706605,-0.00888067031711251,0.481296402055968,5235,-0.2254972362196716
wick_skew,short,7,0.1640973046829683,0.27882688139797357,14015,-0.195665930227656,-0.00890786616770245,0.48719229397074565,5253,-0.20620462265677472
accel,short,5,-0.006749369290743941,0.3118110215996703,14015,-0.19573506980272404,-0.008977005742770494,0.4990367463432037,4900,-0.20257624741185276
hi_pos,short,1,0.0,0.14285714285714285,40966,-0.19573525359233446,-0.008977189532380914,0.49343357906556656,14590,-0.2297527449685964
since_lo24,long,8,22.0,24.0,15671,-0.1957927826690329,-0.011255876276897003,0.4986280390530279,5494,-0.2780267961963164
absorb_z,short,8,0.23278124572234518,0.43850573154978184,12945,-0.1958440552491649,-0.009085991189211357,0.4899961375048281,4393,-0.16712655545631022
sess_us,short,0,-inf,1.0,93454,-0.19595637632403262,-0.009198312264079078,0.49733558756179513,34349,-0.21845260678591727
disp6,short,2,-1.0555504423537134,-0.6426314532860304,14017,-0.19639203080516388,-0.009633966745210332,0.49589783833915957,4987,-0.20477451173390157
since_lo480,short,8,443.0,470.0,13676,-0.1963962689527991,-0.009638204892845559,0.500877449546651,4615,-0.2698343184811731
disp6,long,1,-1.6722102902867437,-1.0556722119863837,14016,-0.1963975999944271,-0.011860693602291195,0.495291095890411,5263,-0.26842789350069307
since_lo96,long,5,56.0,69.0,14454,-0.19642289461140378,-0.011885988219267868,0.5107928601079286,5207,-0.2600465463937616
tbi_ma8,long,2,-0.021115301495701008,-0.013899765234444247,14011,-0.19647362954446643,-0.01193672315233052,0.49025765469987864,4325,-0.2548462804020187
rpt_rank,short,9,0.9041666666666667,inf,13860,-0.19654410091503155,-0.009786036855078006,0.49567099567099565,5248,-0.2351500505438603
kyle_z,short,3,-0.6030808219959258,-0.36289017764779685,13959,-0.19663899535981724,-0.009880931299863699,0.4951644100580271,4858,-0.21640155203592534
to_hi96,long,7,6.550551373679751,7.8691136051622275,14007,-0.1966588722898977,-0.012121965897761794,0.49261083743842365,4970,-0.25580319285096276
hour,long,2,4.0,7.0,17527,-0.1966861915225122,-0.012149285130376303,0.5037941461744737,6442,-0.24952558677534842
dn_wick,short,2,0.07529104181321014,0.13034940207788265,14015,-0.1966918352899274,-0.009933771229973853,0.48633606849803784,5327,-0.2023157122194395
tbi_z24,long,2,-0.8991322082481358,-0.5799681271421596,14002,-0.1967883334768868,-0.012251427084750882,0.4958577346093415,5033,-0.26527777346536496
hour,long,4,9.0,11.0,11683,-0.1969239820773173,-0.012387075685181381,0.5135667208764872,4295,-0.2948297432599621
vol_of_vol,short,5,-0.2810234708248263,-0.05957524152441164,13967,-0.19696262920469126,-0.01020456514473772,0.48306722989904777,4663,-0.1675007956158003
persist24,long,5,0.159421245799349,0.19951666989350927,14015,-0.1969887056161509,-0.012451799224014987,0.4990367463432037,5091,-0.27783928996579926
tbi_z96,short,8,0.8813185927170226,1.30924689913881,13959,-0.19701823663589632,-0.010260172575942778,0.4940898345153664,5141,-0.20495614060558676
range_z,short,3,-0.57771404878151,-0.4339580584639609,13959,-0.1971225704236188,-0.01036450636366526,0.49931943548964824,4522,-0.20703499451478574
hi_pos,short,2,0.14285714285714285,0.21428571428571427,8651,-0.19714527422715536,-0.010387210167201816,0.4887296266327592,3081,-0.22145651178757164
accel,long,4,-0.32978900274514406,-0.006778658880697508,14014,-0.1972061226611462,-0.012669216269010297,0.5007135721421436,5067,-0.25373064412791674
kyle_z,long,1,-1.2000338336034824,-0.8662471573146788,13958,-0.1973222536457023,-0.012785347253566393,0.506519558676028,5125,-0.30762140673898936
dq_z96,short,8,0.8814373070672452,1.3090162069632996,13959,-0.1973334271225766,-0.01057536306262305,0.4938749194068343,5140,-0.2039725717741828
rpt_z,long,0,-inf,-1.230512851409405,13959,-0.19735871736945473,-0.012821810977318826,0.4980299448384555,4665,-0.2558904566061898
vol_per_trade_z,short,4,-0.3422941717819684,-0.08164779957956056,13958,-0.19736689238016458,-0.010608828320211039,0.4957013898839375,5521,-0.23180560391630517
vol_of_vol,long,2,-0.8025651378625057,-0.6335154057001446,13966,-0.19763766886638448,-0.013100762474248573,0.5062294142918516,4554,-0.29310594065601225
absorb,long,1,-0.32978738886671505,-0.17671102425221877,14003,-0.1976626609448395,-0.013125754552703595,0.5046775690923374,5422,-0.2772627550596103
disp6,long,5,0.023046643945064584,0.3415807352319074,14017,-0.19768044181763983,-0.013143535425503922,0.4966112577584362,4644,-0.2597955264973603
accel,short,4,-0.3296872862126683,-0.006749369290743941,14015,-0.19793435713542512,-0.011176293075471577,0.4981091687477702,5066,-0.229076472531151
kyle_z,short,2,-0.8662486485757822,-0.6030808219959258,13958,-0.19793857585509192,-0.011180511795138376,0.4974208339303625,5068,-0.20236564387699893
ats_z96,long,5,-0.0843229901751315,0.18663337168919103,13958,-0.1980170827520793,-0.013480176359943391,0.4916177102736782,5279,-0.2557890377750895
rpt_z,short,7,0.47025661851165695,0.8393463774848583,13958,-0.19815381562596374,-0.011395751566010193,0.4912594927640063,4856,-0.20905119667783292
disp6,short,7,0.6823649026090852,1.0897102446703804,14016,-0.19817462466885802,-0.011416560608904475,0.4944349315068493,4939,-0.20751883644888766
since_hi24,long,1,2.0,4.0,12207,-0.19833495207763055,-0.013798045685494642,0.493159662488736,4642,-0.23088524881777617
tbi_z24,long,8,0.8993818057574918,1.32003872335956,14002,-0.1984252675693498,-0.013888361177213898,0.4962148264533638,5087,-0.27714408700622184
lo_pos,long,3,0.2857142857142857,0.35714285714285715,7259,-0.19844994689696013,-0.013913040504824226,0.4913899986223998,2535,-0.2800505825158327
accel,short,2,-1.0522084604917061,-0.6674117977300799,14015,-0.19848092969272674,-0.011722865632773194,0.4941134498751338,4862,-0.20331794522178562
vol_per_trade_z,long,3,-0.606486065822266,-0.34229457554392506,13959,-0.19850241429279245,-0.013965507900656537,0.49588079375313415,5768,-0.2683071782318953
persist96,short,5,0.08614529423821837,0.10972227916845365,14008,-0.19852818854274817,-0.01177012448279463,0.48850656767561396,5551,-0.15953950821073426
hi_pos,long,7,0.8571428571428571,1.0,16253,-0.19861086506631642,-0.014073958674180514,0.49547775795237803,6080,-0.2888870501794126
to_lo96,short,6,6.198775337551472,7.403323833766979,14008,-0.1986317502649063,-0.011873686204952744,0.4970017133066819,5011,-0.234603218823919
range_z,long,0,-inf,-0.9189604585395034,13959,-0.19875305892868303,-0.014216152536547122,0.5089189770040834,6071,-0.32491842506365376
trade_intensity,long,1,0.4147292806250781,0.5049147423635931,14007,-0.1988346004016288,-0.014297694009492906,0.505175983436853,5189,-0.3041620278736642
to_hi96,long,3,3.0634925272858107,3.842231843977253,14008,-0.19886506737270154,-0.014328160980565635,0.49671616219303255,4780,-0.2483903637321527
persist24,short,0,-inf,0.02880919114030623,14015,-0.19900186825914512,-0.012243804199191577,0.5016767748840528,4798,-0.24503197773313068
persist96,short,4,0.06593718818041105,0.08614529423821837,14008,-0.19903324176315998,-0.012275177703206436,0.4964306110793832,5260,-0.2015227000202553
ats_rank480,short,2,0.18958333333333333,0.29375,13812,-0.1991167295079344,-0.012358665447980866,0.49674196350999134,5293,-0.17628906535750444
kyle,short,3,2.648044758596141e-07,2.9483042974702686e-07,14016,-0.19914044255202312,-0.012382378492069579,0.4972888127853881,5149,-0.16665024799936715
dq_z96,long,1,-1.2988156705620795,-0.8817234045555249,13958,-0.1991784584653133,-0.014641552073177383,0.4953431723742657,4967,-0.26927806225050555
hi_pos,long,5,0.5714285714285714,0.7142857142857143,11985,-0.19921468464994663,-0.01467777825781072,0.4948685857321652,4633,-0.2856324632561938
updn_ratio,short,1,0.3333333333333333,0.4,13454,-0.19929530036747978,-0.012537236307526234,0.4953173777315297,4920,-0.22706895121068116
tbi_z96,long,1,-1.2985814193145209,-0.8815204201553427,13958,-0.19943147411111375,-0.014894567718977847,0.4952715288723313,4971,-0.269064656662135
disp24,short,5,0.05907774020874678,0.7112039041987341,14015,-0.19943627142876952,-0.012678207368815975,0.5003210845522654,4659,-0.26263329120285694
absorb,long,9,0.2843207845362002,inf,14004,-0.1994473859409891,-0.01491047954885319,0.5082119394458726,6550,-0.28957725139436813
rpt_z,short,1,-1.230510185290028,-0.8791674288987956,13959,-0.19945408468670492,-0.012696020626751375,0.4898631707142345,5469,-0.18451501196717024
lo_pos,short,7,0.8571428571428571,1.0,16184,-0.19982446569324183,-0.013066401633288288,0.4913494809688581,6006,-0.22081874149111852
kyle,long,3,2.6480913803705546e-07,2.948306102404962e-07,14016,-0.19984818091173842,-0.015311274519602514,0.5006421232876712,5146,-0.24495840827202386
vol_per_trade_z,short,2,-0.8950256129214654,-0.6063775443182433,13958,-0.19987023661235007,-0.013112172552396523,0.49591632038974065,5854,-0.18289469180151893
disp6,long,0,-inf,-1.6722102902867437,14017,-0.19988766234636385,-0.01535075595422794,0.4864093600627809,6140,-0.26604163745776105
tbi_z24,short,9,1.3200335171910196,inf,14002,-0.19994305425986061,-0.01318499019990707,0.4920725610627053,5164,-0.20418104321145603
since_hi24,short,5,14.0,17.0,13130,-0.2000175931128999,-0.013259529052946362,0.49405940594059405,4698,-0.20771602545401885
rpt_rank,long,6,0.6,0.7020833333333333,13573,-0.20004233392285306,-0.015505427530717153,0.4943638105061519,5092,-0.2663982765166197
up_wick,short,8,0.4562675403332057,0.5782779875431849,14016,-0.20005650741537245,-0.01329844335541891,0.4863727168949772,4893,-0.19975812324933953
to_lo96,long,3,3.394650857298088,4.263060405287994,14008,-0.20007335725094516,-0.015536450858809253,0.49593089663049683,4670,-0.23671744338114922
to_lo96,long,6,6.19869336567999,7.403246823517039,14008,-0.20023290282026462,-0.015695996428128717,0.5012135922330098,5011,-0.2698175233640617
range_rank,short,3,0.28541666666666665,0.39166666666666666,13835,-0.2003105682060322,-0.01355250414607867,0.49483194795807733,5033,-0.19494600377075016
disp6,short,3,-0.6426314532860304,-0.29522091418923097,14016,-0.20046621478470422,-0.013708150724750678,0.4941495433789954,4778,-0.22871284066776898
to_hi24,short,4,1.7862432754901219,2.155718357938331,14014,-0.2004771728009305,-0.013719108740976954,0.49493363779078065,4627,-0.23812349088631768
since_hi96,short,9,94.0,inf,14772,-0.20048015755639417,-0.01372209349644063,0.4811129163281885,5903,-0.1696851632341916
to_lo96,short,4,4.263236233236001,5.194257446305279,14007,-0.2005225855344131,-0.013764521474459557,0.4974655529378168,4815,-0.22517413360189012
vol_per_trade_z,long,5,-0.0816375472660981,0.18563513810327173,13958,-0.20054738805350886,-0.01601048166137295,0.49197592778335003,5262,-0.2586612892632504
to_hi24,short,1,0.6860379395486321,1.0803866108849713,14015,-0.20064248507303836,-0.013884421013084819,0.48968961826614343,5204,-0.20144328306837803
since_hi480,short,8,431.0,466.0,13831,-0.20064339192412567,-0.013885327864172126,0.4938182344009833,5243,-0.20257519025885828
rv_vs_range,long,7,0.7452724261305308,0.8116649157719352,14015,-0.20065488425304495,-0.016117977860909044,0.49432750624331073,5430,-0.2663919363347607
tbi_ma96,short,7,0.0012951752407696345,0.0037657705700364346,13958,-0.20088135736035162,-0.014123293300398077,0.49061470124659695,4673,-0.21424384397574692
disp96,long,4,-1.2881362878959335,0.20562952951954228,14007,-0.20103468949224496,-0.016497783100109048,0.501463553937317,4690,-0.19285935372436336
to_lo96,long,4,4.263060405287994,5.193998770687035,14007,-0.2011110468413749,-0.016574140449238994,0.49917898193760263,4812,-0.2526759193916891
to_lo480,long,4,10.498405279425759,13.047405244081887,13969,-0.2011300281961272,-0.01659312180399128,0.49194645285990407,5486,-0.27365933929786634
to_hi480,short,2,4.785965920342696,6.73333988685163,13969,-0.20117419086610158,-0.014416126806148039,0.48056410623523516,4564,-0.22501671934210027
persist24,short,4,0.12287638787073883,0.1594171793608751,14015,-0.20119588333532284,-0.014437819275369301,0.49696753478415984,5023,-0.20613711776323293
persist6,short,3,0.20179151662063513,0.27188191987466837,14016,-0.20130375547682272,-0.014545691416869178,0.4943635844748858,5112,-0.22092789528307732
dq,short,8,0.11532143034152795,0.17768873565398016,14016,-0.20133593899487018,-0.014577874934916635,0.4897973744292237,5011,-0.1798816695215052
persist24,short,2,0.058375024546862914,0.08963111242660485,14015,-0.20149054588758972,-0.014732481827636174,0.49746699964323937,4960,-0.22587269568607737
range_z,long,3,-0.5777301258959855,-0.43396124853993556,13959,-0.2015165879692809,-0.016979681577144995,0.49946271222866967,4522,-0.2799179084518775
tbi_z8,long,2,-0.9351680027643068,-0.6114577194146119,14011,-0.20166852185382794,-0.017131615461692035,0.4924702019841553,4962,-0.2525423162083508
tbi_z24,short,0,-inf,-1.30755791317571,14002,-0.20169295816170899,-0.014934894101755442,0.4881445507784602,5259,-0.23375114441697514
accel,short,7,0.65147929996058,1.0413630294678904,14015,-0.20178804304874137,-0.015029978988787829,0.49311452015697466,4940,-0.2104235521373236
absorb,short,7,0.0913808972923427,0.15357526603077548,14003,-0.201992852266979,-0.015234788207025451,0.48875241019781474,4706,-0.20268223971151011
tbi,short,8,0.057609870677033936,0.08883268608084068,14016,-0.20211456702739422,-0.015356502967440677,0.4895119863013699,5017,-0.18086222980306535
since_hi96,long,6,66.0,77.0,13323,-0.20217492368569837,-0.017638017293562458,0.500037529085041,4611,-0.25453726498705553
persist6,short,2,0.13213236647059018,0.20179151662063513,14017,-0.20223676175828906,-0.015478697698335514,0.4941142897909681,5211,-0.24117677892911255
since_lo24,long,6,18.0,20.0,10075,-0.2022892872779497,-0.017752380885813795,0.4947890818858561,3514,-0.26298502652105576
wick_skew,short,5,-0.008502202643173085,0.07023908324701479,14016,-0.20242116841994137,-0.01566310435998783,0.4910102739726027,5589,-0.24412643286711636
body_frac,short,2,-0.5181826018422363,-0.3612885690779638,14015,-0.20262589209291534,-0.0158678280329618,0.4882625758116304,4764,-0.2240141450447848
since_lo24,long,7,20.0,22.0,11690,-0.20270427965225624,-0.01816737326012033,0.4959794696321642,4113,-0.28408749673853195
extreme_late,short,2,0.42857142857142855,0.5714285714285714,14173,-0.20296354569270267,-0.016205481632749125,0.48938121780850913,5575,-0.23004233516637984
tbi_ma96,long,2,-0.00873050169072429,-0.006364257038633139,13958,-0.20304062621043284,-0.018503719818296932,0.4924057887949563,4448,-0.30883118786418656
hour,long,3,7.0,9.0,11687,-0.20304873308047797,-0.01851182668834206,0.5074869513134251,4296,-0.28644106284045867
tbi_z8,short,0,-inf,-1.3275298288880395,14012,-0.2031360587156051,-0.016377994655651568,0.4872252355124179,5341,-0.2193304051855438
ats_rank480,long,0,-inf,0.09166666666666666,13644,-0.20329491707906805,-0.01875801068693214,0.5111404280269716,5047,-0.25720813006700666
range_per_trade,short,4,1.0324493914239425e-07,1.1458675502453218e-07,14015,-0.20330000835345113,-0.01654194429349759,0.49439885836603636,5491,-0.24999057740929892
efficiency,long,9,0.49702325975685835,inf,14016,-0.20334565862354223,-0.018808752231406323,0.5032819634703196,6105,-0.25765669743710035
wick_skew,long,1,-0.4565210008590997,-0.2980829352055838,14015,-0.20359805535761297,-0.01906114896547706,0.4881912236889047,4822,-0.28906726891815854
since_lo24,short,4,11.0,15.0,16751,-0.203664709066098,-0.016906645006144444,0.490418482478658,6067,-0.2150489069324763
disp96,long,1,-7.161328974306195,-4.665746247648812,14007,-0.20383479652784176,-0.019297890135705847,0.4781894766902263,5270,-0.25981031428872736
m1_jump,short,9,0.5677704696865111,inf,14018,-0.2039994687111045,-0.017241404651150954,0.4955771151376801,5932,-0.23688238770551273
atr_pct,long,3,0.0029093514232011934,0.0033989483334446826,14017,-0.2041612812816745,-0.01962437488953858,0.4911892701719341,6422,-0.22706038918913143
since_lo24,short,2,5.0,8.0,13317,-0.20417276405778867,-0.017414699997835126,0.48734700007509196,4956,-0.20265782278871594
minofday,long,2,285.0,420.0,13145,-0.20422085927979874,-0.019683952887662837,0.502244199315329,4832,-0.2545014617506816
up_wick,short,9,0.5782779875431849,inf,14016,-0.20423518501149004,-0.0174771209515365,0.4891552511415525,5088,-0.20721296613972767
pos24,short,5,0.5223183281772785,0.6092881267896129,14015,-0.20428893263559375,-0.017530868575640207,0.49225829468426685,4661,-0.2667522584436509
since_lo480,long,8,443.0,470.0,13676,-0.20432866544749426,-0.01979175905535835,0.49846446329336064,4614,-0.25880585038071097
since_lo96,long,9,94.0,inf,16236,-0.2044289998192006,-0.01989209342706469,0.4870041882237004,5871,-0.2867628358482479
persist96,long,1,0.015586465177192473,0.03108564679209654,14007,-0.20452016989564578,-0.019983263503509874,0.5093881630613265,4903,-0.22603687992145477
avg_trade_usd,short,4,3335.6663986507756,3636.4510622334024,14015,-0.20463823815272447,-0.01788017409277093,0.4849090260435248,3753,-0.22303684599031978
to_hi480,short,4,8.74300040192572,10.759080852463931,13969,-0.20468633434890604,-0.017928270288952497,0.48242537046316847,4671,-0.16649418237688254
tbi_z96,long,2,-0.8815204201553427,-0.5652804019557645,13958,-0.2046864081764582,-0.020149501784322288,0.49319386731623444,4915,-0.2470418589590498
disp24,long,5,0.058831707993853705,0.7108587409554644,14015,-0.2047399680593368,-0.0202030616672009,0.499393506956832,4662,-0.24281803368506732
since_lo480,long,5,283.0,345.0,13897,-0.2048475958081504,-0.020310689416014494,0.49528675253651866,5133,-0.34465198791603224
persist6,long,1,0.06564649645191144,0.1321471748411703,14016,-0.20490105777285328,-0.02036415138071737,0.492722602739726,4923,-0.27846323473260215
dq_z96,long,2,-0.8817234045555249,-0.5653120737845011,13958,-0.20505961683755894,-0.02052271044542303,0.49305058031236565,4922,-0.24745402674434883
since_hi96,short,7,77.0,87.0,14471,-0.20522304246102374,-0.018464978401070198,0.4934005942920323,5253,-0.214173811149916
m1_jump,long,9,0.5677764695162216,inf,14017,-0.20530917876587335,-0.020772272373737438,0.5028180067061425,5931,-0.2807704210002968
pos480,short,9,0.8871174786982304,inf,13970,-0.20538505782156735,-0.018626993761613808,0.47186828919112384,5272,-0.21955785686663956
to_lo24,short,3,1.6007192503213006,1.96880831220575,14015,-0.20553357803974326,-0.018775513979789715,0.49211559043881553,4562,-0.21973850377330542
to_hi96,short,6,5.538332427888499,6.550420417044408,14008,-0.20571395770933962,-0.018955893649386074,0.49264705882352944,4488,-0.21700442118762756
to_lo24,short,5,2.357518192810969,2.7774646329302555,14015,-0.20578308104205326,-0.019025016982099713,0.49275775954334644,4644,-0.2470136893646918
updn_ratio,short,0,-inf,0.3333333333333333,7698,-0.20587886317127624,-0.019120799111322695,0.5028578851649779,3047,-0.24326105477678683
m1_jump,long,8,0.4515785838589871,0.5677764695162216,14017,-0.20597466553456031,-0.021437759142424406,0.4956838125133766,5964,-0.2725066539709995
range_z,long,2,-0.7298088323347593,-0.5777301258959855,13958,-0.20619214834900818,-0.021655241956872268,0.501719444046425,4933,-0.3048610953968594
minofday,long,3,420.0,570.0,14608,-0.20622960961171602,-0.02169270321958011,0.5087623220153341,5370,-0.29020293320655494
since_hi96,short,6,66.0,77.0,13324,-0.20633532677917388,-0.019577262719220334,0.4985740018012609,4611,-0.2509602569363769
to_lo24,long,1,0.7891182721710526,1.2199685391875765,14014,-0.20645041228854077,-0.021913505896404867,0.48951048951048953,5162,-0.3181935104640295
sess_eu,short,1,1.0,inf,46697,-0.20653308567353312,-0.01977502161357958,0.4976765102683256,17168,-0.2346250658277931
to_hi96,long,8,7.8691136051622275,9.995127871583449,14007,-0.20657752147326494,-0.022040615081129034,0.49018347968872705,5646,-0.27596706496901935
since_hi24,short,6,17.0,20.0,14300,-0.20691200768382445,-0.020153943623870907,0.4906993006993007,5144,-0.21428323654401918
range_per_trade,long,2,8.105451894905917e-08,9.236254029671885e-08,14015,-0.20710423712380982,-0.022567330731673912,0.5000356760613628,7600,-0.24802488870793593
ats_z96,short,0,-inf,-1.2676698413521412,13959,-0.20724657994519602,-0.020488515885242475,0.49057955440934164,4101,-0.1988793890050195
close_loc,long,0,-inf,0.09578665053437485,14016,-0.20729820318432446,-0.02276129679218855,0.5073487442922374,6255,-0.2709840602591009
since_lo96,long,3,30.0,43.0,13774,-0.20735112671207326,-0.02281422031993735,0.49716857848119644,4982,-0.25026050180500325
close_loc,short,0,-inf,0.09578786045572643,14016,-0.20740767696191711,-0.02064961290196357,0.491509703196347,6256,-0.23570495406656228
to_lo24,long,2,1.2199685391875765,1.6006265953745666,14015,-0.2075830641448115,-0.0230461577526756,0.48961826614341775,4917,-0.3137350582763262
atr_rank,long,4,0.375,0.48125,13871,-0.20762466549111241,-0.023087759098976507,0.48951048951048953,5115,-0.28148504156283455
to_hi24,short,2,1.0803866108849713,1.433681906247607,14015,-0.20771324647235667,-0.02095518241240313,0.48747770246164823,4903,-0.24194638085034811
since_lo480,short,4,214.0,283.0,13986,-0.20784829189549195,-0.021090227835538405,0.4951379951379951,5424,-0.2596630287850505
close_loc,long,9,0.914622188437612,inf,14016,-0.2078497289947225,-0.023312822602586603,0.4957191780821918,5614,-0.29558566330337865
pos96,short,5,0.5242156966303997,0.6134218493580574,14008,-0.2078550360378632,-0.021096971977909662,0.5044260422615648,4770,-0.29780626302633795
disp96,short,2,-4.665546901705886,-2.850771574375084,14008,-0.20790494275397073,-0.021146878694017185,0.48350942318675044,4924,-0.20915301886030566
pos96,short,7,0.7008267644358858,0.7851642149246322,14007,-0.20796905211507022,-0.021210988055116675,0.48825587206396803,5273,-0.2094762179080035
tbi_ma96,long,3,-0.006364257038633139,-0.004398414209115637,13959,-0.20799443971998471,-0.023457533327848806,0.4887169568020632,4227,-0.2515971417052246
range_per_trade,short,2,8.105478064108057e-08,9.236252583522579e-08,14015,-0.20801852057535933,-0.021260456515405785,0.497752408134142,7600,-0.21411098276746363
hour,short,2,4.0,7.0,17528,-0.20810857017368564,-0.0213505061137321,0.4956070287539936,6443,-0.26357409793875924
to_lo480,short,6,15.835359682968612,19.012820025469924,13969,-0.20811033859539815,-0.02135227453544461,0.48865344691817597,4673,-0.20991041949097083
since_hi24,long,4,11.0,14.0,12691,-0.20821758770556764,-0.023680681313431734,0.4932629422425341,4549,-0.2663505778243639
pos24,short,3,0.34837941264661915,0.4348616591222719,14015,-0.20823008003755225,-0.021472015977598707,0.4929004637887977,4369,-0.22892382946010134
disp96,short,5,0.20569598054596389,1.6801144263816876,14008,-0.20825862761086084,-0.021500563550907292,0.5003569388920617,4511,-0.27489115332058633
minofday,short,2,285.0,420.0,13146,-0.20826144332189833,-0.02150337926194479,0.4971854556519093,4832,-0.26637999646718635
disp24,long,6,0.7108587409554644,1.4365811559872088,14014,-0.20838518857940294,-0.023848282187267034,0.49757385471671184,4730,-0.24960460450401473
persist24,long,7,0.2478903985693602,0.3099507188750374,14015,-0.2084936146593882,-0.023956708267252297,0.48376739207991437,5523,-0.2401371649199885
dn_wick,long,0,-inf,0.02111914941379359,14016,-0.20868426512628757,-0.024147358734151664,0.518193493150685,6489,-0.28996386153009296
absorb,short,0,-inf,-0.32977390147685837,14004,-0.20875707400676885,-0.021999009946815307,0.5012139388746073,6410,-0.23875508483087687
to_lo96,short,7,7.403323833766979,8.947805058700894,14007,-0.20878944768676458,-0.022031383626811035,0.4873991575640751,5125,-0.23748076571959387
persist96,long,7,0.13718600452578042,0.1730158954109544,14007,-0.2089189093606664,-0.024382002968530492,0.4752623688155922,5645,-0.258652839053024
tbi_ma96,long,0,-inf,-0.011975669808864945,13959,-0.2091175603945231,-0.02458065400238718,0.49179740669102373,8705,-0.2643027797971183
persist24,long,0,-inf,0.028807660386969913,14015,-0.2091456477161273,-0.02460874132399138,0.4981091687477702,4798,-0.2549942988363202
dq_z96,short,0,-inf,-1.2988070767675037,13959,-0.20930087056811542,-0.022542806508161872,0.4894333404971703,5282,-0.24847252916106488
sess_eu,long,1,1.0,inf,46694,-0.20933032087666115,-0.02479341448452524,0.5009423052212275,17166,-0.29373792705725255
tbi_z96,short,0,-inf,-1.2985710247812072,13959,-0.20944796168364094,-0.022689897623687394,0.48936170212765956,5286,-0.24847967493167056
avg_trade_usd,short,3,3031.925795545847,3335.6663986507756,14016,-0.20957528861809677,-0.022817224558143223,0.4946489726027397,3846,-0.19024423984888744
tbi_ma8,long,1,-0.03147379140616763,-0.021115301495701008,14011,-0.20972965051224152,-0.02519274412010561,0.4876168724573549,5048,-0.2706942047277598
since_hi480,long,4,185.0,254.0,13963,-0.2100769055952252,-0.025539999203089303,0.49401990976151255,5297,-0.32674800326255526
ats_rank480,short,1,0.09166666666666666,0.18958333333333333,13623,-0.21008177675973871,-0.02332371269978517,0.49438449680687074,5017,-0.1998734289778456
disp24,short,1,-3.2957975406006557,-2.1252620438407877,14015,-0.21008291470013235,-0.023324850640178807,0.48426685693899396,5249,-0.17295877676837404
trade_intensity,short,3,0.5854464533288214,0.668188226678215,14008,-0.21008645872935822,-0.023328394669404673,0.4886493432324386,4577,-0.22358231285508678
to_lo24,long,6,2.7774163183889753,3.2728935535086645,14015,-0.21021568639282134,-0.025678780000685436,0.48968961826614343,4801,-0.2587714917066366
pos24,short,4,0.4348616591222719,0.5223183281772785,14014,-0.21024155451270385,-0.023483490452750305,0.4915084915084915,4494,-0.20019221761152675
dq_cum24,short,8,0.3957777517306372,0.671356079876778,14002,-0.21034764577667805,-0.02358958171672451,0.4817168975860591,4448,-0.20166262003669033
ats_z96,short,1,-1.2676698413521412,-0.8952810929430602,13959,-0.210789982767499,-0.024031918707545452,0.49115266136542735,5528,-0.2081500308406824
to_hi24,short,3,1.433681906247607,1.7862432754901219,14015,-0.21085947735951477,-0.024101413299561225,0.48797716732072777,4808,-0.266454641779959
vol_per_trade_z,short,1,-1.2705212740246903,-0.8950256129214654,13959,-0.21089791371160682,-0.024139849651653278,0.4918690450605344,5615,-0.21550806558626598
tbi_ma24,short,8,0.008202206667533771,0.013943397956631307,14002,-0.2109653353988346,-0.024207271338881065,0.4814312241108413,4457,-0.20177624077354553
atr_pct,short,2,0.002388511123950182,0.0029092476135484688,14017,-0.21100043969010637,-0.02424237563015283,0.5055290004993936,8206,-0.1544404852365331
efficiency,short,9,0.4970243460935335,inf,14016,-0.2111501933229464,-0.024392129262992862,0.4947203196347032,6106,-0.2513402984917571
to_hi96,short,4,3.842206393394881,4.65361520470361,14007,-0.211196321695905,-0.02443825763595145,0.4911115870636111,4529,-0.24000589427997396
since_lo24,long,5,15.0,18.0,13441,-0.21134959493077968,-0.02681268853864377,0.4909604940108623,4841,-0.28170213611888406
persist24,short,3,0.08963111242660485,0.12287638787073883,14014,-0.21138125781388759,-0.024623193753934042,0.4913657770800628,5066,-0.22672124161687715
absorb,long,8,0.1535750000256146,0.2843207845362002,14003,-0.211385403386471,-0.026848496994335086,0.49539384417624793,5507,-0.2883679486406293
range_z,short,2,-0.7297918145359623,-0.57771404878151,13958,-0.21153018574398208,-0.024772121684028536,0.4969193294168219,4934,-0.2009541104330913
disp24,short,4,-0.5806989354550405,0.05907774020874678,14015,-0.21159615075346822,-0.02483808669351467,0.49447021048876205,4525,-0.2179291933376463
dq_z96,short,9,1.3090162069632996,inf,13959,-0.21180919122061517,-0.02505112716066163,0.49136757647395946,5114,-0.21549735328491476
range_per_trade,short,1,6.781974458245608e-08,8.105478064108057e-08,14016,-0.21186334754285893,-0.02510528348290539,0.5012842465753424,8576,-0.19286832538843948
to_hi24,short,6,2.559376529837751,3.034286958238968,14015,-0.21186975054321056,-0.025111686483257012,0.48919015340706384,4727,-0.20796643151645056
tbi_z96,short,9,1.30924689913881,inf,13959,-0.211951252076115,-0.025193188016161466,0.4912959381044487,5115,-0.215290411676811
kyle_z,long,0,-inf,-1.2000338336034824,13959,-0.2119824333766652,-0.02744552698452929,0.5085607851565298,5503,-0.3066461386486621
range_per_trade,short,3,9.236252583522579e-08,1.0324493914239425e-07,14016,-0.21204965220617406,-0.02529158814622051,0.4922945205479452,6339,-0.239123831060987
since_lo480,short,7,401.0,443.0,13718,-0.21258669452359713,-0.025828630463643587,0.49249161685376874,4855,-0.2297196676938908
tbi_ma8,short,0,-inf,-0.03147368634268563,14012,-0.2127890651055311,-0.026031001045577568,0.50870682272338,9372,-0.25429322468785925
avg_trade_usd,long,2,2727.3042147587066,3031.9469175715826,14015,-0.21286223805570947,-0.028325331663573566,0.5039600428112736,4032,-0.2638009313731661
tbi_ma96,long,1,-0.011975669808864945,-0.00873050169072429,13958,-0.2129314471610536,-0.028394540768917703,0.4887519701963032,5126,-0.27726973059856225
to_lo96,short,5,5.194257446305279,6.198775337551472,14008,-0.21301231347398178,-0.026254249414028236,0.49136207881210736,4660,-0.18720295180600088
rv_vs_range,short,8,0.8116656527278282,0.9128003240636664,14016,-0.21362272301104765,-0.026864658951094106,0.4905821917808219,5812,-0.21417330063098813
disp96,short,4,-1.2879027485570502,0.20569598054596389,14008,-0.21377252517971634,-0.0270144611197628,0.4947886921758995,4690,-0.3122292428086835
close_loc,short,9,0.9146341463414094,inf,14016,-0.2137799497414208,-0.027021885681467267,0.5018550228310502,5613,-0.21571550630912473
since_hi24,long,3,7.0,11.0,17326,-0.21385093980686057,-0.02931403341472466,0.4876486205702413,6102,-0.2633094185210433
disp6,short,9,1.7044647631534577,inf,14017,-0.2141332560042368,-0.027375191944283256,0.4751373332382107,5764,-0.2388917748661752
dq,long,9,0.17768260165128397,inf,14016,-0.21415734681078402,-0.029620440418648114,0.5127711187214612,7841,-0.28843812590013285
since_hi96,long,4,40.0,53.0,13714,-0.2141841642543711,-0.029647257862235182,0.4936561178357882,4890,-0.26276134364489423
to_lo24,long,7,3.2728935535086645,3.907503853607555,14014,-0.21435522727497394,-0.029818320882838034,0.48715570144141573,5103,-0.23588822960477718
flow_eff,short,4,0.013078923335965886,0.020491110374639424,14015,-0.21446446534123823,-0.02770640128128468,0.49211559043881553,5824,-0.2065640307186284
wick_skew,short,9,0.43855538980512687,inf,14016,-0.2145507628040053,-0.02779269874405177,0.4859446347031963,5130,-0.21607019305592884
tbi,long,9,0.08882195404546478,inf,14016,-0.21458917252902066,-0.030052266136884748,0.5125570776255708,7839,-0.2886405055216516
wick_skew,short,8,0.27882688139797357,0.43855538980512687,14016,-0.21465009051703493,-0.027892026457081387,0.479523401826484,5126,-0.1956789916040749
trade_intensity,short,2,0.5049194983869328,0.5854464533288214,14007,-0.21465091850403156,-0.02789285444407802,0.49082601556364674,4686,-0.228391769089247
disp24,long,8,2.3128993048999984,3.604810763481634,14014,-0.21507733299904716,-0.030540426606911253,0.48544312830027114,5607,-0.24354025410323715
pos96,short,3,0.3442620338998696,0.4341120132439794,14008,-0.21511260689187206,-0.028354542831918517,0.491076527698458,4446,-0.20744842947769943
disp24,short,3,-1.2877873237415365,-0.5806989354550405,14014,-0.21528030141736182,-0.028522237357408275,0.4885828457257029,4808,-0.22927521942581783
since_hi96,long,5,53.0,66.0,14280,-0.21543732334076615,-0.030900416948630244,0.49201680672268905,4944,-0.24926982506302456
since_lo480,long,6,345.0,401.0,14046,-0.2154533000295313,-0.0309163936373954,0.49288053538373916,5131,-0.3073487010841051
since_lo96,long,2,18.0,30.0,13740,-0.21552386337143545,-0.03098695697929954,0.4790393013100437,4836,-0.25057530589834254
since_lo24,short,3,8.0,11.0,12584,-0.21603859265875908,-0.029280528598805533,0.4824380165289256,4564,-0.2189763936902946
disp24,short,9,3.6048066128189653,inf,14015,-0.21608824088071787,-0.02933017682076433,0.46100606493043167,5647,-0.21439156298940157
vol_per_trade_z,short,0,-inf,-1.2705212740246903,13959,-0.21623842843875896,-0.029480364378805413,0.48649616734723117,4019,-0.19742421510603247
disp96,long,0,-inf,-7.161328974306195,14008,-0.21636119572992352,-0.03182428933778761,0.47679897201599086,6473,-0.30571811920283315
absorb,short,1,-0.32977390147685837,-0.1767114563138656,14003,-0.21636940000037896,-0.02961133594042542,0.49353709919303007,5423,-0.2256677090409463
rpt_rank,short,8,0.8020833333333334,0.9041666666666667,13818,-0.2164162815331967,-0.029658217473243154,0.4855261253437545,5305,-0.2186672909601041
absorb,long,0,-inf,-0.32978738886671505,14004,-0.21645440705450925,-0.03191750066237334,0.4972150814053128,6410,-0.27136790536946087
rv_vs_range,long,9,0.9127971789453196,inf,14016,-0.2165417232154783,-0.032004816823342386,0.5041381278538812,6465,-0.3082776382456638
since_lo96,short,8,88.0,94.0,13282,-0.21673993481845086,-0.029981870758497314,0.48659840385484115,4846,-0.18082463437487195
vol_of_vol,short,2,-0.8025945935221638,-0.6335448692586849,13967,-0.2173664092775627,-0.030608345217609162,0.4933056490298561,4554,-0.24981191544073764
pos480,short,3,0.34038931970302944,0.4382179178500355,13969,-0.2178812758922753,-0.03112321183232175,0.48392869926265303,5159,-0.3021512257764196
since_hi24,long,2,4.0,7.0,14626,-0.21802646552823005,-0.03348955913609414,0.48454806508956655,5287,-0.2489603694159625
disp96,long,5,0.20562952951954228,1.6800901038632268,14008,-0.21815883452179954,-0.033621928129663636,0.4972158766419189,4511,-0.24148033172467592
kyle,long,2,2.326068599800891e-07,2.6480913803705546e-07,14015,-0.21816929271565277,-0.033632386323516866,0.5013913663931502,6419,-0.26818435325077844
trade_intensity,long,0,-inf,0.4147292806250781,14008,-0.21836444320893508,-0.033827536816799175,0.5111364934323244,7300,-0.33188438394182357
to_lo24,short,4,1.96880831220575,2.357518192810969,14014,-0.21849830071811682,-0.03174023665816328,0.4863707720850578,4639,-0.21708618180192918
kyle_z,short,1,-1.2000202550925976,-0.8662486485757822,13959,-0.21870142416128077,-0.03194336010132723,0.4925137903861308,5126,-0.21478888012387384
tbi_ma96,long,4,-0.004398414209115637,-0.002562146759661296,13958,-0.21922794278309757,-0.03469103639096166,0.48294884653961884,4160,-0.21401902232976705
to_hi480,long,6,13.040970159484962,15.772534924433922,13969,-0.21931351876940805,-0.03477661237727214,0.4809936287493736,5189,-0.20597363020307732
gap,short,5,0.0011250602418527971,inf,14018,-0.21932946342608528,-0.03257139936613174,0.5061349693251533,583,-0.42216326945147303
pos24,long,1,0.1653241218051386,0.26048254860623177,14014,-0.21937113892555055,-0.03483423253341464,0.4770943342371914,5190,-0.30989995870076836
persist96,short,3,0.04776568484331507,0.06593718818041105,14007,-0.2195161520898772,-0.032758088029923665,0.4909688013136289,5066,-0.25903395020376974
trade_intensity,short,1,0.41473124221888,0.5049194983869328,14008,-0.21972731186946975,-0.03296924780951621,0.49293260993717875,5189,-0.21273058369590495
pos96,long,2,0.2586690314396479,0.34424646114516083,14007,-0.21974122305545654,-0.035204316663320634,0.484472049689441,4463,-0.26306751066570905
disp24,long,0,-inf,-3.29581443719718,14015,-0.22002030736244962,-0.03548340097031372,0.46107741705315736,6497,-0.2434563530852619
disp96,long,6,1.6800901038632268,3.3430648596541293,14007,-0.22016523521357012,-0.03562832882143421,0.49268223031341474,4946,-0.23368348765849686
disp24,short,2,-2.1252620438407877,-1.2877873237415365,14015,-0.22031880096152415,-0.033560736901570604,0.48612201212986084,4896,-0.19991625411053163
to_hi96,short,5,4.65361520470361,5.538332427888499,14008,-0.22043284625605272,-0.03367478219609918,0.48715019988577957,4417,-0.18685669090886364
disp96,short,9,8.335555717509697,inf,14008,-0.2204438635794968,-0.03368579951954326,0.4739434608794974,5047,-0.17640978947515576
since_hi96,short,3,27.0,40.0,14356,-0.22109863224692525,-0.034340568186971704,0.48613820005572583,5101,-0.2368303559828804
to_hi24,short,5,2.155718357938331,2.559376529837751,14015,-0.22193050128084887,-0.03517243722089533,0.48583660363895825,4616,-0.231164076909768
body_frac,long,0,-inf,-0.6839454608631759,14016,-0.22214342430403147,-0.037606517911895565,0.4937928082191781,6402,-0.27920185515236046
tbi_ma8,short,8,0.016113363336638084,0.026268174561370164,14011,-0.22229689488629448,-0.035538830826340934,0.4772678609663836,4788,-0.14821518370424847
pos96,long,6,0.6134075941756212,0.7008223830244679,14008,-0.22301517241039356,-0.038478266018257656,0.4912193032552827,4942,-0.28626092397310643
persist96,short,0,-inf,0.015583722001425215,14008,-0.22402082813562404,-0.0372627640756705,0.49785836664762995,4921,-0.3072730409795236
body_frac,short,9,0.6955995096978156,inf,14016,-0.2244616496763787,-0.037703585616425145,0.4864440639269406,6084,-0.2539769020582282
disp24,long,7,1.4365811559872088,2.3128993048999984,14015,-0.2245134857594147,-0.0399765793672788,0.48704958972529433,4907,-0.3084798050465895
since_lo96,short,5,56.0,69.0,14456,-0.22455038958051723,-0.03779232552056369,0.4888627559490869,5208,-0.2588748313840423
hour,long,5,11.0,14.0,17487,-0.2248884129119402,-0.04035150651980429,0.491336421341568,6427,-0.3294366604810748
pos480,long,5,0.5288319602322771,0.6337759773955735,13969,-0.22528797181739643,-0.040751065425260524,0.48385711217696326,5833,-0.28810150565793324
to_hi24,long,9,4.566287531990302,inf,14015,-0.22550466013429166,-0.04096775374215575,0.4637887977167321,6164,-0.2507742673861283
since_lo96,short,7,80.0,88.0,12728,-0.22568763752288803,-0.03892957346293449,0.48617221873035826,4520,-0.25397398539323435
vol_of_vol,long,1,-1.0121948901709028,-0.8025651378625057,13967,-0.22578820963141524,-0.041251303239279336,0.507625116345672,5866,-0.3478673590184148
persist96,long,0,-inf,0.015586465177192473,14008,-0.22582123049967506,-0.041284324107539155,0.49942889777270133,4921,-0.23899064060824685
up_wick,short,0,-inf,0.019422875025237835,14016,-0.2258374494525003,-0.03907938539254677,0.508347602739726,6306,-0.24601896601407755
kyle,short,2,2.3260368696795985e-07,2.648044758596141e-07,14015,-0.22592894751566583,-0.03917088345571229,0.4966821262932572,6419,-0.18719114463334538
persist24,short,1,0.02880919114030623,0.058375024546862914,14015,-0.2259459005443712,-0.03918783648441765,0.4876917588298252,4942,-0.23347866894107966
wick_skew,long,0,-inf,-0.4565210008590997,14016,-0.22612501262890422,-0.04158810623676831,0.4817351598173516,4787,-0.2898041885567604
dow,short,5,5.0,6.0,20060,-0.22626344718621297,-0.039505383126259425,0.5095214356929212,7389,-0.344400364062813
atr_rank,long,3,0.2625,0.375,13851,-0.2263018668432337,-0.04176496045109779,0.48927875243664715,5141,-0.37182451579612774
since_hi24,short,8,22.0,24.0,15051,-0.22632965153399745,-0.03957158747404391,0.4792372599827254,5480,-0.2023588899476441
since_lo480,short,3,145.0,214.0,14028,-0.22686317754975827,-0.04010511348980472,0.4833190761334474,5195,-0.300012705993957
pos480,long,1,0.1561615525293577,0.24518405021160047,13969,-0.2270076734018497,-0.042470767009713806,0.486147898919035,5007,-0.281294990842777
hour,short,3,7.0,9.0,11687,-0.2271585038528962,-0.040400439792942666,0.4916573971078977,4296,-0.2549944162060423
pos96,short,8,0.7851642149246322,0.8664350797564409,14008,-0.2276900764908236,-0.04093201243087005,0.4686607652769846,5021,-0.22692661932298241
minofday,long,5,705.0,855.0,14565,-0.22794781262016367,-0.04341090622802776,0.48712667353244077,5353,-0.32121360464935045
tbi,long,0,-inf,-0.09366210508745729,14016,-0.2280653845727014,-0.04352847818056549,0.5076341324200914,8001,-0.27180447862366314
avg_trade_usd,short,2,2727.289758331769,3031.925795545847,14015,-0.22815471177497157,-0.041396647715018026,0.4941848019978594,4032,-0.20083114628759752
dn_wick,long,9,0.5902406375080862,inf,14016,-0.22834221472238556,-0.04380530833024965,0.4793807077625571,4736,-0.2865458078440457
to_lo480,short,7,19.012820025469924,23.149248535565984,13969,-0.2285451338701849,-0.041787069810231364,0.479776648292648,4521,-0.2696007462175212
dq,long,0,-inf,-0.18722704477530205,14016,-0.22859323265559123,-0.04405632626345532,0.5073487442922374,8001,-0.2717725489924314
since_hi480,short,6,322.0,382.0,13878,-0.22860647490889008,-0.041848410848936535,0.48378728923476005,4747,-0.24221492494698582
to_hi480,short,8,19.699556560770993,26.538453513089735,13969,-0.22870080557032177,-0.041942741510368226,0.48843868566110676,5896,-0.2625214579246043
to_hi480,long,7,15.772534924433922,19.69953405527554,13969,-0.22883388246472247,-0.044296976072586564,0.479776648292648,5762,-0.2393277767317502
range_z,short,0,-inf,-0.9189572049831386,13959,-0.2289189419742329,-0.04216087791427936,0.4908661078873845,6070,-0.25225003625569814
minofday,short,3,420.0,570.0,14608,-0.22912907060803975,-0.042371006548086204,0.49048466593647316,5370,-0.251207856546391
pos96,long,5,0.524201796016478,0.6134075941756212,14007,-0.2291473622146145,-0.04461045582247858,0.4945384450631827,4770,-0.216908699889242
range_per_trade,long,1,6.781905908193904e-08,8.105451894905917e-08,14015,-0.2299531476131878,-0.045416241221051895,0.49618266143417766,8576,-0.2489552456024855
range_rank,short,2,0.18125,0.28541666666666665,13725,-0.2300093645534368,-0.04325130049348325,0.4885245901639344,4853,-0.23662757203255028
dq_cum24,long,1,-0.9157203358054158,-0.6335605944378102,14001,-0.2303769203122842,-0.045840013920148304,0.47668023712591956,4920,-0.27553558541726636
tbi_ma24,long,1,-0.019115492540355286,-0.013240878467658977,14001,-0.23091453017325253,-0.04637762378111662,0.4763231197771588,4917,-0.27341750472651005
gap,short,0,-inf,-0.001097254337609464,14017,-0.23094054147731796,-0.04418247741736442,0.498537490190483,601,-0.4349106976443823
to_lo480,short,8,23.149248535565984,29.735377652400665,13969,-0.23114442095172902,-0.044386356891775475,0.4878659889755888,4681,-0.24514586769268318
range_rank,long,1,0.08125,0.18125,13634,-0.2318865867808917,-0.04734968038875578,0.5033739181458119,4992,-0.37243201336092013
absorb,short,9,0.28430886645566905,inf,14004,-0.23191941132772415,-0.0451613472677706,0.490288489003142,6550,-0.20613167534487334
since_lo96,short,4,43.0,56.0,13641,-0.23217428090685727,-0.04541621684690372,0.48104977640935415,4956,-0.20572877443641174
since_hi480,short,7,382.0,431.0,14025,-0.23218961417610423,-0.04543155011615069,0.47657754010695186,5219,-0.2905188149509214
persist96,short,2,0.031083880312267578,0.04776568484331507,14008,-0.23332877075325806,-0.046570706693304514,0.4866504854368932,4917,-0.28290087998825175
since_hi480,long,3,121.0,185.0,13919,-0.23384324638793058,-0.049306339995794674,0.48940297435160574,5058,-0.2980174128258654
since_hi24,short,7,20.0,22.0,11204,-0.23386837947105074,-0.0471103154110972,0.4755444484112817,4066,-0.20420884024985228
rv_vs_range,short,9,0.9128003240636664,inf,14016,-0.23392215025545934,-0.0471640861955058,0.494078196347032,6464,-0.2379778601843208
avg_trade_usd,short,1,2381.4295684362623,2727.289758331769,14016,-0.23436381325709635,-0.047605749197142805,0.4997859589041096,4278,-0.17825338504187713
gap,long,0,-inf,-0.0010971933622907252,14017,-0.23484468709928144,-0.05030778070714553,0.49946493543554255,601,-0.44127471587714606
flow_eff,short,1,-0.026518894281153622,0.0007863467995283653,14015,-0.23519328259542263,-0.04843521853546909,0.5002497324295397,7654,-0.23283332549139882
since_lo96,short,6,69.0,80.0,14252,-0.2362386109361941,-0.049480546876240566,0.4829497614369913,5003,-0.25429959144068204
updn_ratio,long,0,-inf,0.3333333333333333,7698,-0.23682613499989935,-0.052289228607763444,0.4961028838659392,3047,-0.2663595251692165
minofday,short,4,570.0,705.0,13144,-0.23706753426409202,-0.05030947020413848,0.4867620206938527,4832,-0.2489098410769158
flow_eff,short,3,0.00711075761780133,0.013078923335965886,14015,-0.2371740240898937,-0.05041596002994014,0.5023902961113094,6831,-0.23969947744119127
pos480,long,2,0.24518405021160047,0.3403672405323583,13969,-0.23729842834036088,-0.052761521948224976,0.48077886749230436,5367,-0.2886289038385663
flow_eff,long,1,-0.02651938072159391,0.0007869065677229996,14015,-0.23759660233987262,-0.05305969594773671,0.49839457723867286,7655,-0.30794769677988093
disp96,short,3,-2.850771574375084,-1.2879027485570502,14007,-0.23900298408336135,-0.052244920023407804,0.47754694081530663,4679,-0.24607514239773562
kyle_z,short,0,-inf,-1.2000202550925976,13959,-0.23913268709946237,-0.05237462303950882,0.4908661078873845,5502,-0.2537690048869573
avg_trade_usd,long,1,2381.4243329195347,2727.3042147587066,14015,-0.23975924302031756,-0.055222336628181656,0.4978951123795933,4278,-0.2567405694250545
hour,short,4,9.0,11.0,11683,-0.24010977180425402,-0.05335170774430048,0.4848069845074039,4295,-0.24992312439125683
to_lo480,long,9,29.73476794213733,inf,13969,-0.24102878906860878,-0.05649188267647287,0.528527453647362,5058,-0.3714310853651747
pos480,short,6,0.6337510430611366,0.732910166562507,13969,-0.24140576499839275,-0.05464770093843921,0.4766984036079891,5145,-0.10683794201929854
atr_pct,long,1,0.0017763761530301561,0.0023886200009921765,14017,-0.2416308784642911,-0.05709397207215519,0.5185845758721552,9699,-0.3321369379351283
atr_pct,long,2,0.0023886200009921765,0.0029093514232011934,14017,-0.24190132583986262,-0.05736441944772672,0.4925447670685596,8203,-0.29431471279102317
persist96,short,1,0.015583722001425215,0.031083880312267578,14007,-0.24227312959302202,-0.05551506553306848,0.4879703005640037,4902,-0.3053943889778262
pos96,long,1,0.17043528442228295,0.2586690314396479,14007,-0.24246514122260276,-0.05792823483046686,0.4616263296922967,4941,-0.24303020065443606
ats_rank480,short,0,-inf,0.09166666666666666,13644,-0.24266963239183775,-0.05591156833188421,0.4882732336558194,5047,-0.22176921164553384
atr_rank,short,2,0.14583333333333334,0.2604166666666667,13854,-0.24314612934175506,-0.056388065281801514,0.48108849429767575,4342,-0.2924603605078259
range_rank,short,1,0.08125,0.18125,13636,-0.24354062325044487,-0.05678255919049133,0.4956732179524787,4992,-0.2497919267436647
range_per_trade,short,0,-inf,6.781974458245608e-08,14016,-0.2443160756855462,-0.05755801162559265,0.4995719178082192,10519,-0.15226960421129948
dow,long,6,6.0,inf,20055,-0.24453567296643458,-0.05999876657429867,0.5067065569683371,7386,-0.35455693102148167
vol_of_vol,short,1,-1.012266626011822,-0.8025945935221638,13967,-0.24502061483082752,-0.05826255077087397,0.4920884943080117,5871,-0.26879263350231314
is_weekend,short,1,1.0,inf,40117,-0.24545191970295563,-0.058693855643002085,0.5012588179574744,14774,-0.3233764133191748
range_z,short,1,-0.9189572049831386,-0.7297918145359623,13959,-0.24575675041949024,-0.0589986863595367,0.48327244071924924,5441,-0.22994197118915866
kyle,long,1,1.9253559144798484e-07,2.326068599800891e-07,14015,-0.24641330582363297,-0.06187639943149706,0.5043881555476275,8761,-0.285498769762286
since_hi480,long,5,254.0,322.0,13988,-0.24725738374108358,-0.06272047734894767,0.4771947383471547,4883,-0.25892954361523757
atr_rank,long,1,0.04791666666666667,0.14583333333333334,13936,-0.24870294334301576,-0.06416603695087986,0.5010045924225028,4698,-0.3284844120134
range_per_trade,long,0,-inf,6.781905908193904e-08,14016,-0.24905095289119034,-0.06451404649905443,0.4972888127853881,10518,-0.2549726925959653
flow_eff,long,3,0.007110994970957905,0.01307954937837107,14015,-0.24975300769208206,-0.06521610129994615,0.4962540135569033,6831,-0.29915025193399686
dq,short,0,-inf,-0.18721913061730625,14016,-0.2516242882848475,-0.06486622422489396,0.4914383561643836,8001,-0.2643395038200437
up_wick,long,0,-inf,0.01942422572571483,14016,-0.25206038272735354,-0.06752347633521763,0.4900114155251142,6307,-0.31230875182925394
tbi,short,0,-inf,-0.09366059464329217,14016,-0.25218365101124235,-0.0654255869512888,0.4911529680365297,8001,-0.2643067767435629
atr_rank,short,1,0.04791666666666667,0.14583333333333334,13936,-0.25236800405161863,-0.06560993999166509,0.4977755453501722,4697,-0.34708682514633277
gap,long,5,0.0011250901877447347,inf,14017,-0.2528570803320923,-0.0683201739399564,0.49247342512663195,584,-0.37684651023021654
to_lo96,short,9,11.301275772520007,inf,14008,-0.25586469697902875,-0.0691066329190752,0.4710165619645917,5331,-0.21687848091607298
avg_trade_usd,long,0,-inf,2381.4243329195347,14016,-0.25643527901346846,-0.07189837262133256,0.5080622146118722,6730,-0.21087309103940433
is_weekend,long,1,1.0,inf,40113,-0.2570078743781965,-0.07247096798606059,0.4983172537581333,14776,-0.34841549777208297
trade_intensity,short,0,-inf,0.41473124221888,14008,-0.25936762285025444,-0.0726095587903009,0.48729297544260425,7300,-0.22099253781008654
tbi_ma24,long,0,-inf,-0.019115492540355286,14002,-0.25955560634779073,-0.07501869995565483,0.4799314383659477,9550,-0.2936820163643708
dn_wick,short,0,-inf,0.02111123155054986,14016,-0.25960622203078404,-0.0728481579708305,0.4800228310502283,6490,-0.27707659775197346
dq_cum24,long,0,-inf,-0.9157203358054158,14002,-0.2596373469797278,-0.07510044058759188,0.48007427510355666,9567,-0.2932058390865973
updn_ratio,long,7,0.5454545454545454,0.6,2601,-0.2600469195601476,-0.07551001316801167,0.5359477124183006,1374,-0.3645089900862803
pos96,short,4,0.4341120132439794,0.5242156966303997,14007,-0.26199172825262496,-0.07523366419267141,0.4734775469408153,4445,-0.2302605948248793
tbi_ma8,long,0,-inf,-0.03147379140616763,14012,-0.2624909795593335,-0.07795407316719757,0.48958035969169283,9370,-0.2805734472939293
dow,short,6,6.0,inf,20057,-0.26464326231081614,-0.0778851982508626,0.49299496435159795,7385,-0.30234107519530995
pos480,long,4,0.4382124037716664,0.5288319602322771,13969,-0.26590183761844566,-0.08136493122630975,0.4706850884100508,5165,-0.1796510155101715
to_hi96,long,9,9.995127871583449,inf,14008,-0.26600002806109035,-0.08146312166895445,0.4735151342090234,6385,-0.287985847614186
kyle,short,1,1.9252914960364377e-07,2.3260368696795985e-07,14016,-0.266779085205396,-0.08002102114544246,0.4933647260273973,8763,-0.22784546891122193
tbi,short,9,0.08883268608084068,inf,14016,-0.26766368235638743,-0.08090561829643389,0.4856592465753425,7838,-0.24646312522990427
dq,short,9,0.17768873565398016,inf,14016,-0.2680560488601574,-0.08129798480020384,0.4854452054794521,7842,-0.24648832805631302
dow,long,5,5.0,6.0,20058,-0.26947821036946606,-0.08494130397733016,0.4899292053046166,7390,-0.34227738870847557
range_rank,long,0,-inf,0.08125,13701,-0.2694936413881223,-0.08495673499598641,0.5108386249178892,5423,-0.3516853603617623
pos480,short,7,0.732910166562507,0.8152824000363919,13969,-0.27009200826844365,-0.08333394420849011,0.45887321927124347,3871,-0.17071238528097868
tbi_ma96,short,9,0.0071083224734139515,inf,13959,-0.27273385834932107,-0.08597579428936752,0.4515366430260047,7007,-0.22228210148552555
avg_trade_usd,short,0,-inf,2381.4295684362623,14016,-0.2873483842665188,-0.10059032020656528,0.4905108447488584,6730,-0.14472280354663306
to_hi480,short,9,26.538453513089735,inf,13970,-0.28773422793544895,-0.1009761638754954,0.5077308518253401,6005,-0.2860740098930806
vol_of_vol,long,0,-inf,-1.0121948901709028,13967,-0.28903390245293853,-0.10449699606080262,0.5074103243359347,5944,-0.33047214458447527
dq_cum24,short,9,0.671356079876778,inf,14002,-0.290477041233,-0.10371897717304646,0.4594343665190687,8746,-0.22284068071170374
tbi_ma24,short,9,0.013943397956631307,inf,14002,-0.29079265801557863,-0.10403459395562509,0.4594343665190687,8761,-0.22295985091912138
updn_ratio,long,3,0.42857142857142855,0.4666666666666667,2881,-0.292683362827887,-0.10814645643575108,0.5203054494967025,1524,-0.3354123145781097
updn_ratio,long,5,0.5,0.5333333333333333,2876,-0.3018168879612869,-0.11727998156915101,0.508692628650904,1432,-0.3326688507736252
atr_rank,long,0,-inf,0.04791666666666667,13871,-0.30468530859202636,-0.12014840219989045,0.5178429817605076,5615,-0.4173547401532899
flow_eff,long,2,0.0007869065677229996,0.007110994970957905,14015,-0.3047023179097743,-0.1201654115176384,0.5125936496610775,7842,-0.3238870515224513
range_rank,short,0,-inf,0.08125,13701,-0.306126435037731,-0.11936837097777747,0.48872345084300417,5422,-0.3802845038379831
tbi_ma8,short,9,0.026268174561370164,inf,14012,-0.3063440843609663,-0.11958602030101273,0.46117613474165003,8924,-0.24943289042974084
atr_pct,short,1,0.0017763444583985724,0.002388511123950182,14017,-0.3141633309621134,-0.12740526690215986,0.48020261111507456,9696,-0.2276673784868554
vol_of_vol,short,0,-inf,-1.012266626011822,13967,-0.3175884955800683,-0.13083043152011475,0.4915157156153791,5938,-0.3681171654961309
to_hi480,long,9,26.53783520907761,inf,13969,-0.3261404050173411,-0.1416034986252052,0.4921612141169733,6007,-0.4210806055467586
updn_ratio,short,5,0.5,0.5333333333333333,2876,-0.33687220748296565,-0.1501141434230121,0.48991655076495133,1432,-0.36908056967035757
to_lo480,short,9,29.735377652400665,inf,13970,-0.3465542166522921,-0.15979615259233854,0.4705798138869005,5059,-0.33296610454243475
flow_eff,short,2,0.0007863467995283653,0.00711075761780133,14016,-0.3525452505142919,-0.16578718645433838,0.4859446347031963,7841,-0.3317782642097456
atr_rank,short,0,-inf,0.04791666666666667,13875,-0.36884556749708564,-0.1820875034371321,0.4818018018018018,5615,-0.40082964610141814
updn_ratio,short,3,0.42857142857142855,0.4666666666666667,2881,-0.37127113683997925,-0.1845130727800257,0.4779590419993058,1524,-0.3766365717700149
kyle,long,0,-inf,1.9253559144798484e-07,14016,-0.3805514229893412,-0.19601451659720528,0.5020690639269406,14158,-0.3483618725492459
kyle,short,0,-inf,1.9252914960364377e-07,14016,-0.3883803912931916,-0.20162232723323803,0.4965753424657534,14156,-0.31183761943304256
updn_ratio,short,7,0.5454545454545454,0.6,2601,-0.3993373722004893,-0.21257930814053577,0.4617454825067282,1374,-0.33234445353024367
atr_pct,long,0,-inf,0.0017763761530301561,14017,-0.44974623991865237,-0.26520933352651643,0.5148034529499893,9353,-0.39915164144948756
atr_pct,short,0,-inf,0.0017763444583985724,14018,-0.5054350774790207,-0.3186770134190672,0.484020545013554,9354,-0.4820752910347971
