feature,side,bin,lo,hi,n,exp_r,lift,wr,n_test,exp_r_test
tbi_ma96,long,9,0.00711019022383889,inf,13965,0.09969081688588009,0.2212984928974856,0.38088077336197634,7004,-0.08430387680885022
atr_pct,long,8,0.006008108447837021,0.007703045775300532,14024,0.016467460672303636,0.13807513668390914,0.3163148887621221,2012,-0.2519651390117266
atr_rank,long,9,0.9125,inf,14172,0.008660081750191395,0.1302677577617969,0.26848715777589616,5560,-0.0972391328724501
since_lo480,long,0,-inf,31.0,13934,0.0005121431000854852,0.122119819111691,0.30113391703746234,5861,-0.17529967062695043
dq_cum24,long,9,0.6713984031382848,inf,14009,-0.00734528314399349,0.11426239286761201,0.3563423513455636,8752,-0.18523928164628942
tbi_ma24,long,9,0.013945220758141363,inf,14009,-0.008386819309776016,0.11322085670182949,0.3561282032978799,8766,-0.18534383565506327
to_lo480,long,0,-inf,3.45672942223962,13976,-0.01798676189382516,0.10362091411778035,0.30817115054378935,6074,-0.12940083347004538
vol_of_vol,long,9,1.3812374177956919,inf,13974,-0.024656905751482674,0.09695077026012283,0.2771575783598111,5422,-0.09004502013222306
avg_trade_usd,short,9,5173.181538479941,inf,14023,-0.026693684819392938,0.12689619038943087,0.3313128431861941,11448,-0.19956148964028952
dow,long,0,-inf,1.0,20064,-0.0276438168174508,0.0939638591941547,0.34609250398724084,7296,-0.21362688775734612
persist96,long,9,0.22594679082987545,inf,14014,-0.029901275705242137,0.09170640030636337,0.3101898101898102,4468,-0.2440901189873043
pos480,short,4,0.4382128710202654,0.5288420328654713,13976,-0.03012097572245252,0.12346889948637128,0.34652261018889524,5168,-0.24022224857981125
disp24,short,0,-inf,-3.2963628413717787,14022,-0.03183018859021018,0.12175968661861362,0.31514762516046213,6499,-0.0744238137049235
to_hi24,short,9,4.566856232648308,inf,14022,-0.03350743115486243,0.12008244405396137,0.31792896876337184,6163,-0.1086798412828426
atr_pct,short,9,0.007702783125940048,inf,14024,-0.03852775707746258,0.11506211813136122,0.2765259555048488,1303,-0.09785677245286226
disp96,long,2,-4.665535957898997,-2.8508038110691407,14014,-0.03891944940386352,0.08268822660774199,0.3318110460967604,4925,-0.08358811567808552
to_hi96,long,5,4.653215313478709,5.53831792863092,14014,-0.04090383133483109,0.08070384467677441,0.3410874839446268,4419,-0.1845691736424973
dow,long,2,2.0,3.0,19964,-0.045936768986097755,0.07567090702550774,0.32924263674614307,7391,-0.1538149622782215
disp6,long,9,1.7053649111109979,inf,14023,-0.04871845041720913,0.07288922559439637,0.3289595664265849,5764,-0.1469184391582691
disp24,long,9,3.6054817903511855,inf,14022,-0.04931410838237615,0.07229356762922937,0.3172158037369847,5649,-0.16282828545413694
kyle,long,9,5.761359356223326e-07,inf,14022,-0.05497743904309668,0.06663023696850882,0.2958921694480103,681,-0.12503657569403764
to_lo24,long,9,4.9041290698097795,inf,14022,-0.05628510536254059,0.06532257064906491,0.30780202538867496,5376,-0.19784100277408653
pos480,long,9,0.8871294139788791,inf,13976,-0.05644434320692254,0.06516333280468296,0.32140812821980536,5277,-0.14317733700468252
to_hi480,long,0,-inf,2.8324332393508143,13976,-0.057755569976856234,0.06385210603474928,0.30931597023468804,5310,-0.12345688529313618
vol_of_vol,long,8,0.6364125834059737,1.3812374177956919,13973,-0.058181788894348635,0.06342588711725687,0.30508838474200245,5643,-0.16715859021959242
atr_pct,short,4,0.003398781155784518,0.003875609250379341,14023,-0.059043343370935385,0.09454653183788841,0.3364472652071597,4895,0.007655611408552723
since_lo96,long,0,-inf,7.0,13351,-0.05917605543886223,0.06243162057274328,0.29915362145157665,5766,-0.13821475468510117
range_rank,long,9,0.90625,inf,13872,-0.06127948408484165,0.060328191926763856,0.2859717416378316,5229,-0.08619667291622304
atr_pct,long,7,0.005087822999213454,0.006008108447837021,14023,-0.06282686432919744,0.05878081168240806,0.3020751622334736,2468,-0.0762327528777661
tbi_ma8,long,9,0.026271524253034157,inf,14018,-0.06456315833336573,0.05704451767823977,0.34598373519760306,8928,-0.18026735140857714
accel,long,9,1.5789280465042665,inf,14022,-0.06552502868883571,0.056082647322769796,0.31735843674226216,5639,-0.16057648807818115
to_hi480,long,2,4.785237759774016,6.733328500765979,13975,-0.06566016164063593,0.05594751437096958,0.32028622540250445,4567,-0.2008595459599748
vol_of_vol,short,9,1.381202827237071,inf,13974,-0.06681005663192091,0.0867798185769029,0.2765850865893803,5422,-0.059611291873312156
disp96,long,3,-2.8508038110691407,-1.2877072014547528,14014,-0.06873342295702588,0.05287425305457963,0.3321678321678322,4681,-0.11280370664310568
avg_trade_usd,long,5,3636.4663395965376,3932.5676750729867,14022,-0.07110361246857458,0.05050406354303093,0.32256454143488805,3673,-0.18032139905121222
flow_eff,long,8,0.0712354205897693,0.13422220726245193,14022,-0.07128296318956472,0.05032471282204079,0.30380830124090713,3022,-0.1305115549107549
to_hi480,long,6,13.041991745753942,15.772650375525775,13976,-0.07180406813366826,0.04980360787793725,0.3282054951345163,5187,-0.10059228235417013
pos480,long,8,0.8152938669174167,0.8871294139788791,13976,-0.07238113255051176,0.049226543461093744,0.3291356611333715,4411,-0.03016646050626081
range_per_trade,short,9,2.025687310071443e-07,inf,14023,-0.07251617165957311,0.0810737035492507,0.31555302003850816,307,-0.09212188092639378
to_lo480,short,1,3.4564407086234383,5.758336747603367,13976,-0.07286740384105594,0.08072247136776786,0.3167572982255295,4953,-0.11830185174139332
trade_intensity,long,9,1.8637643085006568,inf,14015,-0.07444148838953771,0.0471661876220678,0.30424545130217623,5896,-0.1388576282223799
range_z,short,9,1.2016312204428243,inf,13966,-0.07465616514152969,0.07893371006729412,0.3121867392238293,5849,-0.08702581722481109
persist24,long,9,0.40174855534352605,inf,14022,-0.07466954465809447,0.046938131353511034,0.2972471829981458,5153,-0.14494641571089045
hour,long,1,2.0,4.0,11687,-0.07548105060974536,0.04612662540186015,0.334131941473432,4296,-0.12883514940783136
to_hi96,long,6,5.53831792863092,6.550488908114363,14015,-0.0774368189788921,0.04417085703271341,0.32493756689261505,4490,-0.1934786604524773
pos480,short,5,0.5288420328654713,0.6337510430611366,13976,-0.07784636962890165,0.07574350557992215,0.3362907842014883,5835,-0.162269812858235
pos480,short,0,-inf,0.15614205618617863,13976,-0.07793194272324161,0.0756579324855822,0.31883228391528334,6217,-0.07624592506677581
absorb_z,long,5,0.025583700912901224,0.08953123519792659,12951,-0.07938261134880774,0.04222506466279777,0.32082464674542505,4890,-0.1484652171119275
to_lo96,long,5,5.194385981174207,6.199225363206412,14015,-0.08020140976617421,0.0414062662454313,0.3302889760970389,4666,-0.21641600672003572
kyle,short,9,5.761636056299596e-07,inf,14023,-0.08163489220808177,0.07195498300074203,0.2871710760892819,681,-0.025307762601709135
range_rank,long,8,0.8083333333333333,0.90625,13648,-0.08184270321791047,0.039764972793695036,0.2952080890973036,5185,-0.10800902327174916
pos480,long,0,-inf,0.15614852634877366,13976,-0.08190321329995934,0.03970446271164617,0.3065970234688037,6218,-0.1574277530543783
pos96,long,4,0.43412634045237425,0.5242413122454227,14014,-0.08210523601977082,0.039502439991834684,0.33487940630797774,4447,-0.11659678530997956
trade_intensity,short,9,1.863797282853465,inf,14015,-0.08234615137732948,0.07124372383149433,0.30267570460221194,5895,-0.07610943493518542
persist96,short,7,0.13718539135467533,0.17302603695059685,14013,-0.08309562036448429,0.07049425484433952,0.3189895097409548,5647,-0.15772231165726816
pos24,long,9,0.8624114876420289,inf,14022,-0.08327870326040979,0.03832897275119572,0.318642133789759,6270,-0.22536247709559695
since_hi96,long,9,94.0,inf,14778,-0.08330776960842665,0.03829990640317886,0.3166192989579104,5907,-0.15768701479064892
atr_pct,short,5,0.003875609250379341,0.00442848470188517,14024,-0.08337409028896561,0.07021578491985819,0.32059326868225896,4065,-0.008376756964460259
range_per_trade,long,9,2.0256763938840897e-07,inf,14022,-0.0835134436689308,0.0380942323426747,0.31250891456282986,307,-0.13812219468379894
pos480,long,7,0.7329188843484639,0.8152938669174167,13975,-0.08451420851320833,0.037093467498397176,0.3261538461538461,3872,-0.11255188143662567
kyle,long,7,4.045517301045886e-07,4.647009271988024e-07,14022,-0.08452452636452204,0.037083149647083466,0.30223933818285553,2815,-0.12111695827294583
pos480,long,6,0.6338065395713752,0.7329188843484639,13976,-0.08465182640572687,0.03695584960587864,0.33192615912993706,5146,-0.4021972514864318
to_lo480,short,4,10.498686673315737,13.048085239821656,13976,-0.08465875025678796,0.06893112495203585,0.3268460217515741,5486,-0.11129080329738536
atr_pct,long,6,0.004428287679597805,0.005087822999213454,14023,-0.08480755014210484,0.03680012586950067,0.3069243385866077,3106,-0.11795648994517509
atr_pct,short,3,0.0029090471249235378,0.003398781155784518,14024,-0.08481236271416573,0.06877751249465808,0.3322875071306332,6427,-0.10477355380930892
flow_eff,long,7,0.04534435859675996,0.0712354205897693,14022,-0.08486403022042924,0.03674364579117627,0.3081586079018685,3515,-0.1793299565416335
to_hi480,long,5,10.758985201199213,13.041991745753942,13976,-0.08495119209733894,0.03665648391426657,0.3189753863766457,4614,-0.10179844970723062
since_hi480,short,9,466.0,inf,14189,-0.08577878417518577,0.06781109103363804,0.33032630911269295,5952,0.012853092336186965
kyle,long,8,4.647009271988024e-07,5.761359356223326e-07,14022,-0.08681734765294999,0.03479032835865552,0.29903009556411353,1993,-0.10410825512276643
to_lo480,long,9,29.734557893929498,inf,13976,-0.08705744170165476,0.034550234309950745,0.3668431597023469,5066,-0.1338520510287716
atr_pct,short,6,0.00442848470188517,0.005087801913067775,14024,-0.08723906749646147,0.06635080771236233,0.31096691386195097,3104,-0.04259550426521795
since_hi480,long,7,382.0,431.0,14030,-0.08742649615822451,0.034181179853381,0.32302209550962224,5220,-0.13416494313232666
body_frac,long,9,0.6956555235479698,inf,14022,-0.0879382301658104,0.03366944584579511,0.3243474540008558,6087,-0.18323635731570784
gap,long,4,0.00026341380684960096,0.0011252574368738808,14023,-0.08822389273001112,0.03338378328159439,0.3079940098409755,9722,-0.15318568595894966
minofday,long,1,135.0,285.0,14610,-0.08832797217447513,0.03327970383713037,0.3321697467488022,5370,-0.1328805266960272
flow_eff,short,9,0.13419719745635664,inf,14022,-0.08852370471612486,0.06506617049269894,0.28833262016830696,2894,-0.024662122819598495
persist96,short,8,0.17302603695059685,0.22594582212700767,14014,-0.08860943523061607,0.06498043997820774,0.3128300271157414,5188,-0.045856004646316485
dow,short,3,3.0,4.0,19966,-0.08870755174699839,0.06488232346182542,0.313032154662927,7392,0.08491538130545487
avg_trade_usd,long,6,3932.5676750729867,4248.325422255218,14022,-0.08894063907292281,0.0326670369386827,0.3124375980601911,3842,-0.20543716912187585
to_lo96,short,3,3.394559543715912,4.2630907859857485,14014,-0.08909863086136961,0.0644912443474542,0.3274582560296846,4672,-0.17377978760679694
to_lo480,short,3,8.112032149136603,10.498686673315737,13975,-0.08936459231673603,0.06422528289208777,0.31520572450805007,5489,-0.12354359824562659
since_lo480,long,5,283.0,345.0,13902,-0.08962217051698898,0.031985505494616526,0.33175082721910515,5135,-0.20660128877830508
dn_wick,long,2,0.07527617575907615,0.1303459173940816,14022,-0.0898873077807538,0.03172036823085171,0.3196405648267009,5332,-0.17006193320767823
avg_trade_usd,long,4,3335.7220586943076,3636.4663395965376,14022,-0.09022804720142634,0.031379628810179166,0.3216374269005848,3756,-0.17621433632106448
since_hi96,long,8,87.0,94.0,13708,-0.09033069235190759,0.031276983659697916,0.32455500437700613,5354,-0.1716386655319684
gap,short,2,-0.00024081828591736935,0.0,8266,-0.09045586078613582,0.06313401442268798,0.307161867892572,1849,0.10475070026564831
to_lo96,long,0,-inf,1.6452133380945055,14014,-0.09066873587213944,0.030938940139466062,0.2986299414870843,6708,-0.12611607616033219
to_lo24,long,6,2.7777460511507455,3.273305348202158,14021,-0.09089581455322479,0.030711861458380715,0.3256543755794879,4798,-0.15977597422253104
since_hi24,long,0,-inf,2.0,11380,-0.09131376085724945,0.03029391515435606,0.3211775043936731,4617,-0.17702143535510906
disp96,long,9,8.336472893352562,inf,14014,-0.09140191943152644,0.03020575658007907,0.315541601255887,5047,-0.19141103748881666
range_z,long,8,0.5194963870763994,1.2015427041853557,13965,-0.09159949603290125,0.030008179978704252,0.30526315789473685,5469,-0.1341267726627765
since_hi24,long,7,20.0,22.0,11209,-0.09161001860535084,0.029997657406254666,0.32108127397626907,4070,-0.17498254822309153
to_lo24,long,0,-inf,0.7890299474097887,14022,-0.09185545188317537,0.029752224128430135,0.3248466695193268,6878,-0.15323112569969852
persist96,long,5,0.08615977776799404,0.10973952636742657,14014,-0.09283773908728638,0.02876993692431913,0.32167832167832167,5551,-0.19830041966775427
gap,long,2,-0.0002406507387152134,0.0,8265,-0.09293815760475735,0.028669518406848157,0.3017543859649123,1845,-0.2763386992983779
tbi_ma96,short,4,-0.004398452301730408,-0.002561718954374252,13965,-0.09302606370110222,0.06056381150772158,0.32402434658073753,4162,-0.10150681325316621
persist24,short,9,0.4017640112478412,inf,14022,-0.09329665599881747,0.06029321921000634,0.2940379403794038,5152,-0.07473195976065422
is_weekend,long,0,-inf,1.0,100110,-0.09366294954431553,0.027944726467289974,0.307811407451803,36765,-0.16208656833386334
tbi_z8,long,0,-inf,-1.327515395229576,14018,-0.09408240995040087,0.02752526606120463,0.3191610786132116,5344,-0.15721947065265007
to_hi480,short,9,26.539227958458635,inf,13976,-0.09423315123956483,0.05935672396925898,0.3669862621637092,6011,-0.08073919967420233
gap,long,1,-0.0010979054902918134,-0.0002406507387152134,14023,-0.09424601256512231,0.027361663446483192,0.30407188190829354,10055,-0.16780259935595818
persist6,long,9,0.7701447546473015,inf,14023,-0.0944088804690931,0.027198795542512408,0.30934892676317477,5462,-0.17876433152888385
to_lo480,long,6,15.835210705954447,19.01263849528156,13976,-0.09457729694613787,0.02703037906546764,0.3213365769891242,4676,-0.2973347894898738
pos24,long,0,-inf,0.16530169289538144,14022,-0.09466268417457613,0.026944991837029378,0.3147910426472686,7013,-0.14940458507780432
ats_z96,long,9,1.3835154352122612,inf,13965,-0.09470242553560614,0.02690525047599937,0.31521661296097386,5075,-0.16594848885356642
since_hi24,long,1,2.0,4.0,12211,-0.09502712859825509,0.02658054741335042,0.3202849889443944,4643,-0.14151925486271102
since_hi96,long,6,66.0,77.0,13330,-0.09505020087096168,0.026557475140643827,0.3303075768942236,4612,-0.14391965085911781
to_lo480,long,1,3.45672942223962,5.758062637871411,13976,-0.09506494182941444,0.026542734182191066,0.296508299942759,4952,-0.10124933875961696
vol_per_trade_z,short,8,0.8523756935663747,1.3763749906664944,13965,-0.09510740519174816,0.05848247001707564,0.3148585750089509,4523,-0.12572128987782957
since_hi480,long,3,121.0,185.0,13927,-0.09541253093495144,0.02619514507665406,0.33517627629783875,5063,-0.23927391901511535
avg_trade_usd,long,8,4628.881839960484,5173.094730728579,14022,-0.09583139495326322,0.025776281058342287,0.30309513621452006,5538,-0.20894746827453295
tbi_ma8,long,8,0.0161173750927148,0.026271524253034157,14018,-0.09590963668661719,0.02569803932498832,0.31737765729776,4789,-0.22699542169474035
dq_z96,long,3,-0.5653451655058099,-0.27971838742569427,13965,-0.09632323147445292,0.02528444453715259,0.31600429645542427,5123,-0.17298183573875245
flow_eff,long,9,0.13422220726245193,inf,14022,-0.09642141463258946,0.025186261379016042,0.28084438739124234,2894,-0.1320532670967056
pos480,long,1,0.15614852634877366,0.24517289721432828,13976,-0.0966889855967097,0.024918690414895805,0.31711505437893533,5009,-0.24963772647330607
tbi_ma24,long,8,0.008203145999246585,0.013945220758141363,14008,-0.09692568031549961,0.024681995696105893,0.3201741861793261,4458,-0.1659262741662245
tbi_z96,long,3,-0.565284459360545,-0.27987822453396793,13965,-0.09696900966217065,0.02463866634943486,0.3158610812746151,5120,-0.17386847200569483
since_lo96,long,1,7.0,18.0,14628,-0.09713304981746826,0.024474626194137247,0.2940251572327044,5542,-0.1462426712957987
wick_skew,long,7,0.16406505341665478,0.2787653193042731,14022,-0.09714445153942101,0.02446322447218449,0.3177863357580944,5253,-0.15129524536477884
dow,long,4,4.0,5.0,20056,-0.09717387777727315,0.024433798234332352,0.2664539289988033,7391,-0.047444728089835644
ats_rank480,long,7,0.7083333333333334,0.8104166666666667,13728,-0.09723482453497177,0.024372851476633733,0.31330128205128205,5206,-0.15208065840030396
dow,short,2,2.0,3.0,19960,-0.0972628112308744,0.05632706397794941,0.3191382765531062,7390,-0.17726100931228747
since_hi480,long,0,-inf,24.0,13948,-0.09726830269871288,0.024339373312892626,0.28448523085747063,5027,-0.13085233310136363
ats_rank480,long,9,0.9083333333333333,inf,13897,-0.09734675457036279,0.024260921441242714,0.3060372742318486,5069,-0.1484242495904298
close_loc,long,1,0.09578344378298942,0.19556328411440027,14022,-0.09738206244772656,0.02422561356387895,0.3189987163029525,5195,-0.1609712867584831
to_hi96,long,4,3.841933350723844,4.653215313478709,14014,-0.09743853559567574,0.02416914041592977,0.32274867989153705,4531,-0.12342584207832574
since_lo96,short,0,-inf,7.0,13353,-0.09754569757774639,0.05604417763107741,0.2961132329813525,5765,-0.056620763251205485
dq_cum24,long,8,0.3958373628143135,0.6713984031382848,14008,-0.09791561468203065,0.023692061329574854,0.3197458595088521,4449,-0.1651849920424918
efficiency,long,3,0.1299927759151608,0.17339316066625182,14022,-0.09794770982004412,0.023659966191561382,0.3177150192554557,4905,-0.1519110529564873
atr_rank,short,3,0.2625,0.375,13860,-0.09802414342312521,0.0555657317856986,0.33694083694083693,5148,0.00032344512590830733
pos96,long,7,0.7009118541033393,0.7852192451897078,14013,-0.09823863333125517,0.023369042680350338,0.32348533504602867,5277,-0.1912142943277024
vol_per_trade_z,long,9,1.376382922822436,inf,13965,-0.09827067217816733,0.023337003833438175,0.31349803079126387,5116,-0.16264535357386248
persist6,long,8,0.6225420758498785,0.7701447546473015,14023,-0.09830058264883468,0.023307093362770828,0.3141267916993511,5284,-0.1884054992679244
disp96,short,4,-1.287940129558084,0.20592146473901207,14014,-0.09896412327640737,0.054625751932416436,0.3304552590266876,4693,-0.16866370378280757
persist96,long,2,0.0310903507805305,0.047774787404416305,14014,-0.09911354861437795,0.02249412739722756,0.32867132867132864,4918,-0.11383880190254336
persist24,long,6,0.19952586450954224,0.24790925823396318,14021,-0.09919559273758528,0.022412083274020222,0.3180229655516725,5445,-0.2048658133065972
pos24,long,7,0.6930210695683544,0.7757625757628892,14021,-0.09939111480471126,0.022216561206894248,0.3217316881820127,4905,-0.12666372733069609
persist24,long,7,0.24790925823396318,0.30996883640007133,14021,-0.10018091425492733,0.02142676175667818,0.3153127451679623,5527,-0.17362014603624445
up_wick,long,5,0.2335456475583846,0.29658979325611984,14023,-0.10054832684608761,0.021059349165517896,0.3175497397133281,4867,-0.15673662212843004
to_lo480,short,2,5.758336747603367,8.112032149136603,13976,-0.10059239221040638,0.05299748299841743,0.3056668574699485,4976,-0.15886963672441698
trade_intensity,short,8,1.3141373668352854,1.863797282853465,14014,-0.10083501183277609,0.05275486337604772,0.3071214499785928,5117,-0.11293270673475542
dn_wick,long,3,0.1303459173940816,0.18671796679199476,14022,-0.10086193800347087,0.02074573800813463,0.31664527171587503,5263,-0.18342669251534252
tbi_ma96,long,8,0.0037665943258049315,0.00711019022383889,13965,-0.10112136544948112,0.020486310562124382,0.3218045112781955,4725,-0.1033383958982741
absorb,long,7,0.09135002431799084,0.1535570732341751,14010,-0.10123926095824806,0.020368415053357444,0.31670235546038544,4714,-0.19544416671546036
atr_pct,long,9,0.007703045775300532,inf,14024,-0.10133287905865954,0.02027479695294597,0.24771819737592699,1303,-0.04891956514064752
pos24,long,8,0.7757625757628892,0.8624114876420289,14021,-0.10133666328217616,0.02027101272942934,0.3163112474145924,5182,-0.20642950969399712
absorb_z,long,4,-0.047100871973871125,0.025583700912901224,12950,-0.10202071985473103,0.019586956156874474,0.3176061776061776,5137,-0.17807550144011164
to_hi24,long,1,0.6857763213570965,1.0799319024525007,14021,-0.10229310092322469,0.019314575088380817,0.3225162256615077,5202,-0.18810856998074288
m1_jump,long,1,0.1918858774627617,0.22570018994388683,14023,-0.10299592685859796,0.018611749153007548,0.3110604007701633,4501,-0.1804860531846716
to_lo96,long,3,3.3948238335643763,4.263557923913591,14014,-0.10304352351594767,0.018564152495657835,0.32167832167832167,4677,-0.15447879690510236
persist24,long,8,0.30996883640007133,0.40174855534352605,14021,-0.10305319756157029,0.018554478450035217,0.3057556522359318,5528,-0.14567732545250495
persist6,long,6,0.42622066487869886,0.5153824881809689,14023,-0.10321472672465425,0.01839294928695126,0.31648006845896026,5014,-0.16612914909380816
to_lo24,long,7,3.273305348202158,3.907747647814791,14021,-0.10322746448887865,0.018380211522726855,0.3181656087297625,5108,-0.1687751230031291
up_wick,long,8,0.4562250558654809,0.578237142945162,14022,-0.1032738706681988,0.0183338053434067,0.3163600057053202,4893,-0.16674372420971298
dq_cum24,short,7,0.2049077060274631,0.39576011540981604,14008,-0.10330535352223824,0.050284521686585565,0.31546259280411193,3871,-0.10510858123096642
persist96,long,1,0.015587318343824973,0.0310903507805305,14014,-0.10345692739279035,0.01815074861881516,0.3329527615241901,4906,-0.13321763693045682
up_wick,long,4,0.17673896880607054,0.2335456475583846,14021,-0.10353201131148682,0.01807566470011869,0.31381499179801725,4975,-0.176216489807969
atr_rank,long,8,0.8083333333333333,0.9125,13946,-0.1036884338630736,0.01791924214853191,0.2734117309622831,5083,-0.032980629245374385
to_hi24,long,8,3.6329734686110347,4.566741724951087,14021,-0.10375982308324237,0.017847852928363134,0.31024891234576707,5313,-0.216470707213683
atr_rank,long,5,0.48125,0.5916666666666667,13980,-0.10391888719973219,0.017688788811873316,0.3234620886981402,5175,-0.1275387364423656
tbi_ma24,short,7,0.004226762673645091,0.00820202739075934,14008,-0.10442950982672497,0.049160365382098836,0.3149628783552256,3873,-0.10342048408679455
kyle,short,6,3.617291630756133e-07,4.0455647280909474e-07,14023,-0.1044524781038545,0.04913739710496931,0.3094915495970905,3274,-0.04772769397463878
ats_z96,short,8,0.8547511537329922,1.3833591221143122,13965,-0.10464456054905018,0.04894531465977363,0.31192266380236305,4553,-0.1278130034972236
since_lo480,short,2,82.0,145.0,13977,-0.10478493202943656,0.048804943179387245,0.32238677827860057,5007,-0.20887208964629145
since_lo96,long,5,56.0,69.0,14460,-0.10501375262383106,0.016593923387774448,0.3329183955739972,5209,-0.13527678175113053
rv_vs_range,long,1,0.46042557185311583,0.5158392071974262,14022,-0.10511651052684781,0.016491165484757694,0.31072600199686207,4681,-0.1340491785064561
since_hi96,long,7,77.0,87.0,14474,-0.10514339651919898,0.01646427949240653,0.32098936023214036,5256,-0.13628352823705372
flow_eff,short,8,0.07122741591613944,0.13419719745635664,14022,-0.10519413063444806,0.048395744574375746,0.2953216374269006,3024,-0.08598684145553166
tbi_z24,long,0,-inf,-1.307546780671656,14009,-0.10532693781865494,0.01628073819295056,0.31586837033335713,5262,-0.14989186291498646
pos96,long,5,0.5242413122454227,0.6134751773049643,14015,-0.10537130589342365,0.016236370118181853,0.3283624687834463,4773,-0.13844779629777362
atr_rank,short,4,0.375,0.48125,13878,-0.10541106504475174,0.048178810164072064,0.3301628476725753,5116,-0.062076397141465164
pos96,short,1,0.17041135711496405,0.258655007199209,14014,-0.10583087478745859,0.047759000421365216,0.3118310261167404,4943,-0.08551224552029296
m1_jump,long,2,0.22570018994388683,0.2536232851869545,14024,-0.10586698213312618,0.01574069387847933,0.31096691386195097,4509,-0.19391381472507077
absorb,long,4,-0.05854114848001788,-0.008916130544105847,14009,-0.10597905237853089,0.015628623633074615,0.30523235063173676,4618,-0.1402569294961367
lo_pos,long,6,0.7142857142857143,0.8571428571428571,13278,-0.10619717899691002,0.01541049701469549,0.31518300948938094,5144,-0.15633788025032463
rpt_z,long,0,-inf,-1.2306683210030955,13965,-0.10621644527829488,0.015391230733310626,0.3175796634443251,4665,-0.1635593898974526
tbi_z8,long,4,-0.3098224460078923,-0.0046775763730056595,14018,-0.1063880233062568,0.01521965270534871,0.31666428877157937,5292,-0.15412987900040365
updn_ratio,long,4,0.4666666666666667,0.5,25471,-0.10643103450602921,0.015176641505576294,0.3085469749911664,8565,-0.18779281559585384
absorb,long,6,0.045335985317487754,0.09135002431799084,14010,-0.10657490968404007,0.015032766327565436,0.3106352605281941,4267,-0.1839490746943546
flow_eff,long,6,0.030557705181545932,0.04534435859675996,14021,-0.10696481981165283,0.014642856199952675,0.30818058626346195,4054,-0.1586116839728855
since_hi480,long,6,322.0,382.0,13888,-0.10703208918601419,0.014575586825591319,0.3253168202764977,4747,-0.15182067694453538
hour,long,7,16.0,19.0,17529,-0.10703835743546156,0.01456931857614395,0.2856979861943066,6444,-0.1463610898417441
wick_skew,long,8,0.2787653193042731,0.43850267379672214,14022,-0.10721218521507263,0.014395490796532878,0.31792896876337184,5128,-0.18229001060128072
trade_intensity,short,7,1.0511081457618188,1.3141373668352854,14014,-0.10724134539842413,0.04634852981039968,0.31090338233195375,4891,-0.15081342879767531
dq,long,6,0.03133538922702253,0.07007816762274825,14022,-0.10727333658980069,0.014334339421804815,0.30780202538867496,4241,-0.17335194584194002
minofday,long,6,855.0,1005.0,14609,-0.10729398013886497,0.014313695872740534,0.29762475186528853,5370,-0.1206710190763111
range_per_trade,long,8,1.6479687500379247e-07,2.0256763938840897e-07,14022,-0.10749145375129138,0.014116222260314129,0.3130081300813008,1498,-0.28187676528138206
tbi_z96,long,0,-inf,-1.2986010236369674,13965,-0.10755189049760358,0.014055785514001926,0.3223057644110276,5289,-0.14675851881475646
pos96,long,3,0.3442622950819672,0.43412634045237425,14014,-0.10758459597925765,0.014023080032347854,0.31675467389753104,4448,-0.17557071442114622
tbi,long,6,0.015606299688227177,0.03499301649469127,14022,-0.10758852980752055,0.014019146204084953,0.3076593923833975,4238,-0.17277554934911812
atr_rank,long,7,0.7,0.8083333333333333,13916,-0.10761917488342394,0.013988501128181563,0.29397815464213856,5232,-0.13229674607200007
accel,long,2,-1.0521625015934049,-0.6674192481903007,14021,-0.10764257967284797,0.013965096338757532,0.3182369303188075,4863,-0.19450900144489092
wick_skew,long,6,0.07020922350713851,0.16406505341665478,14022,-0.10774978283746367,0.013857893174141836,0.3129368135786621,5387,-0.15876043023412126
flow_eff,short,0,-inf,-0.026518245693899913,14022,-0.10776301588171874,0.04582685932710506,0.3061617458279846,4899,-0.07810789727654277
to_hi480,long,3,6.733328500765979,8.74298064917573,13976,-0.10778769632769716,0.013819979683908343,0.306310818546079,4798,-0.2042703763643336
avg_trade_usd,long,7,4248.325422255218,4628.881839960484,14022,-0.10786723713434593,0.013740438877259578,0.30166880616174585,4398,-0.21101112359779978
close_loc,long,3,0.2947556938453864,0.39961311090132184,14022,-0.10786781853111463,0.013739857480490877,0.31400656111824277,4803,-0.1403406521990488
dq_z96,long,0,-inf,-1.2988358592366216,13965,-0.10787744298184389,0.013730233029761618,0.3223057644110276,5285,-0.14708239329021805
to_lo96,short,4,4.2630907859857485,5.193998770687035,14014,-0.10789840986791532,0.04569146534090848,0.3252461823890395,4814,-0.11647783019736226
tbi_ma96,short,2,-0.008730479409386654,-0.006364263145032647,13965,-0.10791875688131358,0.045671118327510224,0.31944146079484426,4448,-0.03399899213856441
range_z,long,1,-0.9188710775588897,-0.7297032883040927,13965,-0.10810803127370144,0.013499644737904062,0.3326172574292875,5441,-0.2013757088926546
dn_wick,long,6,0.3109429956035254,0.3833607117040198,14022,-0.10829361106922902,0.013314064942376483,0.3135073455997718,4795,-0.12979693048473098
to_hi96,short,0,-inf,1.4196559692120523,14015,-0.10839801010495545,0.045191865103868356,0.3012486621476989,6027,-0.09232269841168063
persist6,short,9,0.7701351971597377,inf,14023,-0.10855810679216375,0.045031768416660053,0.30892105826142763,5460,-0.13597636993470733
since_hi96,short,0,-inf,6.0,12939,-0.10856489766881422,0.045024977540009586,0.2936857562408223,5119,-0.08708442175049755
sess_asia,long,1,1.0,inf,46751,-0.10861537350952583,0.01299230250207968,0.325426194092105,17184,-0.16688325226834852
pos96,short,2,0.258655007199209,0.34423876384047525,14014,-0.10868811740017674,0.044901757808647066,0.3183245326102469,4466,-0.16322865317500754
to_hi24,long,2,1.0799319024525007,1.4335422368024666,14021,-0.10874559322263647,0.01286208278896904,0.3218030097710577,4911,-0.14812450252363432
dow,short,0,-inf,1.0,20063,-0.10879241080003876,0.04479746440878504,0.32213527388725516,7296,-0.06280177634265924
kyle_z,long,9,1.3224274333639805,inf,13965,-0.108793585090793,0.01281409092081251,0.2978875760830648,5594,-0.13153644026773545
kyle_z,long,6,0.12295414580277081,0.41158469131993447,13965,-0.10879530079860729,0.012812375212998217,0.30848549946294307,5002,-0.1603102678730374
minofday,long,7,1005.0,1140.0,13146,-0.10888111576076073,0.012726560250844773,0.2854100106496273,4833,-0.14128152861894175
atr_rank,long,6,0.5916666666666667,0.7,14079,-0.10897382780860455,0.012633848203000952,0.30868669649833086,5391,-0.15365938921875846
hour,long,8,19.0,21.0,11688,-0.10903595246622469,0.012571723545380817,0.2945756331279945,4296,-0.157017152968744
range_rank,long,5,0.49583333333333335,0.6020833333333333,13811,-0.10908078182656727,0.012526894185038231,0.3125769314314677,5286,-0.19233513887115355
rpt_rank,long,0,-inf,0.09791666666666667,13733,-0.10917898170738706,0.012428694304218446,0.3099104347192893,5100,-0.16828735503118517
minofday,long,8,1140.0,1290.0,14609,-0.1091971591531712,0.012410516858434306,0.2956396741734547,5370,-0.15627402367438237
ats_z96,long,7,0.4897530550327648,0.8547525552385307,13965,-0.10919965616804686,0.012408019843558646,0.310562119584676,4800,-0.15273873873198962
hi_pos,long,1,0.0,0.14285714285714285,40983,-0.1092440047980198,0.012363671213585711,0.31515506429495155,14595,-0.15640515119967327
tbi,long,8,0.0576200087036371,0.08883793813584005,14022,-0.10924701260824553,0.012360663403359978,0.314434460134075,5018,-0.20946069488672917
trade_intensity,long,0,-inf,0.41478325993220244,14014,-0.1093831547691261,0.0122245212424794,0.3328100470957614,7303,-0.20616401178936739
hi_pos,long,6,0.7142857142857143,0.8571428571428571,13209,-0.1093866326979717,0.0122210433136338,0.3171322583087289,5104,-0.18929577817575563
disp24,long,1,-3.2959051080403006,-2.1252629299868997,14021,-0.10947826335303333,0.012129412658572175,0.31174666571571213,5252,-0.19996983201848959
dq,long,8,0.1153290161679392,0.17769171146957494,14022,-0.10964201531052271,0.011965660701082792,0.3142205106261589,5016,-0.20849602091470362
rpt_z,long,1,-1.2306683210030955,-0.8795016548142629,13965,-0.10966889689525934,0.011938779116346165,0.31435732187611887,5463,-0.19828357986317294
tbi_z24,long,5,-0.003778925509180523,0.279646880374665,14008,-0.10973276729484946,0.011874908716756047,0.31503426613363794,5309,-0.153261024093363
pos96,long,9,0.8664686998394873,inf,14015,-0.10975215760587996,0.011855518405725546,0.30396004281127365,5926,-0.26356018891193134
tbi_ma24,short,1,-0.019117840542679287,-0.01324194995413285,14008,-0.1097991960949164,0.04379067911390741,0.316747572815534,4918,-0.09761007170049579
range_rank,short,9,0.90625,inf,13875,-0.10980866977657612,0.043781205432247686,0.2769009009009009,5230,-0.06714211528462577
kyle,long,6,3.6172402076891725e-07,4.045517301045886e-07,14022,-0.10985857996382689,0.011749096047778615,0.30330908572243614,3275,-0.14007384834741954
vol_per_trade_z,long,7,0.4911400474176824,0.8523759061682796,13965,-0.10986111039921566,0.011746565612389848,0.30848549946294307,4717,-0.15131951252464665
hour,long,6,14.0,16.0,11687,-0.10989346256149941,0.011714213450106092,0.30418413621973134,4296,-0.10653885029004648
tbi_z96,long,8,0.8813802562389873,1.3092404639294402,13965,-0.10994663703325423,0.011661038978351274,0.31621911922663803,5142,-0.1983741141935249
to_hi480,long,1,2.8324332393508143,4.785237759774016,13976,-0.11002882983530891,0.011578846176296592,0.30287635947338293,4645,-0.17477199646318156
disp24,long,8,2.3133205172826803,3.6054817903511855,14021,-0.11005083823515194,0.011556837776453568,0.3165965337707724,5611,-0.14954403088694984
efficiency,long,7,0.3258972796665501,0.396338461138492,14022,-0.11006709975216776,0.011540576259437746,0.3134360290971331,5163,-0.1791425099835703
persist96,long,4,0.0659450035117716,0.08615977776799404,14014,-0.11020966321724704,0.011398012794358467,0.3196803196803197,5267,-0.14431575850228007
to_lo96,short,2,2.543743905627697,3.394559543715912,14014,-0.11033980651728256,0.043250068691541244,0.31718281718281716,4768,-0.13525906364108692
atr_pct,short,7,0.005087801913067775,0.006007787836572061,14023,-0.11039151889928452,0.04319835630953929,0.29387434928332024,2464,-0.018636836096268667
range_z,long,7,0.15541557618599885,0.5194963870763994,13965,-0.11049959051742198,0.011108085494183531,0.30103831006086645,5112,-0.14501049848118153
dq_cum24,short,1,-0.9158115907462522,-0.6335691575281667,14008,-0.11059228254206938,0.04299759266675443,0.3166047972587093,4922,-0.09647220109658783
ats_z96,long,8,0.8547525552385307,1.3835154352122612,13965,-0.11062897207663412,0.010978703934971384,0.3090583601861797,4553,-0.18000749553371517
dq_z96,long,8,0.8815034737847115,1.309013201382925,13965,-0.11065750149350145,0.010950174518104053,0.3158610812746151,5142,-0.19897318016402382
since_hi480,long,8,431.0,466.0,13837,-0.11069863958777564,0.010909036423829871,0.3228300932283009,5244,-0.19851531943084197
since_lo24,long,3,8.0,11.0,12589,-0.11092809733888702,0.010679578672718487,0.311065215664469,4566,-0.17606981078242578
ats_rank480,long,3,0.29375,0.3958333333333333,13621,-0.11106498091012412,0.010542695101481384,0.3174509947874605,5090,-0.17649755118186722
sess_eu,long,0,-inf,1.0,93498,-0.11120768269282136,0.010399993318784148,0.30632740807289993,34367,-0.15594014001505702
sess_us,long,1,1.0,inf,46744,-0.11154528228787192,0.01006239372373359,0.2963161047407154,17182,-0.1440707522012774
atr_pct,long,5,0.0038756088725177933,0.004428287679597805,14024,-0.11157203032263764,0.010035645688967865,0.30583285795778664,4063,-0.1297024768814766
close_loc,long,6,0.6173315728013056,0.7213428204134495,14022,-0.11158013979508107,0.01002753621652444,0.31450577663671375,4937,-0.1723038777674494
kyle_z,long,7,0.41158469131993447,0.7766158554739169,13965,-0.11183156350161785,0.009776112509987653,0.3041174364482635,5125,-0.12384221734687885
rpt_rank,long,8,0.8020833333333334,0.9041666666666667,13822,-0.11186459694930373,0.009743079062301777,0.31833309217189987,5309,-0.20132266515492733
tbi_ma8,long,5,-0.0024165499253656075,0.0031166695563764205,14018,-0.11186906846329789,0.009738607548307618,0.30689113996290485,3758,-0.15572002444041816
disp24,long,7,1.4369147328094725,2.3133205172826803,14021,-0.11206189161465836,0.009545784396947143,0.32294415519577774,4910,-0.2362355588755008
since_lo24,long,9,24.0,inf,19230,-0.11213793196408157,0.009469744047523931,0.3154446177847114,6826,-0.17290268376867726
vol_of_vol,short,4,-0.46388962003187634,-0.28106585849508114,13973,-0.11214065684646328,0.041449218362360526,0.31925857009947756,4347,-0.14954325931334006
vol_of_vol,long,7,0.22842892084376137,0.6364125834059737,13973,-0.11217777265558522,0.009429903356020286,0.29786015887783585,5299,-0.16389109627766832
kyle,long,5,3.2658770893169533e-07,3.6172402076891725e-07,14022,-0.11228369264890743,0.009323983362698074,0.30737412637284267,3806,-0.15150820280042607
accel,long,0,-inf,-1.578559906293455,14022,-0.11249664392758352,0.009111032084021989,0.30223933818285553,5733,-0.16049716847924933
dq_cum24,long,4,-0.2687250403284876,-0.11276785376991388,14008,-0.11265539328205312,0.008952282729552383,0.3105368360936608,4033,-0.1607335753200078
tbi_z8,long,6,0.2998105709040895,0.6123340556880529,14017,-0.11277819461764806,0.00882948139395745,0.311978312049654,5224,-0.2085310897928479
disp6,short,0,-inf,-1.672876651683853,14023,-0.11285448109480442,0.040735394114019385,0.30528417599657703,6137,-0.09977896705095635
absorb,long,5,-0.008916130544105847,0.045335985317487754,14010,-0.11292069903081887,0.008686976980786631,0.3037116345467523,4719,-0.14928192133751905
range_rank,long,7,0.7041666666666667,0.8083333333333333,13968,-0.11304561325752802,0.00856206275407749,0.29624856815578465,5366,-0.13190880644238742
vol_per_trade_z,long,4,-0.34199265049083377,-0.08120903065436468,13965,-0.11308771534766453,0.008519960663940979,0.31521661296097386,5521,-0.163703671169035
vol_per_trade_z,long,8,0.8523759061682796,1.376382922822436,13965,-0.11308865855937326,0.008519017452232241,0.3080558539205156,4523,-0.18345529741004282
close_loc,long,5,0.5078125000000158,0.6173315728013056,14022,-0.11314516208404628,0.008462513927559229,0.31250891456282986,4893,-0.1589960219943691
to_hi24,long,0,-inf,0.6857763213570965,14022,-0.11323663263202395,0.008371043379581555,0.31457709313935245,6271,-0.23341788043206937
trade_intensity,long,6,0.8872183677145993,1.0510779385475721,14015,-0.11331774243599081,0.008289933575614694,0.30988226899750265,4716,-0.13706618030263765
pos96,long,0,-inf,0.17041428771820932,14014,-0.11337140726276472,0.008236268748840786,0.2934922220636506,7302,-0.1292060813358713
to_lo480,long,7,19.01263849528156,23.148703380328115,13975,-0.11346227562160412,0.00814540039000139,0.3207155635062612,4522,-0.19518949035465188
tbi_ma24,short,6,0.0008081731423023911,0.004226762673645091,14008,-0.11354398314908146,0.04004589205974235,0.31225014277555685,3761,-0.13105923153819718
absorb_z,long,2,-0.20416921681433034,-0.11124341349823613,12951,-0.11361682118140047,0.007990854830205035,0.3153424445988727,5699,-0.10186946312035502
rpt_z,long,3,-0.6030102367704503,-0.35102635006817534,13965,-0.11375621278761659,0.007851463223988914,0.31206587898317223,5407,-0.14106777396745623
lo_pos,long,8,1.0,inf,15483,-0.11376358543931984,0.007844090572285661,0.3148614609571788,5530,-0.15278289622270855
persist96,long,3,0.047774787404416305,0.0659450035117716,14014,-0.11378850411156166,0.007819171900043845,0.32189239332096475,5067,-0.17069958523629844
to_lo96,long,4,4.263557923913591,5.194385981174207,14014,-0.1138233002807443,0.007784375730861201,0.3168260311117454,4813,-0.17170033909060828
tbi_ma8,long,7,0.009027831703350678,0.0161173750927148,14018,-0.11386337656591713,0.007744299445688371,0.3118847196461692,3989,-0.16288865769265845
pos480,short,2,0.24517474485918764,0.3403708206987463,13976,-0.1139141054943578,0.039675769714466,0.31711505437893533,5369,-0.19438992995355156
body_frac,long,1,-0.6839826839825986,-0.5182349597553221,14022,-0.11398721355534222,0.0076204624562632856,0.3116531165311653,5141,-0.12414077645479554
updn_ratio,long,2,0.4,0.42857142857142855,19940,-0.11403153537941652,0.007576140632188991,0.3071715145436309,6766,-0.1667520220653888
tbi_ma24,long,4,-0.005640533205414092,-0.002388979561331024,14008,-0.11412237519968134,0.007485300811924167,0.3100371216447744,4026,-0.1593981951801601
ats_rank480,long,8,0.8104166666666667,0.9083333333333333,13600,-0.11414386030570778,0.007463815705897728,0.30205882352941177,5066,-0.18392033128266624
since_lo480,long,1,31.0,82.0,13933,-0.11424193802527201,0.007365737986333498,0.3119213378310486,5246,-0.2410661624383728
trade_intensity,long,7,1.0510779385475721,1.3141094076587527,14013,-0.11430718524338757,0.00730049076821794,0.305573396132163,4892,-0.1539321744745671
tbi_ma8,long,6,0.0031166695563764205,0.009027831703350678,14017,-0.11432475801701161,0.007282917994593893,0.30769779553399446,3788,-0.15566042089695434
tbi_ma24,long,2,-0.013240897149501595,-0.009108977473525879,14008,-0.11432821952389817,0.0072794564877073364,0.3088235294117647,4394,-0.15017548100243472
since_hi24,long,8,22.0,24.0,15057,-0.11447342708660746,0.007134248924998046,0.3114830311483031,5486,-0.16593253463270283
range_per_trade,long,7,1.4281296960780765e-07,1.6479687500379247e-07,14022,-0.11461644134805365,0.006991234663551851,0.31215233204963627,2852,-0.20841654570229529
to_hi96,long,0,-inf,1.4196161469932005,14014,-0.11467188731310866,0.006935788698496842,0.30062794348508637,6026,-0.2763898121993682
dq_cum24,long,2,-0.63356109063429,-0.43528895578495064,14008,-0.11472735429306322,0.00688032171854229,0.3089663049685894,4392,-0.1520771947099337
since_hi24,long,6,17.0,20.0,14306,-0.11474369376987187,0.006863982241733638,0.3149727387110303,5147,-0.16043831564574118
minofday,long,0,-inf,135.0,13148,-0.11476387576859207,0.00684380024301344,0.309628840888348,4833,-0.16146806516944245
to_hi24,short,0,-inf,0.6858216099896709,14022,-0.11478165086211987,0.03880822434670393,0.3162886892026815,6274,-0.11696243355646717
lo_pos,long,2,0.14285714285714285,0.2857142857142857,16691,-0.11484413678370738,0.00676353922789813,0.3124438320052723,6209,-0.21183884881041107
absorb,short,5,-0.008932083070166564,0.04533537468091606,14010,-0.1148452397953635,0.03874463541346031,0.3039971448965025,4723,-0.111038458238065
disp96,long,5,0.20642870635135097,1.681856709870333,14014,-0.11493021328866082,0.006677462722944685,0.3222491793920365,4517,-0.14014088445204756
extreme_late,long,2,0.42857142857142855,0.5714285714285714,14177,-0.11495459219358478,0.006653083818020725,0.3135360090287085,5577,-0.14763422264846854
to_hi480,long,7,15.772650375525775,19.69898320304696,13975,-0.11499519982009937,0.006612476191506136,0.31341681574239716,5767,-0.131151473288621
since_lo96,long,4,43.0,56.0,13644,-0.11502187678142704,0.006585799230178463,0.32812958076810317,4956,-0.12931634831873612
kyle_z,long,5,-0.129441567445908,0.12295414580277081,13965,-0.11502665665956838,0.006581019352037129,0.3082706766917293,4894,-0.18562461378682962
atr_rank,short,8,0.8083333333333333,0.9125,13948,-0.11502682689104696,0.03856304831777685,0.2791081158589045,5083,-0.06904948438144856
since_lo24,long,8,22.0,24.0,15674,-0.11503378041954089,0.006573895592064616,0.31797881842541786,5497,-0.16459731356595164
since_hi96,long,0,-inf,6.0,12938,-0.11503534635440711,0.006572329657198395,0.2978049157520482,5118,-0.23109887649953137
extreme_late,long,8,1.0,inf,30603,-0.11510124681250317,0.00650642919910234,0.3120935855961834,10569,-0.18925171817177924
dq_cum24,short,6,0.04078695130299863,0.2049077060274631,14008,-0.11513462447752024,0.03845525073130357,0.31153626499143344,3758,-0.12877908797869045
kyle,short,8,4.6470308421303523e-07,5.761636056299596e-07,14022,-0.11513735630304733,0.03845251890577647,0.29325345885037796,1993,-0.012767983985760348
ats_rank480,short,9,0.9083333333333333,inf,13895,-0.11526263709795809,0.03832723811086572,0.3002518891687657,5068,-0.11726925584623185
updn_ratio,long,8,0.6,0.6666666666666666,21037,-0.11526369847422889,0.006343977537376616,0.31202167609450016,7617,-0.1879813869391723
atr_rank,short,9,0.9125,inf,14171,-0.11534009750915375,0.03824977769967006,0.24289040999223765,5560,-0.01707407534287409
rv_vs_range,long,6,0.6924501583084134,0.7452381441090894,14022,-0.11534081365708652,0.006266862354518982,0.312223648552275,5300,-0.20079715773480578
tbi_ma8,short,3,-0.013900895983364277,-0.007960178055926158,14018,-0.11535218267853087,0.03823769253029294,0.31045798259380797,3876,-0.12843311808819188
tbi_ma96,long,0,-inf,-0.01197507211715202,13965,-0.11540936466950516,0.006198311342100346,0.3083422842821339,8710,-0.20889217188580428
absorb_z,long,6,0.08953123519792659,0.1419577513170108,12951,-0.11565031091401998,0.005957365097585529,0.30538182379739015,5002,-0.17956331088055463
efficiency,long,6,0.269696431064882,0.3258972796665501,14022,-0.11565320626910713,0.005954469742498372,0.31129653401797175,4981,-0.18595393536727264
ats_z96,long,1,-1.2674523431389095,-0.8950012082291513,13965,-0.11567732873151443,0.005930347280091078,0.31858216970998926,5530,-0.15796460752956284
body_frac,long,6,0.199426448331336,0.3676596458840292,14022,-0.11568091088372201,0.005926765127883496,0.31329339609185564,4845,-0.2170127775699553
since_lo480,long,6,345.0,401.0,14051,-0.11575250476882903,0.005855171242776472,0.31734396128389436,5134,-0.13968391982614548
to_hi24,long,9,4.566741724951087,inf,14022,-0.11578998062684796,0.005817695384757543,0.2832691484809585,6164,-0.13486198361261462
since_lo96,short,1,7.0,18.0,14629,-0.11580337809635119,0.03778649711247262,0.29844828764782283,5540,-0.07220454027336559
m1_jump,long,3,0.2536232851869545,0.2812865607849191,14023,-0.11588403411018189,0.005723641901423618,0.31205876060757326,4767,-0.17060210323290273
persist6,long,5,0.3452087945642137,0.42622066487869886,14023,-0.11593861154315406,0.005669064468451446,0.3158382657063396,5301,-0.18125436874143883
extreme_late,long,4,0.6428571428571429,0.7857142857142857,19233,-0.1159467514643145,0.005660924547291002,0.31279571569697917,7224,-0.18318976209565938
rpt_rank,long,2,0.19583333333333333,0.29583333333333334,13598,-0.1161217658673744,0.00548591014423111,0.30923665244888954,5103,-0.17465813463019933
up_wick,long,7,0.36860703796016664,0.4562250558654809,14022,-0.11613312580664953,0.0054745502049559774,0.3115818000285266,4797,-0.1814047554750132
vol_per_trade_z,long,0,-inf,-1.270358780851844,13965,-0.1161426733424184,0.005465002669187105,0.318796992481203,4022,-0.14656940554230033
kyle_z,short,9,1.3224251749321936,inf,13966,-0.11617198159618428,0.03741789361263953,0.29979951310325076,5594,-0.12173968438400776
accel,short,8,1.0415019870955013,1.5789031863312764,14021,-0.11626368160255726,0.037326193606266544,0.31245988160616217,5237,-0.13676595005979478
since_lo24,long,1,2.0,5.0,16714,-0.11628163471326929,0.00532604129833622,0.30627019265286587,6423,-0.1729079965311885
dq,long,3,-0.08045154104784596,-0.04186244434883212,14022,-0.11639593890300072,0.005211737108604786,0.3048067322778491,4162,-0.14269737263154772
m1_jump,long,8,0.4518098366629359,0.5680620105209448,14024,-0.11648739940531999,0.005120276606285515,0.31909583571021105,5964,-0.12567896518605276
trade_intensity,long,5,0.7660612874228594,0.8872183677145993,14014,-0.11649074489213096,0.0051169311194745465,0.31218781218781216,4591,-0.18557778583435552
accel,long,1,-1.578559906293455,-1.0521625015934049,14021,-0.11656860335375545,0.005039072657850058,0.31388631338706224,5091,-0.16391358316276317
since_lo96,long,2,18.0,30.0,13742,-0.1166229067937036,0.004984769217901905,0.3046863629748217,4838,-0.21290365569994574
since_hi96,long,5,53.0,66.0,14285,-0.11668413674313326,0.004923539268472249,0.3247462373118656,4947,-0.16759793688781832
rv_vs_range,long,4,0.60424203592564,0.6466393199953605,14022,-0.1166923865787636,0.0049152894328419044,0.3090857224361717,4845,-0.1678071182110799
disp6,long,3,-0.6427180316903646,-0.2952115132955701,14023,-0.11670680194609398,0.004900874065511526,0.31683662554374953,4784,-0.14055357541031196
updn_ratio,long,9,0.6666666666666666,inf,18499,-0.11687635815139587,0.004731317860209638,0.31131412508784256,7159,-0.19355880990745644
tbi_ma96,short,3,-0.006364263145032647,-0.004398452301730408,13965,-0.11694291590759193,0.03664695930123188,0.3167919799498747,4226,-0.09239203137626761
persist24,short,8,0.30997582243694133,0.4017640112478412,14021,-0.11706065231427741,0.036529222894546395,0.30076314100278156,5529,-0.14367668375417975
gap,long,3,0.0,0.00026341380684960096,75876,-0.11710894116269713,0.004498734848908378,0.3127734725077758,28742,-0.17147354687248403
avg_trade_usd,short,8,4628.922607031986,5173.181538479941,14022,-0.11712353666627001,0.036466338542553794,0.30330908572243614,5538,-0.16825008291040144
to_lo96,short,0,-inf,1.6449122178950635,14015,-0.11713886946873724,0.03645100574008657,0.2986086336068498,6706,-0.04887447421817338
absorb_z,long,1,-0.4312327052828933,-0.20416921681433034,12951,-0.11719546427800669,0.00441221173359882,0.3125627364682264,4515,-0.15006883698850385
wick_skew,long,3,-0.18571273940221272,-0.09221935042104917,14022,-0.11722856238878032,0.004379113622825184,0.3110112680074169,5162,-0.18431598303449687
tbi_z96,long,6,0.27180025764164867,0.5561845742096377,13965,-0.11728896824460415,0.004318707767001356,0.3092731829573935,5304,-0.1815691224153655
tbi_ma96,short,1,-0.011975438707376182,-0.008730479409386654,13965,-0.11736802684439143,0.036221848364432374,0.3113498030791264,5128,-0.019938233844221397
dq_z96,long,6,0.2718848508818129,0.5563425591091434,13965,-0.1173723119053835,0.004235364106222009,0.3092015753669889,5305,-0.18181043268855507
tbi,long,3,-0.040274816908329715,-0.020985542744701016,14022,-0.1174375894405659,0.004170086571039608,0.30445014976465556,4161,-0.1446674447852555
extreme_late,long,7,0.9285714285714286,1.0,16469,-0.11751142105251265,0.004096254959092854,0.3131337664703382,5998,-0.18276400349108007
rv_vs_range,long,9,0.9127935792013862,inf,14022,-0.11757084750061988,0.004036828510985621,0.3250606190272429,6468,-0.17515961289370954
body_frac,long,3,-0.36132197573087266,-0.19203747072600907,14021,-0.11758167039876773,0.00402600561283778,0.3101775907567221,4753,-0.16637455167029766
range_z,long,9,1.2015427041853557,inf,13965,-0.11758186811491439,0.0040258078966911165,0.29530970282849983,5849,-0.12813988754452
absorb,long,1,-0.3295677864658141,-0.17668108273483854,14010,-0.11773159544785869,0.003876080563746817,0.3182012847965739,5427,-0.1648679346418897
range_rank,long,6,0.6020833333333333,0.7041666666666667,13626,-0.11777526381726129,0.0038324121943442147,0.3024365184206664,5046,-0.1566660557735296
m1_jump,long,5,0.3110907121437988,0.3456698409171146,14024,-0.1177837173288447,0.0038239586827608085,0.3157444381061038,5367,-0.18390483354060458
tbi,long,7,0.03499301649469127,0.0576200087036371,14022,-0.11779162621682901,0.0038160497947764965,0.3088717729282556,4434,-0.16015392377356344
to_hi480,short,7,15.772954359108553,19.699332032719973,13976,-0.11789133372948686,0.035698541479336945,0.3148969662278191,5764,-0.17167370642205498
wick_skew,long,5,-0.00850039310627887,0.07020922350713851,14022,-0.11799451228474853,0.00361316372685698,0.31407787762088146,5595,-0.18160472775260103
extreme_late,long,5,0.7857142857142857,0.8571428571428571,11119,-0.11810050624586228,0.0035071697657432233,0.3122582966094073,4411,-0.17817232447049458
dq,long,7,0.07007816762274825,0.1153290161679392,14022,-0.11823269490946385,0.0033749811021416554,0.3088004564256169,4423,-0.15990663782965792
dq,long,4,-0.04186244434883212,-0.004942156199323413,14022,-0.11833169687708778,0.0032759791345177286,0.30231065468549423,4228,-0.17144516579324906
range_per_trade,short,8,1.647953100570706e-07,2.025687310071443e-07,14022,-0.11840315492821966,0.03518672028060414,0.31122521751533305,1498,-0.081331850784947
rpt_z,long,8,0.8393179708560184,1.3771958952232457,13965,-0.1184458754764028,0.003161800535202708,0.311421410669531,4916,-0.1695090317181819
vol_per_trade_z,short,9,1.3763749906664944,inf,13966,-0.11847472352412343,0.03511515168470038,0.30731777173134756,5115,-0.1026240330734249
tbi,long,4,-0.020985542744701016,-0.0025334332837503026,14022,-0.11848883935213686,0.003118836659468646,0.30223933818285553,4231,-0.17042521215136358
rv_vs_range,long,0,-inf,0.46042557185311583,14022,-0.11852879948319983,0.0030788765284056746,0.3057338468121523,4352,-0.16657158163273045
updn_ratio,long,1,0.3333333333333333,0.4,13463,-0.11856264442696066,0.00304503158464485,0.31582856718413427,4924,-0.1513933085540104
tbi_z8,long,1,-1.327515395229576,-0.9352617092857366,14018,-0.11862126495119543,0.002986411060410074,0.3125267513197318,5122,-0.14550031262892024
body_frac,long,2,-0.5182349597553221,-0.36132197573087266,14022,-0.11862540814975162,0.0029822678618538906,0.30987020396519754,4764,-0.17562328674839797
tbi_z8,long,7,0.6123340556880529,0.9384158994110054,14018,-0.11868540983996471,0.0029222661716407916,0.3142388357825653,5091,-0.20574721562577597
close_loc,long,7,0.7213428204134495,0.8192888967411667,14022,-0.11873109610933023,0.0028765799022752725,0.3091570389388104,4965,-0.17551742054144356
tbi,long,0,-inf,-0.09365571459453728,14022,-0.11874951288281162,0.002858163128793889,0.33204963628583656,8005,-0.1620972799751079
rpt_z,long,7,0.47025271675118097,0.8393179708560184,13965,-0.11874982023011314,0.0028578557814923633,0.31206587898317223,4860,-0.19893575939453031
ats_rank480,long,5,0.5,0.6041666666666666,13732,-0.11877272321363301,0.0028349527979724953,0.30803961549665015,5091,-0.1931013517117798
kyle,long,4,2.948393912922754e-07,3.2658770893169533e-07,14022,-0.11897851637244734,0.002629159639158163,0.3104407359863072,4472,-0.16781036470939617
up_wick,long,6,0.29658979325611984,0.36860703796016664,14022,-0.11915037879548962,0.0024572972161158863,0.31079731849950076,5065,-0.1747391183862831
dq,long,0,-inf,-0.18721019236015446,14022,-0.11917686896152924,0.0024308070500762696,0.3319070032805591,8008,-0.16246924497096796
to_hi96,long,3,3.063366608081889,3.841933350723844,14013,-0.11933560753963786,0.0022720684719676476,0.31642046670948404,4780,-0.14234162955941515
hi_pos,long,8,1.0,inf,15738,-0.11940710542265241,0.0022005705889530935,0.3084890074977761,5252,-0.2240543498139323
flow_eff,long,0,-inf,-0.026515206405432392,14022,-0.1194217197807535,0.002185956230852007,0.29938667807730707,4899,-0.17186533113075608
tbi_z24,long,3,-0.5800086523648478,-0.2917042025904743,14008,-0.11948530735522767,0.0021223686563778404,0.31010850942318674,5049,-0.16985892878872283
to_hi96,short,6,5.538449791554506,6.550527977759727,14014,-0.11955979154600258,0.03403008366282123,0.31654060225488795,4489,-0.1495602163180337
since_lo24,short,0,-inf,2.0,10702,-0.11959163789163277,0.03399823731719104,0.3141468884320688,4736,-0.09864241934027383
efficiency,long,1,0.044686407376052804,0.08715634710637071,14022,-0.11962286656105552,0.0019848094505499903,0.31172443303380404,4866,-0.15070924159065513
to_hi480,short,2,4.785591204800112,6.733343972665078,13976,-0.11967238807288388,0.03391748713593992,0.3056668574699485,4566,-0.1221279052648711
hi_pos,long,7,0.8571428571428571,1.0,16263,-0.11968213952334605,0.0019255364882594522,0.3130418741929533,6083,-0.18364115142395673
updn_ratio,long,6,0.5333333333333333,0.5454545454545454,25749,-0.11969809060595701,0.0019095854056484923,0.30529340945279426,9137,-0.1386027664346428
kyle_z,long,3,-0.602916034606152,-0.3627583801779458,13965,-0.11969921421287298,0.0019084617987325248,0.31528822055137845,4857,-0.18928092961566564
body_frac,long,7,0.3676596458840292,0.52556476418317,14022,-0.11991224929767282,0.0016954267139326906,0.3094423049493653,4824,-0.16306643713945085
flow_div,long,0,-inf,0.0,113279,-0.11991660796853164,0.0016910680430738678,0.31107266130527284,39662,-0.1672443725262174
tbi_ma24,long,7,0.004227391476457387,0.008203145999246585,14008,-0.12001197958653821,0.0015956964250672945,0.31125071387778414,3875,-0.12057913687517356
persist24,long,5,0.15943714809427895,0.19952586450954224,14021,-0.1200796569486239,0.0015280190629816115,0.3160259610584124,5095,-0.17425762994579935
pos96,long,6,0.6134751773049643,0.7009118541033393,14014,-0.1201383664589976,0.0014693095526079059,0.3206793206793207,4944,-0.18674260786644764
rv_vs_range,long,5,0.6466393199953605,0.6924501583084134,14022,-0.12019689335896871,0.0014107826526367911,0.3088717729282556,5033,-0.18540775750382565
ats_rank480,long,2,0.18958333333333333,0.29375,13813,-0.12020856299444455,0.0013991130171609606,0.3164410338087309,5293,-0.20115325222330607
range_z,long,6,-0.08886880687999242,0.15541557618599885,13965,-0.12025393905836321,0.0013537369532422988,0.3012531328320802,4841,-0.15256749169423595
ats_rank480,short,8,0.8104166666666667,0.9083333333333333,13600,-0.12032389534284853,0.03326597986597528,0.30316176470588235,5066,-0.11458748456506582
trade_intensity,long,8,1.3141094076587527,1.8637643085006568,14014,-0.12042624875610237,0.0011814272555031313,0.29484800913372344,5117,-0.12521013369285036
tbi_ma96,short,6,-0.0007375763714769962,0.0012952232090535645,13965,-0.12047424402202885,0.03311563118679496,0.3141424991049051,4259,-0.09577731195025704
wick_skew,long,4,-0.09221935042104917,-0.00850039310627887,14022,-0.12057751860616688,0.0010301574054386309,0.3105833689915847,5249,-0.16196701811133968
tbi_z24,long,1,-1.307546780671656,-0.8991675670387612,14008,-0.12063892439473922,0.0009687516168662841,0.3116790405482581,4990,-0.17145775238365513
hour,long,2,4.0,7.0,17532,-0.12071724762688946,0.0008904283847160493,0.32922655715263516,6444,-0.18266758903472266
rpt_rank,long,1,0.09791666666666667,0.19583333333333333,13655,-0.12082234336736293,0.0007853326442425757,0.3062614426949835,5085,-0.17769621700471036
dn_wick,long,0,-inf,0.02111129177026115,14022,-0.12094888724726044,0.0006587887643450668,0.3277706461275139,6492,-0.1740535306258191
to_lo24,long,8,3.907747647814791,4.9041290698097795,14021,-0.12095137236674068,0.0006563036448648252,0.3066828328935169,5447,-0.1612909531108387
since_lo24,long,2,5.0,8.0,13321,-0.12098263555218078,0.0006250404594247277,0.30515727047518953,4958,-0.17177415180575809
disp96,short,8,5.458212292340027,8.33564886746224,14014,-0.12106837755173763,0.032521497657086174,0.3070500927643785,5358,-0.17514765793540787
range_per_trade,long,3,9.235720419888636e-08,1.0323388721676426e-07,14022,-0.12110473983578085,0.0005029361758246559,0.3115104835258879,6340,-0.14073168222568894
absorb,short,4,-0.05855637046245552,-0.008932083070166564,14010,-0.1211730194976431,0.032416855711180706,0.3043540328336902,4616,-0.11437416553879946
flow_eff,short,6,0.030553255591928168,0.04534124860678029,14022,-0.12118921071183367,0.03240066449699014,0.3054485808015975,4053,-0.06617859989155005
dq_cum24,long,7,0.20503831162579805,0.3958373628143135,14008,-0.1211943753916075,0.0004133006199980027,0.3109651627641348,3871,-0.11915609021113849
wick_skew,long,1,-0.45648345356683406,-0.2980312621695495,14022,-0.12122391604020363,0.000383759971401873,0.30851519041506204,4826,-0.16722548627497688
rpt_rank,short,0,-inf,0.09791666666666667,13731,-0.12128031469234203,0.032309560516481775,0.3071152865778166,5098,-0.09879599047152259
atr_pct,long,1,0.0017763476890554164,0.002388471920718593,14023,-0.12133077894369312,0.0002768970679123822,0.3493546316765314,9704,-0.2072642947683413
dq_z96,long,7,0.5563425591091434,0.8815034737847115,13965,-0.1213378646487237,0.00026981136288180274,0.3107769423558897,5057,-0.19010315604273828
since_hi24,long,2,4.0,7.0,14634,-0.12146634838239695,0.0001413276292085569,0.3109197758644253,5288,-0.16439654723523126
range_z,long,5,-0.2776441183516736,-0.08886880687999242,13965,-0.12150628232080289,0.00010139369080261473,0.3048335123523093,4703,-0.18126640976626246
rpt_rank,long,4,0.39791666666666664,0.4979166666666667,13730,-0.12155720600714212,5.04700044633849e-05,0.3099781500364166,5075,-0.1521031119434768
wick_skew,long,9,0.43850267379672214,inf,14022,-0.1215586351059354,4.904090567010855e-05,0.3155755241762944,5133,-0.17007219967211437
avg_trade_usd,short,7,4248.370488147328,4628.922607031986,14022,-0.12162114579319562,0.031968729415628186,0.3028098702039652,4398,-0.11109434872473213
tbi_z96,long,7,0.5561845742096377,0.8813802562389873,13965,-0.12170094690457645,-9.327089297093971e-05,0.310562119584676,5058,-0.1909781328309382
dn_wick,long,1,0.02111129177026115,0.07527617575907615,14022,-0.12176991245051247,-0.0001622364389069625,0.30979888746255885,5496,-0.16753137438666144
since_hi480,short,3,121.0,185.0,13927,-0.12177202228090679,0.031817852927917015,0.318446183672004,5063,-0.15167722862078303
lo_pos,long,7,0.8571428571428571,1.0,16191,-0.12184150874501622,-0.00023383273341071042,0.30906058921623125,6009,-0.1641946126515694
tbi_ma96,long,7,0.0012958094417366787,0.0037665943258049315,13965,-0.12188638084870754,-0.0002787048371020312,0.3115646258503401,4680,-0.1747461733253161
hour,long,0,-inf,2.0,11688,-0.12191741349225597,-0.00030973748065046824,0.30646817248459957,4296,-0.16505843968996795
disp6,long,0,-inf,-1.6727488610037642,14023,-0.1219849544931797,-0.00037727848157419197,0.2992227055551594,6138,-0.15443897435151713
tbi,long,5,-0.0025334332837503026,0.015606299688227177,14022,-0.12205180245229741,-0.00044412644069190266,0.3030238197118813,4129,-0.15418791038174529
disp96,short,5,0.20592146473901207,1.6806995651346235,14015,-0.12210979280839684,0.03148008240042696,0.32379593292900466,4511,-0.14109933664190805
absorb,long,3,-0.10682955095462987,-0.05854114848001788,14010,-0.12211668692848295,-0.0005090109168774393,0.306423982869379,4324,-0.16923623030387608
absorb_z,short,9,0.438467534658663,inf,12952,-0.12216751430182538,0.03142236090699843,0.3120753551575046,4434,-0.10192230073995873
up_wick,long,2,0.07091058199035034,0.12387130615478606,14022,-0.1222084942995941,-0.0006008182879885943,0.306803594351733,5193,-0.15437137514757526
tbi_z24,long,9,1.3200153227991238,inf,14009,-0.12221905363481185,-0.0006113776232063439,0.30815904061674637,5169,-0.1829698484985063
dn_wick,long,8,0.46966542446104753,0.5901983800783417,14022,-0.122266629402746,-0.0006589533911404988,0.3077307088860362,4708,-0.18888207466293627
dq,long,5,-0.004942156199323413,0.03133538922702253,14022,-0.12228563782387133,-0.0006779618122658287,0.3028811867066039,4131,-0.15519524146613517
efficiency,long,8,0.396338461138492,0.49711529416596534,14022,-0.12235477742370438,-0.0007471014120988689,0.31129653401797175,5468,-0.21105853280397077
extreme_late,long,3,0.5714285714285714,0.6428571428571429,7924,-0.12237183635172244,-0.0007641603401169345,0.312216052498738,3064,-0.19958657420881518
to_lo480,short,5,13.048085239821656,15.835359682968612,13976,-0.12238621541540681,0.031203659793416993,0.32062106468231255,5544,-0.09378576565958062
since_hi480,long,2,66.0,121.0,14007,-0.12244408506625608,-0.000836409054650572,0.30756050546155494,5044,-0.03155813208937064
since_lo24,long,0,-inf,2.0,10699,-0.12245662216694453,-0.0008489461553390226,0.30638377418450324,4736,-0.1656359928543682
kyle,short,7,4.0455647280909474e-07,4.6470308421303523e-07,14021,-0.12248330475716725,0.03110657045165656,0.2979815990300264,2815,-0.01447050712746989
rpt_z,long,9,1.3771958952232457,inf,13965,-0.12256999792256645,-0.0009623219109609477,0.3101324740422485,5186,-0.1625075901534886
rpt_rank,long,9,0.9041666666666667,inf,13866,-0.12260247648076542,-0.0009948004691599094,0.31371700562527044,5250,-0.1925803614924605
since_hi480,short,8,431.0,466.0,13836,-0.12269831720265308,0.03089155800617073,0.32017924255565194,5243,-0.07825288203805836
to_hi96,long,1,1.4196161469932005,2.2597605953318167,14014,-0.1227441764288845,-0.0011365004172789878,0.3090480947623805,5237,-0.15789122338128644
pos24,short,8,0.7757309101949369,0.8624044475330187,14021,-0.12280673847104547,0.03078313673777834,0.3118179873047571,5181,-0.15437534374293632
lo_pos,long,5,0.5714285714285714,0.7142857142857143,12521,-0.12288545209247675,-0.0012777760808712485,0.3129941697947448,4472,-0.15007299583167072
disp6,long,6,0.34187426905951374,0.6825836075397602,14023,-0.12293733748561467,-0.0013296614740091611,0.31213007202453114,4812,-0.16672082570118638
to_hi96,long,2,2.2597605953318167,3.063366608081889,14015,-0.12295378596687076,-0.001346109955265254,0.3122368890474492,5055,-0.1363583142715517
absorb_z,short,3,-0.11124484580957443,-0.04710177820917367,12950,-0.12300854968543594,0.030581325523387867,0.31189189189189187,5681,-0.08594026272611206
up_wick,long,9,0.578237142945162,inf,14022,-0.12307336809454483,-0.0014656920829393266,0.31307944658393955,5090,-0.15469307946059424
to_lo96,long,8,8.948271308853931,11.301918849779467,14014,-0.12317602835086547,-0.0015683523392599624,0.3122591694020265,5331,-0.2536665873733227
rv_vs_range,long,3,0.5612665228855899,0.60424203592564,14022,-0.1232864313724755,-0.0016787553608699907,0.31036941948366853,4886,-0.1834659660860545
accel,long,8,1.0415151857879852,1.5789280465042665,14021,-0.12344055918894001,-0.0018328831773345017,0.30818058626346195,5237,-0.18276126296893688
minofday,long,2,285.0,420.0,13149,-0.12351855203389438,-0.001910876022288871,0.3296828656171572,4833,-0.19568243641264582
to_lo96,long,7,7.403408391640958,8.948271308853931,14013,-0.1235557630453725,-0.0019480870337669903,0.3134232498394348,5129,-0.17702971098389916
rv_vs_range,long,2,0.5158392071974262,0.5612665228855899,14022,-0.12357728739825787,-0.001969611386652359,0.3072314933675653,4736,-0.15738696490654594
disp96,long,4,-1.2877072014547528,0.20642870635135097,14014,-0.12381282966719585,-0.0022051536555903473,0.3186099614671043,4694,-0.09161400972527446
tbi_ma8,short,4,-0.007960178055926158,-0.002417799052149172,14017,-0.1238208359890541,0.0297690392197697,0.3060569308696583,3667,-0.10707752962551938
extreme_late,long,0,-inf,0.21428571428571427,10747,-0.12389463167201109,-0.0022869556604055846,0.3101330603889457,3634,-0.16784209517197882
to_lo96,short,1,1.6449122178950635,2.543743905627697,14014,-0.12397066295326625,0.029619212255557553,0.3046953046953047,5112,-0.09401211292519907
m1_jump,long,4,0.2812865607849191,0.3110907121437988,14024,-0.12398366406993673,-0.0023759880583312243,0.3077581289218483,5124,-0.18034007278140524
m1_jump,long,0,-inf,0.1918858774627617,14024,-0.12412893149333043,-0.002521255481724924,0.2992726754135767,4176,-0.15430208997868797
dq,short,3,-0.08047392344834196,-0.04187734678947989,14021,-0.12420453204338458,0.029385343165439226,0.3072534056058769,4160,-0.10046119207147808
ats_z96,long,4,-0.34252948753424267,-0.08395541693074443,13965,-0.12426724188392031,-0.0026595658723148063,0.3125671321160043,5518,-0.1538047314394321
atr_rank,short,7,0.7,0.8083333333333333,13916,-0.1242910506935922,0.02929882451523161,0.2943374532911756,5231,-0.16120650311798207
tbi,short,3,-0.040284392035203606,-0.020989905823638744,14021,-0.12432339939981732,0.029266475809006487,0.3072534056058769,4162,-0.09648892689781714
tbi_z8,long,8,0.9384158994110054,1.336161739092242,14018,-0.12434176094832122,-0.0027340849367157166,0.3103866457411899,5089,-0.15298415222718412
ats_z96,short,9,1.3833591221143122,inf,13966,-0.12435361914226997,0.029236256066553834,0.3061721323213519,5074,-0.09695618186806661
tbi_ma8,short,1,-0.0314754989960725,-0.021115948187037166,14018,-0.12436551932186747,0.029224355886956335,0.31281209873020405,5051,-0.13578613613554
persist96,short,0,-inf,0.015587389471674543,14014,-0.12441028427385123,0.029179590934972577,0.3284572570286856,4925,-0.18753414357707965
rpt_rank,long,7,0.7020833333333333,0.8020833333333334,13691,-0.12447406120779966,-0.002866385196194157,0.31115331239500404,5073,-0.15883287777817615
up_wick,long,1,0.01942122681934289,0.07091058199035034,14022,-0.12448389268021312,-0.0028762166686076146,0.3053059477963201,5384,-0.19926030380099907
vol_per_trade_z,long,6,0.18601771040989862,0.4911400474176824,13965,-0.12449025626678109,-0.0028825802551755847,0.30855710705334766,5148,-0.1992885355374702
since_lo24,long,4,11.0,15.0,16762,-0.12450349698640298,-0.0028958209747974722,0.31004653382651237,6071,-0.1835102572270546
tbi,short,7,0.034991715229763645,0.057612457574073184,14021,-0.12457315873206737,0.029016716476756438,0.30953569645531703,4431,-0.09560220337237077
lo_pos,long,1,0.0,0.14285714285714285,39182,-0.12468057992621433,-0.003072903914608821,0.30960645194221836,14259,-0.1725344340884322
tbi_z24,long,7,0.5726120895512702,0.8994467532685266,14008,-0.12477673951818742,-0.003169063506581915,0.3091804683038264,5195,-0.17168626624329222
tbi_z96,long,5,-0.0019083024771406813,0.27180025764164867,13965,-0.12481317828726972,-0.0032055022756642126,0.30619405656999643,5250,-0.14736972804079831
wick_skew,short,0,-inf,-0.4565217391300823,14022,-0.12485660877955057,0.028733266429273235,0.31657395521323634,4791,-0.12153744600867764
lo_pos,short,3,0.2857142857142857,0.35714285714285715,7261,-0.1248612935479204,0.028728581660903404,0.3104255612174632,2537,-0.10184570886326769
vol_per_trade_z,long,1,-1.270358780851844,-0.8947697176262569,13965,-0.12489345928537271,-0.003285783273767204,0.31600429645542427,5618,-0.15530709643637966
dq,short,7,0.0700754694416167,0.11532453925483761,14021,-0.12489941713175877,0.028690458077065037,0.30953569645531703,4422,-0.09659712049756278
disp6,long,7,0.6825836075397602,1.0900815181388033,14023,-0.12490834116952418,-0.0033006651579186724,0.31191613777365756,4937,-0.16525116678940727
dq,long,9,0.17769171146957494,inf,14022,-0.1249707594580303,-0.003363083446424789,0.3296961916987591,7846,-0.19212398833385708
flow_eff,long,5,0.020498326867506744,0.030557705181545932,14022,-0.12508987219144033,-0.0034821961798348205,0.309513621452004,4998,-0.15267429715352746
dq_z96,long,5,-0.0016315315861034525,0.2718848508818129,13965,-0.1250942053522008,-0.003486529340595304,0.30612244897959184,5251,-0.1462776206913391
range_per_trade,long,4,1.0323388721676426e-07,1.145730048802227e-07,14022,-0.12511352164875036,-0.003505845637144858,0.31250891456282986,5492,-0.1419548006738811
is_weekend,short,0,-inf,1.0,100112,-0.12527989482573734,0.028309980383086464,0.3012226306536679,36763,-0.0781630969002202
flow_eff,short,7,0.04534124860678029,0.07122741591613944,14022,-0.12533721184357527,0.028252663365248537,0.29796034802453286,3514,-0.016890455100588776
to_lo480,short,0,-inf,3.4564407086234383,13976,-0.12534193383501727,0.02824794137380654,0.28470234688036633,6072,-0.021473943529419934
range_per_trade,long,2,8.104609035670226e-08,9.235720419888636e-08,14022,-0.12535405200580543,-0.003746375994199927,0.3096562544572814,7600,-0.1644822616248951
tbi,long,9,0.08883793813584005,inf,14022,-0.12548225990820122,-0.0038745838965957152,0.3295535586934817,7843,-0.19176941020232374
absorb,long,8,0.1535570732341751,0.284270539630525,14010,-0.12577886111880343,-0.004171185107197925,0.3157030692362598,5511,-0.184503188637211
to_hi24,long,5,2.1555564169887425,2.5591621039089927,14022,-0.12585473210752304,-0.004247056095917537,0.3129368135786621,4617,-0.14522917594500726
absorb_z,long,8,0.232718169272976,0.43845363911936197,12951,-0.12587493286474324,-0.004267256853137738,0.3076982472395954,4397,-0.24454047173441917
since_hi96,short,3,27.0,40.0,14360,-0.12607502413923155,0.027514851069592255,0.3158774373259053,5103,-0.19958633399590803
range_rank,short,7,0.7041666666666667,0.8083333333333333,13968,-0.12609328526010372,0.02749658994872009,0.29760882016036655,5365,-0.08818705152516655
close_loc,short,8,0.819236811432636,0.9146211312700113,14022,-0.12612954649572797,0.02746032871309584,0.30858650691770073,5138,-0.12325751239941078
disp24,long,0,-inf,-3.2959051080403006,14022,-0.1261623778356526,-0.004554701824047089,0.2824846669519327,6500,-0.1538472238301919
range_z,short,7,0.15534618301520953,0.5194530222277473,13964,-0.12621564071028157,0.027374234498542233,0.30063019192208534,5110,-0.12467335302556892
dn_wick,short,9,0.5902505077860567,inf,14023,-0.12624451250802365,0.027345362700800152,0.31377023461456177,4740,-0.13033606927843666
rpt_rank,long,3,0.29583333333333334,0.39791666666666664,13788,-0.1262657949652409,-0.004658118953635396,0.30773136060342327,5216,-0.1399213971279917
ats_z96,long,0,-inf,-1.2674523431389095,13965,-0.1263002923956515,-0.004692616384045986,0.3142141066953097,4103,-0.14061721548817055
pos24,long,5,0.522363626762422,0.6093361575411419,14022,-0.12641456231526657,-0.004806886303661065,0.31036941948366853,4659,-0.12013350665586363
to_hi24,long,4,1.7860950698394888,2.1555564169887425,14021,-0.12641654626562276,-0.004808870254017258,0.3149561372227373,4628,-0.17798394065638484
to_hi24,long,3,1.4335422368024666,1.7860950698394888,14021,-0.12650993754033676,-0.004902261528731258,0.3160259610584124,4808,-0.1282230899376332
dow,long,6,6.0,inf,20063,-0.12661315199992018,-0.0050054759883146754,0.34705677117081196,7391,-0.21786435186650416
range_per_trade,long,1,6.780598272031322e-08,8.104609035670226e-08,14022,-0.12662231942904179,-0.005014643417436279,0.30972757095992015,8586,-0.14529060661549112
sess_us,long,0,-inf,1.0,93492,-0.1266386576166862,-0.005030981605080684,0.31798442647499253,34366,-0.18517713192473254
kyle,short,3,2.648230757289472e-07,2.948430725106334e-07,14021,-0.12666679687765292,0.026923078331170885,0.31716710648313245,5144,-0.0801321704720429
range_z,short,8,0.5194530222277473,1.2016312204428243,13965,-0.12670428482698504,0.02688559038183877,0.29939133548156105,5470,-0.12506605843281443
tbi_z24,long,6,0.279646880374665,0.5726120895512702,14008,-0.12671082358554694,-0.005103147573941438,0.309109080525414,5221,-0.19626835734377843
since_lo96,long,6,69.0,80.0,14258,-0.12672063539337003,-0.005112959381764523,0.3226258942348155,5004,-0.18603252622581096
tbi_ma8,short,2,-0.021115948187037166,-0.013900895983364277,14018,-0.1267363696085152,0.026853505600308608,0.3083178770152661,4328,-0.13558499114606093
range_rank,long,3,0.28541666666666665,0.39166666666666666,13837,-0.12693218067720766,-0.0053245046656021505,0.32008383320083833,5033,-0.22743977871275697
since_lo96,long,3,30.0,43.0,13780,-0.12706188697989246,-0.005454210968286952,0.31712626995645865,4984,-0.21000023441348548
range_rank,short,8,0.8083333333333333,0.90625,13645,-0.12706840179868523,0.02652147341013858,0.28882374496152435,5184,-0.10841848118753211
ats_rank480,long,6,0.6041666666666666,0.7083333333333334,13846,-0.12713654681260683,-0.005528870801001326,0.3040589339881554,5243,-0.17040213319478065
since_hi96,short,1,6.0,16.0,14948,-0.12729936885675805,0.026290506352065757,0.2953572384265454,5553,-0.12580987663958534
ats_z96,long,6,0.18710196700771486,0.4897530550327648,13965,-0.12731333288361557,-0.005705656872010065,0.30533476548514144,5037,-0.20648982492470283
pos24,long,6,0.6093361575411419,0.6930210695683544,14021,-0.12737849647430252,-0.0057708204626970155,0.3141002781541973,4747,-0.13000223664682548
range_rank,short,6,0.6020833333333333,0.7041666666666667,13626,-0.12738938460937801,0.02620049059944579,0.30397768971084693,5046,-0.11181763524520656
kyle_z,long,8,0.7766158554739169,1.3224274333639805,13965,-0.12745725023012777,-0.005849574218522266,0.2967418546365915,5515,-0.1418472101718137
pos480,short,1,0.15614205618617863,0.24517474485918764,13976,-0.1274974708890919,0.026092404319731893,0.3133943903835146,5009,0.08872853997544404
absorb_z,long,3,-0.11124341349823613,-0.047100871973871125,12951,-0.1275128569503662,-0.005905180938760704,0.30545903791213036,5681,-0.21616403205878426
m1_jump,long,6,0.3456698409171146,0.38891961949507153,14023,-0.12756768060089252,-0.005960004589287013,0.3124153176923625,5451,-0.15902546387547525
hi_pos,long,4,0.35714285714285715,0.5714285714285714,19023,-0.1276321379687369,-0.006024461957131397,0.3094149187825264,7510,-0.14392769667487956
accel,long,4,-0.32969313537934375,-0.006672479065986059,14021,-0.12787701653214315,-0.006269340520537639,0.31566935311318733,5072,-0.1856832378018734
hour,long,9,21.0,inf,17530,-0.12791063614102685,-0.006302960129421345,0.2958927552766686,6443,-0.1668969825246363
since_lo480,long,7,401.0,443.0,13723,-0.1279519687061553,-0.006344292694549794,0.3207753406689499,4861,-0.14485127871549933
disp6,long,8,1.0900815181388033,1.7053649111109979,14023,-0.12806799912592423,-0.006460323114318725,0.30827925550880697,5436,-0.21408062546526355
sess_asia,long,0,-inf,1.0,93485,-0.12810500857056928,-0.006497332558963773,0.3034283574905065,34364,-0.17377194660308476
flow_div,long,2,1.0,inf,26819,-0.1281917465135155,-0.006584070501909997,0.3093329356053544,11858,-0.18564454671154185
absorb,short,6,0.04533537468091606,0.09135473869387899,14010,-0.12819751655119352,0.025392358657630287,0.30392576730906495,4267,-0.110620810863235
dq,short,5,-0.004960416104515096,0.03132336465213345,14023,-0.1282175968539559,0.02537227835486791,0.30057762247735864,4134,-0.12127174017611932
flow_eff,long,4,0.013086800413201738,0.020498326867506744,14022,-0.12824675631102217,-0.006639080299416664,0.3194979318214235,5816,-0.18945058616304078
to_hi96,short,3,3.063477275350093,3.8422539256039623,14014,-0.12830558049337026,0.025284294715453542,0.31411445697159984,4781,-0.09170248842379174
efficiency,long,5,0.21946638391825046,0.269696431064882,14022,-0.12834154184760593,-0.006733865836000427,0.30858650691770073,4951,-0.14577773622248788
hour,short,0,-inf,2.0,11688,-0.1284195372506987,0.025170337958125094,0.30706707734428473,4296,-0.12264789259501635
since_lo480,short,8,443.0,470.0,13683,-0.12845316875247642,0.025136706456347385,0.32003215669078416,4620,-0.22410294297321207
to_lo24,long,5,2.357722401525358,2.7777460511507455,14022,-0.1284712577630688,-0.006863581751463302,0.3137926116103266,4647,-0.16436726635318397
kyle_z,long,4,-0.3627583801779458,-0.129441567445908,13965,-0.1286155377981298,-0.00700786178652428,0.3090583601861797,4853,-0.16941285466999537
efficiency,long,9,0.49711529416596534,inf,14022,-0.12863966868419136,-0.007031992672585849,0.3135786621024105,6111,-0.1449177966047429
vol_of_vol,long,6,-0.05954207746319882,0.22842892084376137,13974,-0.12866030282296978,-0.007052626811364274,0.30098754830399316,5140,-0.19128269222596003
to_hi480,short,3,6.733343972665078,8.743031935882602,13975,-0.12866869816405693,0.024921177044766873,0.3054025044722719,4798,-0.15075123772053467
disp6,short,8,1.0899432181794484,1.7053377674923154,14023,-0.12868171999216996,0.02490815521665385,0.3114169578549526,5434,-0.13349889536677068
vol_of_vol,long,5,-0.2810414412544435,-0.05954207746319882,13973,-0.1287196374522517,-0.0071119614406462,0.3075216488942961,4669,-0.19550684848763772
pos24,short,1,0.1652832699918891,0.2604569293610853,14021,-0.12872108927765713,0.024868785931166676,0.30832322944155194,5192,-0.06452691780980838
disp96,short,0,-inf,-7.161373753799364,14014,-0.1287271149528457,0.02486276025597811,0.29984301412872844,6476,0.0348959217371498
tbi_ma8,long,4,-0.007959944649362774,-0.0024165499253656075,14018,-0.1287384620737421,-0.007130786062136588,0.30246825510058495,3668,-0.09448458366763057
absorb,short,3,-0.10684628760674891,-0.05855637046245552,14010,-0.12873903679887203,0.02485083840995178,0.3059957173447537,4323,-0.09853373672429726
absorb_z,short,6,0.08951789259910743,0.14194477819482018,12951,-0.12877609802354417,0.024813777185279634,0.3052273955679098,5002,-0.13106299701365762
tbi_ma24,long,5,-0.002388979561331024,0.0008088002345109208,14008,-0.12889881153851573,-0.007291135526910228,0.30632495716733293,3808,-0.15493792918988206
tbi,short,6,0.015602661380437232,0.034991715229763645,14022,-0.12891277816631735,0.024677097042506452,0.30231065468549423,4237,-0.09620821220447145
persist6,long,3,0.2018250701307213,0.27195655557610865,14023,-0.12898879271293168,-0.007381116701326171,0.3099907295157955,5118,-0.1551250450768283
dq_cum24,long,5,-0.11276785376991388,0.04085307537131462,14008,-0.129069562608965,-0.007461886597359482,0.30632495716733293,3812,-0.15334177025818574
dn_wick,long,7,0.3833607117040198,0.46966542446104753,14022,-0.1291199114020892,-0.007512235390483693,0.30516331479104264,4680,-0.1795441903057882
dq,short,6,0.03132336465213345,0.0700754694416167,14022,-0.12914641768520443,0.024443457523619372,0.3021680216802168,4242,-0.09569452116706961
lo_pos,long,4,0.35714285714285715,0.5714285714285714,19628,-0.1291575494701326,-0.007549873458527104,0.30726513144487466,7387,-0.17162499359925634
updn_ratio,short,6,0.5333333333333333,0.5454545454545454,25751,-0.129162918767597,0.024426956441226805,0.30503669760397656,9136,-0.12495019450455853
range_rank,long,4,0.39166666666666666,0.49583333333333335,13517,-0.12926757940722539,-0.00765990339561988,0.312939261670489,5052,-0.21192086879033487
range_z,short,6,-0.08886740519068573,0.15534618301520953,13965,-0.12928458273109344,0.02430529247773036,0.30268528464017186,4840,-0.1282876754380496
efficiency,long,2,0.08715634710637071,0.1299927759151608,14022,-0.12929490747134761,-0.007687231459742108,0.3076593923833975,5051,-0.21830919598181442
tbi,short,5,-0.0025382943632237254,0.015602661380437232,14023,-0.12937143207120325,0.02421844313762056,0.3001497539756115,4134,-0.12306163809423623
persist6,long,7,0.5153824881809689,0.6225420758498785,14023,-0.12941098102713675,-0.0078033050155312395,0.30606860158311344,5125,-0.18541485872985108
tbi_z24,long,8,0.8994467532685266,1.3200153227991238,14008,-0.12945621780271682,-0.007848541791111316,0.3108223872073101,5087,-0.20021120334426384
rpt_z,long,2,-0.8795016548142629,-0.6030102367704503,13965,-0.12948819552638807,-0.007880519514782566,0.3058360186179735,5372,-0.19837390131641477
vol_of_vol,short,3,-0.6336235117223799,-0.46388962003187634,13973,-0.12951252308929417,0.024077352119529633,0.322479066771631,4551,-0.11387564666018805
tbi_ma24,long,3,-0.009108977473525879,-0.005640533205414092,14008,-0.12956468368226584,-0.007957007670660335,0.3040405482581382,3985,-0.13083832140864393
tbi_z8,long,3,-0.6114925310451288,-0.3098224460078923,14017,-0.12962687149076832,-0.008019195479162813,0.30819718912748806,4905,-0.1846130745956825
extreme_late,long,6,0.8571428571428571,0.9285714285714286,13183,-0.12968251558136862,-0.008074839569763112,0.30668284912387167,5029,-0.16366949864689492
rpt_rank,long,6,0.6,0.7020833333333333,13577,-0.1296903302546524,-0.008082654243046897,0.31000957501657217,5093,-0.18702187843730358
efficiency,long,0,-inf,0.044686407376052804,14022,-0.12989235486359532,-0.008284678851989816,0.306803594351733,5020,-0.154807056930628
dq_cum24,short,2,-0.6335691575281667,-0.4352992281710366,14008,-0.12993352375047434,0.02365635145834946,0.31032267275842373,4391,-0.10826905183775128
ats_rank480,long,4,0.3958333333333333,0.5,13840,-0.12994617699885622,-0.00833850098725071,0.30946531791907517,5345,-0.207185662539852
absorb_z,short,2,-0.20417757991931823,-0.11124484580957443,12952,-0.1300314417323561,0.023558433476467716,0.31315626930203827,5698,-0.1643007613913197
rpt_z,short,0,-inf,-1.230667780276189,13965,-0.13019390735606443,0.02339596785275938,0.30855710705334766,4664,-0.1357173870047521
since_lo24,long,7,20.0,22.0,11695,-0.13024114782254956,-0.008633471810944052,0.31406584010260796,4114,-0.15787294990963885
body_frac,long,5,0.003231093665130173,0.199426448331336,14022,-0.13024452452397042,-0.008636848512364917,0.30844387391242334,4748,-0.15632459959383305
up_wick,short,2,0.070911722141846,0.12388030317944997,14022,-0.13028362497329946,0.02330625023552435,0.30708886036228783,5190,-0.12504747250499526
up_wick,long,3,0.12387130615478606,0.17673896880607054,14022,-0.13030427503002248,-0.008696599018416976,0.3041648837541007,4973,-0.16705731513682479
dq_cum24,long,3,-0.43528895578495064,-0.2687250403284876,14008,-0.1303182362669262,-0.008710560255320701,0.3036122215876642,3988,-0.12905116457487067
tbi_z24,long,2,-0.8991675670387612,-0.5800086523648478,14008,-0.13039703690233048,-0.008789360890724976,0.31032267275842373,5035,-0.13395024737982406
absorb_z,long,7,0.1419577513170108,0.232718169272976,12951,-0.13047802331222869,-0.00887034730062318,0.30499575322368927,4603,-0.15887234360244135
range_per_trade,long,6,1.2728098146895103e-07,1.4281296960780765e-07,14022,-0.13051970634653456,-0.008912030334929058,0.30922835544144917,3739,-0.18921903755808367
rpt_z,long,6,0.17385382171519181,0.47025271675118097,13965,-0.1305479115037384,-0.008940235492132895,0.3098460436806301,5138,-0.17233254540099036
tbi_z8,long,9,1.336161739092242,inf,14018,-0.13062524638712564,-0.009017570375520131,0.3057497503210158,5330,-0.18907754544614305
tbi_z8,short,5,-0.004704303262942645,0.2997233783317398,14018,-0.13066266609574748,0.02292720911307633,0.30967327721500926,5186,-0.1416236015782385
disp6,long,1,-1.6727488610037642,-1.0558034949678976,14023,-0.13066670992868282,-0.009059033917077311,0.3079226984240177,5269,-0.18293658175313107
tbi_z24,long,4,-0.2917042025904743,-0.003778925509180523,14008,-0.13070756837376654,-0.009099892362161036,0.30596801827527126,5231,-0.1851124113829954
atr_pct,long,2,0.002388471920718593,0.002909060778609136,14024,-0.13088222624507406,-0.009274550233468556,0.3291500285225328,8209,-0.1430761321094055
minofday,short,0,-inf,135.0,13149,-0.13092114008378614,0.02266873512503767,0.3065632367480417,4833,-0.11959984339933896
close_loc,long,8,0.8192888967411667,0.9146341463413891,14022,-0.13103400576511254,-0.009426329753507032,0.30466409927257165,5141,-0.19982393230579662
ats_z96,long,5,-0.08395541693074443,0.18710196700771486,13965,-0.13124877842995186,-0.009641102418346356,0.3066237021124239,5285,-0.186815281421831
tbi_ma24,short,2,-0.01324194995413285,-0.009109377716567935,14008,-0.1312959800652322,0.02229389514359162,0.30996573386636206,4393,-0.1093826357316423
ats_z96,short,7,0.48980906377667327,0.8547511537329922,13964,-0.13130908922586557,0.02228078598295824,0.30507018046405043,4799,-0.13324855560185567
rv_vs_range,long,8,0.8116216317266787,0.9127935792013862,14022,-0.13133327671372844,-0.00972560070212293,0.31215233204963627,5821,-0.16299730984002814
close_loc,short,4,0.39959839357430305,0.5077872012336205,14022,-0.13137307592839298,0.022216799280430827,0.30844387391242334,4724,-0.12299365123182893
range_z,long,4,-0.43376339350792,-0.2776441183516736,13965,-0.13143789165101932,-0.009830215639413817,0.30776942355889725,4592,-0.21930870469993505
extreme_late,short,1,0.21428571428571427,0.42857142857142855,16778,-0.13151812613554836,0.022071749073275443,0.30957205864822984,6042,-0.1416670193305847
minofday,long,9,1290.0,inf,14609,-0.1315233325969441,-0.009915656585338592,0.2950920665343282,5369,-0.1696165841736865
body_frac,short,8,0.5254716981131801,0.6956049918611362,14022,-0.1316871060862859,0.021902769122537913,0.3091570389388104,5162,-0.09127256128852032
range_z,long,0,-inf,-0.9188710775588897,13965,-0.13171931590513766,-0.010111639893532157,0.3299677765843179,6075,-0.18545243246320026
close_loc,long,0,-inf,0.09578344378298942,14022,-0.1317876559235441,-0.0101799799119386,0.31607473969476535,6259,-0.15437082087467532
disp96,short,1,-7.161373753799364,-4.665533221947275,14014,-0.13178852247866368,0.021801352730160123,0.30198373055515915,5274,-0.030179056029470252
body_frac,short,6,0.19930069930070013,0.36758661186140623,14022,-0.13183005403448705,0.021759821174336752,0.30644701183853945,4845,-0.10391851028714974
pos24,short,0,-inf,0.1652832699918891,14022,-0.1320333141978165,0.021556561011007308,0.3077307088860362,7011,-0.11584421420595682
kyle,long,3,2.648200583450293e-07,2.948393912922754e-07,14022,-0.13216656662885629,-0.01055889061725078,0.3108686350021395,5144,-0.18635913905014417
kyle_z,short,7,0.41158702669802333,0.7766154605287385,13964,-0.1321844738820859,0.021405401326737905,0.30327986250358063,5125,-0.13943818405409952
body_frac,short,4,-0.1920426065163016,0.0030947775628833393,14022,-0.1322211340602825,0.021368741148541315,0.3108686350021395,4811,-0.11982928833328581
dq_z96,long,4,-0.27971838742569427,-0.0016315315861034525,13965,-0.1322466951497569,-0.010639019138151393,0.3025420694593627,5376,-0.1756815259374235
accel,short,0,-inf,-1.5785860378796215,14022,-0.13234288049478304,0.021246994714040762,0.2986021965482813,5731,-0.10127436954582243
since_hi96,short,4,40.0,53.0,13721,-0.13238132803282196,0.021208547176001846,0.3198017637198455,4893,-0.16666089620133906
tbi_z96,long,4,-0.27987822453396793,-0.0019083024771406813,13965,-0.13253523313737237,-0.01092755712576686,0.3024704618689581,5378,-0.17423153939344874
minofday,short,9,1290.0,inf,14608,-0.132633712541973,0.020956162666850797,0.3007256297918949,5369,-0.09136694508883508
ats_rank480,short,7,0.7083333333333334,0.8104166666666667,13729,-0.13263585452590484,0.02095402068291896,0.30373661592249984,5204,-0.15201577875068123
accel,short,6,0.31180004631760727,0.6516171638312515,14021,-0.13268435885457977,0.020905516354244036,0.31167534412666714,4983,-0.1433685860748007
to_lo24,long,1,0.7890299474097887,1.219919818187595,14021,-0.13278577937987374,-0.01117810336826823,0.30853719420868697,5163,-0.1880736086972337
persist6,long,2,0.13217054769887002,0.2018250701307213,14023,-0.1328261165919928,-0.011218440580387304,0.31084646651928977,5214,-0.1498850315100561
rpt_z,short,4,-0.3509874536335244,-0.09731166319107987,13965,-0.1328845809406118,0.020705294268211993,0.3100608664518439,5241,-0.1524833643094363
absorb,long,0,-inf,-0.3295677864658141,14010,-0.13295614966827082,-0.011348473656665317,0.313633119200571,6411,-0.17971236147721298
hi_pos,long,2,0.14285714285714285,0.21428571428571427,8656,-0.1329584244665036,-0.0113507484548981,0.30568391866913125,3083,-0.16899405256418892
tbi_ma24,short,3,-0.009109377716567935,-0.00564095689080586,14008,-0.1330369472371158,0.020552927971708018,0.3086093660765277,3985,-0.14219633392899636
trade_intensity,long,2,0.5050020848992388,0.5855836431617751,14014,-0.13310285275599723,-0.011495176744391725,0.31539888682745826,4692,-0.1759509954639883
since_lo24,short,1,2.0,5.0,16716,-0.13310970550311554,0.020480169705708262,0.30605407992342665,6424,-0.11052240275401833
dq_cum24,short,3,-0.4352992281710366,-0.26875197893373165,14008,-0.13316852592890166,0.020421349279922146,0.3088235294117647,3988,-0.14676909445945308
hour,short,9,21.0,inf,17529,-0.13319239574997593,0.020397479458847873,0.29984596953619713,6442,-0.08565704402448701
dn_wick,long,5,0.24644053071393635,0.3109429956035254,14022,-0.13320423493932904,-0.01159655892772353,0.30330908572243614,4916,-0.15706246351214329
up_wick,short,1,0.01941995656062895,0.070911722141846,14022,-0.13321495426692415,0.02037492094189966,0.309014405933533,5383,-0.10316003730632094
rpt_rank,short,3,0.29583333333333334,0.39791666666666664,13788,-0.1332195267036327,0.020370348505191094,0.30990716565129095,5216,-0.1431324249076581
close_loc,long,9,0.9146341463413891,inf,14022,-0.1332546770852259,-0.011647001073620392,0.3109399515047782,5618,-0.2011704185707038
hour,short,6,14.0,16.0,11687,-0.13327843598992237,0.02031143921890144,0.29691109780097547,4296,-0.12975786485360283
body_frac,long,4,-0.19203747072600907,0.003231093665130173,14023,-0.13332677339227716,-0.011719097380671659,0.30514155316266134,4814,-0.1548873827466884
persist6,long,4,0.27195655557610865,0.3452087945642137,14022,-0.13338602871044497,-0.011778352698839464,0.3100841534731137,4975,-0.13793983286445566
dn_wick,long,4,0.18671796679199476,0.24644053071393635,14022,-0.13347892697272384,-0.011871250961118338,0.3042362002567394,5126,-0.18876313541258571
range_per_trade,long,5,1.145730048802227e-07,1.2728098146895103e-07,14022,-0.13348328906171586,-0.011875613050110354,0.3071601768649265,4615,-0.18492805263824266
since_lo480,short,7,401.0,443.0,13725,-0.13357714351458608,0.02001273169423773,0.3143897996357013,4860,-0.2745468227055575
rv_vs_range,short,0,-inf,0.46042414771831797,14022,-0.13361467486745698,0.019975200341366822,0.30366566823562974,4352,-0.12933535858275236
atr_rank,short,6,0.5916666666666667,0.7,14078,-0.1336213138410346,0.01996856136778921,0.30551214661173465,5391,-0.1357566730881244
kyle,short,4,2.948430725106334e-07,3.265878626519157e-07,14022,-0.13368687308516136,0.019903002123662444,0.3091570389388104,4470,-0.07083447952859429
since_hi96,long,3,27.0,40.0,14360,-0.13382543824439472,-0.012217762232789212,0.30981894150417827,5104,-0.1423443474433637
range_rank,long,2,0.18125,0.28541666666666665,13728,-0.13393684228571803,-0.012329166274112527,0.3243735431235431,4855,-0.19003173999359452
since_lo24,short,2,5.0,8.0,13321,-0.13397792079680557,0.01961195441201824,0.30658358982058403,4957,-0.10858606806149045
since_lo480,long,4,214.0,283.0,13995,-0.13414732314777714,-0.01253964713617163,0.31025366202215077,5425,-0.2539612663842588
tbi,short,2,-0.06257098892276519,-0.040284392035203606,14023,-0.13416102885791498,0.01942884635090883,0.3036440134065464,4344,-0.1017728014367438
dow,short,1,1.0,2.0,20061,-0.1342683345751486,0.019321540633675194,0.309057375006231,7295,-0.07664778106230183
since_hi24,short,9,24.0,inf,18257,-0.13430144814098616,0.01928842706783765,0.3028975187599277,6944,-0.09006493510471451
hour,long,3,7.0,9.0,11687,-0.13430801039570772,-0.012700334384102216,0.3270300333704116,4296,-0.1990955613001806
close_loc,long,4,0.39961311090132184,0.5078125000000158,14022,-0.13439362849083006,-0.012785952479224552,0.30316645271715875,4727,-0.162165299574945
updn_ratio,short,4,0.4666666666666667,0.5,25476,-0.13444122570588066,0.01914864950294315,0.3036190924791961,8565,-0.08075746129166483
efficiency,long,4,0.17339316066625182,0.21946638391825046,14022,-0.13445221852194225,-0.012844542510336746,0.3054485808015975,5032,-0.1725714041036007
tbi,short,4,-0.020989905823638744,-0.0025382943632237254,14022,-0.13445729725553296,0.019132577953290847,0.30116959064327486,4227,-0.12141777853447709
dq_z96,short,1,-1.2989585010645568,-0.8818710095978701,13965,-0.13458741392090118,0.01900246128792263,0.3125671321160043,4969,-0.11749714008442004
absorb_z,short,1,-0.431262276057193,-0.20417757991931823,12951,-0.13460031882940762,0.018989556379416184,0.310632383599722,4515,-0.1232298597881265
kyle,short,5,3.265878626519157e-07,3.617291630756133e-07,14022,-0.13465031554237716,0.018939559666446643,0.3028811867066039,3808,-0.05637421212879551
absorb_z,short,0,-inf,-0.431262276057193,12951,-0.1347264872076634,0.018863388001160414,0.3085476025017373,4501,-0.13369060388104406
rpt_z,short,2,-0.8794515014628749,-0.6030022185025173,13966,-0.1347451328918632,0.018844742316960594,0.30896462838321637,5371,-0.10123824138121135
since_lo24,short,3,8.0,11.0,12587,-0.13474779854048763,0.018842076668336177,0.30706284261539685,4565,-0.11773262849592954
dq_z96,long,1,-1.2988358592366216,-0.8817703510495724,13965,-0.13486467920955347,-0.013257003197947967,0.3076262083780881,4968,-0.18191173080601325
up_wick,short,3,0.12388030317944997,0.17674970344010607,14022,-0.13490952957192476,0.01868034563689905,0.30701754385964913,4973,-0.1247130839147649
absorb,long,9,0.284270539630525,inf,14010,-0.13492492325896158,-0.01331724724735607,0.3170592433975732,6554,-0.18616753469575337
disp6,long,5,0.02310880346917877,0.34187426905951374,14023,-0.13494725505422192,-0.013339579042616415,0.30934892676317477,4650,-0.2039352989715597
dq,short,2,-0.12506634869361907,-0.08047392344834196,14023,-0.13495662347386408,0.01863325173495972,0.30335876773871495,4351,-0.10117228960689599
tbi_z96,short,1,-1.298757755528385,-0.8815996564123526,13965,-0.13496024832406808,0.018629626884755723,0.3124239169351951,4967,-0.11881510230287315
tbi_z96,short,4,-0.2799726713262654,-0.001969360601866276,13965,-0.1349614836658404,0.018628391542983402,0.3063372717508056,5380,-0.13328900951179062
since_lo24,long,5,15.0,18.0,13447,-0.1350013535631136,-0.013393677551508096,0.3093626831263479,4842,-0.17023313983583754
kyle_z,long,0,-inf,-1.1998339918521173,13965,-0.13502427670816874,-0.013416600696563238,0.3288936627282492,5505,-0.19629316967062616
tbi_z96,long,1,-1.2986010236369674,-0.8815770007435523,13965,-0.13504753125059213,-0.013439855238986623,0.3076262083780881,4969,-0.18248382148270217
dq,short,4,-0.04187734678947989,-0.004960416104515096,14022,-0.13504848497602362,0.018541390232800187,0.3009556411353587,4227,-0.12018994905291346
since_hi24,short,1,2.0,4.0,12214,-0.13531645837693637,0.018273416831887435,0.3054691337809072,4644,-0.16538230390817305
tbi_z96,short,6,0.271730941331394,0.5561688711512333,13965,-0.135377349889007,0.01821252531981682,0.30526315789473685,5306,-0.12691823471819214
accel,short,9,1.5789031863312764,inf,14022,-0.13539660358445105,0.01819327162437276,0.2963200684638425,5637,-0.11578610643208939
to_hi24,short,1,0.6858216099896709,1.0801053838453805,14021,-0.13541925563970775,0.01817061956911606,0.31174666571571213,5203,-0.16027226418180981
pos96,long,8,0.7852192451897078,0.8664686998394873,14014,-0.1354590868024146,-0.013851410790809107,0.30633652062223493,5021,-0.15047355348999128
dq_z96,short,4,-0.27980337676696976,-0.0017053433221650314,13965,-0.13547246023033485,0.018117414978488955,0.30597923379878267,5376,-0.13367137259698675
since_hi24,long,3,7.0,11.0,17331,-0.1354759154964474,-0.013868239484841907,0.30702209912872885,6104,-0.18625334039778174
accel,long,5,-0.006672479065986059,0.311876339687439,14021,-0.13551391673532093,-0.013906240723715421,0.3108194850581271,4896,-0.16735165382045658
tbi_ma96,short,5,-0.002561718954374252,-0.0007375763714769962,13966,-0.13557445510774,0.018015420101083812,0.3088214234569669,4204,-0.09902262677365808
disp96,long,1,-7.161172246080107,-4.665535957898997,14014,-0.1356112040154714,-0.014003528003865881,0.29399172256315115,5273,-0.1643279244128794
since_lo96,long,7,80.0,88.0,12733,-0.1356872891965294,-0.014079613184923886,0.3132019162805309,4524,-0.20731761215742578
ats_rank480,long,1,0.09166666666666666,0.18958333333333333,13625,-0.13580754260710518,-0.014199866595499669,0.3155963302752294,5017,-0.16424634137113886
persist6,long,0,-inf,0.0656727161903128,14023,-0.13582713775382887,-0.014219461742223369,0.30892105826142763,5135,-0.17945748727405517
avg_trade_usd,short,6,3932.577260033284,4248.370488147328,14022,-0.13583929077824172,0.017750584430582084,0.2994579945799458,3842,-0.13280359342475756
kyle_z,long,1,-1.1998339918521173,-0.8661089608589381,13965,-0.13595904369220999,-0.01435136768060448,0.3197994987468672,5131,-0.1918544912927447
dn_wick,short,6,0.31095492001938585,0.3833892617449515,14023,-0.1360802438030143,0.017509631405809495,0.3069243385866077,4794,-0.11575328384665896
range_rank,short,4,0.39166666666666666,0.49583333333333335,13518,-0.13619269336159626,0.01739718184722755,0.3146915224145584,5053,-0.08297813670016438
disp24,long,6,0.7115016129738835,1.4369147328094725,14021,-0.1362474220647346,-0.014639746053129107,0.3165252121817274,4728,-0.1893657240579931
wick_skew,short,2,-0.2980719124543859,-0.18571428571418178,14023,-0.13624755299143937,0.017342322217384437,0.30778007559010195,5024,-0.1126165271215976
to_lo24,short,8,3.9075536199821888,4.9040545444576145,14021,-0.13637712680471475,0.01721274840410905,0.3032593966193567,5448,-0.13094089794597896
dq_z96,short,6,0.27184954115534876,0.5562750432951781,13965,-0.1363817272420708,0.017208147966753018,0.3049051199427139,5304,-0.12668401122886783
rpt_z,long,5,-0.09732486437986013,0.17385382171519181,13965,-0.13639959485822453,-0.014791918846619026,0.30440386680988185,5303,-0.16372364472834666
dow,long,1,1.0,2.0,20059,-0.13647441268370633,-0.014866736672100825,0.30669524901540457,7296,-0.15238909097848732
kyle_z,long,2,-0.8661089608589381,-0.602916034606152,13965,-0.13651146368151543,-0.014903787669909921,0.31450053705692804,5072,-0.23060158373410183
ats_z96,long,2,-0.8950012082291513,-0.6085994186196702,13965,-0.13667906442457883,-0.015071388412973327,0.3099892588614393,5848,-0.1630999981782424
flow_eff,short,5,0.020495095045043894,0.030553255591928168,14022,-0.13671713913532102,0.016872736073502786,0.31065468549422337,4998,-0.1166106910510011
dn_wick,short,8,0.4696969696969989,0.5902505077860567,14022,-0.13678518454841748,0.016804690660406324,0.3067322778490943,4706,-0.1177254229396764
vol_per_trade_z,long,5,-0.08120903065436468,0.18601771040989862,13965,-0.136795643492864,-0.015187967481258488,0.3024704618689581,5263,-0.1858021497814133
pos24,long,2,0.26047402757902727,0.3483804779962967,14021,-0.13681784428053353,-0.015210168268928029,0.30604093859211184,4704,-0.1971439132067728
range_per_trade,short,7,1.4281245693521602e-07,1.647953100570706e-07,14021,-0.13698462732899866,0.016605247879825147,0.308394551030597,2852,-0.16544318476163525
close_loc,long,2,0.19556328411440027,0.2947556938453864,14022,-0.13709010498275004,-0.015482428971144532,0.3035230352303523,5010,-0.1873474317806527
rpt_rank,long,5,0.4979166666666667,0.6,13886,-0.13712151737857944,-0.015513841366973938,0.30764799078208266,5165,-0.17456039536658396
pos96,short,3,0.34423876384047525,0.43407064396259704,14014,-0.13724528845911094,0.01634458674971287,0.3146853146853147,4444,-0.1477780397143865
minofday,long,3,420.0,570.0,14609,-0.13737630225044453,-0.015768626238839026,0.3259634471900883,5370,-0.20123051648600523
to_lo96,long,2,2.5439850082494093,3.3948238335643763,14014,-0.1374319478704138,-0.01582427185880829,0.304552590266876,4768,-0.14639036112871304
kyle_z,short,8,0.7766154605287385,1.3224251749321936,13965,-0.13753123201587922,0.01605864319294459,0.2992481203007519,5516,-0.10728750169998656
pos24,short,9,0.8624044475330187,inf,14022,-0.13756188222231014,0.016027992986513667,0.30366566823562974,6272,-0.10705476697213559
disp24,long,2,-2.1252629299868997,-1.2877965422104214,14021,-0.13760539354549522,-0.01599771753388972,0.30596961700306685,4899,-0.18893908729589187
persist24,long,3,0.08963992554191193,0.12289188075481969,14021,-0.13766831064927265,-0.016060634637667145,0.3105341987019471,5067,-0.14989297141568497
dq_z96,short,7,0.5562750432951781,0.8814973030821305,13964,-0.1376942083777982,0.015895666831025612,0.30628759667716987,5059,-0.1208607463050484
ats_z96,short,6,0.1871118269778548,0.48980906377667327,13965,-0.13772508220803054,0.01586479300079327,0.30533476548514144,5036,-0.14852943745354344
body_frac,long,8,0.52556476418317,0.6956555235479698,14022,-0.13773154539158106,-0.01612386937997555,0.3048067322778491,5166,-0.2030947263094126
accel,long,7,0.6516471052974616,1.0415151857879852,14021,-0.1377858257040338,-0.016178149692428298,0.3071820840168319,4938,-0.14468542596378353
to_lo96,long,9,11.301918849779467,inf,14015,-0.13793331432976283,-0.016325638318157323,0.31459150909739564,5334,-0.20319177294875657
since_lo96,short,4,43.0,56.0,13645,-0.1379960602068846,0.01559381500193921,0.31791865152070353,4956,-0.048090906183732525
tbi_z8,long,5,-0.0046775763730056595,0.2998105709040895,14018,-0.13811752002260388,-0.01650984401099838,0.30539306605792554,5188,-0.16239338527715524
minofday,long,5,705.0,855.0,14598,-0.1381257683813704,-0.016518092369764883,0.3177832579805453,5367,-0.22111714704238403
dq_z96,long,9,1.309013201382925,inf,13965,-0.13813590565702544,-0.01652822964541993,0.3104189044038668,5118,-0.1893617402964553
to_lo24,short,7,3.273192689621573,3.9075536199821888,14021,-0.1383052933814797,0.015284581827344101,0.3071820840168319,5104,-0.15797973945922622
trade_intensity,long,4,0.6682859502040176,0.7660612874228594,14014,-0.1383090224408618,-0.01670134642925629,0.31047523904666763,4579,-0.1886589764878332
minofday,short,6,855.0,1005.0,14609,-0.13840590893993723,0.015183966268886573,0.2910534601957697,5370,-0.10592873456970486
tbi_z96,short,7,0.5561688711512333,0.8813793725925924,13964,-0.13846521896265862,0.015124656246165186,0.3060011458034947,5059,-0.12084585087671264
tbi_ma8,long,2,-0.021117460476137283,-0.013901153052956642,14018,-0.13850437329352128,-0.01689669728191577,0.3010415180482237,4329,-0.15607682440477544
dq,long,1,-0.18721019236015446,-0.12505886976532904,14022,-0.13852397346038026,-0.01691629744877475,0.30651832834117815,5140,-0.17237027554311762
tbi_ma96,short,8,0.0037662237041965313,0.007109097003469425,13965,-0.13861281752014437,0.014977057688679435,0.30855710705334766,4721,-0.22645814875384024
tbi_z96,long,9,1.3092404639294402,inf,13965,-0.13867468199758912,-0.01706700598598361,0.31020408163265306,5119,-0.1895274204031897
dn_wick,short,5,0.24644194756549948,0.31095492001938585,14022,-0.13868285394408544,0.014907021264738363,0.30658964484381684,4918,-0.12481839802941594
vol_per_trade_z,long,2,-0.8947697176262569,-0.6060596348556393,13965,-0.1386839330172073,-0.017076257005601794,0.3104189044038668,5858,-0.1654539493205215
minofday,short,7,1005.0,1140.0,13148,-0.13873652031647238,0.014853354892351428,0.2890933982354731,4833,-0.12326793625495717
persist96,long,0,-inf,0.015587318343824973,14014,-0.13875153634852375,-0.01714386033691824,0.3231054659626088,4925,-0.13742084874693336
updn_ratio,short,2,0.4,0.42857142857142855,19940,-0.13881046981119796,0.014779405397625844,0.3022567703109328,6767,-0.08900335096899636
rpt_rank,short,5,0.4979166666666667,0.6,13885,-0.138845320277411,0.014744554931412801,0.3080302484695715,5166,-0.10731166731393436
vol_per_trade_z,short,7,0.49119120794691495,0.8523756935663747,13964,-0.1389593168986223,0.014630558310201519,0.3020624462904612,4715,-0.12967587739582637
m1_jump,long,7,0.38891961949507153,0.4518098366629359,14023,-0.1389640646317986,-0.017356388620193106,0.30970548384796404,5761,-0.20625065487848515
since_hi96,long,4,40.0,53.0,13724,-0.13903220780614775,-0.017424531794542245,0.3159428737977266,4893,-0.17914878858182193
tbi,long,1,-0.09365571459453728,-0.06256468903413104,14022,-0.13908096425738126,-0.01747328824577575,0.306304378833262,5142,-0.17265138481557768
hi_pos,short,4,0.35714285714285715,0.5714285714285714,19023,-0.13923221449660794,0.014357660712215864,0.3077853125164275,7509,-0.14206040956451801
flow_div,short,2,1.0,inf,26821,-0.1393979307515188,0.014191944457305011,0.30815405838708476,11857,-0.11594480179612915
since_hi480,long,1,24.0,66.0,13966,-0.1394397423677134,-0.017832066356107887,0.29886868108262926,4987,-0.15986571830703838
tbi_ma8,short,6,0.0031146906655577264,0.009027045706835634,14018,-0.13944014066861024,0.014149734540213565,0.30161221286916823,3787,-0.11396870760525127
kyle,long,2,2.3262268488289378e-07,2.648200583450293e-07,14022,-0.13948788435361986,-0.017880208342014356,0.31742975324490086,6427,-0.17217674434621918
sess_us,short,1,1.0,inf,46745,-0.13948838872542427,0.014101486483399539,0.2933789710129426,17181,-0.12080485412695763
absorb,short,2,-0.17669756773074494,-0.10684628760674891,14010,-0.13952824914961726,0.01406162605920655,0.3074946466809422,4976,-0.12560533945109628
dq_z96,short,2,-0.8818710095978701,-0.5654012380478676,13966,-0.1395655525012632,0.0140243227075606,0.3068165544894744,4921,-0.13764624240675533
hour,short,7,16.0,19.0,17531,-0.1396335866529533,0.0139562885558705,0.28789002338714276,6444,-0.10730402890730338
since_hi24,short,2,4.0,7.0,14635,-0.13967032130618154,0.013919553902642268,0.3045439016057397,5288,-0.14426034891597478
to_lo24,short,4,1.968792447747671,2.357595735509462,14021,-0.13981649163136736,0.013773383577456444,0.31295913272947723,4646,-0.11143555517330568
kyle,long,1,1.925401218817546e-07,2.3262268488289378e-07,14022,-0.13983427070805113,-0.018226594696445622,0.3285551276565397,8768,-0.1991618189651999
gap,short,1,-0.0010979278389128585,-0.00024081828591736935,14023,-0.13984349547337993,0.013746379735443875,0.29736860871425513,10052,-0.13134717745525323
vol_per_trade_z,short,6,0.1860348974631649,0.49119120794691495,13965,-0.1398954379537042,0.013694437255119596,0.304547081990691,5149,-0.13925078134910218
vol_of_vol,short,7,0.22841699482773473,0.6364102744086448,13974,-0.14001045921227262,0.013579415996551186,0.2943323314727351,5299,-0.07676619592225985
since_lo480,short,0,-inf,31.0,13935,-0.14003194248804043,0.013557932720783372,0.27341227125941875,5860,0.038552344790545166
tbi_ma8,long,3,-0.013901153052956642,-0.007959944649362774,14017,-0.1400733610082305,-0.018465684996625,0.2988513947349647,3878,-0.14774088238652044
tbi_z96,short,2,-0.8815996564123526,-0.5653015038617787,13965,-0.14018233332140737,0.013407541887416441,0.3065520945220193,4921,-0.1367640100175167
rpt_rank,short,2,0.19583333333333333,0.29583333333333334,13600,-0.14020328087185688,0.013386594336966928,0.30551470588235297,5104,-0.10765573391726173
disp24,long,5,0.059123785465381426,0.7115016129738835,14021,-0.1402121013862392,-0.018604425374633707,0.3153127451679623,4659,-0.15685476985602795
kyle_z,short,6,0.12298092534981366,0.41158702669802333,13965,-0.140254672384998,0.013335202823825804,0.3015395631936985,5001,-0.09304788578231835
tbi,long,2,-0.06256468903413104,-0.040274816908329715,14022,-0.14034821428877198,-0.01874053827716647,0.29895877906147483,4347,-0.16027607855606135
since_lo96,short,2,18.0,30.0,13743,-0.14037602618356324,0.013213849025260571,0.3046641926799098,4838,-0.06623669588151038
tbi_z24,short,7,0.5725696778668141,0.8994438762639401,14008,-0.14074024987854433,0.012849625330279474,0.3070388349514563,5196,-0.1190504964400822
hi_pos,long,3,0.21428571428571427,0.35714285714285715,14375,-0.14077318271239664,-0.019165506700791132,0.30288695652173914,5285,-0.13900477849600637
atr_rank,long,4,0.375,0.48125,13877,-0.14089627759838555,-0.019288601586780044,0.31800821503206744,5116,-0.22363312723957912
accel,long,3,-0.6674192481903007,-0.32969313537934375,14021,-0.1409677228514686,-0.0193600468398631,0.30946437486627204,5095,-0.17418561316775563
since_hi96,short,2,16.0,27.0,13595,-0.1411318067610188,0.012458068447805004,0.30275836704670833,4804,-0.15463375465561913
vol_of_vol,short,8,0.6364102744086448,1.381202827237071,13973,-0.14113329534569244,0.012456579863131367,0.2859801044872254,5643,-0.1335047403888013
since_hi480,short,4,185.0,254.0,13967,-0.14117636224477,0.012413512964053797,0.308942507338727,5298,-0.12860677535762696
body_frac,long,0,-inf,-0.6839826839825986,14022,-0.14123670257018675,-0.019629026558581245,0.31036941948366853,6406,-0.169076200989533
since_hi480,long,9,466.0,inf,14187,-0.14134396377887096,-0.01973628776726545,0.30570240360893775,5953,-0.2774724347956329
dq,long,2,-0.12505886976532904,-0.08045154104784596,14022,-0.14143342892107444,-0.019825752909468933,0.2986021965482813,4353,-0.1600327054568726
dn_wick,short,7,0.3833892617449515,0.4696969696969989,14021,-0.14156481395453138,0.012025061254292424,0.3067541544825619,4680,-0.12165519408101724
trade_intensity,long,3,0.5855836431617751,0.6682859502040176,14014,-0.14157464571723355,-0.019966969705628043,0.31061795347509635,4574,-0.18238008913660253
since_hi24,long,4,11.0,14.0,12695,-0.14166347639508722,-0.020055800383481717,0.3066561638440331,4549,-0.19142165075054668
absorb_z,long,0,-inf,-0.4312327052828933,12951,-0.14179161483315714,-0.02018393882155163,0.30090340514246006,4501,-0.1409422977110519
pos24,long,1,0.16530169289538144,0.26047402757902727,14021,-0.14183365388099878,-0.020225977869393272,0.2998359603451965,5190,-0.1662525807497351
rv_vs_range,short,5,0.646638400341767,0.6924562439763946,14023,-0.14184651076593127,0.011743364442892534,0.3047136846609142,5037,-0.09229238597793625
rpt_z,long,4,-0.35102635006817534,-0.09732486437986013,13965,-0.14187094189500693,-0.020263265883401424,0.30533476548514144,5238,-0.14662190116171386
minofday,short,5,705.0,855.0,14598,-0.1418888365782047,0.01170103863061911,0.3157966844773257,5365,-0.17494589431204938
persist24,long,1,0.028816458776806726,0.0583845969001109,14021,-0.14191698586450943,-0.020309309852903926,0.31388631338706224,4943,-0.18416209490201602
flow_eff,long,3,0.007112763113452479,0.013086800413201738,14021,-0.14196183665915105,-0.02035416064754554,0.327294772127523,6849,-0.17495551652531227
hi_pos,long,5,0.5714285714285714,0.7142857142857143,11989,-0.1421028049676235,-0.020495128956018002,0.3038618733839353,4636,-0.2070650683152681
persist24,long,2,0.0583845969001109,0.08963992554191193,14021,-0.14212596656199603,-0.02051829055039052,0.3110334498252621,4965,-0.1689238564006431
to_hi24,long,6,2.5591621039089927,3.0342832975807434,14021,-0.14218849509565112,-0.020580819084045618,0.308751158975822,4733,-0.15591659494361298
tbi,short,1,-0.09366103234182649,-0.06257098892276519,14022,-0.14220128865330248,0.01138858655552133,0.30844387391242334,5142,-0.10702317946805534
m1_jump,short,8,0.4518157438484765,0.5680613490247836,14024,-0.14224238357392546,0.011347491634898343,0.3114660581859669,5962,-0.16112653698022186
efficiency,short,5,0.2194389168281327,0.26967095670214125,14023,-0.14225355896530714,0.011336316243516664,0.30578335591528205,4954,-0.10185289478339216
lo_pos,long,3,0.2857142857142857,0.35714285714285715,7262,-0.14234361782147334,-0.020735941809867833,0.3057009088405398,2538,-0.19270603132286931
hi_pos,short,5,0.5714285714285714,0.7142857142857143,11988,-0.1423524954690196,0.01123737973980421,0.30613947280613946,4635,-0.07659012958789037
trade_intensity,short,5,0.7660698226793448,0.8872209796248218,14014,-0.14237796794692698,0.01121190726189683,0.30726416440702153,4590,-0.1187904007743947
sess_eu,long,1,1.0,inf,46738,-0.1424125580202426,-0.0208048820086371,0.31963284693397237,17181,-0.2025508519964054
m1_jump,long,9,0.5680620105209448,inf,14024,-0.14241428682302748,-0.020806610811421974,0.3095407872219053,5928,-0.16517934563963801
tbi_z24,short,2,-0.8992624183307464,-0.5801164982640072,14008,-0.14242096924243833,0.011168905966385478,0.308038263849229,5036,-0.13931035992079827
avg_trade_usd,long,0,-inf,2381.4974666708226,14022,-0.14242567185039073,-0.020817995838785228,0.3304093567251462,6733,-0.16320851165013137
dq,short,1,-0.1872242430211542,-0.12506634869361907,14022,-0.14250769042669093,0.011082184782132881,0.30844387391242334,5143,-0.10609465881558351
ats_z96,short,3,-0.6085954921424737,-0.34252274781100756,13965,-0.1428562086170206,0.010733666591803193,0.310562119584676,5799,-0.1299238182019307
m1_jump,short,6,0.3456745362128718,0.38893366555624836,14024,-0.1428625586561743,0.010727316552649496,0.3100399315459213,5452,-0.1522159180524414
vol_per_trade_z,short,3,-0.6060575027228059,-0.34198746307131805,13964,-0.14295191459304665,0.010637960615777153,0.3098682325981094,5763,-0.1263372012223275
since_lo24,short,5,15.0,18.0,13446,-0.14301527494259778,0.01057460026622603,0.3099062918340027,4842,-0.11471962873278475
since_lo24,long,6,18.0,20.0,10082,-0.14303244094889137,-0.02142476493728586,0.3076770482047213,3515,-0.17516806622140374
persist6,short,7,0.5153729440252386,0.6225402870205812,14023,-0.14309253472617386,0.010497340482649942,0.30428581615916706,5124,-0.10667782194827845
disp6,long,4,-0.2952115132955701,0.02310880346917877,14023,-0.14315287925970027,-0.021545203248094766,0.30592597874919775,4770,-0.16696132700782804
efficiency,short,2,0.08715246793612413,0.1299729993645499,14023,-0.1431653048796373,0.010424570329186506,0.3052128645796192,5047,-0.11177079272323281
tbi_z96,long,2,-0.8815770007435523,-0.565284459360545,13965,-0.14318581535857886,-0.02157813934697335,0.3023272466881489,4919,-0.12931441674539113
avg_trade_usd,long,3,3031.9687260290248,3335.7220586943076,14022,-0.14328829157742096,-0.02168061556581545,0.3088717729282556,3848,-0.16358084888240884
since_hi24,long,9,24.0,inf,18255,-0.14331763362255995,-0.021709957610954442,0.29767187072035056,6945,-0.16539611617290043
rv_vs_range,short,4,0.6042441343888417,0.646638400341767,14022,-0.14347039440343354,0.010119480805390269,0.3048067322778491,4845,-0.12082251666061612
rv_vs_range,short,2,0.5158379205642456,0.5612688310620825,14022,-0.1434807580900707,0.01010911711875312,0.3029525032092426,4736,-0.13641621199108625
wick_skew,long,2,-0.2980312621695495,-0.18571273940221272,14022,-0.14367521242865114,-0.022067536417045633,0.30124090714591356,5023,-0.16878979093910865
extreme_late,long,1,0.21428571428571427,0.42857142857142855,16781,-0.14375696975853383,-0.022149293746928325,0.30325963887730173,6042,-0.12671279501750304
dq_z96,long,2,-0.8817703510495724,-0.5653451655058099,13965,-0.14380405450116912,-0.022196378489563615,0.3021840315073398,4923,-0.13025999470315044
disp24,long,3,-1.2877965422104214,-0.5807498876757233,14021,-0.1443496641462322,-0.022741988134626703,0.3072534056058769,4813,-0.13534349990704106
tbi_z8,long,2,-0.9352617092857366,-0.6114925310451288,14018,-0.14443085337929407,-0.02282317736768856,0.30268226565843914,4963,-0.15453617539271178
hour,long,5,11.0,14.0,17520,-0.14446134337420913,-0.022853667362603622,0.31815068493150683,6441,-0.23525397425224237
persist6,long,1,0.0656727161903128,0.13217054769887002,14023,-0.1445847195401369,-0.022977043528531402,0.3056407330813663,4920,-0.19106260756309784
rv_vs_range,long,7,0.7452381441090894,0.8116216317266787,14022,-0.14462310462481312,-0.023015428613207614,0.30609042932534586,5426,-0.17561195946926897
since_hi24,short,0,-inf,2.0,11378,-0.14467883223009084,0.008911042978732964,0.3022499560555458,4618,-0.13808056103860822
dn_wick,short,4,0.18672768878718535,0.24644194756549948,14022,-0.14475772656351887,0.008832148645304932,0.3043075167593781,5125,-0.09261468738005785
disp6,long,2,-1.0558034949678976,-0.6427180316903646,14023,-0.14486237799902305,-0.02325470198741754,0.30678171575269203,4988,-0.17674076671250466
accel,short,7,0.6516171638312515,1.0415019870955013,14021,-0.14503740479200705,0.008552470416816754,0.3062549033592468,4938,-0.15667139458146795
since_lo480,short,1,31.0,82.0,13932,-0.1451709805427779,0.008418894666045895,0.3069193224231984,5247,-0.01848224734161502
vol_per_trade_z,short,5,-0.08120347995624745,0.1860348974631649,13966,-0.1453003061874019,0.008289569021421916,0.304525275669483,5262,-0.12357155659549605
persist6,short,8,0.6225402870205812,0.7701351971597377,14023,-0.14547178415220902,0.00811809105661479,0.3009341795621479,5284,-0.059712918117014485
atr_rank,long,2,0.14583333333333334,0.2604166666666667,13860,-0.14547534729835787,-0.023867671286752365,0.32676767676767676,4346,-0.26548701567337246
since_lo480,long,2,82.0,145.0,13976,-0.14556201986585682,-0.02395434385425131,0.30509444762449917,5008,-0.12912343682511693
m1_jump,short,7,0.38893366555624836,0.4518157438484765,14023,-0.1456186485130574,0.007971226695766415,0.310703843685374,5760,-0.12619621403535677
rv_vs_range,short,7,0.7452383637753884,0.8116178181849729,14022,-0.1456906419604507,0.007899233248373105,0.30637569533590076,5426,-0.12674004772785308
disp96,short,3,-2.850904358045991,-1.287940129558084,14014,-0.14570579956442847,0.007884075644395333,0.31261595547309834,4680,-0.21356521211225335
efficiency,short,7,0.32587549515463976,0.3963373737211477,14021,-0.14575471728112988,0.007835157927693931,0.3055416874687968,5164,-0.10991360501537767
tbi_z8,short,2,-0.9352971482163511,-0.6115711033092804,14018,-0.14579948098084677,0.007790394227977032,0.30589242402625194,4963,-0.12802639684180456
persist24,long,4,0.12289188075481969,0.15943714809427895,14021,-0.14584440042727037,-0.024236724415664865,0.30768133514014695,5025,-0.2211958594288733
dq_cum24,short,8,0.39576011540981604,0.671340608573543,14008,-0.14592412856743275,0.0076657466413910524,0.3048258138206739,4450,-0.14752015014706596
dn_wick,short,1,0.021122448979588867,0.07529843893477736,14022,-0.14599076822556742,0.007599106983256387,0.30266723719868777,5496,-0.08746756323409541
wick_skew,short,1,-0.4565217391300823,-0.2980719124543859,14022,-0.14609911302517475,0.007490762183649052,0.30609042932534586,4825,-0.11777840410750913
rv_vs_range,short,3,0.5612688310620825,0.6042441343888417,14022,-0.1461488426161647,0.0074410325926591026,0.3019540721723007,4885,-0.11598208997138397
m1_jump,short,3,0.25362542198408894,0.28128697335912956,14024,-0.1462111846397071,0.007378690569116719,0.3047632629777524,4767,-0.11497666327852797
tbi_z8,short,8,0.9384302511072694,1.3361875349617276,14018,-0.14645567499694984,0.00713420021187397,0.3066057925524326,5087,-0.13729878847773339
range_z,long,3,-0.5775677167360939,-0.43376339350792,13965,-0.14654287482866782,-0.024935198817062312,0.31020408163265306,4526,-0.1765548499912222
range_per_trade,short,6,1.2728290569748535e-07,1.4281245693521602e-07,14023,-0.14656369413674195,0.007026181072081861,0.3047849960778721,3738,-0.1810837332682846
vol_of_vol,long,4,-0.4638268318872833,-0.2810414412544435,13973,-0.1466645365304137,-0.02505686051880819,0.3095255134903027,4347,-0.14711183069864878
tbi_ma24,short,8,0.00820202739075934,0.013942749809336623,14008,-0.14667545349062344,0.006914421718200364,0.30468303826384924,4460,-0.1458123913152249
to_hi480,long,4,8.74298064917573,10.758985201199213,13975,-0.14678347970235173,-0.02517580369074622,0.2971019677996422,4674,-0.14774804725024862
to_lo480,long,3,8.1114017608312,10.498471494135169,13976,-0.14685575916144816,-0.025248083149842657,0.30037206639954206,5491,-0.21999994514848611
efficiency,short,0,-inf,0.0446807092376088,14022,-0.14688276497621122,0.006707110232612584,0.3054485808015975,5019,-0.12850714773989752
tbi_z8,short,7,0.6123119651102987,0.9384302511072694,14018,-0.14688969635028626,0.006700178858537548,0.3050363817948352,5093,-0.12740799878780945
disp96,long,6,1.681856709870333,3.343971514349522,14014,-0.1469711208298098,-0.02536344481820428,0.31154559725988296,4945,-0.1928727458695628
close_loc,short,2,0.19555555555562024,0.29469548133594453,14023,-0.14704923047706694,0.006540644731756862,0.3064964700848606,5006,-0.10552347020630867
to_lo96,long,6,6.199225363206412,7.403408391640958,14014,-0.14709172238139784,-0.025484046369792332,0.3089767375481661,5010,-0.17832473165178758
close_loc,short,6,0.6173120728929742,0.7213114754099488,14023,-0.14725049137688823,0.00633938383193558,0.30164729373172644,4939,-0.11915108705311725
efficiency,short,1,0.0446807092376088,0.08715246793612413,14022,-0.14730905363424276,0.006280821574581041,0.3048067322778491,4867,-0.1291515013972059
persist96,long,6,0.10973952636742657,0.13718714409025284,14014,-0.14733108374599857,-0.025723407734393064,0.29727415441701155,5610,-0.23427198439008037
tbi_ma8,short,7,0.009027045706835634,0.016116797719847985,14018,-0.14755957324175117,0.006030301967072632,0.2999714652589528,3990,-0.11317882402022195
hi_pos,short,8,1.0,inf,15740,-0.14764894642303256,0.00594092878579125,0.30495552731893266,5252,-0.09129405601705112
persist24,short,7,0.24791218533782025,0.30997582243694133,14021,-0.14784190737009756,0.005747967838726248,0.29755366949575635,5526,-0.1521321334901084
trade_intensity,short,4,0.6683171545321949,0.7660698226793448,14014,-0.14797395893589135,0.005615916272932453,0.3078350221207364,4573,-0.12600177156751644
tbi_z24,short,8,0.8994438762639401,1.319967109313569,14008,-0.1480008530449288,0.005589022163895008,0.3064677327241576,5088,-0.11241536103877693
pos96,short,6,0.6134239763171561,0.7008744790932735,14014,-0.1480144407036186,0.005575434505205201,0.31047523904666763,4944,-0.15311474503114716
since_hi480,short,5,254.0,322.0,13999,-0.1481226933289187,0.005467181879905109,0.3093792413743839,4886,-0.2792974513405088
gap,short,4,0.00026291096818588806,0.0011249672798111256,14024,-0.14816499369771285,0.005424881511110952,0.29285510553337135,9740,-0.14978087385903052
tbi_z24,short,6,0.27959622416922947,0.5725696778668141,14008,-0.14818023021514276,0.005409644993681045,0.30289834380354086,5220,-0.1532912989569837
lo_pos,short,2,0.14285714285714285,0.2857142857142857,16690,-0.14819402208844992,0.0053958531203738835,0.3021569802276812,6210,-0.08238794636466558
updn_ratio,short,8,0.6,0.6666666666666666,21033,-0.14832941317110726,0.005260462037716546,0.3029525032092426,7614,-0.10679542738876811
since_lo96,short,9,94.0,inf,16251,-0.14842364812869213,0.0051662270801316745,0.3017660451664513,5873,-0.21330332612239708
range_per_trade,long,0,-inf,6.780598272031322e-08,14022,-0.14844738411885666,-0.026839708107251156,0.3100841534731137,10519,-0.1948706314125417
range_z,long,2,-0.7297032883040927,-0.5775677167360939,13965,-0.14846460267068118,-0.026856926659075672,0.3147869674185464,4940,-0.20149009212702565
flow_eff,long,1,-0.026515206405432392,0.0007907547893154421,14022,-0.1484715811692648,-0.026863905157659282,0.3197118813293396,7658,-0.19006128414770765
tbi_ma96,long,2,-0.008729435745866447,-0.006363528817952483,13965,-0.1484718176407477,-0.026864141629142205,0.3012531328320802,4447,-0.2061384503166581
wick_skew,short,5,-0.008502202643173085,0.07022341707611755,14023,-0.14848309246722172,0.0051067827416020894,0.3061399130000713,5595,-0.15699484199962535
to_lo480,long,2,5.758062637871411,8.1114017608312,13975,-0.148492138786127,-0.026884462774521486,0.28701252236135955,4974,-0.09999163790246236
dq_cum24,short,5,-0.11278518991506409,0.04078695130299863,14009,-0.14849438150389724,0.005095493704926568,0.30109215504318654,3808,-0.0762590541847263
hi_pos,short,3,0.21428571428571427,0.35714285714285715,14375,-0.14852958438108102,0.005060290827742786,0.30351304347826086,5285,-0.15088411719733508
range_z,short,5,-0.277639670827785,-0.08886740519068573,13966,-0.14854523646612663,0.005044638742697172,0.29987111556637547,4703,-0.12542949803765205
sess_asia,short,0,-inf,1.0,93487,-0.1486763004500397,0.004913574758784095,0.3005444607271599,34361,-0.12308998850577971
rpt_z,short,3,-0.6030022185025173,-0.3509874536335244,13964,-0.14872513259805648,0.004864742610767331,0.3044256659982813,5407,-0.12181995730061249
tbi_ma8,short,5,-0.002417799052149172,0.0031146906655577264,14018,-0.14883994541524814,0.0047499297935756635,0.2984020545013554,3757,-0.06222463198964071
rpt_rank,short,1,0.09791666666666667,0.19583333333333333,13653,-0.14894841294053432,0.004641462268289487,0.3014722039112283,5084,-0.0729758779175663
since_hi24,long,5,14.0,17.0,13135,-0.14899566490704702,-0.027387988895441515,0.3046060144651694,4699,-0.18959476444796497
wick_skew,short,6,0.07022341707611755,0.16406829992575078,14022,-0.1491956378407634,0.004394237368060411,0.3009556411353587,5385,-0.10703447927580977
extreme_late,short,5,0.7857142857142857,0.8571428571428571,11118,-0.14924938934421414,0.004340485864609667,0.30428134556574926,4411,-0.11480973117220049
to_lo96,short,8,8.948259618781808,11.301852771775227,14014,-0.1492735666745655,0.004316308534258295,0.30655059226487796,5332,-0.1417787008539684
tbi_ma24,short,5,-0.002389899275806205,0.0008081731423023911,14009,-0.14940558214151678,0.004184293067307027,0.3008780069955029,3809,-0.07405498480005994
tbi_ma96,short,7,0.0012952232090535645,0.0037662237041965313,13964,-0.14950433805362587,0.004085537155197938,0.30141793182469206,4676,-0.12350199917173904
tbi_ma24,short,4,-0.00564095689080586,-0.002389899275806205,14008,-0.14988815207725176,0.003701723131572049,0.30218446601941745,4025,-0.13175570550696605
sess_eu,short,0,-inf,1.0,93498,-0.15001246828206874,0.0035774069267550668,0.2977603799011744,34366,-0.11073549179292369
dq_cum24,short,4,-0.26875197893373165,-0.11278518991506409,14008,-0.1501443107179303,0.0034455644908935046,0.30197030268418046,4034,-0.12867196904068592
tbi_ma8,long,0,-inf,-0.03147555437720689,14018,-0.15022692054502476,-0.028619244533419255,0.31673562562419744,9372,-0.20865528940519112
lo_pos,short,4,0.35714285714285715,0.5714285714285714,19627,-0.15023556600662036,0.003354309202203448,0.30427472359504765,7387,-0.11568783700189263
persist6,short,4,0.2719509624062327,0.3451897379511226,14023,-0.15030448925438267,0.003285385954441139,0.3079940098409755,4975,-0.12994109669935175
persist6,short,1,0.06567815929601027,0.13217694343086797,14023,-0.1503753405327658,0.0032145346760580062,0.3061399130000713,4920,-0.12225827155649184
kyle_z,short,3,-0.6028657301446775,-0.36275704119859015,13965,-0.15041753999060634,0.0031723352182174702,0.307124955245256,4856,-0.13702360835174182
range_rank,short,5,0.49583333333333335,0.6020833333333333,13811,-0.15046063251022057,0.003129242698603235,0.30207805372529145,5285,-0.10373004758012445
since_hi480,short,0,-inf,24.0,13948,-0.15048150553426443,0.0031083696745593803,0.2710782907943791,5027,-0.07239021444355316
tbi_z8,short,9,1.3361875349617276,inf,14018,-0.15049503026588235,0.0030948449429414604,0.3016835497217863,5327,-0.10433925750609385
vol_of_vol,long,0,-inf,-1.0123087559908792,13974,-0.15053608848295225,-0.02892841247134674,0.3483612423071418,5944,-0.13641228235287425
lo_pos,short,1,0.0,0.14285714285714285,39180,-0.15054858859902479,0.003041286609799021,0.3033945890760592,14258,-0.14163714593465365
wick_skew,short,4,-0.09221024422924379,-0.008502202643173085,14022,-0.15064755613680647,0.0029423190720173353,0.3020253886749394,5248,-0.107017503762578
extreme_late,short,4,0.6428571428571429,0.7857142857142857,19240,-0.15065515803658577,0.0029347171722380327,0.30514553014553014,7222,-0.12981555769462444
pos96,short,0,-inf,0.17041135711496405,14015,-0.15069402410203236,0.0028958511067914416,0.2891188012843382,7302,-0.051099031131527396
to_lo24,short,6,2.7776881701854643,3.273192689621573,14022,-0.15073276978233072,0.0028571054264930895,0.3056625303095136,4800,-0.17552821157444007
disp24,short,8,2.3132555475743013,3.605467091063097,14021,-0.15074610089076076,0.0028437743180630415,0.30047785464660154,5610,-0.13025032186026708
accel,long,6,0.311876339687439,0.6516471052974616,14021,-0.15089079694468288,-0.029283120933077375,0.3036873261536267,4984,-0.1831914978073669
rv_vs_range,short,1,0.46042414771831797,0.5158379205642456,14022,-0.15095008216246825,0.0026397930463555597,0.2986021965482813,4681,-0.1232201149687552
minofday,short,8,1140.0,1290.0,14609,-0.15120138979277117,0.0023884854160526325,0.2864672462180847,5369,-0.09484136918772298
wick_skew,short,3,-0.18571428571418178,-0.09221024422924379,14021,-0.15123521672881787,0.0023546584800059334,0.3029027886741317,5162,-0.1190112185087748
pos480,long,3,0.34038028607910553,0.4382119365230674,13976,-0.151284199439168,-0.029676523427562482,0.298225529479107,5164,-0.018828246792212545
tbi_z8,short,4,-0.30983457977223045,-0.004704303262942645,14017,-0.15142951283987127,0.002160362368952534,0.3031319112506242,5292,-0.12391960282764004
disp24,short,7,1.4367685183069498,2.3132555475743013,14021,-0.15158495155328564,0.002004923655538171,0.31010626916767703,4912,-0.12709390197905984
to_hi96,short,2,2.2602539614496777,3.063477275350093,14014,-0.15169419241737356,0.0018956827914502483,0.30505209076637646,5054,-0.11033804109306825
ats_z96,long,3,-0.6085994186196702,-0.34252948753424267,13965,-0.1516967998440916,-0.03008912383248609,0.3008950948800573,5799,-0.20070776053830003
body_frac,short,7,0.36758661186140623,0.5254716981131801,14021,-0.1519093568838537,0.0016805183249700983,0.30126239212609657,4828,-0.10250806808795808
ats_rank480,short,6,0.6041666666666666,0.7083333333333334,13849,-0.15224054095550665,0.0013493342533171526,0.300671528630226,5243,-0.15732913059495612
disp6,short,5,0.02309003093179909,0.3418113784202271,14023,-0.15237411352245317,0.0012157616863706366,0.3053554874135349,4650,-0.10776847416258786
vol_per_trade_z,long,3,-0.6060596348556393,-0.34199265049083377,13965,-0.15239977048454692,-0.030792094472941414,0.3015395631936985,5762,-0.19519545030170052
kyle_z,short,5,-0.12938647911491863,0.12298092534981366,13966,-0.1524610084744816,0.0011288667343422043,0.30080194758699697,4893,-0.10338717741165097
to_hi480,short,6,13.042335650978417,15.772954359108553,13975,-0.15246750204304427,0.0011223731657795388,0.30368515205724506,5189,-0.11093596612031553
body_frac,short,5,0.0030947775628833393,0.19930069930070013,14023,-0.15249550265111453,0.0010943725577092778,0.3012194252299793,4746,-0.13229711633775326
pos96,short,9,0.8664683189596548,inf,14015,-0.15253677857819978,0.0010530966306240286,0.2896182661434178,5928,-0.10643972887825645
absorb_z,short,7,0.14194477819482018,0.23269857688519208,12950,-0.15263118633179645,0.0009586888770273527,0.3,4604,-0.1866383258910511
tbi_z24,short,1,-1.3075684478351943,-0.8992624183307464,14008,-0.1526499419000698,0.0009399333087539985,0.30468303826384924,4987,-0.1061236118915163
pos24,long,4,0.43487803621733695,0.522363626762422,14021,-0.15268725430463778,-0.031079578293032276,0.3041865772769417,4505,-0.20551302439635102
tbi_z24,short,4,-0.29179215014300547,-0.003896946062213297,14008,-0.15270961226124988,0.0008802629475739288,0.3026127926898915,5231,-0.10904172501902647
tbi_z24,short,5,-0.003896946062213297,0.27959622416922947,14009,-0.15282368984468636,0.000766185364137445,0.3016632165036762,5313,-0.14237450796983722
close_loc,short,7,0.7213114754099488,0.819236811432636,14021,-0.15282566951829038,0.000764205690533426,0.30004992511233153,4968,-0.0955861611478562
since_hi24,short,4,11.0,14.0,12693,-0.15284790504180892,0.0007419701670148826,0.30733475143780037,4550,-0.11496746192575566
disp24,long,4,-0.5807498876757233,0.059123785465381426,14021,-0.15322681456277665,-0.03161913855117114,0.3106768418800371,4527,-0.14734238163330218
disp6,short,9,1.7053377674923154,inf,14024,-0.15334937435648563,0.00024050085233817686,0.29256988020536223,5764,-0.13642088754015005
dq_z96,short,5,-0.0017053433221650314,0.27184954115534876,13966,-0.15347096545179506,0.00011890975702874562,0.29729342689388516,5252,-0.12447719068241399
disp6,short,7,0.682471646376245,1.0899432181794484,14022,-0.1534712751413452,0.00011860006747860252,0.3062330623306233,4938,-0.16027920304397522
up_wick,short,6,0.2966068894336813,0.3686260623229744,14021,-0.15357076538468503,1.910982413877438e-05,0.29919406604379145,5064,-0.11986123426584061
to_lo24,long,2,1.219919818187595,1.6006988829126898,14021,-0.15364773246042635,-0.03204005644882084,0.30347336138649167,4923,-0.16039442141622418
to_hi96,long,7,6.550488908114363,7.869058779990704,14013,-0.15365483031853025,-0.032047154306924744,0.29708128166702347,4972,-0.1640083722421246
range_rank,short,3,0.28541666666666665,0.39166666666666666,13837,-0.1538666368307987,-0.0002767616219749025,0.31220640312206405,5033,-0.09212897477131625
persist24,long,0,-inf,0.028816458776806726,14022,-0.15397051375205256,-0.032362837740447056,0.31122521751533305,4800,-0.1466740120196302
to_hi24,long,7,3.0342832975807434,3.6329734686110347,14021,-0.1539762365038959,-0.03236856049229041,0.3016190000713216,4901,-0.1712704471589969
extreme_late,short,7,0.9285714285714286,1.0,16468,-0.1540404378186674,-0.00045056260984358,0.30173670148166143,5998,-0.12470544711365963
tbi_z96,short,5,-0.001969360601866276,0.271730941331394,13966,-0.15420353559482478,-0.0006136603860009693,0.2969354145782615,5248,-0.12443756646752391
hi_pos,short,7,0.8571428571428571,1.0,16261,-0.15421068319010706,-0.0006208079812832501,0.30201094643625853,6083,-0.12454017783998518
updn_ratio,short,9,0.6666666666666666,inf,18497,-0.1543701802197866,-0.0007803050109627951,0.3021030437368222,7160,-0.11341676749710536
to_lo24,short,9,4.9040545444576145,inf,14022,-0.15444353436992184,-0.0008536591610980304,0.28134360290971333,5376,-0.12264718973297536
up_wick,short,5,0.2335495829471769,0.2966068894336813,14023,-0.15444444403250515,-0.0008545688236813453,0.2980817228838337,4867,-0.1162219017932644
since_lo480,long,9,470.0,inf,14522,-0.15456077173857333,-0.03295309572696782,0.3000275444153698,4981,-0.09765794099857142
flow_eff,short,4,0.01308380204670829,0.020495095045043894,14021,-0.1547438913958642,-0.0011540161870403909,0.3126025247842522,5821,-0.11678957148554325
since_lo96,long,8,88.0,94.0,13293,-0.1548067675204534,-0.03319909150884788,0.3042954938689536,4853,-0.20813205951644112
vol_of_vol,short,5,-0.28106585849508114,-0.05957524152441164,13974,-0.15483579417007087,-0.0012459189612470667,0.2980535279805353,4667,-0.0719006077589552
efficiency,short,4,0.17337517125215213,0.2194389168281327,14022,-0.15484098038654848,-0.0012511051777246707,0.3008130081300813,5027,-0.12224766192052021
absorb,long,2,-0.17668108273483854,-0.10682955095462987,14010,-0.15484962263391638,-0.03324194662231088,0.30007137758743757,4975,-0.15288968073896478
body_frac,short,1,-0.6839826839826956,-0.5182320441988844,14022,-0.15493377145065207,-0.001343896241828263,0.30373698473826843,5141,-0.12091228488791447
pos24,long,3,0.3483804779962967,0.43487803621733695,14021,-0.15497370477489492,-0.03336602876328941,0.3006918194137365,4373,-0.18169355822611916
hour,short,8,19.0,21.0,11688,-0.15500383908234158,-0.0014139638735177762,0.2842231348391513,4296,-0.10427135981031074
disp96,long,8,5.4587175790274225,8.336472893352562,14014,-0.15506355308087774,-0.033455877069272236,0.2986299414870843,5356,-0.21329450502128433
hour,short,5,11.0,14.0,17520,-0.15514268623088837,-0.0015528110220645597,0.31375570776255707,6439,-0.17328152676649067
dq_cum24,long,6,0.04085307537131462,0.20503831162579805,14008,-0.1552267783598099,-0.03361910234820441,0.2986150770988007,3758,-0.14476957550482655
persist96,short,1,0.015587389471674543,0.0310904517578049,14014,-0.15529317128349734,-0.0017032960746735382,0.3173255316112459,4904,-0.18232451977507474
lo_pos,short,6,0.7142857142857143,0.8571428571428571,13280,-0.15530994327785325,-0.00172006806902944,0.30504518072289155,5144,-0.11509780754570542
up_wick,short,7,0.3686260623229744,0.4562499999999545,14022,-0.15538965194666796,-0.0017997767378441498,0.3001711596063329,4796,-0.10978930074434065
tbi_ma24,long,6,0.0008088002345109208,0.004227391476457387,14008,-0.15546120566826244,-0.03385352965665693,0.2988292404340377,3763,-0.1417033039439718
rpt_z,short,1,-1.230667780276189,-0.8794515014628749,13965,-0.1555063503684192,-0.0019164751595953933,0.2999641962047977,5462,-0.092964355260863
atr_rank,short,5,0.48125,0.5916666666666667,13980,-0.1555248823864601,-0.0019350071776362832,0.3045064377682403,5173,-0.1221112205757305
tbi_ma96,long,6,-0.0007373621395988887,0.0012958094417366787,13965,-0.155629548887082,-0.03402187287547649,0.2991049051199427,4259,-0.2524673139209077
since_lo24,short,4,11.0,15.0,16763,-0.1556934209657797,-0.002103545756955899,0.30316769074747957,6070,-0.11205314843968657
since_hi24,short,3,7.0,11.0,17330,-0.15576762232320968,-0.0021777471143858695,0.3031736872475476,6104,-0.11616084383717874
rpt_z,short,5,-0.09731166319107987,0.17386264635249746,13966,-0.1560370202638549,-0.0024471450550311025,0.3010883574394959,5302,-0.13149807950073814
trade_intensity,short,6,0.8872209796248218,1.0511081457618188,14014,-0.1561339475033314,-0.0025440722945075933,0.30077065791351504,4717,-0.13498432479981057
m1_jump,short,5,0.3110918733565427,0.3456745362128718,14024,-0.15621846276913232,-0.0026285875603085096,0.3041928123217342,5367,-0.12358168231763604
updn_ratio,long,7,0.5454545454545454,0.6,2601,-0.1562588031937386,-0.034651127182133104,0.34371395617070355,1374,-0.21196685190195125
efficiency,short,3,0.1299729993645499,0.17337517125215213,14021,-0.1563260468535839,-0.002736171644760088,0.30040653305755655,4906,-0.14670713792711895
since_lo24,short,6,18.0,20.0,10082,-0.15634922164389717,-0.002759346435073362,0.304701448125372,3515,-0.13075986821926405
gap,short,0,-inf,-0.0010979278389128585,14024,-0.15635838526008566,-0.0027685100512618577,0.3162435824301198,600,-0.40495387050293347
close_loc,short,5,0.5077872012336205,0.6173120728929742,14022,-0.15636009928584246,-0.002770224077018657,0.29995721009841675,4889,-0.13612366065670936
dn_wick,long,9,0.5901983800783417,inf,14022,-0.15643499194664662,-0.03482731593504111,0.29974326059050066,4740,-0.1739977452436963
rv_vs_range,short,6,0.6924562439763946,0.7452383637753884,14021,-0.15649988089058597,-0.002910005681762168,0.30482847157834675,5295,-0.10130517178317563
updn_ratio,short,1,0.3333333333333333,0.4,13462,-0.1565544600739396,-0.0029645848651158047,0.30537810132224036,4923,-0.13714953152630158
extreme_late,short,6,0.8571428571428571,0.9285714285714286,13183,-0.1566368024000758,-0.0030469271912519913,0.30349692786164,5027,-0.1588815735154818
extreme_late,short,0,-inf,0.21428571428571427,10749,-0.1566860508398318,-0.0030961756310080024,0.30095822867243466,3634,-0.1256199648567116
avg_trade_usd,long,2,2727.3472284592467,3031.9687260290248,14022,-0.15669695212122686,-0.035089276109621356,0.30979888746255885,4031,-0.15015676467779254
persist24,short,4,0.12288988520536451,0.15943871885188077,14021,-0.1567238546449402,-0.003133979436116402,0.30818058626346195,5026,-0.10292305954305056
flow_div,short,0,-inf,0.0,113278,-0.15678842442059465,-0.003198549211770846,0.30155016861173395,39660,-0.12839197131392216
m1_jump,short,9,0.5680613490247836,inf,14024,-0.15683802510337955,-0.0032481498945557408,0.30533371363377065,5929,-0.1529280241314877
m1_jump,short,4,0.28128697335912956,0.3110918733565427,14023,-0.15698511288995737,-0.0033952376811335616,0.3020751622334736,5123,-0.08870813757292705
tbi_z96,short,3,-0.5653015038617787,-0.2799726713262654,13965,-0.157039275163523,-0.0034493999546992005,0.2996061582527748,5116,-0.10306231523478042
up_wick,short,8,0.4562499999999545,0.5782828282828448,14022,-0.15710025911134406,-0.0035103839025202588,0.29974326059050066,4893,-0.13951789018278382
to_lo24,short,1,0.7889673986298291,1.219778181194521,14021,-0.1571074515409419,-0.0035175763321181053,0.3049711147564368,5162,-0.06146671771742889
avg_trade_usd,long,9,5173.094730728579,inf,14022,-0.15713016172614205,-0.03552248571453655,0.28426757951790044,11450,-0.14661134261230124
dq_z96,short,3,-0.5654012380478676,-0.27980337676696976,13964,-0.15727903499951565,-0.0036891597906918427,0.2995560011458035,5122,-0.10282404411754677
to_hi96,short,1,1.4196559692120523,2.2602539614496777,14014,-0.15747437899565966,-0.003884503786835858,0.29463393749108036,5237,-0.21301892120785607
body_frac,short,2,-0.5182320441988844,-0.3613281250000205,14023,-0.15764315759470263,-0.00405328238587882,0.30064893389431646,4764,-0.12802181559495965
persist96,short,2,0.0310904517578049,0.04777388463460559,14015,-0.15767198031285548,-0.004082105104031675,0.31337852301105956,4917,-0.19693347112584936
updn_ratio,long,0,-inf,0.3333333333333333,7703,-0.15768758062536992,-0.03607990461376441,0.309749448266909,3048,-0.15291420889151033
since_hi96,short,7,77.0,87.0,14477,-0.15778579233986786,-0.004195917131044058,0.3096636043379153,5256,-0.15866024308351717
pos24,short,4,0.43485594929294624,0.5223388658562039,14021,-0.15785743866334062,-0.004267563454516815,0.30639754653733686,4502,-0.09122371471069197
persist6,short,6,0.4261967460613149,0.5153729440252386,14023,-0.15802869510462333,-0.004438819895799528,0.29972188547386436,5015,-0.15124587791552715
body_frac,short,3,-0.3613281250000205,-0.1920426065163016,14021,-0.15822335748336755,-0.004633482274543743,0.30076314100278156,4752,-0.16496057612368892
since_hi96,long,2,16.0,27.0,13595,-0.15823181169828637,-0.03662413568668087,0.2926811327694005,4804,-0.1527898105874564
since_hi24,short,5,14.0,17.0,13135,-0.15824598490818012,-0.0046561096993563145,0.3066615911686334,4698,-0.11686006036230111
m1_jump,short,1,0.19188603779180927,0.22570362050609247,14024,-0.15826742553440157,-0.004677550325577762,0.29492298916143755,4501,-0.10089991515602707
disp24,short,2,-2.1255134645940457,-1.287941761490959,14021,-0.15836201737624203,-0.004772142167418225,0.3073960487839669,4899,-0.10533268776190405
range_per_trade,short,5,1.1457296937220306e-07,1.2728290569748535e-07,14022,-0.15846722371356176,-0.0048773485047379495,0.3033804022250749,4615,-0.16170909310950243
hour,long,4,9.0,11.0,11688,-0.15848178632483217,-0.03687411031322667,0.3193018480492813,4296,-0.20443530882061062
extreme_late,short,8,1.0,inf,30601,-0.15848389639178642,-0.004894021182962616,0.3008071631646025,10569,-0.10154042059142832
ats_rank480,short,1,0.09166666666666666,0.18958333333333333,13625,-0.15849055220701513,-0.004900676998191328,0.31038532110091743,5017,-0.13070087895973778
efficiency,short,8,0.3963373737211477,0.49711338713423425,14022,-0.15870948822786787,-0.005119613019044067,0.3019540721723007,5468,-0.10187945163980931
tbi_z24,short,9,1.319967109313569,inf,14009,-0.15884874705332966,-0.005258871844505852,0.2995217360268399,5166,-0.11218710139964909
hi_pos,short,2,0.14285714285714285,0.21428571428571427,8656,-0.15895841492925145,-0.00536853972042764,0.29852125693160814,3083,-0.13922875325747028
atr_pct,long,3,0.002909060778609136,0.003398933560455625,14023,-0.15903636665613605,-0.03742869064453054,0.3087071240105541,6429,-0.1503243468982964
minofday,long,4,570.0,705.0,13149,-0.15905822240248235,-0.037450546390876846,0.31865541105787515,4833,-0.21757099690097062
disp24,short,6,0.7111761285352076,1.4367685183069498,14021,-0.15915740569068898,-0.005567530481865174,0.31010626916767703,4729,-0.165029039253642
extreme_late,short,3,0.5714285714285714,0.6428571428571429,7923,-0.1591615621598611,-0.005571686951037297,0.3019058437460558,3065,-0.12588656170897336
trade_intensity,long,1,0.41478325993220244,0.5050020848992388,14014,-0.15918325668101962,-0.03757558066941412,0.3101184529755958,5188,-0.21186091007642632
atr_rank,short,2,0.14583333333333334,0.2625,14105,-0.15928352085676667,-0.005693645647942863,0.3209500177242113,4446,-0.09277267089645969
m1_jump,short,0,-inf,0.19188603779180927,14024,-0.15947529228048551,-0.005885417071661708,0.29135767256132344,4176,-0.10391772385618184
tbi_ma8,long,1,-0.03147555437720689,-0.021117460476137283,14018,-0.15962529545349918,-0.03801761944189368,0.2980453702382651,5049,-0.15199644889949085
vol_of_vol,long,2,-0.8026908720846715,-0.6336072436607211,13973,-0.15968863097484387,-0.038080954963238364,0.31754097187432906,4556,-0.18127211378071856
up_wick,short,4,0.17674970344010607,0.2335495829471769,14022,-0.15969955343742007,-0.00610967822859626,0.2988161460561974,4977,-0.10272872441121537
disp6,short,1,-1.672876651683853,-1.0558576657646113,14023,-0.15970773320800125,-0.0061178579991774396,0.3027169649860943,5269,-0.08893565228609229
to_lo24,short,3,1.600528015247572,1.968792447747671,14022,-0.15987329382896986,-0.0062834186201460585,0.30373698473826843,4568,-0.12423101399966628
rpt_z,short,6,0.17386264635249746,0.47025352325276776,13965,-0.15991691786708578,-0.006327042658261978,0.3017543859649123,5137,-0.1185087745063559
vol_per_trade_z,short,2,-0.8947683215875937,-0.6060575027228059,13966,-0.15996082186927021,-0.006370946660446408,0.3069597594157239,5858,-0.14546306040272797
atr_rank,long,1,0.04791666666666667,0.14583333333333334,13944,-0.15999128385558217,-0.038383607843976666,0.3346959265633964,4700,-0.22070131205993337
close_loc,short,3,0.29469548133594453,0.39959839357430305,14021,-0.16012658933151433,-0.006536714122690523,0.30054917623564653,4808,-0.125231471381438
to_hi480,short,8,19.699332032719973,26.539227958458635,13976,-0.1601488451730712,-0.006558969964247402,0.3172581568402977,5897,-0.21369458665426755
to_lo480,short,6,15.835359682968612,19.012757924143997,13975,-0.1604199351500899,-0.006830059941266092,0.30869409660107333,4676,-0.011627551130823382
rpt_z,short,8,0.8393149336608849,1.3771902318701104,13965,-0.1605714618113533,-0.006981586602529483,0.3017543859649123,4916,-0.16882494880445384
sess_us,short,0,-inf,1.0,93492,-0.16064046761958098,-0.007050592410757173,0.3075450305908527,34364,-0.1281838104184189
pos480,long,5,0.5288466452041491,0.6338065395713752,13976,-0.16065359901630433,-0.03904592300469882,0.30838580423583284,5836,-0.2753868126575423
sess_eu,short,1,1.0,inf,46739,-0.1607462198639885,-0.0071563446551646814,0.3129506407924859,17179,-0.15570875772851678
avg_trade_usd,short,5,3636.4510622334024,3932.577260033284,14022,-0.16074791124185975,-0.007158036033035942,0.29796034802453286,3674,-0.12913798089031256
lo_pos,short,7,0.8571428571428571,1.0,16193,-0.16081885220604333,-0.007228976997219527,0.30173531772988327,6007,-0.14844840057069825
since_hi480,long,5,254.0,322.0,13999,-0.16084578417983023,-0.03923810816822472,0.303307379098507,4886,-0.1401729520967132
gap,short,3,0.0,0.00026291096818588806,75875,-0.16085623810093844,-0.007266362892114631,0.30092915980230645,28720,-0.11898943597396183
since_lo480,short,9,470.0,inf,14521,-0.16098743769657242,-0.007397562487748616,0.29887748777632395,4981,-0.16442039251015778
avg_trade_usd,short,3,3031.992103169547,3335.7212343249034,14022,-0.16101826709215675,-0.007428391883332941,0.30445014976465556,3847,-0.13268266467232911
vol_of_vol,long,3,-0.6336072436607211,-0.4638268318872833,13974,-0.16116579511877482,-0.03955811910716932,0.31071990840131675,4550,-0.16865106249893885
dow,long,3,3.0,4.0,19967,-0.16118651502449968,-0.039578839012894176,0.29057945610256924,7391,-0.24369499829894933
dn_wick,short,3,0.1303571428571299,0.18672768878718535,14021,-0.1614059242857649,-0.007816049076941084,0.29733970472862137,5262,-0.09471148521818556
persist6,short,5,0.3451897379511226,0.4261967460613149,14023,-0.161409076132787,-0.007819200923963182,0.3011481138130215,5300,-0.13265795786656978
persist24,short,5,0.15943871885188077,0.19952637365963846,14022,-0.1614541636134923,-0.00786428840466849,0.30452146626729426,5093,-0.1263982596270958
efficiency,short,6,0.26967095670214125,0.32587549515463976,14022,-0.16159017570922207,-0.008000300500398266,0.2996006275852232,4983,-0.1269562232340936
to_hi96,long,8,7.869058779990704,9.994525337092602,14014,-0.16160745365057586,-0.03999977763897035,0.29513343799058084,5647,-0.06471477224671726
close_loc,short,9,0.9146211312700113,inf,14023,-0.1618593085017383,-0.008269433292914491,0.3088497468444698,5619,-0.1506171282673295
wick_skew,long,0,-inf,-0.45648345356683406,14022,-0.16190157476831815,-0.040293898756712646,0.29788903152189417,4792,-0.18967385064242517
to_hi96,short,4,3.8422539256039623,4.653518307026126,14014,-0.16201759124880882,-0.008427716039985017,0.30826316540602255,4530,-0.10612645831817315
to_hi480,short,1,2.8325099136112244,4.785591204800112,13976,-0.16210853820469928,-0.008518662995875476,0.28563251287922153,4643,-0.0212632612716619
ats_z96,short,5,-0.08395273228113627,0.1871118269778548,13966,-0.16217494204510474,-0.008585066836280936,0.2990118860088787,5285,-0.12478341343815058
pos96,short,5,0.5242108872810811,0.6134239763171561,14014,-0.16225035178556363,-0.008660476576739823,0.3139717425431711,4772,-0.19712895457158475
rpt_rank,short,4,0.39791666666666664,0.4979166666666667,13732,-0.16235266105786175,-0.008762785849037946,0.2996650160209729,5074,-0.14708396550862818
hi_pos,short,1,0.0,0.14285714285714285,40985,-0.16255087230983226,-0.00896099710100845,0.30120775893619617,14594,-0.1304208934430184
tbi_z8,short,0,-inf,-1.3276772273040416,14018,-0.1627115742006591,-0.009121698991835292,0.29925809673277215,5342,-0.14418329014391162
to_lo24,long,4,1.9688328709031029,2.357722401525358,14021,-0.16272266287572348,-0.04111498686411798,0.3016190000713216,4644,-0.1761424050855853
avg_trade_usd,long,1,2381.4974666708226,2727.3472284592467,14022,-0.16275434310904785,-0.041146667097442344,0.3127941805733847,4279,-0.1468212252138528
disp6,short,2,-1.0558576657646113,-0.6428304759590376,14023,-0.1629072613856967,-0.009317386176872888,0.3044997504100406,4987,-0.105782832026201
to_hi96,short,7,6.550527977759727,7.869208198898567,14014,-0.1629358273261606,-0.009345952117336798,0.29941487084344226,4972,-0.1957474621436324
range_z,short,3,-0.5775300564321837,-0.4337479019449782,13965,-0.16307340220218833,-0.009483526993364522,0.3059076262083781,4525,-0.10501439486995418
ats_rank480,short,4,0.3958333333333333,0.5,13841,-0.16324078269699624,-0.009650907488172433,0.30098981287479226,5345,-0.11000785814685597
absorb_z,short,8,0.23269857688519208,0.438467534658663,12951,-0.16332638486950427,-0.009736509660680459,0.2965022006022701,4395,-0.05343522564169258
persist6,short,2,0.13217694343086797,0.20182762179762195,14023,-0.16332888572308565,-0.009739010514261848,0.3027882764030521,5214,-0.1610054053489348
sess_asia,short,1,1.0,inf,46750,-0.1634156583847478,-0.009825783175924002,0.307379679144385,17184,-0.13099171118055802
since_lo480,long,3,145.0,214.0,14037,-0.16344563309722884,-0.04183795708562334,0.3086129514853601,5199,-0.2260607309304543
tbi_ma96,long,3,-0.006363528817952483,-0.004397922094372955,13965,-0.16354339468678364,-0.04193571867517813,0.297171500179019,4229,-0.16682751118948339
to_lo96,long,1,1.6452133380945055,2.5439850082494093,14014,-0.1636090891107369,-0.0420014130991314,0.28492935635792777,5112,-0.09762190128537176
atr_pct,short,2,0.002388364703094119,0.0029090471249235378,14023,-0.16363018736358165,-0.010040312154757841,0.3177636739642017,8211,-0.13683239467524894
persist96,short,3,0.04777388463460559,0.06594320880879452,14013,-0.1640347275942042,-0.010444852385380399,0.30728609148647684,5068,-0.15440374544773475
lo_pos,short,5,0.5714285714285714,0.7142857142857143,12524,-0.1641175018811713,-0.010527626672347495,0.3011018843819866,4472,-0.1628901947416012
tbi_ma96,long,1,-0.01197507211715202,-0.008729435745866447,13965,-0.16419428849055615,-0.04258661247895064,0.2970282849982098,5130,-0.20331690935263896
to_lo24,short,0,-inf,0.7889673986298291,14022,-0.1643176392352758,-0.01072776402645198,0.3043075167593781,6878,-0.11765442243622289
kyle_z,short,1,-1.1998551969427262,-0.866093634507285,13965,-0.1643278163541999,-0.010737941145376101,0.3107769423558897,5130,-0.15814080178957188
accel,short,4,-0.3298103106991234,-0.006772891918000026,14021,-0.16434438004127613,-0.010754504832452327,0.3068254760716069,5071,-0.1199870566025937
persist24,short,3,0.0896388731076417,0.12288988520536451,14021,-0.16444692907478284,-0.010857053865959032,0.30604093859211184,5069,-0.14859891823600796
tbi_z8,short,1,-1.3276772273040416,-0.9352971482163511,14018,-0.16454939050562195,-0.010959515296798145,0.30075617063775145,5124,-0.12110011974074758
to_lo96,short,7,7.403344136688254,8.948259618781808,14014,-0.16475898845341702,-0.011169113244593215,0.299557585271871,5128,-0.2046550167640228
hi_pos,short,6,0.7142857142857143,0.8571428571428571,13209,-0.16496544362413992,-0.011375568415316117,0.29820576879400407,5104,-0.13551100809633185
pos24,short,5,0.5223388658562039,0.6093236824763734,14021,-0.16507541574059664,-0.011485540531772837,0.3011197489480066,4662,-0.18480207517098288
to_lo24,short,5,2.357595735509462,2.7776881701854643,14021,-0.16515151717656185,-0.01156164196773804,0.3031880750303117,4644,-0.17918433209942183
pos24,short,7,0.6930089969816552,0.7757309101949369,14021,-0.16537358775211036,-0.011783712543286556,0.2985521717423864,4904,-0.17457866109289982
gap,long,0,-inf,-0.0010979054902918134,14024,-0.16558453865533346,-0.04397686264372795,0.3138191671420422,600,-0.2510183845439377
persist24,short,0,-inf,0.028813243066185185,14022,-0.16559338514669109,-0.01200350993786728,0.30987020396519754,4798,-0.1614553949984798
to_hi480,long,8,19.69898320304696,26.539439782904203,13976,-0.16561711595155312,-0.04400943993994762,0.3121064682312536,5897,-0.1488749102254749
hour,short,1,2.0,4.0,11688,-0.16564526170602087,-0.012055386497197063,0.302703627652293,4296,-0.1008440160205942
to_hi24,short,7,3.0343595102133407,3.6331388144127423,14021,-0.16591911408434076,-0.012329238875516957,0.29912274445474646,4902,-0.09972996994748529
since_hi24,short,6,17.0,20.0,14307,-0.1659465723537964,-0.01235669714497259,0.3032082197525687,5146,-0.15456023833111796
disp96,long,0,-inf,-7.161172246080107,14014,-0.16603466070740813,-0.04442698469580263,0.2847866419294991,6478,-0.255077538180466
body_frac,short,0,-inf,-0.6839826839826956,14022,-0.16624189951569077,-0.01265202430686696,0.30266723719868777,6406,-0.11536263091832553
disp6,short,6,0.3418113784202271,0.682471646376245,14024,-0.16651308978728802,-0.01292321457846421,0.3004848830576155,4810,-0.1700945821236386
avg_trade_usd,short,4,3335.7212343249034,3636.4510622334024,14022,-0.1666547224576097,-0.013064847248785899,0.2994579945799458,3755,-0.13911817339542784
to_hi96,short,5,4.653518307026126,5.538449791554506,14014,-0.16687805747161852,-0.013288182262794712,0.305551591265877,4418,-0.0945399157821574
tbi_z24,short,3,-0.5801164982640072,-0.29179215014300547,14008,-0.16691207094548396,-0.013322195736660158,0.2988292404340377,5046,-0.09637872736283022
ats_z96,short,2,-0.8949990273702081,-0.6085954921424737,13965,-0.16711745605958175,-0.013527580850757948,0.3046902971715002,5848,-0.13911096106963697
lo_pos,short,8,1.0,inf,15482,-0.167276629580692,-0.013686754371868198,0.2973130086552125,5530,-0.11286778587090696
kyle_z,short,4,-0.36275704119859015,-0.12938647911491863,13965,-0.16744854334347595,-0.013858668134652141,0.2981023988542785,4854,-0.11158909223519844
tbi_z8,short,6,0.2997233783317398,0.6123119651102987,14018,-0.16745767461731506,-0.013867799408491255,0.29733200171208446,5227,-0.10481125154965312
absorb_z,short,5,0.025583700912901224,0.08951789259910743,12952,-0.1675074582670583,-0.013917583058234484,0.29570722668313776,4889,-0.10826882859039753
disp24,short,4,-0.5809354068519663,0.058918341808739706,14021,-0.1675076459592671,-0.013917770750443287,0.31010626916767703,4524,-0.1431537992559629
extreme_late,short,2,0.42857142857142855,0.5714285714285714,14177,-0.16771603519868136,-0.014126159989857556,0.29745362206390635,5577,-0.1288047223057382
gap,short,5,0.0011249672798111256,inf,14024,-0.16782786655365417,-0.014237991344830364,0.3125356531660011,584,-0.40175383925322283
tbi_z24,short,0,-inf,-1.3075684478351943,14009,-0.16805857931333998,-0.014468704104516172,0.29816546505817687,5262,-0.1646135061506182
tbi_z8,short,3,-0.6115711033092804,-0.30983457977223045,14018,-0.1682727747627738,-0.014682899553949996,0.2994007704380083,4904,-0.12501701786325545
to_lo24,short,2,1.219778181194521,1.600528015247572,14021,-0.1683185925205434,-0.014728717311719597,0.3021182511946366,4919,-0.08436839525784831
vol_of_vol,long,1,-1.0123087559908792,-0.8026908720846715,13973,-0.16852805943752833,-0.04692038342592282,0.3251985972947828,5876,-0.28873521871131025
ats_rank480,long,0,-inf,0.09166666666666666,13644,-0.1685689896665286,-0.046961313654923106,0.31171210788625037,5049,-0.12829854768922982
to_lo480,long,4,10.498471494135169,13.047578268355817,13975,-0.16858936667583452,-0.04698169066422901,0.29874776386404295,5486,-0.18109578036143065
dq_z96,short,9,1.3090121995228001,inf,13966,-0.1691196788885977,-0.015529803679773885,0.30252040670199054,5116,-0.1201492538666966
range_per_trade,short,0,-inf,6.780906565701686e-08,14022,-0.16919438292855724,-0.01560450771973343,0.3043788332620168,10519,-0.0482677670028637
since_hi24,short,8,22.0,24.0,15057,-0.16922017534505876,-0.015630300136234954,0.2986650727236501,5484,-0.11087177847957069
tbi_z96,short,9,1.3092383188596501,inf,13966,-0.1692712864795448,-0.015681411270721007,0.30244880423886583,5117,-0.1208795738326381
tbi_z96,short,8,0.8813793725925924,1.3092383188596501,13965,-0.16944806742691348,-0.01585819221808968,0.30017901897601146,5142,-0.11342263425349003
rpt_z,short,9,1.3771902318701104,inf,13966,-0.16976317938604174,-0.016173304177217934,0.2977946441357583,5186,-0.12294026141378496
rpt_rank,short,7,0.7020833333333333,0.8020833333333334,13692,-0.1698603024223456,-0.016270427213521788,0.30105170902716916,5073,-0.14961279876931677
dq_z96,short,8,0.8814973030821305,1.3090121995228001,13965,-0.16994918049172625,-0.016359305282902442,0.2999641962047977,5142,-0.11451189148039945
disp96,short,7,3.343841021824973,5.458212292340027,14014,-0.17000282988793627,-0.016412954679112468,0.29549022406165265,5629,-0.181813729558079
pos96,long,2,0.2586670295648622,0.3442622950819672,14014,-0.17021273703167863,-0.04860506102007313,0.29441986584843727,4465,-0.18933808285941453
since_lo480,short,6,345.0,401.0,14052,-0.17031190266043988,-0.01672202745161608,0.2983916880159408,5133,-0.07623560347996185
persist24,short,2,0.05838061261092959,0.0896388731076417,14021,-0.17035557926931488,-0.016765704060491077,0.30654018971542685,4964,-0.12207455991842174
up_wick,short,9,0.5782828282828448,inf,14023,-0.17041000829756808,-0.016820133088744277,0.2993653283890751,5090,-0.15160309297746044
dq,short,8,0.11532453925483761,0.17768340071048985,14022,-0.17047390164228907,-0.01688402643346526,0.2982456140350877,5016,-0.11459840432815405
since_hi96,short,9,94.0,inf,14780,-0.17056619476622512,-0.01697631955740131,0.2919485791610284,5906,0.02867172548181924
to_lo480,long,5,13.047578268355817,15.835210705954447,13976,-0.1705689191671426,-0.048961243155537085,0.29779622209502005,5544,-0.2552777204851145
range_rank,long,1,0.08125,0.18125,13637,-0.17061079009742341,-0.04900311408581791,0.3203050524308866,4993,-0.2323248459719069
disp6,short,4,-0.29531760170946586,0.02309003093179909,14023,-0.17063940433780406,-0.01704952912898025,0.30064893389431646,4771,-0.10914850524795472
wick_skew,short,8,0.27880027266530494,0.4385093167701773,14022,-0.17071379313296428,-0.017123917924140475,0.2968192839823135,5128,-0.10516873122408944
since_lo96,short,3,30.0,43.0,13780,-0.1707443222230082,-0.017154447014184393,0.30297532656023224,4984,-0.09198785153036164
rpt_z,short,7,0.47025352325276776,0.8393149336608849,13964,-0.1708506325818452,-0.017260757373021407,0.2998424520194787,4859,-0.1161986018632448
pos24,short,6,0.6093236824763734,0.6930089969816552,14022,-0.17101799286271807,-0.017428117653894265,0.2996006275852232,4746,-0.16039618188512136
ats_z96,short,4,-0.34252274781100756,-0.08395273228113627,13965,-0.17106477649765855,-0.01747490128883475,0.30017901897601146,5518,-0.1349988592533757
tbi,short,8,0.057612457574073184,0.08882261640910649,14022,-0.17108250041223544,-0.017492625203411633,0.2981029810298103,5019,-0.1135376458583521
kyle_z,short,2,-0.866093634507285,-0.6028657301446775,13965,-0.17117943695556478,-0.017589561746740978,0.3029717150017902,5071,-0.13273123908738155
m1_jump,short,2,0.22570362050609247,0.25362542198408894,14023,-0.17118058616010062,-0.017590710951276817,0.2933751693646153,4508,-0.11145058757370734
absorb_z,short,4,-0.04710177820917367,0.025583700912901224,12951,-0.17121273013571195,-0.017622854926888143,0.2943402053895452,5138,-0.14360360203541603
disp24,short,3,-1.287941761490959,-0.5809354068519663,14021,-0.1712998051068047,-0.017709929897980897,0.30461450681121177,4812,-0.09774827089273123
to_lo96,short,6,6.198904709927817,7.403344136688254,14014,-0.1713559240124867,-0.017766048803662893,0.297559583273869,5012,-0.15275765622431856
accel,short,2,-1.052267038416558,-0.6675934575030477,14021,-0.17142479674042305,-0.01783492153159924,0.30218957278368164,4863,-0.1214356117009798
atr_rank,long,3,0.2604166666666667,0.375,14104,-0.17168627338072803,-0.05007859736912253,0.3134571752694271,5248,-0.30632715248649733
to_hi24,short,8,3.6331388144127423,4.566856232648308,14021,-0.1717172983419585,-0.0181274231331347,0.29056415376934597,5309,-0.09915310544781636
trade_intensity,short,3,0.5855910075744797,0.6683171545321949,14014,-0.17184160000683069,-0.01825172479800688,0.30348223205366065,4579,-0.10789747276553557
hour,short,3,7.0,9.0,11688,-0.17194790247765898,-0.018358027268835175,0.31553730321697465,4296,-0.15403667431418314
tbi_ma96,long,5,-0.002561543192343168,-0.0007373621395988887,13965,-0.17212668940341788,-0.050519013391812376,0.2938059434300036,4202,-0.21334858942491788
minofday,short,3,420.0,570.0,14610,-0.1722032821292931,-0.018613406920469283,0.31512662559890486,5370,-0.14368598809119104
close_loc,short,0,-inf,0.09578947368419521,14022,-0.17235036236819792,-0.018760487159374117,0.30109827414063617,6259,-0.1338308985286969
disp24,short,5,0.058918341808739706,0.7111761285352076,14022,-0.17235698908034172,-0.018767113871517915,0.30708886036228783,4662,-0.16924915233195376
since_hi480,short,7,382.0,431.0,14031,-0.172783486961913,-0.0191936117530892,0.30168911695531325,5220,-0.16953621513919223
tbi_ma8,short,8,0.016116797719847985,0.026265868019888325,14018,-0.17281378601283592,-0.019223910804012118,0.2959052646597232,4787,-0.0670638653279009
kyle,short,2,2.3261876280786316e-07,2.648230757289472e-07,14023,-0.17289656683062202,-0.01930669162179821,0.30763745275618626,6430,-0.0989035856480613
to_hi24,short,3,1.4335868277143982,1.786192816271344,14022,-0.17290773195535353,-0.01931785674652972,0.3005990586221652,4810,-0.19282551863261652
vol_of_vol,short,6,-0.05957524152441164,0.22841699482773473,13973,-0.17291865486928112,-0.019328779660457318,0.28898590138123526,5140,-0.01944698895265736
absorb,short,8,0.15355921798110675,0.2842811328461243,14010,-0.1730150786958423,-0.019425203487018483,0.3012847965738758,5509,-0.14973720228057524
pos96,short,8,0.7852087451184346,0.8664683189596548,14014,-0.1734038399869688,-0.019813964778144982,0.29078064792350505,5019,-0.16195482884040666
up_wick,long,0,-inf,0.01942122681934289,14022,-0.17355882046841548,-0.05195114445680997,0.3080872913992298,6311,-0.17999456262397584
to_hi24,short,6,2.559376529837751,3.0343595102133407,14022,-0.17374100653242905,-0.020151131323605243,0.3020253886749394,4732,-0.08169635001254143
to_hi24,short,2,1.0801053838453805,1.4335868277143982,14021,-0.17420248748278658,-0.02061261227396277,0.29962199557806146,4906,-0.15161320699600456
since_hi480,long,4,185.0,254.0,13968,-0.17426752002287535,-0.052659844011269843,0.2947451317296678,5298,-0.23975554828710036
minofday,short,1,135.0,285.0,14609,-0.1743835930647987,-0.02079371785597489,0.30200561297830103,5370,-0.11752812448426732
accel,short,3,-0.6675934575030477,-0.3298103106991234,14021,-0.17439558617061604,-0.020805710961792234,0.3016903216603666,5095,-0.12047127412906704
absorb_z,long,9,0.43845363911936197,inf,12951,-0.1747369207117153,-0.05312924470010978,0.29217821017682033,4435,-0.17867980903703676
since_lo480,short,5,283.0,345.0,13901,-0.1747672534119271,-0.02117737820310328,0.3035033450830876,5134,-0.058795261333622804
vol_of_vol,short,1,-1.0123143827358838,-0.8027238833968438,13973,-0.1748926211851586,-0.021302745976334803,0.32162026765905677,5874,-0.1295452415668469
disp6,short,3,-0.6428304759590376,-0.29531760170946586,14023,-0.1750237650438114,-0.02143388983498759,0.2991513941382015,4785,-0.1522935512492514
tbi_ma24,long,1,-0.019117911790734854,-0.013240897149501595,14008,-0.17507385351594432,-0.05346617750433881,0.29040548258138205,4918,-0.2109082272843848
range_per_trade,short,4,1.0323365498334359e-07,1.1457296937220306e-07,14022,-0.17507468116819436,-0.02148480595937055,0.29831693053772645,5492,-0.17933766931017034
accel,short,5,-0.006772891918000026,0.31180004631760727,14022,-0.1752524153993376,-0.021662540190513807,0.30116959064327486,4900,-0.13142637334006793
dq_cum24,long,1,-0.9158144459240768,-0.63356109063429,14008,-0.17538264424753852,-0.053774968235933016,0.29040548258138205,4922,-0.20986448263416926
persist96,short,6,0.10972965343379647,0.13718539135467533,14014,-0.17551914706537453,-0.02192927185655072,0.291565577279863,5612,-0.11417958787138631
dq_cum24,long,0,-inf,-0.9158144459240768,14009,-0.17561931697133001,-0.05401164095972451,0.30073524163038046,9571,-0.21204597879240306
since_lo96,short,5,56.0,69.0,14460,-0.17572471707479204,-0.02213484186596823,0.30968188105117567,5209,-0.18002335166499778
disp96,short,6,1.6806995651346235,3.343841021824973,14013,-0.17578796761839852,-0.02219809240957471,0.2980089916506101,4951,-0.17524010367615775
since_hi480,short,6,322.0,382.0,13888,-0.17592608589012207,-0.022336210681298263,0.30515552995391704,4748,-0.01606742894812506
since_lo96,long,9,94.0,inf,16252,-0.17597898167389414,-0.054371305662288635,0.2925178439576667,5872,-0.15849858033757006
hour,short,4,9.0,11.0,11688,-0.17619029151784565,-0.022600416309021848,0.3125427789185489,4296,-0.12869627758222868
since_lo24,short,8,22.0,24.0,15674,-0.17620651881320773,-0.022616643604383924,0.29641444430266684,5497,-0.14253064583514527
ats_rank480,short,2,0.18958333333333333,0.29375,13812,-0.176236633197117,-0.022646757988293187,0.30401100492325517,5293,-0.09535789492503256
pos480,short,7,0.7328900130686253,0.8152824000363919,13976,-0.1763675712219216,-0.022777696013097787,0.29979965655409274,3873,-0.017055799304344386
vol_of_vol,short,2,-0.8027238833968438,-0.6336235117223799,13974,-0.17638084839081616,-0.022790973181992358,0.3129383140117361,4556,-0.17319642092887522
persist6,short,3,0.20182762179762195,0.2719509624062327,14023,-0.17641520753116446,-0.022825332322340658,0.2982956571347073,5118,-0.15520813143097315
since_lo480,short,3,145.0,214.0,14036,-0.17656244863969062,-0.02297257343086681,0.3013679110857794,5198,-0.3345459576345739
tbi_ma24,long,0,-inf,-0.019117911790734854,14009,-0.17668078077843985,-0.055073104766834344,0.300235562852452,9555,-0.21183408624351496
rv_vs_range,short,8,0.8116178181849729,0.9127395901802116,14022,-0.17677902784433364,-0.02318915263550983,0.29938667807730707,5819,-0.11526038064837883
rpt_rank,short,6,0.6,0.7020833333333333,13579,-0.17679288162531792,-0.023203006416494115,0.29685543854481183,5093,-0.10442916192410874
pos24,short,3,0.34836589297655773,0.43485594929294624,14022,-0.1768536528726563,-0.023263777663832502,0.29853088004564254,4371,-0.13028883207702113
range_rank,long,0,-inf,0.08125,13702,-0.17712846917606503,-0.05552079316445953,0.33433075463435996,5424,-0.19743667524413758
pos24,short,2,0.2604569293610853,0.34836589297655773,14021,-0.17714344696694198,-0.023553571758118175,0.2929890877968761,4704,-0.08564625982488218
wick_skew,short,9,0.4385093167701773,inf,14023,-0.17717367623674943,-0.02358380102792562,0.29815303430079154,5133,-0.15907563614275402
since_lo24,short,7,20.0,22.0,11696,-0.17724201384116034,-0.023652138632336533,0.29899110807113544,4114,-0.163594810241491
minofday,short,2,285.0,420.0,13148,-0.17727687922930999,-0.02368700402048618,0.311149984788561,4833,-0.14323705506047688
tbi_ma24,short,0,-inf,-0.019117840542679287,14009,-0.17771526070380225,-0.024125385494978446,0.30259119137697194,9556,-0.12436092752102235
to_lo24,long,3,1.6006988829126898,1.9688328709031029,14021,-0.17793401917463147,-0.05632634316302597,0.2961272377148563,4564,-0.1910556525111024
absorb,short,9,0.2842811328461243,inf,14010,-0.178102213652407,-0.024512338443583193,0.30449678800856533,6553,-0.11575707442519069
pos96,long,1,0.17041428771820932,0.2586670295648622,14014,-0.17829971645343123,-0.05669204044182573,0.2837876409304981,4945,-0.1699553456811977
persist24,short,6,0.19952637365963846,0.24791218533782025,14021,-0.178319331174716,-0.024729455965892183,0.2955566650024963,5444,-0.09124482347432947
persist6,short,0,-inf,0.06567815929601027,14023,-0.17845085470115826,-0.024860979492334456,0.29815303430079154,5135,-0.10369915373077893
since_lo96,short,8,88.0,94.0,13294,-0.17848022241389694,-0.024890347205073132,0.2977282984805175,4852,-0.1582271489186644
dq_cum24,short,0,-inf,-0.9158115907462522,14009,-0.17868616039692164,-0.02509628518809784,0.3024484260118495,9572,-0.1243276457797551
efficiency,short,9,0.49711338713423425,inf,14023,-0.17872956216489366,-0.025139686956069857,0.29879483705341225,6110,-0.17129864536001654
disp96,long,7,3.343971514349522,5.4587175790274225,14014,-0.1789856614276913,-0.05737798541608578,0.29684601113172543,5632,-0.2228971558290489
range_z,short,2,-0.7296434259318867,-0.5775300564321837,13965,-0.1790325482667586,-0.025442673057934795,0.3067669172932331,4938,-0.1256840251924883
persist24,short,1,0.028813243066185185,0.05838061261092959,14021,-0.17929069400343653,-0.025700818794612723,0.3056843306468868,4944,-0.1352555783635153
minofday,short,4,570.0,705.0,13149,-0.17943704328159132,-0.025847168072767518,0.3108981671610008,4833,-0.14577234477401113
absorb,short,0,-inf,-0.3295655860560191,14010,-0.1795224549618564,-0.025932579753032592,0.3032119914346895,6411,-0.15353319674626711
ats_rank480,short,3,0.29375,0.3958333333333333,13621,-0.17960733570273815,-0.026017460493914346,0.2978489097716761,5090,-0.11086206941895224
since_hi96,short,8,87.0,94.0,13707,-0.17961360200561796,-0.026023726796794155,0.298387685124389,5352,-0.10590666097461718
gap,long,5,0.0011252574368738808,inf,14024,-0.17975457820591673,-0.05814690219431122,0.3115373645179692,584,-0.1262773792634113
range_z,short,4,-0.4337479019449782,-0.277639670827785,13965,-0.17984302904685673,-0.026253153838032922,0.294593626924454,4591,-0.11471714825009278
atr_pct,long,4,0.003398933560455625,0.0038756088725177933,14024,-0.18005589695271806,-0.05844822094111256,0.2944951511694238,4894,-0.22897272413349476
tbi_ma8,short,0,-inf,-0.0314754989960725,14018,-0.18009382507531269,-0.02650394986648888,0.31117135111998856,9372,-0.14446484236991375
close_loc,short,1,0.09578947368419521,0.19555555555562024,14022,-0.18023862488772255,-0.026648749678898742,0.2926829268292683,5195,-0.13916093637689153
hour,short,2,4.0,7.0,17530,-0.18042550028215504,-0.026835625073331232,0.30844266970907014,6444,-0.14607317183801097
to_hi96,short,8,7.869208198898567,9.994705825962123,14014,-0.18058111627535164,-0.026991241066527838,0.291565577279863,5647,-0.16520427132776094
wick_skew,short,7,0.16406829992575078,0.27880027266530494,14021,-0.18091170999439118,-0.027321834785567378,0.290920761714571,5254,-0.14798885581542848
absorb,short,7,0.09135473869387899,0.15355921798110675,14010,-0.18099675399797366,-0.027406878789149852,0.29457530335474663,4715,-0.11655938335823095
since_hi96,long,1,6.0,16.0,14949,-0.18130287667695535,-0.05969520066534985,0.27406515485985683,5553,-0.22686346994280857
persist96,long,7,0.13718714409025284,0.17301961030214758,14014,-0.18146918999322476,-0.05986151398161925,0.2828599971457114,5646,-0.1647338132899187
range_z,short,0,-inf,-0.9188268247289268,13965,-0.18177609468102163,-0.02818621947219782,0.31149301825993553,6076,-0.1728561070161464
ats_z96,short,1,-1.2674500278315126,-0.8949990273702081,13965,-0.18266197137944742,-0.029072096170623618,0.2982456140350877,5530,-0.11329185331742198
persist96,short,5,0.08615896385971072,0.10972965343379647,14015,-0.18267802370859748,-0.029088148499773675,0.2933285765251516,5550,-0.07407242537866306
since_lo96,short,6,69.0,80.0,14256,-0.1826946357281209,-0.029104760519297085,0.30345117845117847,5006,-0.18695216502389012
flow_eff,short,1,-0.026518245693899913,0.000789325570250625,14022,-0.18318874798697668,-0.029598872778152874,0.31072600199686207,7656,-0.15862041466128285
to_lo480,short,8,23.148133434640624,29.734437278595287,13976,-0.18365597781287749,-0.03006610260405368,0.2998712077847739,4685,-0.1129269215991894
dn_wick,short,2,0.07529843893477736,0.1303571428571299,14023,-0.183932157880235,-0.030342282671411203,0.289595664265849,5330,-0.13358184275826293
range_per_trade,short,2,8.104654235816673e-08,9.235903788824413e-08,14022,-0.18406682803952723,-0.030476952830703424,0.2940379403794038,7603,-0.1284071925639714
since_lo96,short,7,80.0,88.0,12731,-0.18433257305263429,-0.03074269784381048,0.2969915953185139,4522,-0.18635403608242976
rpt_rank,short,9,0.9041666666666667,inf,13867,-0.184551857683174,-0.030961982474350197,0.2958823105213817,5250,-0.16013124703694567
disp24,short,1,-3.2963628413717787,-2.1255134645940457,14021,-0.18455503811709442,-0.030965162908270616,0.29149133442693104,5250,-0.11181845042287412
vol_per_trade_z,short,4,-0.34198746307131805,-0.08120347995624745,13965,-0.18459031969260833,-0.03100044448378453,0.29516648764769066,5520,-0.13988035465862375
since_hi96,short,5,53.0,66.0,14287,-0.18467435576419955,-0.031084480555375743,0.304472597466228,4947,-0.17946371107377576
tbi_ma96,long,4,-0.004397922094372955,-0.002561543192343168,13965,-0.1850218591832101,-0.06341418317160459,0.2920873612602936,4162,-0.11682935051925661
tbi_z96,short,0,-inf,-1.298757755528385,13965,-0.18528236363656714,-0.03169248842774333,0.29846043680630147,5289,-0.15755890549631826
pos480,long,2,0.24517289721432828,0.34038028607910553,13975,-0.18555719738471332,-0.06394952137310782,0.2871556350626118,5368,-0.13830021335994974
since_hi24,short,7,20.0,22.0,11208,-0.18557091417241625,-0.031981038963592445,0.2937187723054961,4069,-0.12336236164974884
avg_trade_usd,short,2,2727.362980757522,3031.992103169547,14022,-0.18561809925242942,-0.03202822404360561,0.29796034802453286,4031,-0.1180259456873648
dq_z96,short,0,-inf,-1.2989585010645568,13965,-0.1856722168837781,-0.0320823416749543,0.2983172216254923,5284,-0.1577119064356127
range_per_trade,short,3,9.235903788824413e-08,1.0323365498334359e-07,14022,-0.18573200155963304,-0.032142126350809236,0.29368135786621025,6338,-0.15035275581528504
range_rank,short,1,0.08125,0.18125,13638,-0.18603597323383692,-0.03244609802501311,0.31470890159847487,4993,-0.13172288637194307
since_lo24,short,9,24.0,inf,19227,-0.18647079809575062,-0.03288092288692682,0.29000884173297964,6825,-0.157626909683324
up_wick,short,0,-inf,0.01941995656062895,14022,-0.18653820480162925,-0.03294832959280544,0.30987020396519754,6312,-0.15702966041043762
disp24,short,9,3.605467091063097,inf,14022,-0.1869850908347199,-0.03339521562589609,0.27221509057195836,5648,-0.1507189621655046
kyle_z,short,0,-inf,-1.1998551969427262,13965,-0.18721793480930074,-0.033628059600476934,0.310562119584676,5505,-0.15085156304166586
accel,short,1,-1.5785860378796215,-1.052267038416558,14021,-0.18723942966095958,-0.03364955445213577,0.29156265601597603,5090,-0.115184392936011
persist96,short,4,0.06594320880879452,0.08615896385971072,14014,-0.1874130596152978,-0.033823184406474,0.29491936634793775,5266,-0.16101205118612935
trade_intensity,short,1,0.4147838875178998,0.505002741126168,14014,-0.18744096587373565,-0.03385109066491185,0.3020550877693735,5188,-0.1348927026222642
trade_intensity,short,2,0.505002741126168,0.5855910075744797,14014,-0.18847273777641638,-0.03488286256759257,0.29898672755815614,4692,-0.14354376983179967
range_per_trade,short,1,6.780906565701686e-08,8.104654235816673e-08,14022,-0.1885645909691822,-0.034974715760358405,0.29460847240051347,8583,-0.11807653909826828
pos96,short,4,0.43407064396259704,0.5242108872810811,14014,-0.18908822536259173,-0.03549835015376793,0.302554588268874,4449,-0.10681486921274892
to_hi24,short,4,1.786192816271344,2.1557134596852188,14021,-0.1895462383552116,-0.03595636314638778,0.2972683831395764,4629,-0.1518514071990995
ats_rank480,short,0,-inf,0.09166666666666666,13644,-0.18964076705208213,-0.036050891843258326,0.3046027557900909,5049,-0.12733458633952177
absorb,short,1,-0.3295655860560191,-0.17669756773074494,14010,-0.19040141879547082,-0.03681154358664701,0.29878658101356176,5424,-0.14271158277172208
range_rank,short,2,0.18125,0.28541666666666665,13727,-0.19118198657855393,-0.03759211136973012,0.30552924892547534,4853,-0.14795270474968902
is_weekend,long,1,1.0,inf,40126,-0.19132672517275787,-0.06971904916115236,0.3181229128246025,14783,-0.1948256981162971
since_lo480,long,8,443.0,470.0,13684,-0.1914977040213794,-0.06989002800977388,0.2941391406021631,4619,-0.09402124896458657
to_hi96,short,9,9.994705825962123,inf,14015,-0.19193115158370558,-0.03834127637488177,0.2938993935069568,6390,-0.0526445527884184
vol_per_trade_z,short,1,-1.2703583662575002,-0.8947683215875937,13965,-0.1922460699004687,-0.038656194691644885,0.2966702470461869,5618,-0.11433150296365185
ats_rank480,short,5,0.5,0.6041666666666666,13731,-0.19276819201027054,-0.03917831680144673,0.290146384094385,5091,-0.12667951663543564
disp96,short,2,-4.665533221947275,-2.850904358045991,14014,-0.19303173056067732,-0.039441855351853516,0.2894248608534323,4925,-0.12178649990131847
flow_eff,long,2,0.0007907547893154421,0.007112763113452479,14022,-0.1936224093325076,-0.0720147333209021,0.3311225217515333,7843,-0.18215704346136177
updn_ratio,short,0,-inf,0.3333333333333333,7704,-0.19371868763020378,-0.04012881242137997,0.29880581516095533,3048,-0.16223142831126824
to_lo480,long,8,23.148703380328115,29.734557893929498,13976,-0.19405925304075586,-0.07245157702915035,0.30323411562678876,4684,-0.11572247053492128
to_hi480,short,0,-inf,2.8325099136112244,13976,-0.19474430583216829,-0.04115443062334448,0.26409559244419006,5310,-0.16375250943417344
to_lo480,short,7,19.012757924143997,23.148133434640624,13976,-0.19480550333315325,-0.04121562812432944,0.29028334287349744,4520,-0.09859458321522477
ats_z96,short,0,-inf,-1.2674500278315126,13965,-0.19528558993983483,-0.041695714731011024,0.2930182599355532,4103,-0.10267053536161258
dow,short,6,6.0,inf,20061,-0.19586325959448453,-0.04227338438566072,0.32226708538956184,7390,-0.15407143709832796
since_hi480,short,1,24.0,66.0,13965,-0.19622374911615084,-0.042633873907327036,0.2848549946294307,4986,-0.17503830891424108
dow,short,4,4.0,5.0,20062,-0.19705218535799812,-0.043462310149174316,0.2428970192403549,7390,-0.15884955995796746
rv_vs_range,short,9,0.9127395901802116,inf,14023,-0.19707938759102828,-0.04348951238220447,0.3010768023960636,6469,-0.1828863428358659
avg_trade_usd,short,1,2381.497519914709,2727.362980757522,14022,-0.1971964365527647,-0.04360656134394089,0.30052774211952643,4279,-0.07718495471130579
body_frac,short,9,0.6956049918611362,inf,14023,-0.1983737236728162,-0.04478384846399239,0.2915923839406689,6090,-0.17276208304046425
since_lo480,short,4,214.0,283.0,13996,-0.1988149034166795,-0.045225028207855705,0.2902257787939411,5426,0.026961767084606608
since_hi96,short,6,66.0,77.0,13328,-0.20106669248677164,-0.047476817277947836,0.29816926770708285,4612,-0.1387739418959377
vol_per_trade_z,short,0,-inf,-1.2703583662575002,13965,-0.20170793902593673,-0.04811806381711292,0.29223057644110273,4022,-0.10282991818588062
pos96,short,7,0.7008744790932735,0.7852087451184346,14014,-0.20202354924426769,-0.04843367403544388,0.2889253603539318,5278,-0.1292526921100507
to_hi480,short,4,8.743031935882602,10.759107343986132,13976,-0.2024497572323036,-0.048859882023479795,0.28184029765311963,4674,-0.07946239579249874
to_hi480,short,5,10.759107343986132,13.042335650978417,13976,-0.20245401060554874,-0.048864135396724934,0.28334287349742415,4614,-0.0997199263558187
to_hi24,short,5,2.1557134596852188,2.559376529837751,14021,-0.20271108358295126,-0.04912120837412745,0.29355966050923615,4617,-0.10111572875073077
persist96,long,8,0.17301961030214758,0.22594679082987545,14014,-0.20360456659327833,-0.08199689058167282,0.26787498216069644,5190,-0.1711443590623285
rpt_rank,short,8,0.8020833333333334,0.9041666666666667,13820,-0.20374643058699035,-0.050156555378166545,0.2902315484804631,5308,-0.14853566880097066
to_lo96,short,5,5.193998770687035,6.198904709927817,14014,-0.20394515944065056,-0.05035528423182675,0.29028114742400457,4667,-0.08781008113667493
pos480,short,3,0.3403708206987463,0.4382128710202654,13975,-0.2044999504534215,-0.0509100752445977,0.2867978533094812,5164,-0.2813040833866071
updn_ratio,long,3,0.42857142857142855,0.4666666666666667,2881,-0.20536327425296907,-0.08375559824136357,0.32558139534883723,1524,-0.14986580450564793
atr_rank,long,0,-inf,0.04791666666666667,13879,-0.20549273304043972,-0.08388505702883421,0.3406585488868074,5618,-0.18920387819393714
updn_ratio,long,5,0.5,0.5333333333333333,2876,-0.20578293337963227,-0.08417525736802677,0.325452016689847,1434,-0.20041493111377298
tbi_ma96,short,0,-inf,-0.011975438707376182,13965,-0.2078929308149175,-0.05430305560609369,0.28600071607590405,8712,-0.16681394092915316
atr_pct,short,8,0.006007787836572061,0.007702783125940048,14024,-0.20829328767123242,-0.05470341246240862,0.2487877923559612,2016,0.20001540163960457
to_hi96,long,9,9.994525337092602,inf,14015,-0.20978486714585723,-0.08817719113425172,0.28683553335711737,6391,-0.24294610656705506
range_z,short,1,-0.9188268247289268,-0.7296434259318867,13965,-0.2100664815667521,-0.05647660635792828,0.3006802721088435,5443,-0.14085710380546826
atr_rank,short,1,0.04791666666666667,0.14583333333333334,13942,-0.210898590467036,-0.057308715258212184,0.3153062688280017,4700,-0.1336964413905449
flow_eff,short,3,0.007112075352557556,0.01308380204670829,14022,-0.21094003051892057,-0.05735015531009677,0.3062330623306233,6842,-0.15969309761240688
persist96,short,9,0.22594582212700767,inf,14015,-0.21097306582997621,-0.05738319062115241,0.2522297538351766,4468,0.02605967259195164
pos480,short,8,0.8152824000363919,0.8871239195943175,13976,-0.21437600537334317,-0.060786130164519364,0.28040927303949625,4409,-0.22362296304649315
kyle,short,1,1.9254045312544932e-07,2.3261876280786316e-07,14022,-0.21939119786191982,-0.06580132265309602,0.3024532876907716,8765,-0.1358261783118549
dn_wick,short,0,-inf,0.021122448979588867,14022,-0.2201188067953763,-0.06652893158655249,0.29368135786621025,6494,-0.21632096723039243
since_hi480,short,2,66.0,121.0,14008,-0.22043025457286072,-0.06684037936403692,0.2785551113649343,5043,-0.20736088432096894
dq,short,0,-inf,-0.1872242430211542,14022,-0.2213299540577617,-0.0677400788489379,0.3006703751248039,8005,-0.18001744100315964
tbi,short,0,-inf,-0.09366103234182649,14022,-0.2217630397248239,-0.06817316451600008,0.30052774211952643,8005,-0.17996989296582738
is_weekend,short,1,1.0,inf,40125,-0.2242233644577098,-0.07063348924888599,0.30681619937694704,14782,-0.24400938497030242
tbi,short,9,0.08882261640910649,inf,14023,-0.22471021857596846,-0.07112034336714465,0.29722598588033944,7844,-0.15588140619639085
dq,short,9,0.17768340071048985,inf,14023,-0.22477155952249933,-0.07118168431367553,0.29715467446338156,7845,-0.15530382575937773
kyle,long,0,-inf,1.925401218817546e-07,14022,-0.23733752747848372,-0.11572985146687821,0.3324062187990301,14167,-0.18411427133136482
disp96,short,9,8.33564886746224,inf,14015,-0.24252048766311046,-0.08893061245428666,0.2716375312165537,5048,-0.1367813679277854
trade_intensity,short,0,-inf,0.4147838875178998,14015,-0.24511007509957145,-0.09152019989074764,0.28919015340706383,7303,-0.14935205564258314
dow,short,5,5.0,6.0,20064,-0.2525792288746337,-0.09898935366580988,0.2913676236044657,7392,-0.33392299898192196
pos480,short,6,0.6337510430611366,0.7328900130686253,13975,-0.2550513763085582,-0.10146150109973437,0.27677996422182466,5145,0.10993655708596863
tbi_ma8,short,9,0.026265868019888325,inf,14018,-0.25569932808811646,-0.10210945287929266,0.2840633471251248,8930,-0.17081845530616843
dow,long,5,5.0,6.0,20063,-0.25604029834559544,-0.13443262233398995,0.28918905447839305,7392,-0.17179016106708445
pos480,short,9,0.8871239195943175,inf,13976,-0.25724552830341507,-0.10365565309459127,0.2528620492272467,5277,-0.22564852584957626
updn_ratio,short,5,0.5,0.5333333333333333,2876,-0.2598102802893003,-0.1062204050804765,0.3028511821974965,1434,-0.2951899560776902
pos480,long,4,0.4382119365230674,0.5288466452041491,13975,-0.26264275982748064,-0.14103508381587515,0.27463327370304114,5168,-0.1595196060727003
avg_trade_usd,short,0,-inf,2381.497519914709,14022,-0.26305821282331554,-0.10946833761449173,0.2911139637712167,6733,0.007132851088082212
vol_of_vol,short,0,-inf,-1.0123143827358838,13974,-0.26475543104038535,-0.11116555583156154,0.30907399456132817,5944,-0.29075994502130686
atr_pct,short,1,0.0017763751652728923,0.002388364703094119,14024,-0.2693415731622267,-0.11575169795340287,0.2990587564175699,9699,-0.12975879902779267
range_rank,short,0,-inf,0.08125,13702,-0.2727326537962212,-0.11914277858739739,0.2996642825864837,5424,-0.3012383970811621
atr_pct,long,0,-inf,0.0017763476890554164,14024,-0.28069546177019916,-0.15908778575859367,0.3470479178551055,9360,-0.20450812483972258
to_lo96,short,9,11.301852771775227,inf,14015,-0.2919879157179899,-0.13839804050916607,0.2631466286122012,5334,-0.12630481370508848
flow_eff,short,2,0.000789325570250625,0.007112075352557556,14022,-0.30197312701983337,-0.14838325181100956,0.29496505491370706,7844,-0.23829224332350013
updn_ratio,short,7,0.5454545454545454,0.6,2601,-0.3049323833961914,-0.15134250818736758,0.29296424452133796,1374,-0.24324589540218983
to_hi480,long,9,26.539439782904203,inf,13976,-0.31132346405309425,-0.18971578804148875,0.2921436748712078,6010,-0.36830652972438355
updn_ratio,short,3,0.42857142857142855,0.4666666666666667,2881,-0.3114688076121666,-0.1578789324033428,0.2919125303713988,1524,-0.32319102171768466
tbi_ma24,short,9,0.013942749809336623,inf,14009,-0.31554324748275775,-0.16195337227393394,0.25704903990291955,8765,-0.1607153762425029
dq_cum24,short,9,0.671340608573543,inf,14009,-0.3159499875635833,-0.16236011235475947,0.25683489185523595,8751,-0.15976262201802327
atr_rank,short,0,-inf,0.04791666666666667,13880,-0.3183140409199715,-0.1647241657111477,0.30014409221902016,5618,-0.423972118548688
kyle,short,0,-inf,1.9254045312544932e-07,14022,-0.32456559664257606,-0.17097572143375225,0.30116959064327486,14165,-0.24502725147290685
tbi_ma96,short,9,0.007109097003469425,inf,13966,-0.33186709498572536,-0.17827721977690156,0.24366318201346127,7009,-0.2125797948510774
to_lo480,short,9,29.734437278595287,inf,13976,-0.40074358287452844,-0.24715370766570463,0.2601602747567258,5065,-0.4041037855051269
atr_pct,short,0,-inf,0.0017763751652728923,14024,-0.4312364578990278,-0.27764658269020404,0.2919281232173417,9361,-0.37667176709706257
